entry,at,order
"Game Config Changes
* Game Type Cyling: off » off
* Simulated Fee: off » off
* Simulated Fee Percentage: off » null
* Simulated Fee Max Value: none » none
* 7-2 bounty: 30 » off",2026-09-03T10:03:04.487Z,178842978448700
"The player ""player 51 @ uewFolxPCK"" passed the room ownership to ""player 52 @ 4chnM3wbbk"".",2026-09-03T10:03:04.463Z,178842978446300
"The player ""player 51 @ uewFolxPCK"" quits the game with a stack of 2200.",2026-09-03T09:57:42.162Z,178842946216200
"Undealt cards: K♥, 2♦, K♦ [4♦, 2♥]",2026-09-03T09:57:38.105Z,178842945810500
"""player 7 @ O8SRi7DfXR"" shows a 2♣.",2026-09-03T09:57:37.921Z,178842945792100
"-- ending hand #222 --",2026-09-03T09:57:35.518Z,178842945551802
"""player 7 @ O8SRi7DfXR"" collected 688 from pot",2026-09-03T09:57:35.518Z,178842945551801
"Uncalled bet of 138 returned to ""player 7 @ O8SRi7DfXR""",2026-09-03T09:57:35.518Z,178842945551800
"""player 51 @ uewFolxPCK"" folds",2026-09-03T09:57:34.676Z,178842945467600
"""player 7 @ O8SRi7DfXR"" raises to 452 and go all in",2026-09-03T09:57:33.020Z,178842945302000
"""player 51 @ uewFolxPCK"" bets 314",2026-09-03T09:57:16.446Z,178842943644600
"""player 7 @ O8SRi7DfXR"" checks",2026-09-03T09:57:12.842Z,178842943284200
"Flop:  [K♥, 2♦, K♦]",2026-09-03T09:57:08.309Z,178842942830900
"""player 7 @ O8SRi7DfXR"" calls 30",2026-09-03T09:57:07.456Z,178842942745600
"""player 51 @ uewFolxPCK"" raises to 30",2026-09-03T09:57:04.237Z,178842942423700
"""player 7 @ O8SRi7DfXR"" posts a big blind of 10",2026-09-03T09:57:02.982Z,178842942298205
"""player 51 @ uewFolxPCK"" posts a small blind of 5",2026-09-03T09:57:02.982Z,178842942298204
"Player stacks: #1 ""player 51 @ uewFolxPCK"" (2544) | #2 ""player 7 @ O8SRi7DfXR"" (482)",2026-09-03T09:57:02.982Z,178842942298201
"-- starting hand #222 (id: t24ohvqb9tib)  No Limit Texas Hold'em (dealer: ""player 51 @ uewFolxPCK"") --",2026-09-03T09:57:02.982Z,178842942298200
"-- ending hand #221 --",2026-09-03T09:56:56.952Z,178842941695202
"""player 7 @ O8SRi7DfXR"" collected 40 from pot with Two Pair, A's & 3's (combination: Q♦, 3♥, 3♠, A♣, A♦)",2026-09-03T09:56:56.952Z,178842941695201
"""player 7 @ O8SRi7DfXR"" shows a Q♦, 3♥.",2026-09-03T09:56:56.952Z,178842941695200
"""player 51 @ uewFolxPCK"" calls 10",2026-09-03T09:56:56.109Z,178842941610900
"""player 7 @ O8SRi7DfXR"" bets 10",2026-09-03T09:56:55.104Z,178842941510400
"""player 51 @ uewFolxPCK"" checks",2026-09-03T09:56:53.332Z,178842941333200
"River: A♣, A♦, 3♠, 7♣ [4♠]",2026-09-03T09:56:51.984Z,178842941198400
"""player 7 @ O8SRi7DfXR"" checks",2026-09-03T09:56:51.170Z,178842941117000
"""player 51 @ uewFolxPCK"" checks",2026-09-03T09:56:50.202Z,178842941020200
"Turn: A♣, A♦, 3♠ [7♣]",2026-09-03T09:56:49.750Z,178842940975000
"""player 7 @ O8SRi7DfXR"" checks",2026-09-03T09:56:48.878Z,178842940887800
"""player 51 @ uewFolxPCK"" checks",2026-09-03T09:56:47.979Z,178842940797900
"Flop:  [A♣, A♦, 3♠]",2026-09-03T09:56:45.777Z,178842940577700
"""player 51 @ uewFolxPCK"" checks",2026-09-03T09:56:44.970Z,178842940497000
"""player 7 @ O8SRi7DfXR"" calls 10",2026-09-03T09:56:44.067Z,178842940406700
"""player 51 @ uewFolxPCK"" posts a big blind of 10",2026-09-03T09:56:42.279Z,178842940227905
"""player 7 @ O8SRi7DfXR"" posts a small blind of 5",2026-09-03T09:56:42.279Z,178842940227904
"Player stacks: #1 ""player 51 @ uewFolxPCK"" (2564) | #2 ""player 7 @ O8SRi7DfXR"" (462)",2026-09-03T09:56:42.279Z,178842940227901
"-- starting hand #221 (id: th1whijhhlci)  No Limit Texas Hold'em (dealer: ""player 7 @ O8SRi7DfXR"") --",2026-09-03T09:56:42.279Z,178842940227900
"""player 51 @ uewFolxPCK"" shows a 2♥, 10♣.",2026-09-03T09:56:37.740Z,178842939774000
"""player 7 @ O8SRi7DfXR"" shows a 8♦, 3♣.",2026-09-03T09:56:36.680Z,178842939668000
"Undealt cards:  [5♥, 6♠, 3♠, 9♦, 2♣]",2026-09-03T09:56:35.273Z,178842939527300
"-- ending hand #220 --",2026-09-03T09:56:34.945Z,178842939494502
"""player 7 @ O8SRi7DfXR"" collected 10 from pot",2026-09-03T09:56:34.945Z,178842939494501
"Uncalled bet of 5 returned to ""player 7 @ O8SRi7DfXR""",2026-09-03T09:56:34.945Z,178842939494500
"""player 51 @ uewFolxPCK"" folds",2026-09-03T09:56:34.140Z,178842939414000
"""player 7 @ O8SRi7DfXR"" posts a big blind of 10",2026-09-03T09:56:31.465Z,178842939146505
"""player 51 @ uewFolxPCK"" posts a small blind of 5",2026-09-03T09:56:31.465Z,178842939146504
"Your hand is 2♥, 10♣",2026-09-03T09:56:31.465Z,178842939146502
"Player stacks: #1 ""player 51 @ uewFolxPCK"" (2569) | #2 ""player 7 @ O8SRi7DfXR"" (457)",2026-09-03T09:56:31.465Z,178842939146501
"-- starting hand #220 (id: xspwh12dj4yl)  No Limit Texas Hold'em (dealer: ""player 51 @ uewFolxPCK"") --",2026-09-03T09:56:31.465Z,178842939146500
"""player 7 @ O8SRi7DfXR"" shows a Q♣, 7♥.",2026-09-03T09:56:26.490Z,178842938649000
"""player 51 @ uewFolxPCK"" shows a J♥, 4♣.",2026-09-03T09:56:26.279Z,178842938627900
"Undealt cards:  [2♠, 2♦, 10♦, 6♦, K♠]",2026-09-03T09:56:24.448Z,178842938444800
"-- ending hand #219 --",2026-09-03T09:56:24.144Z,178842938414402
"""player 51 @ uewFolxPCK"" collected 10 from pot",2026-09-03T09:56:24.144Z,178842938414401
"Uncalled bet of 5 returned to ""player 51 @ uewFolxPCK""",2026-09-03T09:56:24.144Z,178842938414400
"""player 7 @ O8SRi7DfXR"" folds",2026-09-03T09:56:23.292Z,178842938329200
"""player 51 @ uewFolxPCK"" posts a big blind of 10",2026-09-03T09:56:21.360Z,178842938136005
"""player 7 @ O8SRi7DfXR"" posts a small blind of 5",2026-09-03T09:56:21.360Z,178842938136004
"Your hand is J♥, 4♣",2026-09-03T09:56:21.360Z,178842938136002
"Player stacks: #1 ""player 51 @ uewFolxPCK"" (2564) | #2 ""player 7 @ O8SRi7DfXR"" (462)",2026-09-03T09:56:21.360Z,178842938136001
"-- starting hand #219 (id: udink3wlewhw)  No Limit Texas Hold'em (dealer: ""player 7 @ O8SRi7DfXR"") --",2026-09-03T09:56:21.360Z,178842938136000
"""player 51 @ uewFolxPCK"" shows a 5♦, 10♠.",2026-09-03T09:56:17.519Z,178842937751900
"""player 7 @ O8SRi7DfXR"" shows a Q♠, 9♠.",2026-09-03T09:56:15.968Z,178842937596800
"Undealt cards:  [7♠, 8♣, 3♥, A♠, 4♣]",2026-09-03T09:56:14.306Z,178842937430600
"-- ending hand #218 --",2026-09-03T09:56:14.049Z,178842937404902
"""player 7 @ O8SRi7DfXR"" collected 10 from pot",2026-09-03T09:56:14.049Z,178842937404901
"Uncalled bet of 5 returned to ""player 7 @ O8SRi7DfXR""",2026-09-03T09:56:14.049Z,178842937404900
"""player 51 @ uewFolxPCK"" folds",2026-09-03T09:56:13.152Z,178842937315200
"""player 7 @ O8SRi7DfXR"" posts a big blind of 10",2026-09-03T09:56:12.293Z,178842937229305
"""player 51 @ uewFolxPCK"" posts a small blind of 5",2026-09-03T09:56:12.293Z,178842937229304
"Your hand is 5♦, 10♠",2026-09-03T09:56:12.293Z,178842937229302
"Player stacks: #1 ""player 51 @ uewFolxPCK"" (2569) | #2 ""player 7 @ O8SRi7DfXR"" (457)",2026-09-03T09:56:12.293Z,178842937229301
"-- starting hand #218 (id: mgjmf5gunkvc)  No Limit Texas Hold'em (dealer: ""player 51 @ uewFolxPCK"") --",2026-09-03T09:56:12.293Z,178842937229300
"""player 51 @ uewFolxPCK"" shows a 2♠.",2026-09-03T09:56:09.356Z,178842936935600
"-- ending hand #217 --",2026-09-03T09:56:08.639Z,178842936863902
"""player 7 @ O8SRi7DfXR"" collected 60 from pot",2026-09-03T09:56:08.639Z,178842936863901
"Uncalled bet of 57 returned to ""player 7 @ O8SRi7DfXR""",2026-09-03T09:56:08.639Z,178842936863900
"""player 51 @ uewFolxPCK"" folds",2026-09-03T09:56:07.791Z,178842936779100
"""player 7 @ O8SRi7DfXR"" raises to 67",2026-09-03T09:56:06.843Z,178842936684300
"""player 51 @ uewFolxPCK"" bets 10",2026-09-03T09:56:04.339Z,178842936433900
"River: Q♦, 7♠, 3♠, 2♦ [5♠]",2026-09-03T09:56:04.039Z,178842936403900
"""player 7 @ O8SRi7DfXR"" calls 10",2026-09-03T09:56:03.155Z,178842936315500
"""player 51 @ uewFolxPCK"" bets 10",2026-09-03T09:56:01.080Z,178842936108000
"Turn: Q♦, 7♠, 3♠ [2♦]",2026-09-03T09:56:00.505Z,178842936050500
"""player 7 @ O8SRi7DfXR"" checks",2026-09-03T09:55:59.588Z,178842935958800
"""player 51 @ uewFolxPCK"" checks",2026-09-03T09:55:58.680Z,178842935868000
"Flop:  [Q♦, 7♠, 3♠]",2026-09-03T09:55:57.895Z,178842935789500
"""player 51 @ uewFolxPCK"" checks",2026-09-03T09:55:56.987Z,178842935698700
"""player 7 @ O8SRi7DfXR"" calls 10",2026-09-03T09:55:56.024Z,178842935602400
"""player 51 @ uewFolxPCK"" posts a big blind of 10",2026-09-03T09:55:54.893Z,178842935489305
"""player 7 @ O8SRi7DfXR"" posts a small blind of 5",2026-09-03T09:55:54.893Z,178842935489304
"Player stacks: #1 ""player 51 @ uewFolxPCK"" (2599) | #2 ""player 7 @ O8SRi7DfXR"" (427)",2026-09-03T09:55:54.893Z,178842935489301
"-- starting hand #217 (id: qv8xqdn1ad3r)  No Limit Texas Hold'em (dealer: ""player 7 @ O8SRi7DfXR"") --",2026-09-03T09:55:54.893Z,178842935489300
"""player 51 @ uewFolxPCK"" shows a K♠, J♥.",2026-09-03T09:55:49.002Z,178842934900200
"Undealt cards:  [6♥, 2♣, K♣, 6♦, 7♥]",2026-09-03T09:55:47.935Z,178842934793500
"""player 7 @ O8SRi7DfXR"" shows a 3♦, Q♠.",2026-09-03T09:55:47.687Z,178842934768700
"-- ending hand #216 --",2026-09-03T09:55:47.485Z,178842934748502
"""player 51 @ uewFolxPCK"" collected 20 from pot",2026-09-03T09:55:47.485Z,178842934748501
"Uncalled bet of 40 returned to ""player 51 @ uewFolxPCK""",2026-09-03T09:55:47.485Z,178842934748500
"""player 7 @ O8SRi7DfXR"" folds",2026-09-03T09:55:46.610Z,178842934661000
"""player 51 @ uewFolxPCK"" raises to 50",2026-09-03T09:55:44.851Z,178842934485100
"""player 7 @ O8SRi7DfXR"" posts a big blind of 10",2026-09-03T09:55:42.887Z,178842934288705
"""player 51 @ uewFolxPCK"" posts a small blind of 5",2026-09-03T09:55:42.887Z,178842934288704
"Your hand is K♠, J♥",2026-09-03T09:55:42.887Z,178842934288702
"Player stacks: #1 ""player 51 @ uewFolxPCK"" (2589) | #2 ""player 7 @ O8SRi7DfXR"" (437)",2026-09-03T09:55:42.887Z,178842934288701
"-- starting hand #216 (id: b9fwthom3tps)  No Limit Texas Hold'em (dealer: ""player 51 @ uewFolxPCK"") --",2026-09-03T09:55:42.887Z,178842934288700
"-- ending hand #215 --",2026-09-03T09:55:36.880Z,178842933688003
"""player 51 @ uewFolxPCK"" collected 50 from pot with Pair, Q's (combination: 6♣, 10♠, K♥, Q♠, Q♦)",2026-09-03T09:55:36.880Z,178842933688002
"""player 51 @ uewFolxPCK"" shows a K♥, 3♣.",2026-09-03T09:55:36.880Z,178842933688001
"""player 7 @ O8SRi7DfXR"" shows a 5♥, 7♥.",2026-09-03T09:55:36.880Z,178842933688000
"""player 7 @ O8SRi7DfXR"" checks",2026-09-03T09:55:35.972Z,178842933597200
"""player 51 @ uewFolxPCK"" checks",2026-09-03T09:55:34.958Z,178842933495800
"River: 2♥, 10♠, Q♠, 6♣ [Q♦]",2026-09-03T09:55:33.082Z,178842933308200
"""player 7 @ O8SRi7DfXR"" checks",2026-09-03T09:55:32.199Z,178842933219900
"""player 51 @ uewFolxPCK"" checks",2026-09-03T09:55:31.299Z,178842933129900
"Turn: 2♥, 10♠, Q♠ [6♣]",2026-09-03T09:55:30.684Z,178842933068400
"""player 7 @ O8SRi7DfXR"" checks",2026-09-03T09:55:29.872Z,178842932987200
"""player 51 @ uewFolxPCK"" checks",2026-09-03T09:55:28.767Z,178842932876700
"Flop:  [2♥, 10♠, Q♠]",2026-09-03T09:55:28.078Z,178842932807800
"""player 51 @ uewFolxPCK"" calls 25",2026-09-03T09:55:27.158Z,178842932715800
"""player 7 @ O8SRi7DfXR"" raises to 25",2026-09-03T09:55:25.858Z,178842932585800
"""player 51 @ uewFolxPCK"" posts a big blind of 10",2026-09-03T09:55:22.697Z,178842932269705
"""player 7 @ O8SRi7DfXR"" posts a small blind of 5",2026-09-03T09:55:22.697Z,178842932269704
"Your hand is K♥, 3♣",2026-09-03T09:55:22.697Z,178842932269702
"Player stacks: #1 ""player 51 @ uewFolxPCK"" (2564) | #2 ""player 7 @ O8SRi7DfXR"" (462)",2026-09-03T09:55:22.697Z,178842932269701
"-- starting hand #215 (id: qv64wgbszhxj)  No Limit Texas Hold'em (dealer: ""player 7 @ O8SRi7DfXR"") --",2026-09-03T09:55:22.697Z,178842932269700
"""player 7 @ O8SRi7DfXR"" shows a 6♦, 10♠.",2026-09-03T09:55:17.592Z,178842931759200
"Undealt cards: Q♠, 2♣, K♠ [3♥, 8♥]",2026-09-03T09:55:16.826Z,178842931682600
"-- ending hand #214 --",2026-09-03T09:55:16.076Z,178842931607602
"""player 51 @ uewFolxPCK"" collected 20 from pot",2026-09-03T09:55:16.076Z,178842931607601
"Uncalled bet of 10 returned to ""player 51 @ uewFolxPCK""",2026-09-03T09:55:16.076Z,178842931607600
"""player 7 @ O8SRi7DfXR"" folds",2026-09-03T09:55:15.152Z,178842931515200
"""player 51 @ uewFolxPCK"" bets 10",2026-09-03T09:55:12.132Z,178842931213200
"""player 7 @ O8SRi7DfXR"" checks",2026-09-03T09:55:10.996Z,178842931099600
"Flop:  [Q♠, 2♣, K♠]",2026-09-03T09:55:02.407Z,178842930240700
"""player 7 @ O8SRi7DfXR"" checks",2026-09-03T09:55:01.478Z,178842930147800
"""player 51 @ uewFolxPCK"" calls 10",2026-09-03T09:55:00.467Z,178842930046700
"""player 7 @ O8SRi7DfXR"" posts a big blind of 10",2026-09-03T09:54:59.601Z,178842929960105
"""player 51 @ uewFolxPCK"" posts a small blind of 5",2026-09-03T09:54:59.601Z,178842929960104
"Player stacks: #1 ""player 51 @ uewFolxPCK"" (2554) | #2 ""player 7 @ O8SRi7DfXR"" (472)",2026-09-03T09:54:59.601Z,178842929960101
"-- starting hand #214 (id: vrcaewni3lqu)  No Limit Texas Hold'em (dealer: ""player 51 @ uewFolxPCK"") --",2026-09-03T09:54:59.601Z,178842929960100
"""player 7 @ O8SRi7DfXR"" shows a K♣, Q♣.",2026-09-03T09:54:54.517Z,178842929451700
"-- ending hand #213 --",2026-09-03T09:54:52.998Z,178842929299802
"""player 51 @ uewFolxPCK"" collected 80 from pot with Two Pair, 10's & 9's (combination: A♠, 9♥, 9♦, 10♠, 10♥)",2026-09-03T09:54:52.998Z,178842929299801
"""player 51 @ uewFolxPCK"" shows a 5♠, 10♠.",2026-09-03T09:54:52.998Z,178842929299800
"""player 7 @ O8SRi7DfXR"" calls 10",2026-09-03T09:54:52.107Z,178842929210700
"""player 51 @ uewFolxPCK"" bets 10",2026-09-03T09:54:50.699Z,178842929069900
"River: 4♥, 10♥, 9♥, A♠ [9♦]",2026-09-03T09:54:50.460Z,178842929046000
"""player 7 @ O8SRi7DfXR"" calls 10",2026-09-03T09:54:49.648Z,178842928964800
"""player 51 @ uewFolxPCK"" bets 10",2026-09-03T09:54:48.525Z,178842928852500
"Turn: 4♥, 10♥, 9♥ [A♠]",2026-09-03T09:54:48.249Z,178842928824900
"""player 7 @ O8SRi7DfXR"" calls 10",2026-09-03T09:54:47.395Z,178842928739500
"""player 51 @ uewFolxPCK"" bets 10",2026-09-03T09:54:46.048Z,178842928604800
"Flop:  [4♥, 10♥, 9♥]",2026-09-03T09:54:44.797Z,178842928479700
"""player 51 @ uewFolxPCK"" checks",2026-09-03T09:54:43.848Z,178842928384800
"""player 7 @ O8SRi7DfXR"" calls 10",2026-09-03T09:54:41.633Z,178842928163300
"""player 51 @ uewFolxPCK"" posts a big blind of 10",2026-09-03T09:54:39.799Z,178842927979905
"""player 7 @ O8SRi7DfXR"" posts a small blind of 5",2026-09-03T09:54:39.799Z,178842927979904
"Your hand is 5♠, 10♠",2026-09-03T09:54:39.799Z,178842927979902
"Player stacks: #1 ""player 51 @ uewFolxPCK"" (2514) | #2 ""player 7 @ O8SRi7DfXR"" (512)",2026-09-03T09:54:39.799Z,178842927979901
"-- starting hand #213 (id: slaiywcgsrgd)  No Limit Texas Hold'em (dealer: ""player 7 @ O8SRi7DfXR"") --",2026-09-03T09:54:39.799Z,178842927979900
"""player 7 @ O8SRi7DfXR"" shows a 2♣.",2026-09-03T09:54:39.232Z,178842927923200
"""player 51 @ uewFolxPCK"" shows a 3♠, 4♦.",2026-09-03T09:54:38.243Z,178842927824300
"""player 7 @ O8SRi7DfXR"" shows a 9♦.",2026-09-03T09:54:35.767Z,178842927576700
"-- ending hand #212 --",2026-09-03T09:54:35.396Z,178842927539602
"""player 51 @ uewFolxPCK"" collected 20 from pot",2026-09-03T09:54:35.396Z,178842927539601
"Uncalled bet of 30 returned to ""player 51 @ uewFolxPCK""",2026-09-03T09:54:35.396Z,178842927539600
"""player 7 @ O8SRi7DfXR"" folds",2026-09-03T09:54:34.511Z,178842927451100
"""player 51 @ uewFolxPCK"" bets 30",2026-09-03T09:54:33.604Z,178842927360400
"""player 7 @ O8SRi7DfXR"" checks",2026-09-03T09:54:31.927Z,178842927192700
"River: A♦, 6♣, A♠, 7♦ [7♥]",2026-09-03T09:54:29.963Z,178842926996300
"""player 51 @ uewFolxPCK"" checks",2026-09-03T09:54:29.061Z,178842926906100
"""player 7 @ O8SRi7DfXR"" checks",2026-09-03T09:54:28.147Z,178842926814700
"Turn: A♦, 6♣, A♠ [7♦]",2026-09-03T09:54:26.562Z,178842926656200
"""player 51 @ uewFolxPCK"" checks",2026-09-03T09:54:25.658Z,178842926565800
"""player 7 @ O8SRi7DfXR"" checks",2026-09-03T09:54:24.681Z,178842926468100
"Flop:  [A♦, 6♣, A♠]",2026-09-03T09:54:22.558Z,178842926255800
"""player 7 @ O8SRi7DfXR"" checks",2026-09-03T09:54:21.697Z,178842926169700
"""player 51 @ uewFolxPCK"" calls 10",2026-09-03T09:54:20.138Z,178842926013800
"""player 7 @ O8SRi7DfXR"" posts a big blind of 10",2026-09-03T09:54:18.999Z,178842925899905
"""player 51 @ uewFolxPCK"" posts a small blind of 5",2026-09-03T09:54:18.999Z,178842925899904
"Your hand is 3♠, 4♦",2026-09-03T09:54:18.999Z,178842925899902
"Player stacks: #1 ""player 51 @ uewFolxPCK"" (2504) | #2 ""player 7 @ O8SRi7DfXR"" (522)",2026-09-03T09:54:18.999Z,178842925899901
"-- starting hand #212 (id: zveaw2m2cvud)  No Limit Texas Hold'em (dealer: ""player 51 @ uewFolxPCK"") --",2026-09-03T09:54:18.999Z,178842925899900
"-- ending hand #211 --",2026-09-03T09:54:12.953Z,178842925295304
"""player 51 @ uewFolxPCK"" collected 2504 from pot with Two Pair, A's & 10's (combination: 9♦, 10♦, 10♣, A♥, A♠)",2026-09-03T09:54:12.953Z,178842925295303
"""player 51 @ uewFolxPCK"" shows a 10♦, A♥.",2026-09-03T09:54:12.953Z,178842925295302
"""player 7 @ O8SRi7DfXR"" shows a 9♥, 8♠.",2026-09-03T09:54:12.953Z,178842925295301
"Uncalled bet of 522 returned to ""player 7 @ O8SRi7DfXR""",2026-09-03T09:54:12.953Z,178842925295300
"""player 51 @ uewFolxPCK"" calls 864 and go all in",2026-09-03T09:54:12.014Z,178842925201400
"""player 7 @ O8SRi7DfXR"" raises to 1386 and go all in",2026-09-03T09:54:10.598Z,178842925059800
"""player 51 @ uewFolxPCK"" bets 222",2026-09-03T09:54:08.538Z,178842924853800
"River: 4♣, 10♣, 8♥, A♠ [9♦]",2026-09-03T09:54:04.148Z,178842924414800
"""player 51 @ uewFolxPCK"" calls 222",2026-09-03T09:54:03.287Z,178842924328700
"""player 7 @ O8SRi7DfXR"" raises to 222",2026-09-03T09:54:01.617Z,178842924161700
"""player 51 @ uewFolxPCK"" bets 111",2026-09-03T09:53:52.054Z,178842923205400
"Turn: 4♣, 10♣, 8♥ [A♠]",2026-09-03T09:53:49.561Z,178842922956100
"""player 51 @ uewFolxPCK"" calls 116",2026-09-03T09:53:48.739Z,178842922873900
"""player 7 @ O8SRi7DfXR"" raises to 116",2026-09-03T09:53:47.451Z,178842922745100
"""player 51 @ uewFolxPCK"" bets 33",2026-09-03T09:53:42.891Z,178842922289100
"Flop:  [4♣, 10♣, 8♥]",2026-09-03T09:53:39.732Z,178842921973200
"""player 7 @ O8SRi7DfXR"" calls 50",2026-09-03T09:53:38.919Z,178842921891900
"""player 51 @ uewFolxPCK"" raises to 50",2026-09-03T09:53:37.015Z,178842921701500
"""player 7 @ O8SRi7DfXR"" calls 10",2026-09-03T09:53:34.926Z,178842921492600
"""player 51 @ uewFolxPCK"" posts a big blind of 10",2026-09-03T09:53:31.256Z,178842921125605
"""player 7 @ O8SRi7DfXR"" posts a small blind of 5",2026-09-03T09:53:31.256Z,178842921125604
"Your hand is 10♦, A♥",2026-09-03T09:53:31.256Z,178842921125602
"Player stacks: #1 ""player 51 @ uewFolxPCK"" (1252) | #2 ""player 7 @ O8SRi7DfXR"" (1774)",2026-09-03T09:53:31.256Z,178842921125601
"-- starting hand #211 (id: r4qpra4rrn6j)  No Limit Texas Hold'em (dealer: ""player 7 @ O8SRi7DfXR"") --",2026-09-03T09:53:31.256Z,178842921125600
"-- ending hand #210 --",2026-09-03T09:53:25.222Z,178842920522203
"""player 7 @ O8SRi7DfXR"" collected 20 from pot with Two Pair, 4's & 2's (combination: 10♦, 2♥, 2♦, 4♥, 4♠)",2026-09-03T09:53:25.222Z,178842920522202
"""player 7 @ O8SRi7DfXR"" shows a 4♥, 2♥.",2026-09-03T09:53:25.222Z,178842920522201
"""player 51 @ uewFolxPCK"" shows a 5♣, K♠.",2026-09-03T09:53:25.222Z,178842920522200
"""player 51 @ uewFolxPCK"" checks",2026-09-03T09:53:24.317Z,178842920431700
"""player 7 @ O8SRi7DfXR"" checks",2026-09-03T09:53:23.358Z,178842920335800
"River: 10♦, 4♠, 2♦, 8♥ [7♥]",2026-09-03T09:53:20.019Z,178842920001900
"""player 51 @ uewFolxPCK"" checks",2026-09-03T09:53:19.114Z,178842919911400
"""player 7 @ O8SRi7DfXR"" checks",2026-09-03T09:53:18.176Z,178842919817600
"Turn: 10♦, 4♠, 2♦ [8♥]",2026-09-03T09:53:15.420Z,178842919542000
"""player 51 @ uewFolxPCK"" checks",2026-09-03T09:53:14.558Z,178842919455800
"""player 7 @ O8SRi7DfXR"" checks",2026-09-03T09:53:13.654Z,178842919365400
"Flop:  [10♦, 4♠, 2♦]",2026-09-03T09:53:06.816Z,178842918681600
"""player 7 @ O8SRi7DfXR"" checks",2026-09-03T09:53:05.930Z,178842918593000
"""player 51 @ uewFolxPCK"" calls 10",2026-09-03T09:53:04.538Z,178842918453800
"""player 7 @ O8SRi7DfXR"" posts a big blind of 10",2026-09-03T09:53:03.617Z,178842918361705
"""player 51 @ uewFolxPCK"" posts a small blind of 5",2026-09-03T09:53:03.617Z,178842918361704
"Your hand is 5♣, K♠",2026-09-03T09:53:03.617Z,178842918361702
"Player stacks: #1 ""player 51 @ uewFolxPCK"" (1262) | #2 ""player 7 @ O8SRi7DfXR"" (1764)",2026-09-03T09:53:03.617Z,178842918361701
"-- starting hand #210 (id: lm8wobf6dhiu)  No Limit Texas Hold'em (dealer: ""player 51 @ uewFolxPCK"") --",2026-09-03T09:53:03.617Z,178842918361700
"""player 7 @ O8SRi7DfXR"" shows a 10♦.",2026-09-03T09:52:59.089Z,178842917908900
"Undealt cards: 5♣, 7♥, 6♠, J♦ [5♥]",2026-09-03T09:52:57.290Z,178842917729000
"-- ending hand #209 --",2026-09-03T09:52:56.986Z,178842917698602
"""player 51 @ uewFolxPCK"" collected 40 from pot",2026-09-03T09:52:56.986Z,178842917698601
"Uncalled bet of 40 returned to ""player 51 @ uewFolxPCK""",2026-09-03T09:52:56.986Z,178842917698600
"""player 7 @ O8SRi7DfXR"" folds",2026-09-03T09:52:56.152Z,178842917615200
"""player 51 @ uewFolxPCK"" bets 40",2026-09-03T09:52:53.823Z,178842917382300
"Turn: 5♣, 7♥, 6♠ [J♦]",2026-09-03T09:52:51.175Z,178842917117500
"""player 7 @ O8SRi7DfXR"" calls 10",2026-09-03T09:52:50.277Z,178842917027700
"""player 51 @ uewFolxPCK"" bets 10",2026-09-03T09:52:48.250Z,178842916825000
"Flop:  [5♣, 7♥, 6♠]",2026-09-03T09:52:46.172Z,178842916617200
"""player 51 @ uewFolxPCK"" checks",2026-09-03T09:52:45.270Z,178842916527000
"""player 7 @ O8SRi7DfXR"" calls 10",2026-09-03T09:52:44.269Z,178842916426900
"""player 51 @ uewFolxPCK"" posts a big blind of 10",2026-09-03T09:52:42.368Z,178842916236805
"""player 7 @ O8SRi7DfXR"" posts a small blind of 5",2026-09-03T09:52:42.368Z,178842916236804
"Player stacks: #1 ""player 51 @ uewFolxPCK"" (1242) | #2 ""player 7 @ O8SRi7DfXR"" (1784)",2026-09-03T09:52:42.368Z,178842916236801
"-- starting hand #209 (id: osnq36o0w1hk)  No Limit Texas Hold'em (dealer: ""player 7 @ O8SRi7DfXR"") --",2026-09-03T09:52:42.368Z,178842916236800
"-- ending hand #208 --",2026-09-03T09:52:36.361Z,178842915636103
"""player 7 @ O8SRi7DfXR"" collected 120 from pot with Pair, 6's (combination: 7♥, 8♥, A♠, 6♣, 6♦)",2026-09-03T09:52:36.361Z,178842915636102
"""player 7 @ O8SRi7DfXR"" shows a A♠, 8♥.",2026-09-03T09:52:36.361Z,178842915636101
"""player 51 @ uewFolxPCK"" shows a K♠, Q♠.",2026-09-03T09:52:36.361Z,178842915636100
"""player 51 @ uewFolxPCK"" checks",2026-09-03T09:52:35.498Z,178842915549800
"""player 7 @ O8SRi7DfXR"" checks",2026-09-03T09:52:30.798Z,178842915079800
"River: 6♣, 6♦, 5♥, 7♥ [2♥]",2026-09-03T09:52:28.759Z,178842914875900
"""player 51 @ uewFolxPCK"" calls 10",2026-09-03T09:52:27.940Z,178842914794000
"""player 7 @ O8SRi7DfXR"" bets 10",2026-09-03T09:52:27.013Z,178842914701300
"Turn: 6♣, 6♦, 5♥ [7♥]",2026-09-03T09:52:20.356Z,178842914035600
"""player 51 @ uewFolxPCK"" checks",2026-09-03T09:52:19.450Z,178842913945000
"""player 7 @ O8SRi7DfXR"" checks",2026-09-03T09:52:18.445Z,178842913844500
"Flop:  [6♣, 6♦, 5♥]",2026-09-03T09:52:16.355Z,178842913635500
"""player 7 @ O8SRi7DfXR"" calls 50",2026-09-03T09:52:15.472Z,178842913547200
"""player 51 @ uewFolxPCK"" raises to 50",2026-09-03T09:52:12.935Z,178842913293500
"""player 7 @ O8SRi7DfXR"" posts a big blind of 10",2026-09-03T09:52:11.438Z,178842913143805
"""player 51 @ uewFolxPCK"" posts a small blind of 5",2026-09-03T09:52:11.438Z,178842913143804
"Your hand is K♠, Q♠",2026-09-03T09:52:11.438Z,178842913143802
"Player stacks: #1 ""player 51 @ uewFolxPCK"" (1302) | #2 ""player 7 @ O8SRi7DfXR"" (1724)",2026-09-03T09:52:11.438Z,178842913143801
"-- starting hand #208 (id: kjohqgqtwz6r)  No Limit Texas Hold'em (dealer: ""player 51 @ uewFolxPCK"") --",2026-09-03T09:52:11.438Z,178842913143800
"""player 7 @ O8SRi7DfXR"" shows a 4♠, Q♦.",2026-09-03T09:52:07.018Z,178842912701800
"Undealt cards:  [8♦, 2♣, K♠, 8♠, 9♥]",2026-09-03T09:52:04.966Z,178842912496600
"-- ending hand #207 --",2026-09-03T09:52:04.792Z,178842912479202
"""player 51 @ uewFolxPCK"" collected 20 from pot",2026-09-03T09:52:04.792Z,178842912479201
"Uncalled bet of 40 returned to ""player 51 @ uewFolxPCK""",2026-09-03T09:52:04.792Z,178842912479200
"""player 7 @ O8SRi7DfXR"" folds",2026-09-03T09:52:03.937Z,178842912393700
"""player 51 @ uewFolxPCK"" raises to 50",2026-09-03T09:52:02.272Z,178842912227200
"""player 7 @ O8SRi7DfXR"" calls 10",2026-09-03T09:52:00.206Z,178842912020600
"""player 51 @ uewFolxPCK"" posts a big blind of 10",2026-09-03T09:51:58.408Z,178842911840805
"""player 7 @ O8SRi7DfXR"" posts a small blind of 5",2026-09-03T09:51:58.408Z,178842911840804
"Player stacks: #1 ""player 51 @ uewFolxPCK"" (1292) | #2 ""player 7 @ O8SRi7DfXR"" (1734)",2026-09-03T09:51:58.408Z,178842911840801
"-- starting hand #207 (id: wcy255kkvgzx)  No Limit Texas Hold'em (dealer: ""player 7 @ O8SRi7DfXR"") --",2026-09-03T09:51:58.408Z,178842911840800
"""player 51 @ uewFolxPCK"" shows a 7♦, 3♠.",2026-09-03T09:51:54.812Z,178842911481200
"""player 7 @ O8SRi7DfXR"" shows a 7♣, 4♠.",2026-09-03T09:51:53.646Z,178842911364600
"Undealt cards: 8♥, J♥, 6♣, 2♥ [A♦]",2026-09-03T09:51:51.302Z,178842911130200
"-- ending hand #206 --",2026-09-03T09:51:51.084Z,178842911108401
"""player 7 @ O8SRi7DfXR"" collected 20 from pot",2026-09-03T09:51:51.084Z,178842911108400
"""player 51 @ uewFolxPCK"" folds",2026-09-03T09:51:50.249Z,178842911024900
"""player 7 @ O8SRi7DfXR"" checks",2026-09-03T09:51:49.333Z,178842910933300
"Turn: 8♥, J♥, 6♣ [2♥]",2026-09-03T09:51:48.007Z,178842910800700
"""player 51 @ uewFolxPCK"" checks",2026-09-03T09:51:47.178Z,178842910717800
"""player 7 @ O8SRi7DfXR"" checks",2026-09-03T09:51:46.265Z,178842910626500
"Flop:  [8♥, J♥, 6♣]",2026-09-03T09:51:42.681Z,178842910268100
"""player 7 @ O8SRi7DfXR"" checks",2026-09-03T09:51:41.868Z,178842910186800
"""player 51 @ uewFolxPCK"" calls 10",2026-09-03T09:51:39.596Z,178842909959600
"""player 7 @ O8SRi7DfXR"" posts a big blind of 10",2026-09-03T09:51:38.598Z,178842909859805
"""player 51 @ uewFolxPCK"" posts a small blind of 5",2026-09-03T09:51:38.598Z,178842909859804
"Your hand is 7♦, 3♠",2026-09-03T09:51:38.598Z,178842909859802
"Player stacks: #1 ""player 51 @ uewFolxPCK"" (1302) | #2 ""player 7 @ O8SRi7DfXR"" (1724)",2026-09-03T09:51:38.598Z,178842909859801
"-- starting hand #206 (id: svnvef1hca9r)  No Limit Texas Hold'em (dealer: ""player 51 @ uewFolxPCK"") --",2026-09-03T09:51:38.598Z,178842909859800
"""player 7 @ O8SRi7DfXR"" shows a 4♠.",2026-09-03T09:51:35.815Z,178842909581500
"-- ending hand #205 --",2026-09-03T09:51:34.947Z,178842909494702
"""player 51 @ uewFolxPCK"" collected 20 from pot",2026-09-03T09:51:34.947Z,178842909494701
"Uncalled bet of 40 returned to ""player 51 @ uewFolxPCK""",2026-09-03T09:51:34.947Z,178842909494700
"""player 7 @ O8SRi7DfXR"" folds",2026-09-03T09:51:34.091Z,178842909409100
"""player 51 @ uewFolxPCK"" bets 40",2026-09-03T09:51:31.971Z,178842909197100
"River: Q♠, 9♥, 4♣, J♠ [10♠]",2026-09-03T09:51:30.391Z,178842909039100
"""player 7 @ O8SRi7DfXR"" checks",2026-09-03T09:51:29.569Z,178842908956900
"""player 51 @ uewFolxPCK"" checks",2026-09-03T09:51:28.620Z,178842908862000
"Turn: Q♠, 9♥, 4♣ [J♠]",2026-09-03T09:51:27.589Z,178842908758900
"""player 7 @ O8SRi7DfXR"" checks",2026-09-03T09:51:26.776Z,178842908677600
"""player 51 @ uewFolxPCK"" checks",2026-09-03T09:51:23.958Z,178842908395800
"Flop:  [Q♠, 9♥, 4♣]",2026-09-03T09:51:22.879Z,178842908287900
"""player 51 @ uewFolxPCK"" checks",2026-09-03T09:51:22.039Z,178842908203900
"""player 7 @ O8SRi7DfXR"" calls 10",2026-09-03T09:51:21.098Z,178842908109800
"""player 51 @ uewFolxPCK"" posts a big blind of 10",2026-09-03T09:51:15.071Z,178842907507105
"""player 7 @ O8SRi7DfXR"" posts a small blind of 5",2026-09-03T09:51:15.071Z,178842907507104
"Player stacks: #1 ""player 51 @ uewFolxPCK"" (1292) | #2 ""player 7 @ O8SRi7DfXR"" (1734)",2026-09-03T09:51:15.071Z,178842907507101
"-- starting hand #205 (id: bdzezff7hgof)  No Limit Texas Hold'em (dealer: ""player 7 @ O8SRi7DfXR"") --",2026-09-03T09:51:15.071Z,178842907507100
"""player 51 @ uewFolxPCK"" shows a 4♦.",2026-09-03T09:51:12.591Z,178842907259100
"""player 7 @ O8SRi7DfXR"" shows a 6♣, 3♦.",2026-09-03T09:51:09.095Z,178842906909500
"Undealt cards:  [4♠, 4♣, K♥, 2♣, 4♥]",2026-09-03T09:51:08.041Z,178842906804100
"-- ending hand #204 --",2026-09-03T09:51:07.733Z,178842906773302
"""player 7 @ O8SRi7DfXR"" collected 10 from pot",2026-09-03T09:51:07.733Z,178842906773301
"Uncalled bet of 5 returned to ""player 7 @ O8SRi7DfXR""",2026-09-03T09:51:07.733Z,178842906773300
"""player 51 @ uewFolxPCK"" folds",2026-09-03T09:51:06.885Z,178842906688500
"""player 7 @ O8SRi7DfXR"" posts a big blind of 10",2026-09-03T09:51:05.762Z,178842906576205
"""player 51 @ uewFolxPCK"" posts a small blind of 5",2026-09-03T09:51:05.762Z,178842906576204
"Player stacks: #1 ""player 51 @ uewFolxPCK"" (1297) | #2 ""player 7 @ O8SRi7DfXR"" (1729)",2026-09-03T09:51:05.762Z,178842906576201
"-- starting hand #204 (id: mqmkqoz5es65)  No Limit Texas Hold'em (dealer: ""player 51 @ uewFolxPCK"") --",2026-09-03T09:51:05.762Z,178842906576200
"""player 7 @ O8SRi7DfXR"" shows a 10♣, 10♥.",2026-09-03T09:51:02.723Z,178842906272300
"-- ending hand #203 --",2026-09-03T09:51:02.134Z,178842906213402
"""player 7 @ O8SRi7DfXR"" collected 40 from pot",2026-09-03T09:51:02.134Z,178842906213401
"Uncalled bet of 10 returned to ""player 7 @ O8SRi7DfXR""",2026-09-03T09:51:02.134Z,178842906213400
"""player 51 @ uewFolxPCK"" folds",2026-09-03T09:51:01.302Z,178842906130200
"""player 7 @ O8SRi7DfXR"" bets 10",2026-09-03T09:50:59.547Z,178842905954700
"""player 51 @ uewFolxPCK"" checks",2026-09-03T09:50:57.800Z,178842905780000
"River: K♠, 4♠, 7♠, K♥ [6♥]",2026-09-03T09:50:55.800Z,178842905580000
"""player 7 @ O8SRi7DfXR"" checks",2026-09-03T09:50:54.994Z,178842905499400
"""player 51 @ uewFolxPCK"" checks",2026-09-03T09:50:54.099Z,178842905409900
"Turn: K♠, 4♠, 7♠ [K♥]",2026-09-03T09:50:53.288Z,178842905328800
"""player 7 @ O8SRi7DfXR"" checks",2026-09-03T09:50:52.401Z,178842905240100
"""player 51 @ uewFolxPCK"" checks",2026-09-03T09:50:51.059Z,178842905105900
"Flop:  [K♠, 4♠, 7♠]",2026-09-03T09:50:49.397Z,178842904939700
"""player 51 @ uewFolxPCK"" calls 20",2026-09-03T09:50:48.548Z,178842904854800
"""player 7 @ O8SRi7DfXR"" raises to 20",2026-09-03T09:50:46.827Z,178842904682700
"""player 51 @ uewFolxPCK"" posts a big blind of 10",2026-09-03T09:50:35.462Z,178842903546205
"""player 7 @ O8SRi7DfXR"" posts a small blind of 5",2026-09-03T09:50:35.462Z,178842903546204
"Player stacks: #1 ""player 51 @ uewFolxPCK"" (1317) | #2 ""player 7 @ O8SRi7DfXR"" (1709)",2026-09-03T09:50:35.462Z,178842903546201
"-- starting hand #203 (id: wor6jfd0rnbj)  No Limit Texas Hold'em (dealer: ""player 7 @ O8SRi7DfXR"") --",2026-09-03T09:50:35.462Z,178842903546200
"-- ending hand #202 --",2026-09-03T09:50:29.388Z,178842902938803
"""player 7 @ O8SRi7DfXR"" collected 140 from pot with Two Pair, 10's & 9's (combination: K♥, 9♥, 9♠, 10♠, 10♥)",2026-09-03T09:50:29.388Z,178842902938802
"""player 7 @ O8SRi7DfXR"" shows a 9♥, 10♠.",2026-09-03T09:50:29.388Z,178842902938801
"""player 51 @ uewFolxPCK"" shows a 8♦, 6♦.",2026-09-03T09:50:29.388Z,178842902938800
"""player 51 @ uewFolxPCK"" checks",2026-09-03T09:50:28.527Z,178842902852700
"""player 7 @ O8SRi7DfXR"" checks",2026-09-03T09:50:26.713Z,178842902671300
"River: 2♥, K♥, 10♥, 9♠ [Q♠]",2026-09-03T09:50:18.552Z,178842901855200
"""player 51 @ uewFolxPCK"" calls 40",2026-09-03T09:50:17.671Z,178842901767100
"""player 7 @ O8SRi7DfXR"" raises to 40",2026-09-03T09:50:16.462Z,178842901646200
"""player 51 @ uewFolxPCK"" bets 20",2026-09-03T09:50:14.430Z,178842901443000
"""player 7 @ O8SRi7DfXR"" checks",2026-09-03T09:50:11.911Z,178842901191100
"Turn: 2♥, K♥, 10♥ [9♠]",2026-09-03T09:50:07.949Z,178842900794900
"""player 51 @ uewFolxPCK"" checks",2026-09-03T09:50:07.136Z,178842900713600
"""player 7 @ O8SRi7DfXR"" checks",2026-09-03T09:50:06.231Z,178842900623100
"Flop:  [2♥, K♥, 10♥]",2026-09-03T09:49:57.080Z,178842899708000
"""player 7 @ O8SRi7DfXR"" calls 30",2026-09-03T09:49:56.206Z,178842899620600
"""player 51 @ uewFolxPCK"" raises to 30",2026-09-03T09:49:53.387Z,178842899338700
"""player 7 @ O8SRi7DfXR"" posts a big blind of 10",2026-09-03T09:49:52.081Z,178842899208105
"""player 51 @ uewFolxPCK"" posts a small blind of 5",2026-09-03T09:49:52.081Z,178842899208104
"Your hand is 8♦, 6♦",2026-09-03T09:49:52.081Z,178842899208102
"Player stacks: #1 ""player 51 @ uewFolxPCK"" (1387) | #2 ""player 7 @ O8SRi7DfXR"" (1639)",2026-09-03T09:49:52.081Z,178842899208101
"-- starting hand #202 (id: a7iqgdm2fcel)  No Limit Texas Hold'em (dealer: ""player 51 @ uewFolxPCK"") --",2026-09-03T09:49:52.081Z,178842899208100
"""player 7 @ O8SRi7DfXR"" shows a 7♥.",2026-09-03T09:49:47.927Z,178842898792700
"Undealt cards: 7♦, 10♦, 10♣ [Q♥, 2♠]",2026-09-03T09:49:45.697Z,178842898569700
"-- ending hand #201 --",2026-09-03T09:49:45.469Z,178842898546902
"""player 7 @ O8SRi7DfXR"" collected 80 from pot",2026-09-03T09:49:45.469Z,178842898546901
"Uncalled bet of 30 returned to ""player 7 @ O8SRi7DfXR""",2026-09-03T09:49:45.469Z,178842898546900
"""player 51 @ uewFolxPCK"" folds",2026-09-03T09:49:44.585Z,178842898458500
"""player 7 @ O8SRi7DfXR"" raises to 60",2026-09-03T09:49:43.650Z,178842898365000
"""player 51 @ uewFolxPCK"" bets 30",2026-09-03T09:49:41.438Z,178842898143800
"Flop:  [7♦, 10♦, 10♣]",2026-09-03T09:49:39.077Z,178842897907700
"""player 51 @ uewFolxPCK"" checks",2026-09-03T09:49:38.273Z,178842897827300
"""player 7 @ O8SRi7DfXR"" calls 10",2026-09-03T09:49:37.290Z,178842897729000
"""player 51 @ uewFolxPCK"" posts a big blind of 10",2026-09-03T09:49:35.360Z,178842897536005
"""player 7 @ O8SRi7DfXR"" posts a small blind of 5",2026-09-03T09:49:35.360Z,178842897536004
"Player stacks: #1 ""player 51 @ uewFolxPCK"" (1427) | #2 ""player 7 @ O8SRi7DfXR"" (1599)",2026-09-03T09:49:35.360Z,178842897536001
"-- starting hand #201 (id: neho8giarbqp)  No Limit Texas Hold'em (dealer: ""player 7 @ O8SRi7DfXR"") --",2026-09-03T09:49:35.360Z,178842897536000
"Undealt cards:  [A♥, A♦, 4♠, 4♣, 6♥]",2026-09-03T09:49:29.795Z,178842896979500
"-- ending hand #200 --",2026-09-03T09:49:29.453Z,178842896945302
"""player 7 @ O8SRi7DfXR"" collected 10 from pot",2026-09-03T09:49:29.453Z,178842896945301
"Uncalled bet of 5 returned to ""player 7 @ O8SRi7DfXR""",2026-09-03T09:49:29.453Z,178842896945300
"""player 51 @ uewFolxPCK"" folds",2026-09-03T09:49:28.599Z,178842896859900
"""player 7 @ O8SRi7DfXR"" posts a big blind of 10",2026-09-03T09:49:27.749Z,178842896774905
"""player 51 @ uewFolxPCK"" posts a small blind of 5",2026-09-03T09:49:27.749Z,178842896774904
"Player stacks: #1 ""player 51 @ uewFolxPCK"" (1432) | #2 ""player 7 @ O8SRi7DfXR"" (1594)",2026-09-03T09:49:27.749Z,178842896774901
"-- starting hand #200 (id: rcv9xpcijaiv)  No Limit Texas Hold'em (dealer: ""player 51 @ uewFolxPCK"") --",2026-09-03T09:49:27.749Z,178842896774900
"-- ending hand #199 --",2026-09-03T09:49:21.728Z,178842896172803
"""player 7 @ O8SRi7DfXR"" collected 60 from pot with A High (combination: 7♠, 10♥, Q♦, K♣, A♦)",2026-09-03T09:49:21.728Z,178842896172802
"""player 7 @ O8SRi7DfXR"" shows a 2♦, K♣.",2026-09-03T09:49:21.728Z,178842896172801
"""player 51 @ uewFolxPCK"" shows a 6♦, 8♣.",2026-09-03T09:49:21.728Z,178842896172800
"""player 7 @ O8SRi7DfXR"" calls 20",2026-09-03T09:49:20.860Z,178842896086000
"""player 51 @ uewFolxPCK"" bets 20",2026-09-03T09:49:10.050Z,178842895005000
"River: 10♥, Q♦, 4♣, 7♠ [A♦]",2026-09-03T09:49:08.032Z,178842894803200
"""player 7 @ O8SRi7DfXR"" checks",2026-09-03T09:49:07.168Z,178842894716800
"""player 51 @ uewFolxPCK"" checks",2026-09-03T09:49:06.205Z,178842894620500
"Turn: 10♥, Q♦, 4♣ [7♠]",2026-09-03T09:49:05.429Z,178842894542900
"""player 7 @ O8SRi7DfXR"" checks",2026-09-03T09:49:04.574Z,178842894457400
"""player 51 @ uewFolxPCK"" checks",2026-09-03T09:49:00.902Z,178842894090200
"Flop:  [10♥, Q♦, 4♣]",2026-09-03T09:48:59.889Z,178842893988900
"""player 51 @ uewFolxPCK"" checks",2026-09-03T09:48:59.075Z,178842893907500
"""player 7 @ O8SRi7DfXR"" calls 10",2026-09-03T09:48:58.119Z,178842893811900
"""player 51 @ uewFolxPCK"" posts a big blind of 10",2026-09-03T09:48:56.392Z,178842893639205
"""player 7 @ O8SRi7DfXR"" posts a small blind of 5",2026-09-03T09:48:56.392Z,178842893639204
"Your hand is 6♦, 8♣",2026-09-03T09:48:56.392Z,178842893639202
"Player stacks: #1 ""player 51 @ uewFolxPCK"" (1462) | #2 ""player 7 @ O8SRi7DfXR"" (1564)",2026-09-03T09:48:56.392Z,178842893639201
"-- starting hand #199 (id: ehaq0jb2nbsg)  No Limit Texas Hold'em (dealer: ""player 7 @ O8SRi7DfXR"") --",2026-09-03T09:48:56.392Z,178842893639200
"-- ending hand #198 --",2026-09-03T09:48:50.384Z,178842893038403
"""player 7 @ O8SRi7DfXR"" collected 80 from pot with Two Pair, A's & 7's (combination: Q♣, 7♦, 7♣, A♥, A♣)",2026-09-03T09:48:50.384Z,178842893038402
"""player 7 @ O8SRi7DfXR"" shows a A♥, Q♣.",2026-09-03T09:48:50.384Z,178842893038401
"""player 51 @ uewFolxPCK"" shows a J♠, 8♣.",2026-09-03T09:48:50.384Z,178842893038400
"""player 51 @ uewFolxPCK"" checks",2026-09-03T09:48:49.526Z,178842892952600
"""player 7 @ O8SRi7DfXR"" checks",2026-09-03T09:48:47.971Z,178842892797100
"River: 6♣, 4♥, 7♦, 7♣ [A♣]",2026-09-03T09:48:46.280Z,178842892628000
"""player 51 @ uewFolxPCK"" checks",2026-09-03T09:48:45.394Z,178842892539400
"""player 7 @ O8SRi7DfXR"" checks",2026-09-03T09:48:44.119Z,178842892411900
"Turn: 6♣, 4♥, 7♦ [7♣]",2026-09-03T09:48:42.985Z,178842892298500
"""player 51 @ uewFolxPCK"" checks",2026-09-03T09:48:42.169Z,178842892216900
"""player 7 @ O8SRi7DfXR"" checks",2026-09-03T09:48:41.201Z,178842892120100
"Flop:  [6♣, 4♥, 7♦]",2026-09-03T09:48:39.181Z,178842891918100
"""player 51 @ uewFolxPCK"" calls 40",2026-09-03T09:48:38.375Z,178842891837500
"""player 7 @ O8SRi7DfXR"" raises to 40",2026-09-03T09:48:37.206Z,178842891720600
"""player 51 @ uewFolxPCK"" raises to 20",2026-09-03T09:48:34.287Z,178842891428700
"""player 7 @ O8SRi7DfXR"" posts a big blind of 10",2026-09-03T09:48:32.875Z,178842891287505
"""player 51 @ uewFolxPCK"" posts a small blind of 5",2026-09-03T09:48:32.875Z,178842891287504
"Your hand is J♠, 8♣",2026-09-03T09:48:32.875Z,178842891287502
"Player stacks: #1 ""player 51 @ uewFolxPCK"" (1502) | #2 ""player 7 @ O8SRi7DfXR"" (1524)",2026-09-03T09:48:32.875Z,178842891287501
"-- starting hand #198 (id: hp36bk9qshvt)  No Limit Texas Hold'em (dealer: ""player 51 @ uewFolxPCK"") --",2026-09-03T09:48:32.875Z,178842891287500
"""player 7 @ O8SRi7DfXR"" shows a 6♥.",2026-09-03T09:48:31.940Z,178842891194000
"""player 51 @ uewFolxPCK"" shows a J♦.",2026-09-03T09:48:29.929Z,178842890992900
"""player 7 @ O8SRi7DfXR"" shows a 8♠.",2026-09-03T09:48:28.833Z,178842890883300
"-- ending hand #197 --",2026-09-03T09:48:28.494Z,178842890849402
"""player 51 @ uewFolxPCK"" collected 20 from pot",2026-09-03T09:48:28.494Z,178842890849401
"Uncalled bet of 40 returned to ""player 51 @ uewFolxPCK""",2026-09-03T09:48:28.494Z,178842890849400
"""player 7 @ O8SRi7DfXR"" folds",2026-09-03T09:48:27.670Z,178842890767000
"""player 51 @ uewFolxPCK"" bets 40",2026-09-03T09:48:26.596Z,178842890659600
"River: 2♠, 5♠, 3♠, J♥ [J♣]",2026-09-03T09:48:24.293Z,178842890429300
"""player 7 @ O8SRi7DfXR"" checks",2026-09-03T09:48:23.485Z,178842890348500
"""player 51 @ uewFolxPCK"" checks",2026-09-03T09:48:22.550Z,178842890255000
"Turn: 2♠, 5♠, 3♠ [J♥]",2026-09-03T09:48:21.864Z,178842890186400
"""player 7 @ O8SRi7DfXR"" checks",2026-09-03T09:48:21.023Z,178842890102300
"""player 51 @ uewFolxPCK"" checks",2026-09-03T09:48:19.649Z,178842889964900
"Flop:  [2♠, 5♠, 3♠]",2026-09-03T09:48:18.695Z,178842889869500
"""player 51 @ uewFolxPCK"" checks",2026-09-03T09:48:17.868Z,178842889786800
"""player 7 @ O8SRi7DfXR"" calls 10",2026-09-03T09:48:16.675Z,178842889667500
"""player 51 @ uewFolxPCK"" posts a big blind of 10",2026-09-03T09:48:14.258Z,178842889425805
"""player 7 @ O8SRi7DfXR"" posts a small blind of 5",2026-09-03T09:48:14.258Z,178842889425804
"Player stacks: #1 ""player 51 @ uewFolxPCK"" (1492) | #2 ""player 7 @ O8SRi7DfXR"" (1534)",2026-09-03T09:48:14.258Z,178842889425801
"-- starting hand #197 (id: 9zrdp4tyclzz)  No Limit Texas Hold'em (dealer: ""player 7 @ O8SRi7DfXR"") --",2026-09-03T09:48:14.258Z,178842889425800
"""player 7 @ O8SRi7DfXR"" shows a 9♠, 3♥.",2026-09-03T09:48:11.096Z,178842889109600
"Undealt cards: K♣, K♥, Q♦ [J♣, J♠]",2026-09-03T09:48:08.097Z,178842888809700
"-- ending hand #196 --",2026-09-03T09:48:07.572Z,178842888757202
"""player 51 @ uewFolxPCK"" collected 100 from pot",2026-09-03T09:48:07.572Z,178842888757201
"Uncalled bet of 50 returned to ""player 51 @ uewFolxPCK""",2026-09-03T09:48:07.572Z,178842888757200
"""player 7 @ O8SRi7DfXR"" folds",2026-09-03T09:48:06.716Z,178842888671600
"""player 51 @ uewFolxPCK"" bets 50",2026-09-03T09:47:55.559Z,178842887555900
"""player 7 @ O8SRi7DfXR"" checks",2026-09-03T09:47:53.593Z,178842887359300
"Flop:  [K♣, K♥, Q♦]",2026-09-03T09:47:48.277Z,178842886827700
"""player 7 @ O8SRi7DfXR"" calls 50",2026-09-03T09:47:47.431Z,178842886743100
"""player 51 @ uewFolxPCK"" raises to 50",2026-09-03T09:47:45.589Z,178842886558900
"""player 7 @ O8SRi7DfXR"" posts a big blind of 10",2026-09-03T09:47:43.986Z,178842886398605
"""player 51 @ uewFolxPCK"" posts a small blind of 5",2026-09-03T09:47:43.986Z,178842886398604
"Player stacks: #1 ""player 51 @ uewFolxPCK"" (1442) | #2 ""player 7 @ O8SRi7DfXR"" (1584)",2026-09-03T09:47:43.986Z,178842886398601
"-- starting hand #196 (id: wip8m9exdlri)  No Limit Texas Hold'em (dealer: ""player 51 @ uewFolxPCK"") --",2026-09-03T09:47:43.986Z,178842886398600
"""player 7 @ O8SRi7DfXR"" shows a 4♠.",2026-09-03T09:47:41.809Z,178842886180900
"""player 51 @ uewFolxPCK"" shows a 9♠, 9♣.",2026-09-03T09:47:40.729Z,178842886072900
"""player 7 @ O8SRi7DfXR"" shows a K♦.",2026-09-03T09:47:39.403Z,178842885940300
"Undealt cards:  [Q♥, 5♠, 7♥, J♠, 2♥]",2026-09-03T09:47:37.146Z,178842885714600
"-- ending hand #195 --",2026-09-03T09:47:36.661Z,178842885666102
"""player 51 @ uewFolxPCK"" collected 20 from pot",2026-09-03T09:47:36.661Z,178842885666101
"Uncalled bet of 40 returned to ""player 51 @ uewFolxPCK""",2026-09-03T09:47:36.661Z,178842885666100
"""player 7 @ O8SRi7DfXR"" folds",2026-09-03T09:47:35.840Z,178842885584000
"""player 51 @ uewFolxPCK"" raises to 50",2026-09-03T09:47:34.221Z,178842885422100
"""player 7 @ O8SRi7DfXR"" calls 10",2026-09-03T09:47:32.281Z,178842885228100
"""player 51 @ uewFolxPCK"" posts a big blind of 10",2026-09-03T09:47:29.371Z,178842884937105
"""player 7 @ O8SRi7DfXR"" posts a small blind of 5",2026-09-03T09:47:29.371Z,178842884937104
"Your hand is 9♠, 9♣",2026-09-03T09:47:29.371Z,178842884937102
"Player stacks: #1 ""player 51 @ uewFolxPCK"" (1432) | #2 ""player 7 @ O8SRi7DfXR"" (1594)",2026-09-03T09:47:29.371Z,178842884937101
"-- starting hand #195 (id: 2rkhttmgpruk)  No Limit Texas Hold'em (dealer: ""player 7 @ O8SRi7DfXR"") --",2026-09-03T09:47:29.371Z,178842884937100
"""player 7 @ O8SRi7DfXR"" shows a 7♦.",2026-09-03T09:47:25.530Z,178842884553000
"-- ending hand #194 --",2026-09-03T09:47:22.858Z,178842884285802
"""player 51 @ uewFolxPCK"" collected 160 from pot with Straight, 7 High (combination: 3♠, 4♣, 5♦, 6♠, 7♥)",2026-09-03T09:47:22.858Z,178842884285801
"""player 51 @ uewFolxPCK"" shows a 5♦, 9♦.",2026-09-03T09:47:22.858Z,178842884285800
"""player 7 @ O8SRi7DfXR"" calls 50",2026-09-03T09:47:21.969Z,178842884196900
"""player 51 @ uewFolxPCK"" raises to 50",2026-09-03T09:47:21.042Z,178842884104200
"""player 7 @ O8SRi7DfXR"" bets 10",2026-09-03T09:47:19.330Z,178842883933000
"River: 4♣, 7♥, 6♠, 3♠ [9♥]",2026-09-03T09:47:18.360Z,178842883836000
"""player 51 @ uewFolxPCK"" calls 10",2026-09-03T09:47:17.553Z,178842883755300
"""player 7 @ O8SRi7DfXR"" bets 10",2026-09-03T09:47:16.559Z,178842883655900
"Turn: 4♣, 7♥, 6♠ [3♠]",2026-09-03T09:47:15.772Z,178842883577200
"""player 51 @ uewFolxPCK"" calls 10",2026-09-03T09:47:14.913Z,178842883491300
"""player 7 @ O8SRi7DfXR"" bets 10",2026-09-03T09:47:13.839Z,178842883383900
"Flop:  [4♣, 7♥, 6♠]",2026-09-03T09:47:11.813Z,178842883181300
"""player 7 @ O8SRi7DfXR"" checks",2026-09-03T09:47:11.006Z,178842883100600
"""player 51 @ uewFolxPCK"" calls 10",2026-09-03T09:47:08.701Z,178842882870100
"""player 7 @ O8SRi7DfXR"" posts a big blind of 10",2026-09-03T09:47:07.549Z,178842882754905
"""player 51 @ uewFolxPCK"" posts a small blind of 5",2026-09-03T09:47:07.549Z,178842882754904
"Your hand is 5♦, 9♦",2026-09-03T09:47:07.549Z,178842882754902
"Player stacks: #1 ""player 51 @ uewFolxPCK"" (1352) | #2 ""player 7 @ O8SRi7DfXR"" (1674)",2026-09-03T09:47:07.549Z,178842882754901
"-- starting hand #194 (id: cyr0fmxlswg4)  No Limit Texas Hold'em (dealer: ""player 51 @ uewFolxPCK"") --",2026-09-03T09:47:07.549Z,178842882754900
"""player 51 @ uewFolxPCK"" shows a 8♥.",2026-09-03T09:47:04.609Z,178842882460900
"""player 7 @ O8SRi7DfXR"" shows a 4♥.",2026-09-03T09:47:03.575Z,178842882357500
"-- ending hand #193 --",2026-09-03T09:47:03.212Z,178842882321202
"""player 51 @ uewFolxPCK"" collected 240 from pot",2026-09-03T09:47:03.212Z,178842882321201
"Uncalled bet of 125 returned to ""player 51 @ uewFolxPCK""",2026-09-03T09:47:03.212Z,178842882321200
"""player 7 @ O8SRi7DfXR"" folds",2026-09-03T09:47:02.406Z,178842882240600
"""player 51 @ uewFolxPCK"" bets 125",2026-09-03T09:47:00.038Z,178842882003800
"River: 7♦, 5♣, 6♥, 4♦ [9♥]",2026-09-03T09:46:54.759Z,178842881475900
"""player 7 @ O8SRi7DfXR"" calls 40",2026-09-03T09:46:53.938Z,178842881393800
"""player 51 @ uewFolxPCK"" bets 40",2026-09-03T09:46:52.107Z,178842881210700
"Turn: 7♦, 5♣, 6♥ [4♦]",2026-09-03T09:46:49.510Z,178842880951000
"""player 7 @ O8SRi7DfXR"" calls 40",2026-09-03T09:46:48.679Z,178842880867900
"""player 51 @ uewFolxPCK"" bets 40",2026-09-03T09:46:47.393Z,178842880739300
"Flop:  [7♦, 5♣, 6♥]",2026-09-03T09:46:44.305Z,178842880430500
"""player 7 @ O8SRi7DfXR"" calls 40",2026-09-03T09:46:43.484Z,178842880348400
"""player 51 @ uewFolxPCK"" raises to 40",2026-09-03T09:46:42.488Z,178842880248800
"""player 7 @ O8SRi7DfXR"" calls 10",2026-09-03T09:46:39.415Z,178842879941500
"""player 51 @ uewFolxPCK"" posts a big blind of 10",2026-09-03T09:46:35.746Z,178842879574605
"""player 7 @ O8SRi7DfXR"" posts a small blind of 5",2026-09-03T09:46:35.746Z,178842879574604
"Player stacks: #1 ""player 51 @ uewFolxPCK"" (1232) | #2 ""player 7 @ O8SRi7DfXR"" (1794)",2026-09-03T09:46:35.746Z,178842879574601
"-- starting hand #193 (id: c5vi18sfczsg)  No Limit Texas Hold'em (dealer: ""player 7 @ O8SRi7DfXR"") --",2026-09-03T09:46:35.746Z,178842879574600
"Undealt cards:  [10♦, K♠, 10♥, Q♠, 7♦]",2026-09-03T09:46:30.360Z,178842879036000
"-- ending hand #192 --",2026-09-03T09:46:29.791Z,178842878979102
"""player 7 @ O8SRi7DfXR"" collected 10 from pot",2026-09-03T09:46:29.791Z,178842878979101
"Uncalled bet of 5 returned to ""player 7 @ O8SRi7DfXR""",2026-09-03T09:46:29.791Z,178842878979100
"""player 51 @ uewFolxPCK"" folds",2026-09-03T09:46:28.970Z,178842878897000
"""player 7 @ O8SRi7DfXR"" posts a big blind of 10",2026-09-03T09:46:27.940Z,178842878794005
"""player 51 @ uewFolxPCK"" posts a small blind of 5",2026-09-03T09:46:27.940Z,178842878794004
"Player stacks: #1 ""player 51 @ uewFolxPCK"" (1237) | #2 ""player 7 @ O8SRi7DfXR"" (1789)",2026-09-03T09:46:27.940Z,178842878794001
"-- starting hand #192 (id: fc5dub259tpm)  No Limit Texas Hold'em (dealer: ""player 51 @ uewFolxPCK"") --",2026-09-03T09:46:27.940Z,178842878794000
"""player 7 @ O8SRi7DfXR"" shows a 10♦, K♦.",2026-09-03T09:46:22.629Z,178842878262900
"Undealt cards: 3♣, A♠, 4♦ [5♣, 10♠]",2026-09-03T09:46:21.527Z,178842878152700
"-- ending hand #191 --",2026-09-03T09:46:21.337Z,178842878133702
"""player 51 @ uewFolxPCK"" collected 100 from pot",2026-09-03T09:46:21.337Z,178842878133701
"Uncalled bet of 50 returned to ""player 51 @ uewFolxPCK""",2026-09-03T09:46:21.337Z,178842878133700
"""player 7 @ O8SRi7DfXR"" folds",2026-09-03T09:46:20.526Z,178842878052600
"""player 51 @ uewFolxPCK"" bets 50",2026-09-03T09:46:18.739Z,178842877873900
"Flop:  [3♣, A♠, 4♦]",2026-09-03T09:46:15.783Z,178842877578300
"""player 7 @ O8SRi7DfXR"" calls 50",2026-09-03T09:46:14.975Z,178842877497500
"""player 51 @ uewFolxPCK"" raises to 50",2026-09-03T09:46:14.019Z,178842877401900
"""player 7 @ O8SRi7DfXR"" calls 10",2026-09-03T09:46:11.903Z,178842877190300
"""player 51 @ uewFolxPCK"" posts a big blind of 10",2026-09-03T09:46:09.732Z,178842876973205
"""player 7 @ O8SRi7DfXR"" posts a small blind of 5",2026-09-03T09:46:09.732Z,178842876973204
"Player stacks: #1 ""player 51 @ uewFolxPCK"" (1187) | #2 ""player 7 @ O8SRi7DfXR"" (1839)",2026-09-03T09:46:09.732Z,178842876973201
"-- starting hand #191 (id: ii4kphiu57qx)  No Limit Texas Hold'em (dealer: ""player 7 @ O8SRi7DfXR"") --",2026-09-03T09:46:09.732Z,178842876973200
"-- ending hand #190 --",2026-09-03T09:46:03.724Z,178842876372403
"""player 7 @ O8SRi7DfXR"" collected 180 from pot with Pair, Q's (combination: 6♣, 7♦, J♠, Q♠, Q♣)",2026-09-03T09:46:03.724Z,178842876372402
"""player 7 @ O8SRi7DfXR"" shows a Q♠, 3♠.",2026-09-03T09:46:03.724Z,178842876372401
"""player 51 @ uewFolxPCK"" shows a 9♥, 8♠.",2026-09-03T09:46:03.724Z,178842876372400
"""player 7 @ O8SRi7DfXR"" calls 60",2026-09-03T09:46:02.904Z,178842876290400
"""player 51 @ uewFolxPCK"" bets 60",2026-09-03T09:46:01.810Z,178842876181000
"""player 7 @ O8SRi7DfXR"" checks",2026-09-03T09:45:59.588Z,178842875958800
"River: J♠, 7♦, Q♣, 2♥ [6♣]",2026-09-03T09:45:57.871Z,178842875787100
"""player 51 @ uewFolxPCK"" checks",2026-09-03T09:45:56.967Z,178842875696700
"""player 7 @ O8SRi7DfXR"" checks",2026-09-03T09:45:56.020Z,178842875602000
"Turn: J♠, 7♦, Q♣ [2♥]",2026-09-03T09:45:54.702Z,178842875470200
"""player 51 @ uewFolxPCK"" calls 20",2026-09-03T09:45:53.886Z,178842875388600
"""player 7 @ O8SRi7DfXR"" raises to 20",2026-09-03T09:45:52.451Z,178842875245100
"""player 51 @ uewFolxPCK"" bets 10",2026-09-03T09:45:50.128Z,178842875012800
"""player 7 @ O8SRi7DfXR"" checks",2026-09-03T09:45:48.582Z,178842874858200
"Flop:  [J♠, 7♦, Q♣]",2026-09-03T09:45:43.868Z,178842874386800
"""player 7 @ O8SRi7DfXR"" checks",2026-09-03T09:45:43.047Z,178842874304700
"""player 51 @ uewFolxPCK"" calls 10",2026-09-03T09:45:40.079Z,178842874007900
"""player 7 @ O8SRi7DfXR"" posts a big blind of 10",2026-09-03T09:45:38.999Z,178842873899905
"""player 51 @ uewFolxPCK"" posts a small blind of 5",2026-09-03T09:45:38.999Z,178842873899904
"Your hand is 9♥, 8♠",2026-09-03T09:45:38.999Z,178842873899902
"Player stacks: #1 ""player 51 @ uewFolxPCK"" (1277) | #2 ""player 7 @ O8SRi7DfXR"" (1749)",2026-09-03T09:45:38.999Z,178842873899901
"-- starting hand #190 (id: nhdhrdvzfps9)  No Limit Texas Hold'em (dealer: ""player 51 @ uewFolxPCK"") --",2026-09-03T09:45:38.999Z,178842873899900
"""player 7 @ O8SRi7DfXR"" shows a 9♣.",2026-09-03T09:45:36.869Z,178842873686900
"-- ending hand #189 --",2026-09-03T09:45:35.383Z,178842873538302
"""player 7 @ O8SRi7DfXR"" collected 20 from pot",2026-09-03T09:45:35.383Z,178842873538301
"Uncalled bet of 20 returned to ""player 7 @ O8SRi7DfXR""",2026-09-03T09:45:35.383Z,178842873538300
"""player 51 @ uewFolxPCK"" folds",2026-09-03T09:45:34.557Z,178842873455700
"""player 7 @ O8SRi7DfXR"" bets 20",2026-09-03T09:45:33.591Z,178842873359100
"""player 51 @ uewFolxPCK"" checks",2026-09-03T09:45:30.807Z,178842873080700
"River: 10♥, 10♦, 2♥, 5♥ [9♦]",2026-09-03T09:45:29.181Z,178842872918100
"""player 7 @ O8SRi7DfXR"" checks",2026-09-03T09:45:28.350Z,178842872835000
"""player 51 @ uewFolxPCK"" checks",2026-09-03T09:45:27.392Z,178842872739200
"Turn: 10♥, 10♦, 2♥ [5♥]",2026-09-03T09:45:24.776Z,178842872477600
"""player 7 @ O8SRi7DfXR"" checks",2026-09-03T09:45:23.965Z,178842872396500
"""player 51 @ uewFolxPCK"" checks",2026-09-03T09:45:19.451Z,178842871945100
"Flop:  [10♥, 10♦, 2♥]",2026-09-03T09:45:17.772Z,178842871777200
"""player 51 @ uewFolxPCK"" checks",2026-09-03T09:45:16.951Z,178842871695100
"""player 7 @ O8SRi7DfXR"" calls 10",2026-09-03T09:45:16.043Z,178842871604300
"""player 51 @ uewFolxPCK"" posts a big blind of 10",2026-09-03T09:45:03.310Z,178842870331005
"""player 7 @ O8SRi7DfXR"" posts a small blind of 5",2026-09-03T09:45:03.310Z,178842870331004
"Player stacks: #1 ""player 51 @ uewFolxPCK"" (1287) | #2 ""player 7 @ O8SRi7DfXR"" (1739)",2026-09-03T09:45:03.310Z,178842870331001
"-- starting hand #189 (id: zvtnfmti6rga)  No Limit Texas Hold'em (dealer: ""player 7 @ O8SRi7DfXR"") --",2026-09-03T09:45:03.310Z,178842870331000
"Undealt cards:  [Q♥, A♦, K♠, K♣, 10♠]",2026-09-03T09:44:57.749Z,178842869774900
"-- ending hand #188 --",2026-09-03T09:44:57.371Z,178842869737102
"""player 7 @ O8SRi7DfXR"" collected 10 from pot",2026-09-03T09:44:57.371Z,178842869737101
"Uncalled bet of 5 returned to ""player 7 @ O8SRi7DfXR""",2026-09-03T09:44:57.371Z,178842869737100
"""player 51 @ uewFolxPCK"" folds",2026-09-03T09:44:56.507Z,178842869650700
"""player 7 @ O8SRi7DfXR"" posts a big blind of 10",2026-09-03T09:44:54.769Z,178842869476905
"""player 51 @ uewFolxPCK"" posts a small blind of 5",2026-09-03T09:44:54.769Z,178842869476904
"Player stacks: #1 ""player 51 @ uewFolxPCK"" (1292) | #2 ""player 7 @ O8SRi7DfXR"" (1734)",2026-09-03T09:44:54.769Z,178842869476901
"-- starting hand #188 (id: 8ex0csfcimnp)  No Limit Texas Hold'em (dealer: ""player 51 @ uewFolxPCK"") --",2026-09-03T09:44:54.769Z,178842869476900
"""player 7 @ O8SRi7DfXR"" shows a 9♦.",2026-09-03T09:44:52.362Z,178842869236200
"-- ending hand #187 --",2026-09-03T09:44:51.154Z,178842869115402
"""player 7 @ O8SRi7DfXR"" collected 40 from pot",2026-09-03T09:44:51.154Z,178842869115401
"Uncalled bet of 57 returned to ""player 7 @ O8SRi7DfXR""",2026-09-03T09:44:51.154Z,178842869115400
"""player 51 @ uewFolxPCK"" folds",2026-09-03T09:44:50.327Z,178842869032700
"""player 7 @ O8SRi7DfXR"" raises to 67",2026-09-03T09:44:47.291Z,178842868729100
"""player 51 @ uewFolxPCK"" bets 10",2026-09-03T09:44:45.065Z,178842868506500
"River: Q♠, Q♣, 2♦, 4♣ [9♥]",2026-09-03T09:44:43.549Z,178842868354900
"""player 7 @ O8SRi7DfXR"" checks",2026-09-03T09:44:42.662Z,178842868266200
"""player 51 @ uewFolxPCK"" checks",2026-09-03T09:44:41.760Z,178842868176000
"Turn: Q♠, Q♣, 2♦ [4♣]",2026-09-03T09:44:41.156Z,178842868115600
"""player 7 @ O8SRi7DfXR"" checks",2026-09-03T09:44:40.341Z,178842868034100
"""player 51 @ uewFolxPCK"" checks",2026-09-03T09:44:39.166Z,178842867916600
"Flop:  [Q♠, Q♣, 2♦]",2026-09-03T09:44:37.350Z,178842867735000
"""player 51 @ uewFolxPCK"" checks",2026-09-03T09:44:36.444Z,178842867644400
"""player 7 @ O8SRi7DfXR"" calls 10",2026-09-03T09:44:35.401Z,178842867540100
"""player 51 @ uewFolxPCK"" posts a big blind of 10",2026-09-03T09:44:20.123Z,178842866012305
"""player 7 @ O8SRi7DfXR"" posts a small blind of 5",2026-09-03T09:44:20.123Z,178842866012304
"Player stacks: #1 ""player 51 @ uewFolxPCK"" (1312) | #2 ""player 7 @ O8SRi7DfXR"" (1714)",2026-09-03T09:44:20.123Z,178842866012301
"-- starting hand #187 (id: jvlq60gx9lms)  No Limit Texas Hold'em (dealer: ""player 7 @ O8SRi7DfXR"") --",2026-09-03T09:44:20.123Z,178842866012300
"""player 7 @ O8SRi7DfXR"" shows a 8♥, 9♦.",2026-09-03T09:44:16.682Z,178842865668200
"""player 51 @ uewFolxPCK"" shows a 5♥, 9♣.",2026-09-03T09:44:15.828Z,178842865582800
"Undealt cards:  [3♦, 10♦, Q♥, K♣, 6♦]",2026-09-03T09:44:13.128Z,178842865312800
"-- ending hand #186 --",2026-09-03T09:44:12.717Z,178842865271702
"""player 7 @ O8SRi7DfXR"" collected 10 from pot",2026-09-03T09:44:12.717Z,178842865271701
"Uncalled bet of 5 returned to ""player 7 @ O8SRi7DfXR""",2026-09-03T09:44:12.717Z,178842865271700
"""player 51 @ uewFolxPCK"" folds",2026-09-03T09:44:11.807Z,178842865180700
"""player 7 @ O8SRi7DfXR"" posts a big blind of 10",2026-09-03T09:44:10.911Z,178842865091105
"""player 51 @ uewFolxPCK"" posts a small blind of 5",2026-09-03T09:44:10.911Z,178842865091104
"Your hand is 5♥, 9♣",2026-09-03T09:44:10.911Z,178842865091102
"Player stacks: #1 ""player 51 @ uewFolxPCK"" (1317) | #2 ""player 7 @ O8SRi7DfXR"" (1709)",2026-09-03T09:44:10.911Z,178842865091101
"-- starting hand #186 (id: cgaxb9t9a0rq)  No Limit Texas Hold'em (dealer: ""player 51 @ uewFolxPCK"") --",2026-09-03T09:44:10.911Z,178842865091100
"-- ending hand #185 --",2026-09-03T09:44:04.904Z,178842864490402
"""player 7 @ O8SRi7DfXR"" collected 20 from pot with A High (combination: 8♠, J♥, Q♣, K♦, A♠)",2026-09-03T09:44:04.904Z,178842864490401
"""player 7 @ O8SRi7DfXR"" shows a K♦, Q♣.",2026-09-03T09:44:04.904Z,178842864490400
"""player 7 @ O8SRi7DfXR"" checks",2026-09-03T09:44:03.996Z,178842864399600
"""player 51 @ uewFolxPCK"" checks",2026-09-03T09:44:03.016Z,178842864301600
"River: 4♠, A♠, 6♦, J♥ [8♠]",2026-09-03T09:44:01.993Z,178842864199300
"""player 7 @ O8SRi7DfXR"" checks",2026-09-03T09:44:01.151Z,178842864115100
"""player 51 @ uewFolxPCK"" checks",2026-09-03T09:44:00.087Z,178842864008700
"Turn: 4♠, A♠, 6♦ [J♥]",2026-09-03T09:43:59.470Z,178842863947000
"""player 7 @ O8SRi7DfXR"" checks",2026-09-03T09:43:58.653Z,178842863865300
"""player 51 @ uewFolxPCK"" checks",2026-09-03T09:43:57.607Z,178842863760700
"Flop:  [4♠, A♠, 6♦]",2026-09-03T09:43:56.267Z,178842863626700
"""player 51 @ uewFolxPCK"" checks",2026-09-03T09:43:55.380Z,178842863538000
"""player 7 @ O8SRi7DfXR"" calls 10",2026-09-03T09:43:54.223Z,178842863422300
"""player 51 @ uewFolxPCK"" posts a big blind of 10",2026-09-03T09:43:47.703Z,178842862770305
"""player 7 @ O8SRi7DfXR"" posts a small blind of 5",2026-09-03T09:43:47.703Z,178842862770304
"Player stacks: #1 ""player 51 @ uewFolxPCK"" (1327) | #2 ""player 7 @ O8SRi7DfXR"" (1699)",2026-09-03T09:43:47.703Z,178842862770301
"-- starting hand #185 (id: uakqhiwoim1z)  No Limit Texas Hold'em (dealer: ""player 7 @ O8SRi7DfXR"") --",2026-09-03T09:43:47.703Z,178842862770300
"-- ending hand #184 --",2026-09-03T09:43:41.657Z,178842862165703
"""player 7 @ O8SRi7DfXR"" collected 20 from pot with Pair, 10's (combination: 8♠, 9♣, Q♥, 10♥, 10♦)",2026-09-03T09:43:41.657Z,178842862165702
"""player 7 @ O8SRi7DfXR"" shows a 4♦, 10♥.",2026-09-03T09:43:41.657Z,178842862165701
"""player 51 @ uewFolxPCK"" shows a 7♥, 9♠.",2026-09-03T09:43:41.657Z,178842862165700
"""player 51 @ uewFolxPCK"" checks",2026-09-03T09:43:40.757Z,178842862075700
"""player 7 @ O8SRi7DfXR"" checks",2026-09-03T09:43:39.767Z,178842861976700
"River: Q♥, 9♣, 8♠, 10♦ [3♠]",2026-09-03T09:43:38.656Z,178842861865600
"""player 51 @ uewFolxPCK"" checks",2026-09-03T09:43:37.750Z,178842861775000
"""player 7 @ O8SRi7DfXR"" checks",2026-09-03T09:43:35.415Z,178842861541500
"Turn: Q♥, 9♣, 8♠ [10♦]",2026-09-03T09:43:33.713Z,178842861371300
"""player 51 @ uewFolxPCK"" checks",2026-09-03T09:43:32.880Z,178842861288000
"""player 7 @ O8SRi7DfXR"" checks",2026-09-03T09:43:31.860Z,178842861186000
"Flop:  [Q♥, 9♣, 8♠]",2026-09-03T09:43:28.799Z,178842860879900
"""player 7 @ O8SRi7DfXR"" checks",2026-09-03T09:43:27.942Z,178842860794200
"""player 51 @ uewFolxPCK"" calls 10",2026-09-03T09:43:27.004Z,178842860700400
"""player 7 @ O8SRi7DfXR"" posts a big blind of 10",2026-09-03T09:43:23.845Z,178842860384505
"""player 51 @ uewFolxPCK"" posts a small blind of 5",2026-09-03T09:43:23.845Z,178842860384504
"Your hand is 7♥, 9♠",2026-09-03T09:43:23.845Z,178842860384502
"Player stacks: #1 ""player 51 @ uewFolxPCK"" (1337) | #2 ""player 7 @ O8SRi7DfXR"" (1689)",2026-09-03T09:43:23.845Z,178842860384501
"-- starting hand #184 (id: cyueq8ug0tvy)  No Limit Texas Hold'em (dealer: ""player 51 @ uewFolxPCK"") --",2026-09-03T09:43:23.845Z,178842860384500
"-- ending hand #183 --",2026-09-03T09:43:17.842Z,178842859784202
"""player 7 @ O8SRi7DfXR"" collected 60 from pot with Pair, 2's (combination: 8♥, K♣, A♣, 2♦, 2♥)",2026-09-03T09:43:17.842Z,178842859784201
"""player 7 @ O8SRi7DfXR"" shows a K♣, A♣.",2026-09-03T09:43:17.842Z,178842859784200
"""player 7 @ O8SRi7DfXR"" checks",2026-09-03T09:43:17.021Z,178842859702100
"""player 51 @ uewFolxPCK"" checks",2026-09-03T09:43:15.957Z,178842859595700
"River: 6♦, 2♦, 8♥, 5♦ [2♥]",2026-09-03T09:43:15.199Z,178842859519900
"""player 7 @ O8SRi7DfXR"" checks",2026-09-03T09:43:14.333Z,178842859433300
"""player 51 @ uewFolxPCK"" checks",2026-09-03T09:43:13.396Z,178842859339600
"Turn: 6♦, 2♦, 8♥ [5♦]",2026-09-03T09:43:11.901Z,178842859190100
"""player 7 @ O8SRi7DfXR"" checks",2026-09-03T09:43:11.083Z,178842859108300
"""player 51 @ uewFolxPCK"" checks",2026-09-03T09:43:10.120Z,178842859012000
"Flop:  [6♦, 2♦, 8♥]",2026-09-03T09:43:08.898Z,178842858889800
"""player 51 @ uewFolxPCK"" calls 30",2026-09-03T09:43:08.084Z,178842858808400
"""player 7 @ O8SRi7DfXR"" raises to 30",2026-09-03T09:43:06.866Z,178842858686600
"""player 51 @ uewFolxPCK"" posts a big blind of 10",2026-09-03T09:43:02.193Z,178842858219305
"""player 7 @ O8SRi7DfXR"" posts a small blind of 5",2026-09-03T09:43:02.193Z,178842858219304
"Player stacks: #1 ""player 51 @ uewFolxPCK"" (1367) | #2 ""player 7 @ O8SRi7DfXR"" (1659)",2026-09-03T09:43:02.193Z,178842858219301
"-- starting hand #183 (id: dum7hbyd5mke)  No Limit Texas Hold'em (dealer: ""player 7 @ O8SRi7DfXR"") --",2026-09-03T09:43:02.193Z,178842858219300
"""player 7 @ O8SRi7DfXR"" shows a Q♥, Q♦.",2026-09-03T09:42:56.759Z,178842857675900
"Undealt cards: 7♠, 10♠, 5♥ [J♣, K♥]",2026-09-03T09:42:55.878Z,178842857587800
"-- ending hand #182 --",2026-09-03T09:42:55.567Z,178842857556702
"""player 7 @ O8SRi7DfXR"" collected 60 from pot",2026-09-03T09:42:55.567Z,178842857556701
"Uncalled bet of 67 returned to ""player 7 @ O8SRi7DfXR""",2026-09-03T09:42:55.567Z,178842857556700
"""player 51 @ uewFolxPCK"" folds",2026-09-03T09:42:54.677Z,178842857467700
"""player 7 @ O8SRi7DfXR"" bets 67",2026-09-03T09:42:52.262Z,178842857226200
"Flop:  [7♠, 10♠, 5♥]",2026-09-03T09:42:48.789Z,178842856878900
"""player 51 @ uewFolxPCK"" calls 30",2026-09-03T09:42:47.975Z,178842856797500
"""player 7 @ O8SRi7DfXR"" raises to 30",2026-09-03T09:42:46.361Z,178842856636100
"""player 51 @ uewFolxPCK"" calls 10",2026-09-03T09:42:36.351Z,178842855635100
"""player 7 @ O8SRi7DfXR"" posts a big blind of 10",2026-09-03T09:42:35.460Z,178842855546005
"""player 51 @ uewFolxPCK"" posts a small blind of 5",2026-09-03T09:42:35.460Z,178842855546004
"Player stacks: #1 ""player 51 @ uewFolxPCK"" (1397) | #2 ""player 7 @ O8SRi7DfXR"" (1629)",2026-09-03T09:42:35.460Z,178842855546001
"-- starting hand #182 (id: hwko2bsj5t8r)  No Limit Texas Hold'em (dealer: ""player 51 @ uewFolxPCK"") --",2026-09-03T09:42:35.460Z,178842855546000
"""player 7 @ O8SRi7DfXR"" shows a J♠, 10♣.",2026-09-03T09:42:31.172Z,178842855117200
"""player 51 @ uewFolxPCK"" shows a 4♣, Q♠.",2026-09-03T09:42:29.998Z,178842854999800
"Undealt cards: 10♥, 7♥, 5♦ [8♠, K♥]",2026-09-03T09:42:28.455Z,178842854845500
"-- ending hand #181 --",2026-09-03T09:42:28.155Z,178842854815502
"""player 7 @ O8SRi7DfXR"" collected 20 from pot",2026-09-03T09:42:28.155Z,178842854815501
"Uncalled bet of 67 returned to ""player 7 @ O8SRi7DfXR""",2026-09-03T09:42:28.155Z,178842854815500
"""player 51 @ uewFolxPCK"" folds",2026-09-03T09:42:27.251Z,178842854725100
"""player 7 @ O8SRi7DfXR"" bets 67",2026-09-03T09:42:26.211Z,178842854621100
"""player 51 @ uewFolxPCK"" checks",2026-09-03T09:42:22.220Z,178842854222000
"Flop:  [10♥, 7♥, 5♦]",2026-09-03T09:42:21.152Z,178842854115200
"""player 51 @ uewFolxPCK"" checks",2026-09-03T09:42:20.254Z,178842854025400
"""player 7 @ O8SRi7DfXR"" calls 10",2026-09-03T09:42:19.287Z,178842853928700
"""player 51 @ uewFolxPCK"" posts a big blind of 10",2026-09-03T09:42:17.554Z,178842853755405
"""player 7 @ O8SRi7DfXR"" posts a small blind of 5",2026-09-03T09:42:17.554Z,178842853755404
"Your hand is 4♣, Q♠",2026-09-03T09:42:17.554Z,178842853755402
"Player stacks: #1 ""player 51 @ uewFolxPCK"" (1407) | #2 ""player 7 @ O8SRi7DfXR"" (1619)",2026-09-03T09:42:17.554Z,178842853755401
"-- starting hand #181 (id: ko4cvk9u1sbn)  No Limit Texas Hold'em (dealer: ""player 7 @ O8SRi7DfXR"") --",2026-09-03T09:42:17.554Z,178842853755400
"""player 7 @ O8SRi7DfXR"" shows a K♥.",2026-09-03T09:42:14.858Z,178842853485800
"""player 7 @ O8SRi7DfXR"" shows a 10♠.",2026-09-03T09:42:14.575Z,178842853457500
"Undealt cards:  [7♠, 9♥, 7♣, 4♥, K♣]",2026-09-03T09:42:11.157Z,178842853115700
"-- ending hand #180 --",2026-09-03T09:42:10.946Z,178842853094602
"""player 7 @ O8SRi7DfXR"" collected 10 from pot",2026-09-03T09:42:10.946Z,178842853094601
"Uncalled bet of 5 returned to ""player 7 @ O8SRi7DfXR""",2026-09-03T09:42:10.946Z,178842853094600
"""player 51 @ uewFolxPCK"" folds",2026-09-03T09:42:10.127Z,178842853012700
"""player 7 @ O8SRi7DfXR"" posts a big blind of 10",2026-09-03T09:42:09.111Z,178842852911105
"""player 51 @ uewFolxPCK"" posts a small blind of 5",2026-09-03T09:42:09.111Z,178842852911104
"Player stacks: #1 ""player 51 @ uewFolxPCK"" (1412) | #2 ""player 7 @ O8SRi7DfXR"" (1614)",2026-09-03T09:42:09.111Z,178842852911101
"-- starting hand #180 (id: a14ygrznjbkg)  No Limit Texas Hold'em (dealer: ""player 51 @ uewFolxPCK"") --",2026-09-03T09:42:09.111Z,178842852911100
"""player 7 @ O8SRi7DfXR"" shows a 8♥.",2026-09-03T09:42:06.455Z,178842852645500
"-- ending hand #179 --",2026-09-03T09:42:05.362Z,178842852536202
"""player 7 @ O8SRi7DfXR"" collected 60 from pot",2026-09-03T09:42:05.362Z,178842852536201
"Uncalled bet of 47 returned to ""player 7 @ O8SRi7DfXR""",2026-09-03T09:42:05.362Z,178842852536200
"""player 51 @ uewFolxPCK"" folds",2026-09-03T09:42:04.557Z,178842852455700
"""player 7 @ O8SRi7DfXR"" raises to 67",2026-09-03T09:42:02.593Z,178842852259300
"""player 51 @ uewFolxPCK"" bets 20",2026-09-03T09:42:00.127Z,178842852012700
"River: A♠, 7♣, 8♣, 4♣ [8♦]",2026-09-03T09:41:58.173Z,178842851817300
"""player 7 @ O8SRi7DfXR"" checks",2026-09-03T09:41:57.263Z,178842851726300
"""player 51 @ uewFolxPCK"" checks",2026-09-03T09:41:56.285Z,178842851628500
"Turn: A♠, 7♣, 8♣ [4♣]",2026-09-03T09:41:55.974Z,178842851597400
"""player 7 @ O8SRi7DfXR"" checks",2026-09-03T09:41:55.153Z,178842851515300
"""player 51 @ uewFolxPCK"" checks",2026-09-03T09:41:53.506Z,178842851350600
"Flop:  [A♠, 7♣, 8♣]",2026-09-03T09:41:52.570Z,178842851257000
"""player 51 @ uewFolxPCK"" checks",2026-09-03T09:41:51.751Z,178842851175100
"""player 7 @ O8SRi7DfXR"" calls 10",2026-09-03T09:41:50.775Z,178842851077500
"""player 51 @ uewFolxPCK"" posts a big blind of 10",2026-09-03T09:41:48.955Z,178842850895505
"""player 7 @ O8SRi7DfXR"" posts a small blind of 5",2026-09-03T09:41:48.955Z,178842850895504
"Player stacks: #1 ""player 51 @ uewFolxPCK"" (1442) | #2 ""player 7 @ O8SRi7DfXR"" (1584)",2026-09-03T09:41:48.955Z,178842850895501
"-- starting hand #179 (id: m08dijdhuw0k)  No Limit Texas Hold'em (dealer: ""player 7 @ O8SRi7DfXR"") --",2026-09-03T09:41:48.955Z,178842850895500
"""player 7 @ O8SRi7DfXR"" shows a J♠, 8♥.",2026-09-03T09:41:44.380Z,178842850438000
"-- ending hand #178 --",2026-09-03T09:41:42.384Z,178842850238402
"""player 51 @ uewFolxPCK"" collected 60 from pot with Pair, Q's (combination: 5♥, 6♠, A♦, Q♦, Q♣)",2026-09-03T09:41:42.384Z,178842850238401
"""player 51 @ uewFolxPCK"" shows a 4♣, A♦.",2026-09-03T09:41:42.384Z,178842850238400
"""player 51 @ uewFolxPCK"" checks",2026-09-03T09:41:41.451Z,178842850145100
"""player 7 @ O8SRi7DfXR"" checks",2026-09-03T09:41:40.470Z,178842850047000
"River: Q♦, 6♠, 5♥, Q♣ [2♦]",2026-09-03T09:41:38.550Z,178842849855000
"""player 51 @ uewFolxPCK"" checks",2026-09-03T09:41:37.747Z,178842849774700
"""player 7 @ O8SRi7DfXR"" checks",2026-09-03T09:41:36.822Z,178842849682200
"Turn: Q♦, 6♠, 5♥ [Q♣]",2026-09-03T09:41:34.045Z,178842849404500
"""player 51 @ uewFolxPCK"" checks",2026-09-03T09:41:33.141Z,178842849314100
"""player 7 @ O8SRi7DfXR"" checks",2026-09-03T09:41:32.177Z,178842849217700
"Flop:  [Q♦, 6♠, 5♥]",2026-09-03T09:41:29.845Z,178842848984500
"""player 7 @ O8SRi7DfXR"" calls 30",2026-09-03T09:41:29.009Z,178842848900900
"""player 51 @ uewFolxPCK"" raises to 30",2026-09-03T09:41:26.008Z,178842848600800
"""player 7 @ O8SRi7DfXR"" posts a big blind of 10",2026-09-03T09:41:24.841Z,178842848484106
"""player 51 @ uewFolxPCK"" posts a small blind of 5",2026-09-03T09:41:24.841Z,178842848484105
"Your hand is 4♣, A♦",2026-09-03T09:41:24.841Z,178842848484103
"Player stacks: #1 ""player 51 @ uewFolxPCK"" (1412) | #2 ""player 7 @ O8SRi7DfXR"" (1614)",2026-09-03T09:41:24.841Z,178842848484102
"-- starting hand #178 (id: pnsawelb0fnu)  No Limit Texas Hold'em (dealer: ""player 51 @ uewFolxPCK"") --",2026-09-03T09:41:24.841Z,178842848484101
"The player ""player 53 @ LGay7r_Caq"" quits the game with a stack of 2539.",2026-09-03T09:41:24.841Z,178842848484100
"""player 51 @ uewFolxPCK"" shows a 7♣, 5♦.",2026-09-03T09:41:19.849Z,178842847984900
"-- ending hand #177 --",2026-09-03T09:41:18.287Z,178842847828702
"""player 7 @ O8SRi7DfXR"" collected 150 from pot with Pair, 7's (combination: 8♥, J♣, K♦, 7♦, 7♥)",2026-09-03T09:41:18.287Z,178842847828701
"""player 7 @ O8SRi7DfXR"" shows a 7♦, K♦.",2026-09-03T09:41:18.287Z,178842847828700
"""player 51 @ uewFolxPCK"" calls 30",2026-09-03T09:41:17.474Z,178842847747400
"""player 7 @ O8SRi7DfXR"" raises to 30",2026-09-03T09:41:16.097Z,178842847609700
"""player 51 @ uewFolxPCK"" bets 10",2026-09-03T09:41:13.051Z,178842847305100
"""player 53 @ LGay7r_Caq"" folds",2026-09-03T09:41:11.174Z,178842847117400
"River: 8♥, 4♠, 7♥, 3♣ [J♣]",2026-09-03T09:41:10.075Z,178842847007500
"""player 7 @ O8SRi7DfXR"" checks",2026-09-03T09:41:09.265Z,178842846926500
"""player 51 @ uewFolxPCK"" checks",2026-09-03T09:41:07.334Z,178842846733400
"""player 53 @ LGay7r_Caq"" checks",2026-09-03T09:41:06.287Z,178842846628700
"Turn: 8♥, 4♠, 7♥ [3♣]",2026-09-03T09:41:05.195Z,178842846519500
"""player 51 @ uewFolxPCK"" calls 20",2026-09-03T09:41:04.354Z,178842846435400
"""player 53 @ LGay7r_Caq"" calls 20",2026-09-03T09:41:02.950Z,178842846295000
"""player 7 @ O8SRi7DfXR"" raises to 20",2026-09-03T09:41:02.011Z,178842846201100
"""player 51 @ uewFolxPCK"" bets 10",2026-09-03T09:40:59.642Z,178842845964200
"""player 53 @ LGay7r_Caq"" checks",2026-09-03T09:40:58.226Z,178842845822600
"Flop:  [8♥, 4♠, 7♥]",2026-09-03T09:40:56.373Z,178842845637300
"""player 51 @ uewFolxPCK"" checks",2026-09-03T09:40:55.486Z,178842845548600
"""player 53 @ LGay7r_Caq"" calls 10",2026-09-03T09:40:54.149Z,178842845414900
"""player 7 @ O8SRi7DfXR"" calls 10",2026-09-03T09:40:48.764Z,178842844876400
"""player 51 @ uewFolxPCK"" posts a big blind of 10",2026-09-03T09:40:46.858Z,178842844685806
"""player 53 @ LGay7r_Caq"" posts a small blind of 5",2026-09-03T09:40:46.858Z,178842844685805
"Your hand is 7♣, 5♦",2026-09-03T09:40:46.858Z,178842844685802
"Player stacks: #1 ""player 51 @ uewFolxPCK"" (1472) | #2 ""player 7 @ O8SRi7DfXR"" (1524) | #9 ""player 53 @ LGay7r_Caq"" (2569)",2026-09-03T09:40:46.858Z,178842844685801
"-- starting hand #177 (id: 13virzaihdps)  No Limit Texas Hold'em (dealer: ""player 7 @ O8SRi7DfXR"") --",2026-09-03T09:40:46.858Z,178842844685800
"Undealt cards: K♣, 6♠, 7♠, 8♣ [A♠]",2026-09-03T09:40:42.339Z,178842844233900
"""player 7 @ O8SRi7DfXR"" shows a 7♦.",2026-09-03T09:40:41.138Z,178842844113800
"-- ending hand #176 --",2026-09-03T09:40:40.251Z,178842844025102
"""player 51 @ uewFolxPCK"" collected 50 from pot",2026-09-03T09:40:40.251Z,178842844025101
"Uncalled bet of 22 returned to ""player 51 @ uewFolxPCK""",2026-09-03T09:40:40.251Z,178842844025100
"""player 7 @ O8SRi7DfXR"" folds",2026-09-03T09:40:39.415Z,178842843941500
"""player 51 @ uewFolxPCK"" bets 22",2026-09-03T09:40:36.631Z,178842843663100
"""player 7 @ O8SRi7DfXR"" checks",2026-09-03T09:40:33.980Z,178842843398000
"Turn: K♣, 6♠, 7♠ [8♣]",2026-09-03T09:40:31.165Z,178842843116500
"""player 53 @ LGay7r_Caq"" folds",2026-09-03T09:40:30.275Z,178842843027500
"""player 7 @ O8SRi7DfXR"" calls 10",2026-09-03T09:40:29.269Z,178842842926900
"""player 51 @ uewFolxPCK"" bets 10",2026-09-03T09:40:26.755Z,178842842675500
"""player 53 @ LGay7r_Caq"" checks",2026-09-03T09:40:25.443Z,178842842544300
"""player 7 @ O8SRi7DfXR"" checks",2026-09-03T09:40:24.218Z,178842842421800
"Flop:  [K♣, 6♠, 7♠]",2026-09-03T09:40:21.352Z,178842842135200
"""player 53 @ LGay7r_Caq"" checks",2026-09-03T09:40:20.458Z,178842842045800
"""player 7 @ O8SRi7DfXR"" calls 10",2026-09-03T09:40:19.409Z,178842841940900
"""player 51 @ uewFolxPCK"" calls 10",2026-09-03T09:40:18.388Z,178842841838800
"""player 53 @ LGay7r_Caq"" posts a big blind of 10",2026-09-03T09:40:17.549Z,178842841754906
"""player 7 @ O8SRi7DfXR"" posts a small blind of 5",2026-09-03T09:40:17.549Z,178842841754905
"Player stacks: #1 ""player 51 @ uewFolxPCK"" (1442) | #2 ""player 7 @ O8SRi7DfXR"" (1544) | #9 ""player 53 @ LGay7r_Caq"" (2579)",2026-09-03T09:40:17.549Z,178842841754901
"-- starting hand #176 (id: 9of5n5xutoe8)  No Limit Texas Hold'em (dealer: ""player 51 @ uewFolxPCK"") --",2026-09-03T09:40:17.549Z,178842841754900
"Undealt cards:  [Q♣, 5♥, 4♥, 3♦, 6♣]",2026-09-03T09:40:11.847Z,178842841184700
"-- ending hand #175 --",2026-09-03T09:40:11.549Z,178842841154902
"""player 53 @ LGay7r_Caq"" collected 25 from pot",2026-09-03T09:40:11.549Z,178842841154901
"Uncalled bet of 20 returned to ""player 53 @ LGay7r_Caq""",2026-09-03T09:40:11.549Z,178842841154900
"""player 7 @ O8SRi7DfXR"" folds",2026-09-03T09:40:10.624Z,178842841062400
"""player 51 @ uewFolxPCK"" folds",2026-09-03T09:40:08.708Z,178842840870800
"""player 53 @ LGay7r_Caq"" raises to 30",2026-09-03T09:40:07.766Z,178842840776600
"""player 7 @ O8SRi7DfXR"" posts a big blind of 10",2026-09-03T09:40:05.981Z,178842840598106
"""player 51 @ uewFolxPCK"" posts a small blind of 5",2026-09-03T09:40:05.981Z,178842840598105
"Player stacks: #1 ""player 51 @ uewFolxPCK"" (1447) | #2 ""player 7 @ O8SRi7DfXR"" (1554) | #9 ""player 53 @ LGay7r_Caq"" (2564)",2026-09-03T09:40:05.981Z,178842840598101
"-- starting hand #175 (id: qblkgornr3uv)  No Limit Texas Hold'em (dealer: ""player 53 @ LGay7r_Caq"") --",2026-09-03T09:40:05.981Z,178842840598100
"""player 7 @ O8SRi7DfXR"" shows a K♠, 5♣.",2026-09-03T09:40:01.922Z,178842840192200
"Undealt cards:  [J♦, K♣, 9♥, 2♦, Q♥]",2026-09-03T09:39:59.831Z,178842839983100
"""player 51 @ uewFolxPCK"" shows a 9♦, A♥.",2026-09-03T09:39:59.356Z,178842839935600
"-- ending hand #174 --",2026-09-03T09:39:58.657Z,178842839865702
"""player 51 @ uewFolxPCK"" collected 30 from pot",2026-09-03T09:39:58.657Z,178842839865701
"Uncalled bet of 56 returned to ""player 51 @ uewFolxPCK""",2026-09-03T09:39:58.657Z,178842839865700
"""player 53 @ LGay7r_Caq"" folds",2026-09-03T09:39:57.763Z,178842839776300
"""player 7 @ O8SRi7DfXR"" folds",2026-09-03T09:39:56.760Z,178842839676000
"""player 51 @ uewFolxPCK"" raises to 66",2026-09-03T09:39:49.425Z,178842838942500
"""player 53 @ LGay7r_Caq"" calls 10",2026-09-03T09:39:47.601Z,178842838760100
"""player 7 @ O8SRi7DfXR"" calls 10",2026-09-03T09:39:46.693Z,178842838669300
"""player 51 @ uewFolxPCK"" posts a big blind of 10",2026-09-03T09:39:44.194Z,178842838419406
"""player 53 @ LGay7r_Caq"" posts a small blind of 5",2026-09-03T09:39:44.194Z,178842838419405
"Your hand is 9♦, A♥",2026-09-03T09:39:44.194Z,178842838419402
"Player stacks: #1 ""player 51 @ uewFolxPCK"" (1427) | #2 ""player 7 @ O8SRi7DfXR"" (1564) | #9 ""player 53 @ LGay7r_Caq"" (2574)",2026-09-03T09:39:44.194Z,178842838419401
"-- starting hand #174 (id: irivd0pm2yls)  No Limit Texas Hold'em (dealer: ""player 7 @ O8SRi7DfXR"") --",2026-09-03T09:39:44.194Z,178842838419400
"""player 53 @ LGay7r_Caq"" shows a 7♥, 10♣.",2026-09-03T09:39:40.884Z,178842838088400
"""player 51 @ uewFolxPCK"" shows a 2♥, K♠.",2026-09-03T09:39:39.195Z,178842837919500
"Undealt cards: Q♥, A♠, 2♦, 10♦ [8♥]",2026-09-03T09:39:38.212Z,178842837821200
"-- ending hand #173 --",2026-09-03T09:39:36.860Z,178842837686001
"""player 51 @ uewFolxPCK"" collected 25 from pot",2026-09-03T09:39:36.860Z,178842837686000
"""player 53 @ LGay7r_Caq"" folds",2026-09-03T09:39:36.030Z,178842837603000
"Turn: Q♥, A♠, 2♦ [10♦]",2026-09-03T09:39:34.459Z,178842837445900
"""player 51 @ uewFolxPCK"" checks",2026-09-03T09:39:33.591Z,178842837359100
"""player 53 @ LGay7r_Caq"" checks",2026-09-03T09:39:32.687Z,178842837268700
"Flop:  [Q♥, A♠, 2♦]",2026-09-03T09:39:30.257Z,178842837025700
"""player 53 @ LGay7r_Caq"" checks",2026-09-03T09:39:29.445Z,178842836944500
"""player 7 @ O8SRi7DfXR"" folds",2026-09-03T09:39:21.275Z,178842836127500
"""player 51 @ uewFolxPCK"" calls 10",2026-09-03T09:39:17.971Z,178842835797100
"""player 53 @ LGay7r_Caq"" posts a big blind of 10",2026-09-03T09:39:17.083Z,178842835708306
"""player 7 @ O8SRi7DfXR"" posts a small blind of 5",2026-09-03T09:39:17.083Z,178842835708305
"Your hand is 2♥, K♠",2026-09-03T09:39:17.083Z,178842835708302
"Player stacks: #1 ""player 51 @ uewFolxPCK"" (1412) | #2 ""player 7 @ O8SRi7DfXR"" (1569) | #9 ""player 53 @ LGay7r_Caq"" (2584)",2026-09-03T09:39:17.083Z,178842835708301
"-- starting hand #173 (id: mvensi7c8m5v)  No Limit Texas Hold'em (dealer: ""player 51 @ uewFolxPCK"") --",2026-09-03T09:39:17.083Z,178842835708300
"-- ending hand #172 --",2026-09-03T09:39:11.050Z,178842835105004
"""player 7 @ O8SRi7DfXR"" collected 95 from pot with Two Pair, A's & 5's (combination: Q♠, 5♦, 5♣, A♦, A♣)",2026-09-03T09:39:11.050Z,178842835105003
"""player 51 @ uewFolxPCK"" collected 95 from pot with Two Pair, A's & 5's (combination: Q♠, 5♥, 5♣, A♦, A♣)",2026-09-03T09:39:11.050Z,178842835105002
"""player 7 @ O8SRi7DfXR"" shows a 5♦, 2♦.",2026-09-03T09:39:11.050Z,178842835105001
"""player 51 @ uewFolxPCK"" shows a 10♦, 5♥.",2026-09-03T09:39:11.050Z,178842835105000
"""player 7 @ O8SRi7DfXR"" checks",2026-09-03T09:39:10.184Z,178842835018400
"""player 51 @ uewFolxPCK"" checks",2026-09-03T09:39:06.447Z,178842834644700
"River: 2♥, A♦, 5♣, A♣ [Q♠]",2026-09-03T09:39:05.765Z,178842834576500
"""player 51 @ uewFolxPCK"" calls 40",2026-09-03T09:39:04.934Z,178842834493400
"""player 53 @ LGay7r_Caq"" folds",2026-09-03T09:39:04.006Z,178842834400600
"""player 7 @ O8SRi7DfXR"" raises to 40",2026-09-03T09:39:01.923Z,178842834192300
"""player 51 @ uewFolxPCK"" calls 20",2026-09-03T09:38:59.728Z,178842833972800
"""player 53 @ LGay7r_Caq"" bets 20",2026-09-03T09:38:58.691Z,178842833869100
"""player 7 @ O8SRi7DfXR"" checks",2026-09-03T09:38:56.636Z,178842833663600
"""player 51 @ uewFolxPCK"" checks",2026-09-03T09:38:55.116Z,178842833511600
"Turn: 2♥, A♦, 5♣ [A♣]",2026-09-03T09:38:54.014Z,178842833401400
"""player 53 @ LGay7r_Caq"" checks",2026-09-03T09:38:53.189Z,178842833318900
"""player 7 @ O8SRi7DfXR"" checks",2026-09-03T09:38:51.324Z,178842833132400
"""player 51 @ uewFolxPCK"" checks",2026-09-03T09:38:49.820Z,178842832982000
"Flop:  [2♥, A♦, 5♣]",2026-09-03T09:38:47.967Z,178842832796700
"""player 7 @ O8SRi7DfXR"" calls 30",2026-09-03T09:38:47.103Z,178842832710300
"""player 51 @ uewFolxPCK"" calls 30",2026-09-03T09:38:45.829Z,178842832582900
"""player 53 @ LGay7r_Caq"" raises to 30",2026-09-03T09:38:44.243Z,178842832424300
"""player 7 @ O8SRi7DfXR"" posts a big blind of 10",2026-09-03T09:38:42.765Z,178842832276506
"""player 51 @ uewFolxPCK"" posts a small blind of 5",2026-09-03T09:38:42.765Z,178842832276505
"Your hand is 10♦, 5♥",2026-09-03T09:38:42.765Z,178842832276502
"Player stacks: #1 ""player 51 @ uewFolxPCK"" (1387) | #2 ""player 7 @ O8SRi7DfXR"" (1544) | #9 ""player 53 @ LGay7r_Caq"" (2634)",2026-09-03T09:38:42.765Z,178842832276501
"-- starting hand #172 (id: ik06ntspiw1i)  No Limit Texas Hold'em (dealer: ""player 53 @ LGay7r_Caq"") --",2026-09-03T09:38:42.765Z,178842832276500
"Undealt cards: 8♣, 2♦, 7♥ [2♠, J♦]",2026-09-03T09:38:38.367Z,178842831836700
"""player 53 @ LGay7r_Caq"" shows a 7♣, 4♣.",2026-09-03T09:38:37.485Z,178842831748500
"""player 7 @ O8SRi7DfXR"" shows a J♥.",2026-09-03T09:38:37.181Z,178842831718100
"-- ending hand #171 --",2026-09-03T09:38:35.388Z,178842831538802
"""player 53 @ LGay7r_Caq"" collected 30 from pot",2026-09-03T09:38:35.388Z,178842831538801
"Uncalled bet of 30 returned to ""player 53 @ LGay7r_Caq""",2026-09-03T09:38:35.388Z,178842831538800
"""player 7 @ O8SRi7DfXR"" folds",2026-09-03T09:38:34.564Z,178842831456400
"""player 51 @ uewFolxPCK"" folds",2026-09-03T09:38:30.703Z,178842831070300
"""player 53 @ LGay7r_Caq"" bets 30",2026-09-03T09:38:29.614Z,178842830961400
"Flop:  [8♣, 2♦, 7♥]",2026-09-03T09:38:25.956Z,178842830595600
"""player 51 @ uewFolxPCK"" checks",2026-09-03T09:38:25.066Z,178842830506600
"""player 53 @ LGay7r_Caq"" calls 10",2026-09-03T09:38:24.145Z,178842830414500
"""player 7 @ O8SRi7DfXR"" calls 10",2026-09-03T09:38:22.856Z,178842830285600
"""player 51 @ uewFolxPCK"" posts a big blind of 10",2026-09-03T09:38:18.944Z,178842829894406
"""player 53 @ LGay7r_Caq"" posts a small blind of 5",2026-09-03T09:38:18.944Z,178842829894405
"Player stacks: #1 ""player 51 @ uewFolxPCK"" (1397) | #2 ""player 7 @ O8SRi7DfXR"" (1554) | #9 ""player 53 @ LGay7r_Caq"" (2614)",2026-09-03T09:38:18.944Z,178842829894401
"-- starting hand #171 (id: r7qgnu67thag)  No Limit Texas Hold'em (dealer: ""player 7 @ O8SRi7DfXR"") --",2026-09-03T09:38:18.944Z,178842829894400
"""player 51 @ uewFolxPCK"" shows a 9♦, A♥.",2026-09-03T09:38:10.811Z,178842829081100
"-- ending hand #170 --",2026-09-03T09:38:10.343Z,178842829034304
"""player 53 @ LGay7r_Caq"" collected 776 from pot with Pair, 2's on the second run  (combination: Q♣, K♠, A♠, 2♥, 2♦)",2026-09-03T09:38:10.343Z,178842829034303
"""player 7 @ O8SRi7DfXR"" collected 777 from pot with Pair, 2's on the second run  (combination: Q♣, K♦, A♣, 2♥, 2♦)",2026-09-03T09:38:10.343Z,178842829034302
"""player 53 @ LGay7r_Caq"" collected 776 from pot with Pair, 6's (combination: J♠, K♠, A♠, 6♥, 6♣)",2026-09-03T09:38:10.343Z,178842829034301
"""player 7 @ O8SRi7DfXR"" collected 777 from pot with Pair, 6's (combination: J♠, K♦, A♣, 6♥, 6♣)",2026-09-03T09:38:10.343Z,178842829034300
"River (second run): 2♥, 10♠, Q♣, 7♥ [2♦]",2026-09-03T09:38:06.293Z,178842828629300
"Turn (second run): 2♥, 10♠, Q♣ [7♥]",2026-09-03T09:38:02.150Z,178842828215000
"Flop (second run):  [2♥, 10♠, Q♣]",2026-09-03T09:37:58.117Z,178842827811700
"River: 7♠, 6♥, 3♣, 6♣ [J♠]",2026-09-03T09:37:54.106Z,178842827410600
"Turn: 7♠, 6♥, 3♣ [6♣]",2026-09-03T09:37:50.084Z,178842827008400
"Flop:  [7♠, 6♥, 3♣]",2026-09-03T09:37:46.062Z,178842826606200
"""player 53 @ LGay7r_Caq"" shows a K♠, A♠.",2026-09-03T09:37:41.981Z,178842826198101
"""player 7 @ O8SRi7DfXR"" shows a K♦, A♣.",2026-09-03T09:37:41.981Z,178842826198100
"All players in hand choose to run it twice.",2026-09-03T09:37:41.146Z,178842826114601
"""player 53 @ LGay7r_Caq"" chooses to  run it twice.",2026-09-03T09:37:41.146Z,178842826114600
"""player 7 @ O8SRi7DfXR"" chooses to  run it twice.",2026-09-03T09:37:40.338Z,178842826033800
"Remaining players decide whether to run it twice.",2026-09-03T09:37:38.474Z,178842825847401
"""player 51 @ uewFolxPCK"" folds",2026-09-03T09:37:38.474Z,178842825847400
"""player 53 @ LGay7r_Caq"" calls 1520",2026-09-03T09:37:37.486Z,178842825748600
"""player 7 @ O8SRi7DfXR"" raises to 1520 and go all in",2026-09-03T09:37:36.517Z,178842825651700
"""player 51 @ uewFolxPCK"" raises to 66",2026-09-03T09:37:16.069Z,178842823606900
"""player 53 @ LGay7r_Caq"" posts a big blind of 10",2026-09-03T09:37:12.788Z,178842823278806
"""player 7 @ O8SRi7DfXR"" posts a small blind of 5",2026-09-03T09:37:12.788Z,178842823278805
"Your hand is 9♦, A♥",2026-09-03T09:37:12.788Z,178842823278802
"Player stacks: #1 ""player 51 @ uewFolxPCK"" (1463) | #2 ""player 7 @ O8SRi7DfXR"" (1520) | #9 ""player 53 @ LGay7r_Caq"" (2582)",2026-09-03T09:37:12.788Z,178842823278801
"-- starting hand #170 (id: y37unrorwo9k)  No Limit Texas Hold'em (dealer: ""player 51 @ uewFolxPCK"") --",2026-09-03T09:37:12.788Z,178842823278800
"-- ending hand #169 --",2026-09-03T09:37:06.758Z,178842822675802
"""player 51 @ uewFolxPCK"" collected 624 from pot with Two Pair, Q's & 3's (combination: 10♦, 3♠, 3♥, Q♣, Q♥)",2026-09-03T09:37:06.758Z,178842822675801
"""player 51 @ uewFolxPCK"" shows a Q♣, 3♠.",2026-09-03T09:37:06.758Z,178842822675800
"""player 53 @ LGay7r_Caq"" calls 187",2026-09-03T09:37:05.938Z,178842822593800
"""player 51 @ uewFolxPCK"" bets 187",2026-09-03T09:37:04.942Z,178842822494200
"River: 10♦, 4♥, 3♥, Q♥ [7♣]",2026-09-03T09:37:01.305Z,178842822130500
"""player 53 @ LGay7r_Caq"" calls 50",2026-09-03T09:37:00.480Z,178842822048000
"""player 51 @ uewFolxPCK"" bets 50",2026-09-03T09:36:59.527Z,178842821952700
"Turn: 10♦, 4♥, 3♥ [Q♥]",2026-09-03T09:36:56.893Z,178842821689300
"""player 7 @ O8SRi7DfXR"" folds",2026-09-03T09:36:56.079Z,178842821607900
"""player 51 @ uewFolxPCK"" calls 30",2026-09-03T09:36:53.989Z,178842821398900
"""player 53 @ LGay7r_Caq"" bets 30",2026-09-03T09:36:52.983Z,178842821298300
"""player 7 @ O8SRi7DfXR"" checks",2026-09-03T09:36:51.252Z,178842821125200
"""player 51 @ uewFolxPCK"" checks",2026-09-03T09:36:49.611Z,178842820961100
"Flop:  [10♦, 4♥, 3♥]",2026-09-03T09:36:48.351Z,178842820835100
"""player 7 @ O8SRi7DfXR"" calls 30",2026-09-03T09:36:47.502Z,178842820750200
"""player 51 @ uewFolxPCK"" calls 30",2026-09-03T09:36:44.091Z,178842820409100
"""player 53 @ LGay7r_Caq"" raises to 30",2026-09-03T09:36:42.476Z,178842820247600
"""player 7 @ O8SRi7DfXR"" posts a big blind of 10",2026-09-03T09:36:40.684Z,178842820068406
"""player 51 @ uewFolxPCK"" posts a small blind of 5",2026-09-03T09:36:40.684Z,178842820068405
"Your hand is Q♣, 3♠",2026-09-03T09:36:40.684Z,178842820068402
"Player stacks: #1 ""player 51 @ uewFolxPCK"" (1136) | #2 ""player 7 @ O8SRi7DfXR"" (1550) | #9 ""player 53 @ LGay7r_Caq"" (2879)",2026-09-03T09:36:40.684Z,178842820068401
"-- starting hand #169 (id: wkrzkgnuo05h)  No Limit Texas Hold'em (dealer: ""player 53 @ LGay7r_Caq"") --",2026-09-03T09:36:40.684Z,178842820068400
"-- ending hand #168 --",2026-09-03T09:36:34.679Z,178842819467904
"""player 53 @ LGay7r_Caq"" collected 70 from pot with Two Pair, Q's & 4's (combination: K♦, 4♠, 4♥, Q♠, Q♥)",2026-09-03T09:36:34.679Z,178842819467903
"""player 51 @ uewFolxPCK"" collected 70 from pot with Two Pair, Q's & 4's (combination: K♦, 4♦, 4♥, Q♠, Q♥)",2026-09-03T09:36:34.679Z,178842819467902
"""player 51 @ uewFolxPCK"" shows a 4♦, 3♠.",2026-09-03T09:36:34.679Z,178842819467901
"""player 53 @ LGay7r_Caq"" shows a J♦, 4♠.",2026-09-03T09:36:34.679Z,178842819467900
"""player 51 @ uewFolxPCK"" calls 30",2026-09-03T09:36:33.837Z,178842819383700
"""player 53 @ LGay7r_Caq"" bets 30",2026-09-03T09:36:32.872Z,178842819287200
"River: 5♠, Q♠, 4♥, Q♥ [K♦]",2026-09-03T09:36:31.276Z,178842819127600
"""player 7 @ O8SRi7DfXR"" folds",2026-09-03T09:36:30.389Z,178842819038900
"""player 51 @ uewFolxPCK"" calls 10",2026-09-03T09:36:29.258Z,178842818925800
"""player 53 @ LGay7r_Caq"" bets 10",2026-09-03T09:36:28.165Z,178842818816500
"Turn: 5♠, Q♠, 4♥ [Q♥]",2026-09-03T09:36:26.311Z,178842818631100
"""player 7 @ O8SRi7DfXR"" calls 10",2026-09-03T09:36:25.481Z,178842818548100
"""player 51 @ uewFolxPCK"" calls 10",2026-09-03T09:36:24.173Z,178842818417300
"""player 53 @ LGay7r_Caq"" bets 10",2026-09-03T09:36:23.251Z,178842818325100
"Flop:  [5♠, Q♠, 4♥]",2026-09-03T09:36:21.235Z,178842818123500
"""player 51 @ uewFolxPCK"" checks",2026-09-03T09:36:20.375Z,178842818037500
"""player 53 @ LGay7r_Caq"" calls 10",2026-09-03T09:36:17.538Z,178842817753800
"""player 7 @ O8SRi7DfXR"" calls 10",2026-09-03T09:36:16.622Z,178842817662200
"""player 51 @ uewFolxPCK"" posts a big blind of 10",2026-09-03T09:36:15.478Z,178842817547806
"""player 53 @ LGay7r_Caq"" posts a small blind of 5",2026-09-03T09:36:15.478Z,178842817547805
"Your hand is 4♦, 3♠",2026-09-03T09:36:15.478Z,178842817547802
"Player stacks: #1 ""player 51 @ uewFolxPCK"" (1126) | #2 ""player 7 @ O8SRi7DfXR"" (1570) | #9 ""player 53 @ LGay7r_Caq"" (2869)",2026-09-03T09:36:15.478Z,178842817547801
"-- starting hand #168 (id: hymxypwhabge)  No Limit Texas Hold'em (dealer: ""player 7 @ O8SRi7DfXR"") --",2026-09-03T09:36:15.478Z,178842817547800
"""player 7 @ O8SRi7DfXR"" shows a 3♦.",2026-09-03T09:36:14.023Z,178842817402300
"-- ending hand #167 --",2026-09-03T09:36:11.837Z,178842817183702
"""player 53 @ LGay7r_Caq"" collected 125 from pot",2026-09-03T09:36:11.837Z,178842817183701
"Uncalled bet of 150 returned to ""player 53 @ LGay7r_Caq""",2026-09-03T09:36:11.837Z,178842817183700
"""player 51 @ uewFolxPCK"" folds",2026-09-03T09:36:10.982Z,178842817098200
"""player 53 @ LGay7r_Caq"" bets 150",2026-09-03T09:36:03.139Z,178842816313900
"River: 3♥, 10♣, 7♣, 2♠ [5♥]",2026-09-03T09:35:59.723Z,178842815972300
"""player 51 @ uewFolxPCK"" calls 30",2026-09-03T09:35:58.804Z,178842815880400
"""player 53 @ LGay7r_Caq"" bets 30",2026-09-03T09:35:57.244Z,178842815724400
"Turn: 3♥, 10♣, 7♣ [2♠]",2026-09-03T09:35:55.123Z,178842815512300
"""player 51 @ uewFolxPCK"" checks",2026-09-03T09:35:54.269Z,178842815426900
"""player 53 @ LGay7r_Caq"" checks",2026-09-03T09:35:53.327Z,178842815332700
"Flop:  [3♥, 10♣, 7♣]",2026-09-03T09:35:45.368Z,178842814536800
"""player 53 @ LGay7r_Caq"" calls 30",2026-09-03T09:35:44.528Z,178842814452800
"""player 7 @ O8SRi7DfXR"" folds",2026-09-03T09:35:42.148Z,178842814214800
"""player 51 @ uewFolxPCK"" raises to 30",2026-09-03T09:35:41.115Z,178842814111500
"""player 53 @ LGay7r_Caq"" posts a big blind of 10",2026-09-03T09:35:38.709Z,178842813870906
"""player 7 @ O8SRi7DfXR"" posts a small blind of 5",2026-09-03T09:35:38.709Z,178842813870905
"Player stacks: #1 ""player 51 @ uewFolxPCK"" (1186) | #2 ""player 7 @ O8SRi7DfXR"" (1575) | #9 ""player 53 @ LGay7r_Caq"" (2804)",2026-09-03T09:35:38.709Z,178842813870901
"-- starting hand #167 (id: yrstbzcvpzsy)  No Limit Texas Hold'em (dealer: ""player 51 @ uewFolxPCK"") --",2026-09-03T09:35:38.709Z,178842813870900
"Undealt cards: Q♥, 10♦, 8♠ [A♣, J♠]",2026-09-03T09:35:33.107Z,178842813310700
"-- ending hand #166 --",2026-09-03T09:35:32.703Z,178842813270302
"""player 7 @ O8SRi7DfXR"" collected 65 from pot",2026-09-03T09:35:32.703Z,178842813270301
"Uncalled bet of 13 returned to ""player 7 @ O8SRi7DfXR""",2026-09-03T09:35:32.703Z,178842813270300
"""player 53 @ LGay7r_Caq"" folds",2026-09-03T09:35:31.827Z,178842813182700
"""player 7 @ O8SRi7DfXR"" bets 13",2026-09-03T09:35:30.170Z,178842813017000
"Flop:  [Q♥, 10♦, 8♠]",2026-09-03T09:35:23.556Z,178842812355600
"""player 7 @ O8SRi7DfXR"" calls 30",2026-09-03T09:35:22.729Z,178842812272900
"""player 51 @ uewFolxPCK"" folds",2026-09-03T09:35:20.473Z,178842812047300
"""player 53 @ LGay7r_Caq"" raises to 30",2026-09-03T09:35:18.800Z,178842811880000
"""player 7 @ O8SRi7DfXR"" posts a big blind of 10",2026-09-03T09:35:16.758Z,178842811675806
"""player 51 @ uewFolxPCK"" posts a small blind of 5",2026-09-03T09:35:16.758Z,178842811675805
"Player stacks: #1 ""player 51 @ uewFolxPCK"" (1191) | #2 ""player 7 @ O8SRi7DfXR"" (1540) | #9 ""player 53 @ LGay7r_Caq"" (2834)",2026-09-03T09:35:16.758Z,178842811675801
"-- starting hand #166 (id: 31uy3b2nzjy0)  No Limit Texas Hold'em (dealer: ""player 53 @ LGay7r_Caq"") --",2026-09-03T09:35:16.758Z,178842811675800
"-- ending hand #165 --",2026-09-03T09:35:10.751Z,178842811075103
"""player 7 @ O8SRi7DfXR"" collected 85 from pot with Pair, 5's (combination: 7♥, 10♦, J♠, 5♦, 5♥)",2026-09-03T09:35:10.751Z,178842811075102
"""player 7 @ O8SRi7DfXR"" shows a 5♦, 5♥.",2026-09-03T09:35:10.751Z,178842811075101
"""player 51 @ uewFolxPCK"" shows a 2♠, 3♠.",2026-09-03T09:35:10.751Z,178842811075100
"""player 7 @ O8SRi7DfXR"" calls 10",2026-09-03T09:35:09.908Z,178842810990800
"""player 51 @ uewFolxPCK"" bets 10",2026-09-03T09:35:06.823Z,178842810682300
"River: J♠, 7♥, 4♠, 10♦ [2♥]",2026-09-03T09:35:04.284Z,178842810428400
"""player 7 @ O8SRi7DfXR"" calls 10",2026-09-03T09:35:03.423Z,178842810342300
"""player 51 @ uewFolxPCK"" bets 10",2026-09-03T09:35:02.517Z,178842810251700
"Turn: J♠, 7♥, 4♠ [10♦]",2026-09-03T09:35:01.613Z,178842810161300
"""player 7 @ O8SRi7DfXR"" calls 10",2026-09-03T09:35:00.734Z,178842810073400
"""player 51 @ uewFolxPCK"" bets 10",2026-09-03T09:34:55.076Z,178842809507600
"Flop:  [J♠, 7♥, 4♠]",2026-09-03T09:34:53.586Z,178842809358600
"""player 51 @ uewFolxPCK"" checks",2026-09-03T09:34:52.775Z,178842809277500
"""player 53 @ LGay7r_Caq"" folds",2026-09-03T09:34:51.851Z,178842809185100
"""player 7 @ O8SRi7DfXR"" calls 10",2026-09-03T09:34:50.508Z,178842809050800
"""player 51 @ uewFolxPCK"" posts a big blind of 10",2026-09-03T09:34:49.180Z,178842808918006
"""player 53 @ LGay7r_Caq"" posts a small blind of 5",2026-09-03T09:34:49.180Z,178842808918005
"Your hand is 2♠, 3♠",2026-09-03T09:34:49.180Z,178842808918002
"Player stacks: #1 ""player 51 @ uewFolxPCK"" (1231) | #2 ""player 7 @ O8SRi7DfXR"" (1495) | #9 ""player 53 @ LGay7r_Caq"" (2839)",2026-09-03T09:34:49.180Z,178842808918001
"-- starting hand #165 (id: tgldgdu153kd)  No Limit Texas Hold'em (dealer: ""player 7 @ O8SRi7DfXR"") --",2026-09-03T09:34:49.180Z,178842808918000
"-- ending hand #164 --",2026-09-03T09:34:43.175Z,178842808317502
"""player 7 @ O8SRi7DfXR"" collected 245 from pot with Pair, 7's (combination: 10♣, K♥, A♥, 7♦, 7♣)",2026-09-03T09:34:43.175Z,178842808317501
"""player 7 @ O8SRi7DfXR"" shows a K♥, A♥.",2026-09-03T09:34:43.175Z,178842808317500
"""player 53 @ LGay7r_Caq"" checks",2026-09-03T09:34:42.301Z,178842808230100
"""player 7 @ O8SRi7DfXR"" checks",2026-09-03T09:34:41.028Z,178842808102800
"River: 10♣, 2♠, 7♦, 8♥ [7♣]",2026-09-03T09:34:35.570Z,178842807557000
"""player 53 @ LGay7r_Caq"" calls 55",2026-09-03T09:34:34.697Z,178842807469700
"""player 7 @ O8SRi7DfXR"" bets 55",2026-09-03T09:34:33.526Z,178842807352600
"Turn: 10♣, 2♠, 7♦ [8♥]",2026-09-03T09:34:29.367Z,178842806936700
"""player 7 @ O8SRi7DfXR"" calls 30",2026-09-03T09:34:28.515Z,178842806851500
"""player 51 @ uewFolxPCK"" folds",2026-09-03T09:34:27.499Z,178842806749900
"""player 53 @ LGay7r_Caq"" bets 30",2026-09-03T09:34:25.878Z,178842806587800
"""player 7 @ O8SRi7DfXR"" checks",2026-09-03T09:34:24.047Z,178842806404700
"Flop:  [10♣, 2♠, 7♦]",2026-09-03T09:34:21.761Z,178842806176100
"""player 51 @ uewFolxPCK"" calls 25",2026-09-03T09:34:20.866Z,178842806086600
"""player 53 @ LGay7r_Caq"" calls 25",2026-09-03T09:34:19.497Z,178842805949700
"""player 7 @ O8SRi7DfXR"" raises to 25",2026-09-03T09:34:18.533Z,178842805853300
"""player 51 @ uewFolxPCK"" calls 10",2026-09-03T09:34:11.333Z,178842805133300
"""player 53 @ LGay7r_Caq"" posts a big blind of 10",2026-09-03T09:34:10.152Z,178842805015206
"""player 7 @ O8SRi7DfXR"" posts a small blind of 5",2026-09-03T09:34:10.152Z,178842805015205
"Player stacks: #1 ""player 51 @ uewFolxPCK"" (1256) | #2 ""player 7 @ O8SRi7DfXR"" (1360) | #9 ""player 53 @ LGay7r_Caq"" (2949)",2026-09-03T09:34:10.152Z,178842805015201
"-- starting hand #164 (id: qmbrs5dfzjkv)  No Limit Texas Hold'em (dealer: ""player 51 @ uewFolxPCK"") --",2026-09-03T09:34:10.152Z,178842805015200
"""player 53 @ LGay7r_Caq"" shows a 10♣, 7♦.",2026-09-03T09:34:06.422Z,178842804642200
"""player 7 @ O8SRi7DfXR"" shows a Q♣, 2♣.",2026-09-03T09:34:05.415Z,178842804541500
"Undealt cards: 4♦, A♣, 3♦, 8♦ [9♦]",2026-09-03T09:34:03.650Z,178842804365000
"-- ending hand #163 --",2026-09-03T09:34:02.816Z,178842804281602
"""player 53 @ LGay7r_Caq"" collected 65 from pot",2026-09-03T09:34:02.816Z,178842804281601
"Uncalled bet of 650 returned to ""player 53 @ LGay7r_Caq""",2026-09-03T09:34:02.816Z,178842804281600
"""player 7 @ O8SRi7DfXR"" folds",2026-09-03T09:34:02.004Z,178842804200400
"""player 53 @ LGay7r_Caq"" bets 650",2026-09-03T09:34:00.153Z,178842804015300
"""player 7 @ O8SRi7DfXR"" checks",2026-09-03T09:33:56.287Z,178842803628700
"Turn: 4♦, A♣, 3♦ [8♦]",2026-09-03T09:33:54.195Z,178842803419500
"""player 53 @ LGay7r_Caq"" checks",2026-09-03T09:33:53.342Z,178842803334200
"""player 7 @ O8SRi7DfXR"" checks",2026-09-03T09:33:51.361Z,178842803136100
"Flop:  [4♦, A♣, 3♦]",2026-09-03T09:33:48.939Z,178842802893900
"""player 7 @ O8SRi7DfXR"" calls 30",2026-09-03T09:33:48.102Z,178842802810200
"""player 51 @ uewFolxPCK"" folds",2026-09-03T09:33:46.712Z,178842802671200
"""player 53 @ LGay7r_Caq"" raises to 30",2026-09-03T09:33:45.220Z,178842802522000
"""player 7 @ O8SRi7DfXR"" posts a big blind of 10",2026-09-03T09:33:41.389Z,178842802138906
"""player 51 @ uewFolxPCK"" posts a small blind of 5",2026-09-03T09:33:41.389Z,178842802138905
"Player stacks: #1 ""player 51 @ uewFolxPCK"" (1261) | #2 ""player 7 @ O8SRi7DfXR"" (1390) | #9 ""player 53 @ LGay7r_Caq"" (2914)",2026-09-03T09:33:41.389Z,178842802138901
"-- starting hand #163 (id: ep9pgqctgxvx)  No Limit Texas Hold'em (dealer: ""player 53 @ LGay7r_Caq"") --",2026-09-03T09:33:41.389Z,178842802138900
"-- ending hand #162 --",2026-09-03T09:33:35.384Z,178842801538403
"""player 7 @ O8SRi7DfXR"" collected 25 from pot with Pair, 6's (combination: 8♥, 10♣, Q♣, 6♠, 6♥)",2026-09-03T09:33:35.384Z,178842801538402
"""player 7 @ O8SRi7DfXR"" shows a 6♠, 6♥.",2026-09-03T09:33:35.384Z,178842801538401
"""player 51 @ uewFolxPCK"" shows a K♥, 4♠.",2026-09-03T09:33:35.384Z,178842801538400
"""player 7 @ O8SRi7DfXR"" checks",2026-09-03T09:33:34.577Z,178842801457700
"""player 51 @ uewFolxPCK"" checks",2026-09-03T09:33:33.620Z,178842801362000
"River: 3♠, 7♦, Q♣, 8♥ [10♣]",2026-09-03T09:33:33.090Z,178842801309000
"""player 7 @ O8SRi7DfXR"" checks",2026-09-03T09:33:32.208Z,178842801220800
"""player 51 @ uewFolxPCK"" checks",2026-09-03T09:33:30.570Z,178842801057000
"Turn: 3♠, 7♦, Q♣ [8♥]",2026-09-03T09:33:30.386Z,178842801038600
"""player 7 @ O8SRi7DfXR"" checks",2026-09-03T09:33:29.574Z,178842800957400
"""player 51 @ uewFolxPCK"" checks",2026-09-03T09:33:28.584Z,178842800858400
"Flop:  [3♠, 7♦, Q♣]",2026-09-03T09:33:27.180Z,178842800718000
"""player 51 @ uewFolxPCK"" checks",2026-09-03T09:33:26.327Z,178842800632700
"""player 53 @ LGay7r_Caq"" folds",2026-09-03T09:33:25.340Z,178842800534000
"""player 7 @ O8SRi7DfXR"" calls 10",2026-09-03T09:33:20.989Z,178842800098900
"""player 51 @ uewFolxPCK"" posts a big blind of 10",2026-09-03T09:33:18.377Z,178842799837706
"""player 53 @ LGay7r_Caq"" posts a small blind of 5",2026-09-03T09:33:18.377Z,178842799837705
"Your hand is K♥, 4♠",2026-09-03T09:33:18.377Z,178842799837702
"Player stacks: #1 ""player 51 @ uewFolxPCK"" (1271) | #2 ""player 7 @ O8SRi7DfXR"" (1375) | #9 ""player 53 @ LGay7r_Caq"" (2919)",2026-09-03T09:33:18.377Z,178842799837701
"-- starting hand #162 (id: nllafyz2wcln)  No Limit Texas Hold'em (dealer: ""player 7 @ O8SRi7DfXR"") --",2026-09-03T09:33:18.377Z,178842799837700
"-- ending hand #161 --",2026-09-03T09:33:12.372Z,178842799237202
"""player 7 @ O8SRi7DfXR"" collected 260 from pot with Pair, 10's (combination: 4♠, 7♣, K♥, 10♠, 10♦)",2026-09-03T09:33:12.372Z,178842799237201
"""player 7 @ O8SRi7DfXR"" shows a K♥, 10♠.",2026-09-03T09:33:12.372Z,178842799237200
"""player 51 @ uewFolxPCK"" calls 67",2026-09-03T09:33:11.568Z,178842799156800
"""player 53 @ LGay7r_Caq"" folds",2026-09-03T09:33:10.605Z,178842799060500
"""player 7 @ O8SRi7DfXR"" bets 67",2026-09-03T09:33:09.435Z,178842798943500
"River: 10♦, 3♥, 4♠, 7♣ [2♥]",2026-09-03T09:33:02.383Z,178842798238300
"""player 51 @ uewFolxPCK"" calls 11",2026-09-03T09:33:01.421Z,178842798142100
"""player 53 @ LGay7r_Caq"" calls 11",2026-09-03T09:33:00.444Z,178842798044400
"""player 7 @ O8SRi7DfXR"" bets 11",2026-09-03T09:32:58.720Z,178842797872000
"Turn: 10♦, 3♥, 4♠ [7♣]",2026-09-03T09:32:55.827Z,178842797582700
"""player 51 @ uewFolxPCK"" calls 11",2026-09-03T09:32:54.962Z,178842797496200
"""player 53 @ LGay7r_Caq"" calls 11",2026-09-03T09:32:54.041Z,178842797404100
"""player 7 @ O8SRi7DfXR"" bets 11",2026-09-03T09:32:49.767Z,178842796976700
"Flop:  [10♦, 3♥, 4♠]",2026-09-03T09:32:42.822Z,178842796282200
"""player 51 @ uewFolxPCK"" calls 20",2026-09-03T09:32:41.979Z,178842796197900
"""player 53 @ LGay7r_Caq"" calls 20",2026-09-03T09:32:40.776Z,178842796077600
"""player 7 @ O8SRi7DfXR"" raises to 20",2026-09-03T09:32:39.167Z,178842795916700
"""player 51 @ uewFolxPCK"" calls 10",2026-09-03T09:32:36.220Z,178842795622000
"""player 53 @ LGay7r_Caq"" posts a big blind of 10",2026-09-03T09:32:35.207Z,178842795520706
"""player 7 @ O8SRi7DfXR"" posts a small blind of 5",2026-09-03T09:32:35.207Z,178842795520705
"Player stacks: #1 ""player 51 @ uewFolxPCK"" (1380) | #2 ""player 7 @ O8SRi7DfXR"" (1224) | #9 ""player 53 @ LGay7r_Caq"" (2961)",2026-09-03T09:32:35.207Z,178842795520701
"-- starting hand #161 (id: dcamlnkushzh)  No Limit Texas Hold'em (dealer: ""player 51 @ uewFolxPCK"") --",2026-09-03T09:32:35.207Z,178842795520700
"""player 7 @ O8SRi7DfXR"" shows a 8♥, 6♣.",2026-09-03T09:32:30.549Z,178842795054900
"Undealt cards: J♣, K♦, 7♠ [3♠, Q♠]",2026-09-03T09:32:29.418Z,178842794941800
"-- ending hand #160 --",2026-09-03T09:32:28.571Z,178842794857102
"""player 53 @ LGay7r_Caq"" collected 90 from pot",2026-09-03T09:32:28.571Z,178842794857101
"Uncalled bet of 90 returned to ""player 53 @ LGay7r_Caq""",2026-09-03T09:32:28.571Z,178842794857100
"""player 7 @ O8SRi7DfXR"" folds",2026-09-03T09:32:27.698Z,178842794769800
"""player 51 @ uewFolxPCK"" folds",2026-09-03T09:32:15.234Z,178842793523400
"""player 53 @ LGay7r_Caq"" bets 90",2026-09-03T09:32:13.454Z,178842793345400
"""player 7 @ O8SRi7DfXR"" checks",2026-09-03T09:32:05.732Z,178842792573200
"""player 51 @ uewFolxPCK"" checks",2026-09-03T09:32:04.781Z,178842792478100
"Flop:  [J♣, K♦, 7♠]",2026-09-03T09:32:03.376Z,178842792337600
"""player 7 @ O8SRi7DfXR"" calls 30",2026-09-03T09:32:02.547Z,178842792254700
"""player 51 @ uewFolxPCK"" calls 30",2026-09-03T09:31:48.925Z,178842790892500
"""player 53 @ LGay7r_Caq"" raises to 30",2026-09-03T09:31:47.339Z,178842790733900
"""player 7 @ O8SRi7DfXR"" posts a big blind of 10",2026-09-03T09:31:44.485Z,178842790448506
"""player 51 @ uewFolxPCK"" posts a small blind of 5",2026-09-03T09:31:44.485Z,178842790448505
"Player stacks: #1 ""player 51 @ uewFolxPCK"" (1410) | #2 ""player 7 @ O8SRi7DfXR"" (1254) | #9 ""player 53 @ LGay7r_Caq"" (2901)",2026-09-03T09:31:44.485Z,178842790448501
"-- starting hand #160 (id: c89z7api7ril)  No Limit Texas Hold'em (dealer: ""player 53 @ LGay7r_Caq"") --",2026-09-03T09:31:44.485Z,178842790448500
"""player 51 @ uewFolxPCK"" collected 60 from the 7-2 bounty",2026-09-03T09:31:41.480Z,178842790148002
"""player 7 @ O8SRi7DfXR"" paid 30 for the 7-2 bounty to ""player 51 @ uewFolxPCK""",2026-09-03T09:31:41.480Z,178842790148001
"""player 53 @ LGay7r_Caq"" paid 30 for the 7-2 bounty to ""player 51 @ uewFolxPCK""",2026-09-03T09:31:41.480Z,178842790148000
"""player 7 @ O8SRi7DfXR"" shows a 5♥, 4♣.",2026-09-03T09:31:37.160Z,178842789716000
"Undealt cards: A♦, K♦, K♥ [10♠, 6♣]",2026-09-03T09:31:35.151Z,178842789515100
"""player 51 @ uewFolxPCK"" shows a 7♣, 2♠.",2026-09-03T09:31:34.530Z,178842789453000
"-- ending hand #159 --",2026-09-03T09:31:34.072Z,178842789407202
"""player 51 @ uewFolxPCK"" collected 240 from pot",2026-09-03T09:31:34.072Z,178842789407201
"Uncalled bet of 111 returned to ""player 51 @ uewFolxPCK""",2026-09-03T09:31:34.072Z,178842789407200
"""player 53 @ LGay7r_Caq"" folds",2026-09-03T09:31:33.176Z,178842789317600
"""player 7 @ O8SRi7DfXR"" folds",2026-09-03T09:31:32.149Z,178842789214900
"""player 51 @ uewFolxPCK"" bets 111",2026-09-03T09:31:29.400Z,178842788940000
"""player 53 @ LGay7r_Caq"" checks",2026-09-03T09:31:27.055Z,178842788705500
"Flop:  [A♦, K♦, K♥]",2026-09-03T09:31:24.666Z,178842788466600
"""player 53 @ LGay7r_Caq"" calls 80",2026-09-03T09:31:23.773Z,178842788377300
"""player 7 @ O8SRi7DfXR"" calls 80",2026-09-03T09:31:22.794Z,178842788279400
"""player 51 @ uewFolxPCK"" raises to 80",2026-09-03T09:31:20.978Z,178842788097800
"""player 53 @ LGay7r_Caq"" calls 10",2026-09-03T09:31:17.166Z,178842787716600
"""player 7 @ O8SRi7DfXR"" calls 10",2026-09-03T09:31:16.206Z,178842787620600
"""player 51 @ uewFolxPCK"" posts a big blind of 10",2026-09-03T09:31:13.328Z,178842787332806
"""player 53 @ LGay7r_Caq"" posts a small blind of 5",2026-09-03T09:31:13.328Z,178842787332805
"Your hand is 7♣, 2♠",2026-09-03T09:31:13.328Z,178842787332802
"Player stacks: #1 ""player 51 @ uewFolxPCK"" (1190) | #2 ""player 7 @ O8SRi7DfXR"" (1364) | #9 ""player 53 @ LGay7r_Caq"" (3011)",2026-09-03T09:31:13.328Z,178842787332801
"-- starting hand #159 (id: ljvtvuffibaw)  No Limit Texas Hold'em (dealer: ""player 7 @ O8SRi7DfXR"") --",2026-09-03T09:31:13.328Z,178842787332800
"""player 7 @ O8SRi7DfXR"" shows a 7♣, 6♥.",2026-09-03T09:31:10.748Z,178842787074800
"-- ending hand #158 --",2026-09-03T09:31:09.694Z,178842786969402
"""player 7 @ O8SRi7DfXR"" collected 30 from pot",2026-09-03T09:31:09.694Z,178842786969401
"Uncalled bet of 30 returned to ""player 7 @ O8SRi7DfXR""",2026-09-03T09:31:09.694Z,178842786969400
"""player 51 @ uewFolxPCK"" folds",2026-09-03T09:31:08.863Z,178842786886300
"""player 7 @ O8SRi7DfXR"" bets 30",2026-09-03T09:31:06.529Z,178842786652900
"River: K♥, Q♦, 10♠, 7♠ [6♠]",2026-09-03T09:31:01.393Z,178842786139300
"""player 51 @ uewFolxPCK"" checks",2026-09-03T09:31:00.555Z,178842786055500
"""player 7 @ O8SRi7DfXR"" checks",2026-09-03T09:30:59.609Z,178842785960900
"Turn: K♥, Q♦, 10♠ [7♠]",2026-09-03T09:30:56.874Z,178842785687400
"""player 51 @ uewFolxPCK"" checks",2026-09-03T09:30:56.070Z,178842785607000
"""player 7 @ O8SRi7DfXR"" checks",2026-09-03T09:30:55.122Z,178842785512200
"Flop:  [K♥, Q♦, 10♠]",2026-09-03T09:30:47.668Z,178842784766800
"""player 53 @ LGay7r_Caq"" folds",2026-09-03T09:30:46.802Z,178842784680200
"""player 7 @ O8SRi7DfXR"" calls 10",2026-09-03T09:30:45.635Z,178842784563500
"""player 51 @ uewFolxPCK"" calls 10",2026-09-03T09:30:43.970Z,178842784397000
"""player 53 @ LGay7r_Caq"" posts a big blind of 10",2026-09-03T09:30:42.365Z,178842784236506
"""player 7 @ O8SRi7DfXR"" posts a small blind of 5",2026-09-03T09:30:42.365Z,178842784236505
"Player stacks: #1 ""player 51 @ uewFolxPCK"" (1200) | #2 ""player 7 @ O8SRi7DfXR"" (1344) | #9 ""player 53 @ LGay7r_Caq"" (3021)",2026-09-03T09:30:42.365Z,178842784236501
"-- starting hand #158 (id: rdwrvapz2dxh)  No Limit Texas Hold'em (dealer: ""player 51 @ uewFolxPCK"") --",2026-09-03T09:30:42.365Z,178842784236500
"""player 53 @ LGay7r_Caq"" shows a A♦, K♣.",2026-09-03T09:30:37.739Z,178842783773900
"-- ending hand #157 --",2026-09-03T09:30:35.763Z,178842783576302
"""player 51 @ uewFolxPCK"" collected 70 from pot with Pair, 4's (combination: 10♥, Q♥, A♠, 4♦, 4♠)",2026-09-03T09:30:35.763Z,178842783576301
"""player 51 @ uewFolxPCK"" shows a 4♦, A♠.",2026-09-03T09:30:35.763Z,178842783576300
"""player 53 @ LGay7r_Caq"" checks",2026-09-03T09:30:34.887Z,178842783488700
"""player 51 @ uewFolxPCK"" checks",2026-09-03T09:30:33.380Z,178842783338000
"River: 10♥, 9♦, 4♠, Q♥ [5♦]",2026-09-03T09:30:30.758Z,178842783075800
"""player 53 @ LGay7r_Caq"" checks",2026-09-03T09:30:29.882Z,178842782988200
"""player 51 @ uewFolxPCK"" checks",2026-09-03T09:30:28.361Z,178842782836100
"Turn: 10♥, 9♦, 4♠ [Q♥]",2026-09-03T09:30:27.157Z,178842782715700
"""player 53 @ LGay7r_Caq"" checks",2026-09-03T09:30:26.267Z,178842782626700
"""player 51 @ uewFolxPCK"" checks",2026-09-03T09:30:25.125Z,178842782512500
"Flop:  [10♥, 9♦, 4♠]",2026-09-03T09:30:23.779Z,178842782377900
"""player 7 @ O8SRi7DfXR"" folds",2026-09-03T09:30:22.956Z,178842782295600
"""player 51 @ uewFolxPCK"" calls 30",2026-09-03T09:30:15.347Z,178842781534700
"""player 53 @ LGay7r_Caq"" raises to 30",2026-09-03T09:30:14.272Z,178842781427200
"""player 7 @ O8SRi7DfXR"" posts a big blind of 10",2026-09-03T09:30:12.569Z,178842781256906
"""player 51 @ uewFolxPCK"" posts a small blind of 5",2026-09-03T09:30:12.569Z,178842781256905
"Your hand is 4♦, A♠",2026-09-03T09:30:12.569Z,178842781256902
"Player stacks: #1 ""player 51 @ uewFolxPCK"" (1160) | #2 ""player 7 @ O8SRi7DfXR"" (1354) | #9 ""player 53 @ LGay7r_Caq"" (3051)",2026-09-03T09:30:12.569Z,178842781256901
"-- starting hand #157 (id: 5ce7qx549bmc)  No Limit Texas Hold'em (dealer: ""player 53 @ LGay7r_Caq"") --",2026-09-03T09:30:12.569Z,178842781256900
"""player 7 @ O8SRi7DfXR"" shows a 6♥, 9♦.",2026-09-03T09:30:07.728Z,178842780772800
"-- ending hand #156 --",2026-09-03T09:30:06.048Z,178842780604803
"""player 51 @ uewFolxPCK"" collected 120 from pot with Pair, 7's (combination: J♠, K♠, A♠, 7♠, 7♣)",2026-09-03T09:30:06.048Z,178842780604802
"""player 51 @ uewFolxPCK"" shows a 7♠, J♠.",2026-09-03T09:30:06.048Z,178842780604801
"""player 53 @ LGay7r_Caq"" shows a 2♥, Q♥.",2026-09-03T09:30:06.048Z,178842780604800
"""player 51 @ uewFolxPCK"" calls 10",2026-09-03T09:30:05.208Z,178842780520800
"""player 53 @ LGay7r_Caq"" bets 10",2026-09-03T09:30:04.277Z,178842780427700
"River: A♠, 7♣, 10♣, K♠ [8♥]",2026-09-03T09:30:01.937Z,178842780193700
"""player 51 @ uewFolxPCK"" calls 10",2026-09-03T09:30:00.789Z,178842780078900
"""player 53 @ LGay7r_Caq"" bets 10",2026-09-03T09:29:59.851Z,178842779985100
"Turn: A♠, 7♣, 10♣ [K♠]",2026-09-03T09:29:59.643Z,178842779964300
"""player 51 @ uewFolxPCK"" calls 10",2026-09-03T09:29:58.739Z,178842779873900
"""player 53 @ LGay7r_Caq"" bets 10",2026-09-03T09:29:57.782Z,178842779778200
"Flop:  [A♠, 7♣, 10♣]",2026-09-03T09:29:56.441Z,178842779644100
"""player 51 @ uewFolxPCK"" calls 30",2026-09-03T09:29:55.569Z,178842779556900
"""player 53 @ LGay7r_Caq"" raises to 30",2026-09-03T09:29:54.650Z,178842779465000
"""player 7 @ O8SRi7DfXR"" folds",2026-09-03T09:29:52.769Z,178842779276900
"""player 51 @ uewFolxPCK"" posts a big blind of 10",2026-09-03T09:29:51.068Z,178842779106806
"""player 53 @ LGay7r_Caq"" posts a small blind of 5",2026-09-03T09:29:51.068Z,178842779106805
"Your hand is 7♠, J♠",2026-09-03T09:29:51.068Z,178842779106802
"Player stacks: #1 ""player 51 @ uewFolxPCK"" (1100) | #2 ""player 7 @ O8SRi7DfXR"" (1354) | #9 ""player 53 @ LGay7r_Caq"" (3111)",2026-09-03T09:29:51.068Z,178842779106801
"-- starting hand #156 (id: 7wh7btsnvpyc)  No Limit Texas Hold'em (dealer: ""player 7 @ O8SRi7DfXR"") --",2026-09-03T09:29:51.068Z,178842779106800
"""player 51 @ uewFolxPCK"" shows a J♥, 4♠.",2026-09-03T09:29:48.885Z,178842778888500
"""player 53 @ LGay7r_Caq"" shows a K♦.",2026-09-03T09:29:47.275Z,178842778727500
"""player 7 @ O8SRi7DfXR"" shows a 3♥.",2026-09-03T09:29:46.060Z,178842778606000
"Undealt cards:  [10♥, 10♠, 8♦, 2♣, Q♦]",2026-09-03T09:29:45.767Z,178842778576700
"-- ending hand #155 --",2026-09-03T09:29:43.042Z,178842778304202
"""player 53 @ LGay7r_Caq"" collected 10 from pot",2026-09-03T09:29:43.042Z,178842778304201
"Uncalled bet of 5 returned to ""player 53 @ LGay7r_Caq""",2026-09-03T09:29:43.042Z,178842778304200
"""player 7 @ O8SRi7DfXR"" folds",2026-09-03T09:29:42.218Z,178842778221800
"""player 51 @ uewFolxPCK"" folds",2026-09-03T09:29:40.948Z,178842778094800
"""player 53 @ LGay7r_Caq"" posts a big blind of 10",2026-09-03T09:29:40.038Z,178842778003806
"""player 7 @ O8SRi7DfXR"" posts a small blind of 5",2026-09-03T09:29:40.038Z,178842778003805
"Your hand is J♥, 4♠",2026-09-03T09:29:40.038Z,178842778003802
"Player stacks: #1 ""player 51 @ uewFolxPCK"" (1100) | #2 ""player 7 @ O8SRi7DfXR"" (1359) | #9 ""player 53 @ LGay7r_Caq"" (3106)",2026-09-03T09:29:40.038Z,178842778003801
"-- starting hand #155 (id: jptubcntnb6m)  No Limit Texas Hold'em (dealer: ""player 51 @ uewFolxPCK"") --",2026-09-03T09:29:40.038Z,178842778003800
"""player 7 @ O8SRi7DfXR"" shows a 8♥, 7♠.",2026-09-03T09:29:36.795Z,178842777679500
"""player 51 @ uewFolxPCK"" shows a J♥.",2026-09-03T09:29:36.674Z,178842777667400
"""player 53 @ LGay7r_Caq"" shows a 10♥, J♦.",2026-09-03T09:29:36.586Z,178842777658600
"-- ending hand #154 --",2026-09-03T09:29:34.966Z,178842777496602
"""player 53 @ LGay7r_Caq"" collected 65 from pot",2026-09-03T09:29:34.966Z,178842777496601
"Uncalled bet of 10 returned to ""player 53 @ LGay7r_Caq""",2026-09-03T09:29:34.966Z,178842777496600
"""player 7 @ O8SRi7DfXR"" folds",2026-09-03T09:29:34.097Z,178842777409700
"""player 53 @ LGay7r_Caq"" bets 10",2026-09-03T09:29:32.043Z,178842777204300
"""player 7 @ O8SRi7DfXR"" checks",2026-09-03T09:29:30.920Z,178842777092000
"River: K♣, 9♣, 4♥, 5♥ [5♠]",2026-09-03T09:29:29.360Z,178842776936000
"""player 53 @ LGay7r_Caq"" checks",2026-09-03T09:29:28.552Z,178842776855200
"""player 7 @ O8SRi7DfXR"" checks",2026-09-03T09:29:27.613Z,178842776761300
"Turn: K♣, 9♣, 4♥ [5♥]",2026-09-03T09:29:25.945Z,178842776594500
"""player 53 @ LGay7r_Caq"" checks",2026-09-03T09:29:25.026Z,178842776502600
"""player 7 @ O8SRi7DfXR"" checks",2026-09-03T09:29:22.822Z,178842776282200
"Flop:  [K♣, 9♣, 4♥]",2026-09-03T09:29:20.944Z,178842776094400
"""player 7 @ O8SRi7DfXR"" calls 30",2026-09-03T09:29:20.033Z,178842776003300
"""player 51 @ uewFolxPCK"" folds",2026-09-03T09:29:19.042Z,178842775904200
"""player 53 @ LGay7r_Caq"" raises to 30",2026-09-03T09:29:18.005Z,178842775800500
"""player 7 @ O8SRi7DfXR"" posts a big blind of 10",2026-09-03T09:29:15.200Z,178842775520007
"""player 51 @ uewFolxPCK"" posts a small blind of 5",2026-09-03T09:29:15.200Z,178842775520006
"Player stacks: #1 ""player 51 @ uewFolxPCK"" (1105) | #2 ""player 7 @ O8SRi7DfXR"" (1389) | #9 ""player 53 @ LGay7r_Caq"" (3071)",2026-09-03T09:29:15.200Z,178842775520002
"-- starting hand #154 (id: ltvgcgjkvaai)  No Limit Texas Hold'em (dealer: ""player 53 @ LGay7r_Caq"") --",2026-09-03T09:29:15.200Z,178842775520001
"Game Config Changes
* Double Board: always » off",2026-09-03T09:29:15.200Z,178842775520000
"-- ending hand #153 --",2026-09-03T09:29:07.159Z,178842774715904
"""player 51 @ uewFolxPCK"" collected 195 from pot with Two Pair, 10's & 9's on the second board  (combination: 6♦, 9♠, 9♣, 10♠, 10♣)",2026-09-03T09:29:07.159Z,178842774715903
"""player 53 @ LGay7r_Caq"" collected 195 from pot with Full House, J's over 8's (combination: 8♦, 8♥, J♥, J♦, J♠)",2026-09-03T09:29:07.159Z,178842774715902
"""player 51 @ uewFolxPCK"" shows a 10♠, 10♣.",2026-09-03T09:29:07.159Z,178842774715901
"""player 53 @ LGay7r_Caq"" shows a J♥, K♥.",2026-09-03T09:29:07.159Z,178842774715900
"""player 51 @ uewFolxPCK"" calls 30",2026-09-03T09:29:06.354Z,178842774635400
"""player 53 @ LGay7r_Caq"" bets 30",2026-09-03T09:29:05.241Z,178842774524100
"River (second board): 4♠, 9♠, 3♠, 6♦ [9♣]",2026-09-03T09:29:02.002Z,178842774200201
"River: 8♦, J♦, Q♥, 8♥ [J♠]",2026-09-03T09:29:02.002Z,178842774200200
"""player 51 @ uewFolxPCK"" checks",2026-09-03T09:29:01.176Z,178842774117600
"""player 53 @ LGay7r_Caq"" checks",2026-09-03T09:29:00.162Z,178842774016200
"Turn (second board): 4♠, 9♠, 3♠ [6♦]",2026-09-03T09:28:59.058Z,178842773905801
"Turn: 8♦, J♦, Q♥ [8♥]",2026-09-03T09:28:59.058Z,178842773905800
"""player 51 @ uewFolxPCK"" checks",2026-09-03T09:28:58.124Z,178842773812400
"""player 53 @ LGay7r_Caq"" checks",2026-09-03T09:28:53.268Z,178842773326800
"Flop (second board):  [4♠, 9♠, 3♠]",2026-09-03T09:28:49.494Z,178842772949401
"Flop:  [8♦, J♦, Q♥]",2026-09-03T09:28:49.494Z,178842772949400
"""player 53 @ LGay7r_Caq"" calls 160",2026-09-03T09:28:48.658Z,178842772865800
"""player 7 @ O8SRi7DfXR"" folds",2026-09-03T09:28:46.841Z,178842772684100
"""player 51 @ uewFolxPCK"" raises to 160",2026-09-03T09:28:43.079Z,178842772307900
"""player 53 @ LGay7r_Caq"" raises to 40",2026-09-03T09:28:39.193Z,178842771919300
"""player 7 @ O8SRi7DfXR"" calls 10",2026-09-03T09:28:27.494Z,178842770749400
"""player 51 @ uewFolxPCK"" posts a big blind of 10",2026-09-03T09:28:22.193Z,178842770219306
"""player 53 @ LGay7r_Caq"" posts a small blind of 5",2026-09-03T09:28:22.193Z,178842770219305
"Your hand is 10♠, 10♣",2026-09-03T09:28:22.193Z,178842770219302
"Player stacks: #1 ""player 51 @ uewFolxPCK"" (1100) | #2 ""player 7 @ O8SRi7DfXR"" (1399) | #9 ""player 53 @ LGay7r_Caq"" (3066)",2026-09-03T09:28:22.193Z,178842770219301
"-- starting hand #153 (id: nbgmaba7fkve)  No Limit Texas Hold'em (dealer: ""player 7 @ O8SRi7DfXR"") --",2026-09-03T09:28:22.193Z,178842770219300
"""player 51 @ uewFolxPCK"" shows a 7♠, 9♦.",2026-09-03T09:28:14.965Z,178842769496500
"-- ending hand #152 --",2026-09-03T09:28:13.589Z,178842769358903
"""player 7 @ O8SRi7DfXR"" collected 72 from pot with Two Pair, K's & 2's on the second board  (combination: 9♣, 2♥, 2♣, K♥, K♠)",2026-09-03T09:28:13.589Z,178842769358902
"""player 7 @ O8SRi7DfXR"" collected 72 from pot with Full House, K's over 6's (combination: 6♠, 6♣, K♥, K♠, K♣)",2026-09-03T09:28:13.589Z,178842769358901
"""player 7 @ O8SRi7DfXR"" shows a K♥, K♠.",2026-09-03T09:28:13.589Z,178842769358900
"""player 51 @ uewFolxPCK"" checks",2026-09-03T09:28:12.693Z,178842769269300
"""player 7 @ O8SRi7DfXR"" checks",2026-09-03T09:28:11.731Z,178842769173100
"River (second board): 2♥, 9♣, 2♣, 3♥ [6♥]",2026-09-03T09:28:09.787Z,178842768978701
"River: 10♥, 6♠, 6♣, K♣ [5♣]",2026-09-03T09:28:09.787Z,178842768978700
"""player 51 @ uewFolxPCK"" checks",2026-09-03T09:28:08.885Z,178842768888500
"""player 7 @ O8SRi7DfXR"" checks",2026-09-03T09:28:07.924Z,178842768792400
"Turn (second board): 2♥, 9♣, 2♣ [3♥]",2026-09-03T09:28:06.588Z,178842768658801
"Turn: 10♥, 6♠, 6♣ [K♣]",2026-09-03T09:28:06.588Z,178842768658800
"""player 51 @ uewFolxPCK"" checks",2026-09-03T09:28:05.687Z,178842768568700
"""player 7 @ O8SRi7DfXR"" checks",2026-09-03T09:28:04.703Z,178842768470300
"Flop (second board):  [2♥, 9♣, 2♣]",2026-09-03T09:27:39.296Z,178842765929601
"Flop:  [10♥, 6♠, 6♣]",2026-09-03T09:27:39.296Z,178842765929600
"""player 51 @ uewFolxPCK"" calls 67",2026-09-03T09:27:38.454Z,178842765845400
"""player 53 @ LGay7r_Caq"" folds",2026-09-03T09:27:36.102Z,178842765610200
"""player 7 @ O8SRi7DfXR"" raises to 67",2026-09-03T09:27:28.372Z,178842764837200
"""player 51 @ uewFolxPCK"" raises to 30",2026-09-03T09:27:22.759Z,178842764275900
"""player 53 @ LGay7r_Caq"" posts a big blind of 10",2026-09-03T09:27:15.297Z,178842763529707
"""player 7 @ O8SRi7DfXR"" posts a small blind of 5",2026-09-03T09:27:15.297Z,178842763529706
"Your hand is 7♠, 9♦",2026-09-03T09:27:15.297Z,178842763529703
"Player stacks: #1 ""player 51 @ uewFolxPCK"" (1167) | #2 ""player 7 @ O8SRi7DfXR"" (1322) | #9 ""player 53 @ LGay7r_Caq"" (3076)",2026-09-03T09:27:15.297Z,178842763529702
"-- starting hand #152 (id: hu5leynhc93n)  No Limit Texas Hold'em (dealer: ""player 51 @ uewFolxPCK"") --",2026-09-03T09:27:15.297Z,178842763529701
"Game Config Changes
* Double Board: off » always",2026-09-03T09:27:15.297Z,178842763529700
"""player 7 @ O8SRi7DfXR"" shows a K♣.",2026-09-03T09:27:10.418Z,178842763041800
"Undealt cards: A♦, 10♠, 9♥, K♦ [2♣]",2026-09-03T09:27:08.911Z,178842762891100
"-- ending hand #151 --",2026-09-03T09:27:08.677Z,178842762867702
"""player 51 @ uewFolxPCK"" collected 60 from pot",2026-09-03T09:27:08.677Z,178842762867701
"Uncalled bet of 30 returned to ""player 51 @ uewFolxPCK""",2026-09-03T09:27:08.677Z,178842762867700
"""player 7 @ O8SRi7DfXR"" folds",2026-09-03T09:27:07.794Z,178842762779400
"""player 51 @ uewFolxPCK"" bets 30",2026-09-03T09:27:05.295Z,178842762529500
"Turn: A♦, 10♠, 9♥ [K♦]",2026-09-03T09:27:03.874Z,178842762387400
"""player 7 @ O8SRi7DfXR"" checks",2026-09-03T09:27:03.059Z,178842762305900
"""player 51 @ uewFolxPCK"" checks",2026-09-03T09:27:02.136Z,178842762213600
"Flop:  [A♦, 10♠, 9♥]",2026-09-03T09:27:01.065Z,178842762106500
"""player 51 @ uewFolxPCK"" calls 30",2026-09-03T09:27:00.183Z,178842762018300
"""player 7 @ O8SRi7DfXR"" raises to 30",2026-09-03T09:26:59.194Z,178842761919400
"""player 51 @ uewFolxPCK"" calls 10",2026-09-03T09:26:55.284Z,178842761528400
"""player 53 @ LGay7r_Caq"" folds",2026-09-03T09:26:48.937Z,178842760893700
"""player 7 @ O8SRi7DfXR"" posts a big blind of 10",2026-09-03T09:26:45.615Z,178842760561506
"""player 51 @ uewFolxPCK"" posts a small blind of 5",2026-09-03T09:26:45.615Z,178842760561505
"Player stacks: #1 ""player 51 @ uewFolxPCK"" (1137) | #2 ""player 7 @ O8SRi7DfXR"" (1352) | #9 ""player 53 @ LGay7r_Caq"" (3076)",2026-09-03T09:26:45.615Z,178842760561501
"-- starting hand #151 (id: hmrv6tqjf5np)  No Limit Texas Hold'em (dealer: ""player 53 @ LGay7r_Caq"") --",2026-09-03T09:26:45.615Z,178842760561500
"""player 53 @ LGay7r_Caq"" collected 60 from the 7-2 bounty",2026-09-03T09:26:42.614Z,178842760261402
"""player 7 @ O8SRi7DfXR"" paid 30 for the 7-2 bounty to ""player 53 @ LGay7r_Caq""",2026-09-03T09:26:42.614Z,178842760261401
"""player 51 @ uewFolxPCK"" paid 30 for the 7-2 bounty to ""player 53 @ LGay7r_Caq""",2026-09-03T09:26:42.614Z,178842760261400
"""player 7 @ O8SRi7DfXR"" shows a 8♠, 7♥.",2026-09-03T09:26:38.016Z,178842759801600
"Undealt cards:  [K♦, 10♠, J♦, 2♦, 10♣]",2026-09-03T09:26:36.187Z,178842759618700
"""player 53 @ LGay7r_Caq"" shows a 7♣, 2♣.",2026-09-03T09:26:35.480Z,178842759548000
"-- ending hand #150 --",2026-09-03T09:26:35.209Z,178842759520902
"""player 53 @ LGay7r_Caq"" collected 30 from pot",2026-09-03T09:26:35.209Z,178842759520901
"Uncalled bet of 80 returned to ""player 53 @ LGay7r_Caq""",2026-09-03T09:26:35.209Z,178842759520900
"""player 7 @ O8SRi7DfXR"" folds",2026-09-03T09:26:34.351Z,178842759435100
"""player 51 @ uewFolxPCK"" folds",2026-09-03T09:26:29.427Z,178842758942700
"""player 53 @ LGay7r_Caq"" raises to 90",2026-09-03T09:26:28.143Z,178842758814300
"""player 7 @ O8SRi7DfXR"" calls 10",2026-09-03T09:26:25.751Z,178842758575100
"""player 51 @ uewFolxPCK"" posts a big blind of 10",2026-09-03T09:26:24.598Z,178842758459806
"""player 53 @ LGay7r_Caq"" posts a small blind of 5",2026-09-03T09:26:24.598Z,178842758459805
"Player stacks: #1 ""player 51 @ uewFolxPCK"" (1177) | #2 ""player 7 @ O8SRi7DfXR"" (1392) | #9 ""player 53 @ LGay7r_Caq"" (2996)",2026-09-03T09:26:24.598Z,178842758459801
"-- starting hand #150 (id: cmwjqczhtxvz)  No Limit Texas Hold'em (dealer: ""player 7 @ O8SRi7DfXR"") --",2026-09-03T09:26:24.598Z,178842758459800
"-- ending hand #149 --",2026-09-03T09:26:18.595Z,178842757859502
"""player 51 @ uewFolxPCK"" collected 25 from pot",2026-09-03T09:26:18.595Z,178842757859501
"Uncalled bet of 40 returned to ""player 51 @ uewFolxPCK""",2026-09-03T09:26:18.595Z,178842757859500
"""player 53 @ LGay7r_Caq"" folds",2026-09-03T09:26:17.737Z,178842757773700
"""player 7 @ O8SRi7DfXR"" folds",2026-09-03T09:26:14.999Z,178842757499900
"""player 51 @ uewFolxPCK"" raises to 50",2026-09-03T09:26:08.948Z,178842756894800
"""player 53 @ LGay7r_Caq"" posts a big blind of 10",2026-09-03T09:26:05.823Z,178842756582306
"""player 7 @ O8SRi7DfXR"" posts a small blind of 5",2026-09-03T09:26:05.823Z,178842756582305
"Player stacks: #1 ""player 51 @ uewFolxPCK"" (1162) | #2 ""player 7 @ O8SRi7DfXR"" (1397) | #9 ""player 53 @ LGay7r_Caq"" (3006)",2026-09-03T09:26:05.823Z,178842756582301
"-- starting hand #149 (id: sj73sy0ryoxd)  No Limit Texas Hold'em (dealer: ""player 51 @ uewFolxPCK"") --",2026-09-03T09:26:05.823Z,178842756582300
"""player 53 @ LGay7r_Caq"" shows a 5♣, 8♣.",2026-09-03T09:26:01.307Z,178842756130700
"-- ending hand #148 --",2026-09-03T09:25:59.298Z,178842755929802
"""player 7 @ O8SRi7DfXR"" collected 85 from pot with Pair, A's (combination: 9♦, Q♦, K♠, A♦, A♣)",2026-09-03T09:25:59.298Z,178842755929801
"""player 7 @ O8SRi7DfXR"" shows a 9♦, A♦.",2026-09-03T09:25:59.298Z,178842755929800
"""player 53 @ LGay7r_Caq"" checks",2026-09-03T09:25:58.483Z,178842755848300
"""player 7 @ O8SRi7DfXR"" checks",2026-09-03T09:25:57.418Z,178842755741800
"River: Q♦, 7♦, A♣, 6♣ [K♠]",2026-09-03T09:25:51.491Z,178842755149100
"""player 53 @ LGay7r_Caq"" calls 20",2026-09-03T09:25:50.598Z,178842755059800
"""player 7 @ O8SRi7DfXR"" raises to 20",2026-09-03T09:25:49.637Z,178842754963700
"""player 53 @ LGay7r_Caq"" bets 10",2026-09-03T09:25:47.326Z,178842754732600
"""player 7 @ O8SRi7DfXR"" checks",2026-09-03T09:25:45.616Z,178842754561600
"Turn: Q♦, 7♦, A♣ [6♣]",2026-09-03T09:25:44.286Z,178842754428600
"""player 53 @ LGay7r_Caq"" checks",2026-09-03T09:25:43.404Z,178842754340400
"""player 7 @ O8SRi7DfXR"" checks",2026-09-03T09:25:40.995Z,178842754099500
"Flop:  [Q♦, 7♦, A♣]",2026-09-03T09:25:38.945Z,178842753894500
"""player 53 @ LGay7r_Caq"" calls 20",2026-09-03T09:25:38.077Z,178842753807700
"""player 7 @ O8SRi7DfXR"" raises to 20",2026-09-03T09:25:34.248Z,178842753424800
"""player 51 @ uewFolxPCK"" folds",2026-09-03T09:25:28.237Z,178842752823700
"""player 53 @ LGay7r_Caq"" calls 10",2026-09-03T09:25:27.123Z,178842752712300
"""player 7 @ O8SRi7DfXR"" posts a big blind of 10",2026-09-03T09:25:25.139Z,178842752513906
"""player 51 @ uewFolxPCK"" posts a small blind of 5",2026-09-03T09:25:25.139Z,178842752513905
"Player stacks: #1 ""player 51 @ uewFolxPCK"" (1167) | #2 ""player 7 @ O8SRi7DfXR"" (1352) | #9 ""player 53 @ LGay7r_Caq"" (3046)",2026-09-03T09:25:25.139Z,178842752513901
"-- starting hand #148 (id: 9kj5leiqcra0)  No Limit Texas Hold'em (dealer: ""player 53 @ LGay7r_Caq"") --",2026-09-03T09:25:25.139Z,178842752513900
"""player 7 @ O8SRi7DfXR"" shows a Q♦.",2026-09-03T09:25:24.023Z,178842752402300
"""player 7 @ O8SRi7DfXR"" shows a 9♥.",2026-09-03T09:25:23.190Z,178842752319000
"-- ending hand #147 --",2026-09-03T09:25:21.468Z,178842752146802
"""player 7 @ O8SRi7DfXR"" collected 120 from pot",2026-09-03T09:25:21.468Z,178842752146801
"Uncalled bet of 57 returned to ""player 7 @ O8SRi7DfXR""",2026-09-03T09:25:21.468Z,178842752146800
"""player 51 @ uewFolxPCK"" folds",2026-09-03T09:25:20.564Z,178842752056400
"""player 53 @ LGay7r_Caq"" folds",2026-09-03T09:25:19.659Z,178842751965900
"""player 7 @ O8SRi7DfXR"" raises to 67",2026-09-03T09:25:18.046Z,178842751804600
"""player 51 @ uewFolxPCK"" calls 10",2026-09-03T09:25:15.777Z,178842751577700
"""player 53 @ LGay7r_Caq"" bets 10",2026-09-03T09:25:12.713Z,178842751271300
"River: 3♠, 6♠, 3♣, Q♥ [J♣]",2026-09-03T09:25:10.859Z,178842751085900
"""player 7 @ O8SRi7DfXR"" calls 10",2026-09-03T09:25:10.046Z,178842751004600
"""player 51 @ uewFolxPCK"" calls 10",2026-09-03T09:25:09.100Z,178842750910000
"""player 53 @ LGay7r_Caq"" bets 10",2026-09-03T09:25:07.910Z,178842750791000
"Turn: 3♠, 6♠, 3♣ [Q♥]",2026-09-03T09:25:06.298Z,178842750629800
"""player 7 @ O8SRi7DfXR"" calls 10",2026-09-03T09:25:05.431Z,178842750543100
"""player 51 @ uewFolxPCK"" calls 10",2026-09-03T09:24:59.833Z,178842749983300
"""player 53 @ LGay7r_Caq"" bets 10",2026-09-03T09:24:58.589Z,178842749858900
"Flop:  [3♠, 6♠, 3♣]",2026-09-03T09:24:56.240Z,178842749624000
"""player 51 @ uewFolxPCK"" checks",2026-09-03T09:24:55.366Z,178842749536600
"""player 53 @ LGay7r_Caq"" calls 10",2026-09-03T09:24:54.251Z,178842749425100
"""player 7 @ O8SRi7DfXR"" calls 10",2026-09-03T09:24:51.910Z,178842749191000
"""player 51 @ uewFolxPCK"" posts a big blind of 10",2026-09-03T09:24:50.639Z,178842749063906
"""player 53 @ LGay7r_Caq"" posts a small blind of 5",2026-09-03T09:24:50.639Z,178842749063905
"Player stacks: #1 ""player 51 @ uewFolxPCK"" (1207) | #2 ""player 7 @ O8SRi7DfXR"" (1272) | #9 ""player 53 @ LGay7r_Caq"" (3086)",2026-09-03T09:24:50.639Z,178842749063901
"-- starting hand #147 (id: ioj6rbhrsvbs)  No Limit Texas Hold'em (dead button) --",2026-09-03T09:24:50.639Z,178842749063900
"""player 7 @ O8SRi7DfXR"" shows a 9♦, 8♦.",2026-09-03T09:24:45.108Z,178842748510800
"-- ending hand #146 --",2026-09-03T09:24:44.079Z,178842748407902
"""player 51 @ uewFolxPCK"" collected 130 from pot with Pair, 3's (combination: 10♦, J♣, A♥, 3♠, 3♦)",2026-09-03T09:24:44.079Z,178842748407901
"""player 51 @ uewFolxPCK"" shows a J♣, A♥.",2026-09-03T09:24:44.079Z,178842748407900
"""player 7 @ O8SRi7DfXR"" checks",2026-09-03T09:24:43.270Z,178842748327000
"""player 51 @ uewFolxPCK"" checks",2026-09-03T09:24:42.269Z,178842748226900
"River: 2♥, 3♠, 3♦, 6♥ [10♦]",2026-09-03T09:24:41.473Z,178842748147300
"""player 7 @ O8SRi7DfXR"" checks",2026-09-03T09:24:40.613Z,178842748061300
"""player 51 @ uewFolxPCK"" checks",2026-09-03T09:24:39.535Z,178842747953500
"Turn: 2♥, 3♠, 3♦ [6♥]",2026-09-03T09:24:38.786Z,178842747878600
"""player 7 @ O8SRi7DfXR"" checks",2026-09-03T09:24:37.902Z,178842747790200
"""player 51 @ uewFolxPCK"" checks",2026-09-03T09:24:32.068Z,178842747206800
"Flop:  [2♥, 3♠, 3♦]",2026-09-03T09:24:29.181Z,178842746918100
"""player 53 @ LGay7r_Caq"" folds",2026-09-03T09:24:28.297Z,178842746829700
"""player 7 @ O8SRi7DfXR"" calls 60",2026-09-03T09:24:25.773Z,178842746577300
"""player 51 @ uewFolxPCK"" raises to 60",2026-09-03T09:24:14.083Z,178842745408300
"""player 53 @ LGay7r_Caq"" posts a big blind of 10",2026-09-03T09:24:12.059Z,178842745205907
"Dead Small Blind",2026-09-03T09:24:12.059Z,178842745205906
"Your hand is J♣, A♥",2026-09-03T09:24:12.059Z,178842745205903
"Player stacks: #1 ""player 51 @ uewFolxPCK"" (1137) | #2 ""player 7 @ O8SRi7DfXR"" (1332) | #9 ""player 53 @ LGay7r_Caq"" (3096)",2026-09-03T09:24:12.059Z,178842745205902
"-- starting hand #146 (id: jbjlkv5pudci)  No Limit Texas Hold'em (dealer: ""player 7 @ O8SRi7DfXR"") --",2026-09-03T09:24:12.059Z,178842745205901
"The player ""player 54 @ BeZA_Cf-pd"" quits the game with a stack of 0.",2026-09-03T09:24:12.059Z,178842745205900
"""player 51 @ uewFolxPCK"" shows a 10♠.",2026-09-03T09:24:06.249Z,178842744624900
"-- ending hand #145 --",2026-09-03T09:24:05.450Z,178842744545001
"""player 53 @ LGay7r_Caq"" collected 1301 from pot with Three of a Kind, 9's (combination: 10♥, K♥, 9♣, 9♥, 9♦)",2026-09-03T09:24:05.450Z,178842744545000
"River: 2♣, 3♠, 9♥, 10♥ [9♦]",2026-09-03T09:24:01.391Z,178842744139100
"Turn: 2♣, 3♠, 9♥ [10♥]",2026-09-03T09:23:57.344Z,178842743734400
"""player 53 @ LGay7r_Caq"" shows a K♥, 9♣.",2026-09-03T09:23:53.335Z,178842743333501
"""player 54 @ BeZA_Cf-pd"" shows a 8♦, 7♦.",2026-09-03T09:23:53.335Z,178842743333500
"Some players choose to not run it twice.",2026-09-03T09:23:52.482Z,178842743248201
"""player 54 @ BeZA_Cf-pd"" chooses to not run it twice.",2026-09-03T09:23:52.482Z,178842743248200
"""player 53 @ LGay7r_Caq"" chooses to  run it twice.",2026-09-03T09:23:52.008Z,178842743200800
"Remaining players decide whether to run it twice.",2026-09-03T09:23:50.745Z,178842743074501
"""player 51 @ uewFolxPCK"" folds",2026-09-03T09:23:50.745Z,178842743074500
"""player 53 @ LGay7r_Caq"" calls 548",2026-09-03T09:23:49.682Z,178842742968200
"""player 54 @ BeZA_Cf-pd"" raises to 548 and go all in",2026-09-03T09:23:33.956Z,178842741395600
"""player 51 @ uewFolxPCK"" calls 20",2026-09-03T09:23:30.652Z,178842741065200
"""player 53 @ LGay7r_Caq"" bets 20",2026-09-03T09:23:29.590Z,178842740959000
"""player 54 @ BeZA_Cf-pd"" checks",2026-09-03T09:23:26.629Z,178842740662900
"Flop:  [2♣, 3♠, 9♥]",2026-09-03T09:23:24.492Z,178842740449200
"""player 53 @ LGay7r_Caq"" calls 60",2026-09-03T09:23:23.642Z,178842740364200
"""player 54 @ BeZA_Cf-pd"" calls 60",2026-09-03T09:23:21.896Z,178842740189600
"""player 7 @ O8SRi7DfXR"" folds",2026-09-03T09:23:20.869Z,178842740086900
"""player 51 @ uewFolxPCK"" raises to 60",2026-09-03T09:23:07.956Z,178842738795600
"""player 53 @ LGay7r_Caq"" calls 10",2026-09-03T09:23:01.953Z,178842738195300
"""player 54 @ BeZA_Cf-pd"" posts a big blind of 10",2026-09-03T09:23:00.436Z,178842738043607
"""player 7 @ O8SRi7DfXR"" posts a small blind of 5",2026-09-03T09:23:00.436Z,178842738043606
"Player stacks: #1 ""player 51 @ uewFolxPCK"" (1217) | #2 ""player 7 @ O8SRi7DfXR"" (1337) | #4 ""player 54 @ BeZA_Cf-pd"" (608) | #9 ""player 53 @ LGay7r_Caq"" (2403)",2026-09-03T09:23:00.436Z,178842738043601
"-- starting hand #145 (id: xxikwppne15a)  No Limit Texas Hold'em (dealer: ""player 51 @ uewFolxPCK"") --",2026-09-03T09:23:00.436Z,178842738043600
"""player 51 @ uewFolxPCK"" collected 90 from the 7-2 bounty",2026-09-03T09:22:57.483Z,178842737748303
"""player 54 @ BeZA_Cf-pd"" paid 30 for the 7-2 bounty to ""player 51 @ uewFolxPCK""",2026-09-03T09:22:57.483Z,178842737748302
"""player 7 @ O8SRi7DfXR"" paid 30 for the 7-2 bounty to ""player 51 @ uewFolxPCK""",2026-09-03T09:22:57.483Z,178842737748301
"""player 53 @ LGay7r_Caq"" paid 30 for the 7-2 bounty to ""player 51 @ uewFolxPCK""",2026-09-03T09:22:57.483Z,178842737748300
"""player 7 @ O8SRi7DfXR"" shows a 10♠, 10♥.",2026-09-03T09:22:54.337Z,178842737433700
"Undealt cards:  [J♥, 2♦, A♥, A♠, 3♥]",2026-09-03T09:22:51.447Z,178842737144700
"""player 51 @ uewFolxPCK"" shows a 7♠, 2♥.",2026-09-03T09:22:50.537Z,178842737053700
"-- ending hand #144 --",2026-09-03T09:22:50.181Z,178842737018102
"""player 51 @ uewFolxPCK"" collected 190 from pot",2026-09-03T09:22:50.181Z,178842737018101
"Uncalled bet of 937 returned to ""player 51 @ uewFolxPCK""",2026-09-03T09:22:50.181Z,178842737018100
"""player 53 @ LGay7r_Caq"" folds",2026-09-03T09:22:49.298Z,178842736929800
"""player 7 @ O8SRi7DfXR"" folds",2026-09-03T09:22:48.214Z,178842736821400
"""player 51 @ uewFolxPCK"" raises to 1027 and go all in",2026-09-03T09:22:19.187Z,178842733918700
"""player 53 @ LGay7r_Caq"" raises to 90",2026-09-03T09:22:07.585Z,178842732758500
"""player 54 @ BeZA_Cf-pd"" folds",2026-09-03T09:22:03.564Z,178842732356400
"""player 7 @ O8SRi7DfXR"" posts a big blind of 10",2026-09-03T09:22:01.153Z,178842732115307
"""player 51 @ uewFolxPCK"" posts a small blind of 5",2026-09-03T09:22:01.153Z,178842732115306
"Your hand is 7♠, 2♥",2026-09-03T09:22:01.153Z,178842732115302
"Player stacks: #1 ""player 51 @ uewFolxPCK"" (1027) | #2 ""player 7 @ O8SRi7DfXR"" (1377) | #4 ""player 54 @ BeZA_Cf-pd"" (638) | #9 ""player 53 @ LGay7r_Caq"" (2523)",2026-09-03T09:22:01.153Z,178842732115301
"-- starting hand #144 (id: ngunqatm27ex)  No Limit Texas Hold'em (dealer: ""player 53 @ LGay7r_Caq"") --",2026-09-03T09:22:01.153Z,178842732115300
"-- ending hand #143 --",2026-09-03T09:21:55.091Z,178842731509102
"""player 51 @ uewFolxPCK"" collected 205 from pot with Two Pair, J's & 6's (combination: 9♣, 6♣, 6♥, J♥, J♠)",2026-09-03T09:21:55.091Z,178842731509101
"""player 51 @ uewFolxPCK"" shows a 6♣, 9♣.",2026-09-03T09:21:55.091Z,178842731509100
"""player 54 @ BeZA_Cf-pd"" checks",2026-09-03T09:21:54.279Z,178842731427900
"""player 7 @ O8SRi7DfXR"" checks",2026-09-03T09:21:53.350Z,178842731335000
"""player 51 @ uewFolxPCK"" checks",2026-09-03T09:21:50.467Z,178842731046700
"River: 3♦, J♥, 6♥, J♠ [7♥]",2026-09-03T09:21:48.875Z,178842730887500
"""player 51 @ uewFolxPCK"" calls 25",2026-09-03T09:21:47.970Z,178842730797000
"""player 53 @ LGay7r_Caq"" folds",2026-09-03T09:21:47.013Z,178842730701300
"""player 54 @ BeZA_Cf-pd"" calls 25",2026-09-03T09:21:45.019Z,178842730501900
"""player 7 @ O8SRi7DfXR"" raises to 25",2026-09-03T09:21:43.664Z,178842730366400
"""player 51 @ uewFolxPCK"" calls 10",2026-09-03T09:21:28.579Z,178842728857900
"""player 53 @ LGay7r_Caq"" bets 10",2026-09-03T09:21:27.295Z,178842728729500
"Turn: 3♦, J♥, 6♥ [J♠]",2026-09-03T09:21:25.862Z,178842728586200
"""player 54 @ BeZA_Cf-pd"" checks",2026-09-03T09:21:24.953Z,178842728495300
"""player 7 @ O8SRi7DfXR"" checks",2026-09-03T09:21:23.701Z,178842728370100
"""player 51 @ uewFolxPCK"" checks",2026-09-03T09:21:22.521Z,178842728252100
"""player 53 @ LGay7r_Caq"" checks",2026-09-03T09:21:21.184Z,178842728118400
"Flop:  [3♦, J♥, 6♥]",2026-09-03T09:21:19.661Z,178842727966100
"""player 53 @ LGay7r_Caq"" calls 30",2026-09-03T09:21:18.804Z,178842727880400
"""player 54 @ BeZA_Cf-pd"" calls 30",2026-09-03T09:21:15.945Z,178842727594500
"""player 7 @ O8SRi7DfXR"" calls 30",2026-09-03T09:21:14.906Z,178842727490600
"""player 51 @ uewFolxPCK"" raises to 30",2026-09-03T09:21:01.547Z,178842726154700
"""player 53 @ LGay7r_Caq"" calls 10",2026-09-03T09:20:58.184Z,178842725818400
"""player 54 @ BeZA_Cf-pd"" calls 10",2026-09-03T09:20:57.254Z,178842725725400
"""player 7 @ O8SRi7DfXR"" calls 10",2026-09-03T09:20:55.624Z,178842725562400
"""player 51 @ uewFolxPCK"" posts a big blind of 10",2026-09-03T09:20:46.783Z,178842724678307
"""player 53 @ LGay7r_Caq"" posts a small blind of 5",2026-09-03T09:20:46.783Z,178842724678306
"Your hand is 6♣, 9♣",2026-09-03T09:20:46.783Z,178842724678302
"Player stacks: #1 ""player 51 @ uewFolxPCK"" (877) | #2 ""player 7 @ O8SRi7DfXR"" (1432) | #4 ""player 54 @ BeZA_Cf-pd"" (693) | #9 ""player 53 @ LGay7r_Caq"" (2563)",2026-09-03T09:20:46.783Z,178842724678301
"-- starting hand #143 (id: jomjpj0lmsgm)  No Limit Texas Hold'em (dealer: ""player 54 @ BeZA_Cf-pd"") --",2026-09-03T09:20:46.783Z,178842724678300
"""player 7 @ O8SRi7DfXR"" shows a 6♥, 7♣.",2026-09-03T09:20:45.338Z,178842724533800
"""player 53 @ LGay7r_Caq"" shows a Q♣, A♠.",2026-09-03T09:20:43.944Z,178842724394400
"-- ending hand #142 --",2026-09-03T09:20:42.382Z,178842724238202
"""player 53 @ LGay7r_Caq"" collected 135 from pot",2026-09-03T09:20:42.382Z,178842724238201
"Uncalled bet of 135 returned to ""player 53 @ LGay7r_Caq""",2026-09-03T09:20:42.382Z,178842724238200
"""player 7 @ O8SRi7DfXR"" folds",2026-09-03T09:20:41.536Z,178842724153600
"""player 53 @ LGay7r_Caq"" bets 135",2026-09-03T09:20:24.729Z,178842722472900
"River: K♦, Q♠, 5♣, 6♣ [10♠]",2026-09-03T09:20:20.961Z,178842722096100
"""player 7 @ O8SRi7DfXR"" checks",2026-09-03T09:20:20.121Z,178842722012100
"""player 53 @ LGay7r_Caq"" checks",2026-09-03T09:20:18.407Z,178842721840700
"Turn: K♦, Q♠, 5♣ [6♣]",2026-09-03T09:20:17.356Z,178842721735600
"""player 54 @ BeZA_Cf-pd"" folds",2026-09-03T09:20:16.466Z,178842721646600
"""player 7 @ O8SRi7DfXR"" calls 30",2026-09-03T09:20:15.455Z,178842721545500
"""player 53 @ LGay7r_Caq"" bets 30",2026-09-03T09:20:13.475Z,178842721347500
"""player 54 @ BeZA_Cf-pd"" checks",2026-09-03T09:20:10.632Z,178842721063200
"Flop:  [K♦, Q♠, 5♣]",2026-09-03T09:20:08.953Z,178842720895300
"""player 7 @ O8SRi7DfXR"" calls 25",2026-09-03T09:20:08.135Z,178842720813500
"""player 53 @ LGay7r_Caq"" calls 25",2026-09-03T09:20:03.221Z,178842720322100
"""player 54 @ BeZA_Cf-pd"" raises to 25",2026-09-03T09:19:59.802Z,178842719980200
"""player 7 @ O8SRi7DfXR"" calls 10",2026-09-03T09:19:57.587Z,178842719758700
"""player 51 @ uewFolxPCK"" folds",2026-09-03T09:19:56.107Z,178842719610700
"""player 53 @ LGay7r_Caq"" posts a big blind of 10",2026-09-03T09:19:55.269Z,178842719526907
"""player 54 @ BeZA_Cf-pd"" posts a small blind of 5",2026-09-03T09:19:55.269Z,178842719526906
"Player stacks: #1 ""player 51 @ uewFolxPCK"" (877) | #2 ""player 7 @ O8SRi7DfXR"" (1487) | #4 ""player 54 @ BeZA_Cf-pd"" (718) | #9 ""player 53 @ LGay7r_Caq"" (2483)",2026-09-03T09:19:55.269Z,178842719526901
"-- starting hand #142 (id: 2oafxn2nzmhs)  No Limit Texas Hold'em (dealer: ""player 7 @ O8SRi7DfXR"") --",2026-09-03T09:19:55.269Z,178842719526900
"""player 7 @ O8SRi7DfXR"" shows a 4♣.",2026-09-03T09:19:54.096Z,178842719409600
"""player 51 @ uewFolxPCK"" shows a J♥.",2026-09-03T09:19:53.165Z,178842719316500
"""player 7 @ O8SRi7DfXR"" shows a 10♠.",2026-09-03T09:19:53.117Z,178842719311700
"-- ending hand #141 --",2026-09-03T09:19:50.871Z,178842719087102
"""player 54 @ BeZA_Cf-pd"" collected 50 from pot",2026-09-03T09:19:50.871Z,178842719087101
"Uncalled bet of 110 returned to ""player 54 @ BeZA_Cf-pd""",2026-09-03T09:19:50.871Z,178842719087100
"""player 51 @ uewFolxPCK"" folds",2026-09-03T09:19:49.967Z,178842718996700
"""player 54 @ BeZA_Cf-pd"" raises to 120",2026-09-03T09:19:47.532Z,178842718753200
"""player 7 @ O8SRi7DfXR"" folds",2026-09-03T09:19:45.558Z,178842718555800
"""player 51 @ uewFolxPCK"" bets 10",2026-09-03T09:19:37.497Z,178842717749700
"""player 54 @ BeZA_Cf-pd"" checks",2026-09-03T09:19:36.343Z,178842717634300
"""player 7 @ O8SRi7DfXR"" checks",2026-09-03T09:19:35.163Z,178842717516300
"River: A♥, 5♥, 2♦, A♣ [9♥]",2026-09-03T09:19:33.260Z,178842717326000
"""player 51 @ uewFolxPCK"" checks",2026-09-03T09:19:32.362Z,178842717236200
"""player 54 @ BeZA_Cf-pd"" checks",2026-09-03T09:19:30.879Z,178842717087900
"""player 7 @ O8SRi7DfXR"" checks",2026-09-03T09:19:29.928Z,178842716992800
"Turn: A♥, 5♥, 2♦ [A♣]",2026-09-03T09:19:26.852Z,178842716685200
"""player 51 @ uewFolxPCK"" checks",2026-09-03T09:19:25.940Z,178842716594000
"""player 54 @ BeZA_Cf-pd"" checks",2026-09-03T09:19:24.863Z,178842716486300
"""player 7 @ O8SRi7DfXR"" checks",2026-09-03T09:19:23.158Z,178842716315800
"Flop:  [A♥, 5♥, 2♦]",2026-09-03T09:19:19.133Z,178842715913300
"""player 54 @ BeZA_Cf-pd"" checks",2026-09-03T09:19:18.296Z,178842715829600
"""player 7 @ O8SRi7DfXR"" calls 10",2026-09-03T09:19:16.890Z,178842715689000
"""player 51 @ uewFolxPCK"" calls 10",2026-09-03T09:19:14.562Z,178842715456200
"""player 53 @ LGay7r_Caq"" folds",2026-09-03T09:19:12.978Z,178842715297800
"""player 54 @ BeZA_Cf-pd"" posts a big blind of 10",2026-09-03T09:19:11.238Z,178842715123807
"""player 7 @ O8SRi7DfXR"" posts a small blind of 5",2026-09-03T09:19:11.238Z,178842715123806
"Player stacks: #1 ""player 51 @ uewFolxPCK"" (897) | #2 ""player 7 @ O8SRi7DfXR"" (1497) | #4 ""player 54 @ BeZA_Cf-pd"" (688) | #9 ""player 53 @ LGay7r_Caq"" (2483)",2026-09-03T09:19:11.238Z,178842715123801
"-- starting hand #141 (id: x1hjxmwpgbp0)  No Limit Texas Hold'em (dealer: ""player 51 @ uewFolxPCK"") --",2026-09-03T09:19:11.238Z,178842715123800
"""player 7 @ O8SRi7DfXR"" shows a 10♠.",2026-09-03T09:19:07.598Z,178842714759800
"-- ending hand #140 --",2026-09-03T09:19:04.693Z,178842714469302
"""player 53 @ LGay7r_Caq"" collected 915 from pot with Two Pair, J's & 6's (combination: Q♠, 6♦, 6♠, J♠, J♥)",2026-09-03T09:19:04.693Z,178842714469301
"""player 53 @ LGay7r_Caq"" shows a J♠, J♥.",2026-09-03T09:19:04.693Z,178842714469300
"""player 54 @ BeZA_Cf-pd"" calls 380",2026-09-03T09:19:03.888Z,178842714388800
"""player 53 @ LGay7r_Caq"" raises to 380",2026-09-03T09:19:02.498Z,178842714249800
"""player 54 @ BeZA_Cf-pd"" bets 75",2026-09-03T09:18:59.300Z,178842713930000
"River: 4♦, 6♦, 6♠, Q♠ [10♣]",2026-09-03T09:18:57.075Z,178842713707500
"""player 53 @ LGay7r_Caq"" checks",2026-09-03T09:18:56.245Z,178842713624500
"""player 54 @ BeZA_Cf-pd"" checks",2026-09-03T09:18:54.979Z,178842713497900
"Turn: 4♦, 6♦, 6♠ [Q♠]",2026-09-03T09:18:53.670Z,178842713367000
"""player 53 @ LGay7r_Caq"" calls 30",2026-09-03T09:18:52.839Z,178842713283900
"""player 54 @ BeZA_Cf-pd"" bets 30",2026-09-03T09:18:50.079Z,178842713007900
"Flop:  [4♦, 6♦, 6♠]",2026-09-03T09:18:45.468Z,178842712546800
"""player 7 @ O8SRi7DfXR"" folds",2026-09-03T09:18:44.611Z,178842712461100
"""player 51 @ uewFolxPCK"" folds",2026-09-03T09:18:42.305Z,178842712230500
"""player 53 @ LGay7r_Caq"" calls 40",2026-09-03T09:18:40.536Z,178842712053600
"""player 54 @ BeZA_Cf-pd"" raises to 40",2026-09-03T09:18:38.866Z,178842711886600
"""player 7 @ O8SRi7DfXR"" posts a big blind of 10",2026-09-03T09:18:34.459Z,178842711445907
"""player 51 @ uewFolxPCK"" posts a small blind of 5",2026-09-03T09:18:34.459Z,178842711445906
"Player stacks: #1 ""player 51 @ uewFolxPCK"" (902) | #2 ""player 7 @ O8SRi7DfXR"" (1507) | #4 ""player 54 @ BeZA_Cf-pd"" (1138) | #9 ""player 53 @ LGay7r_Caq"" (2018)",2026-09-03T09:18:34.459Z,178842711445901
"-- starting hand #140 (id: ip26hh9uwycv)  No Limit Texas Hold'em (dealer: ""player 53 @ LGay7r_Caq"") --",2026-09-03T09:18:34.459Z,178842711445900
"Undealt cards:  [4♠, 6♥, 5♦, Q♥, 6♦]",2026-09-03T09:18:29.007Z,178842710900700
"""player 51 @ uewFolxPCK"" shows a 2♠, 7♥.",2026-09-03T09:18:27.963Z,178842710796300
"-- ending hand #139 --",2026-09-03T09:18:27.737Z,178842710773702
"""player 7 @ O8SRi7DfXR"" collected 340 from pot",2026-09-03T09:18:27.737Z,178842710773701
"Uncalled bet of 1167 returned to ""player 7 @ O8SRi7DfXR""",2026-09-03T09:18:27.737Z,178842710773700
"""player 51 @ uewFolxPCK"" folds",2026-09-03T09:18:26.887Z,178842710688700
"""player 54 @ BeZA_Cf-pd"" folds",2026-09-03T09:18:25.856Z,178842710585600
"""player 7 @ O8SRi7DfXR"" raises to 1317 and go all in",2026-09-03T09:18:21.624Z,178842710162400
"""player 51 @ uewFolxPCK"" raises to 150",2026-09-03T09:18:13.507Z,178842709350700
"""player 53 @ LGay7r_Caq"" folds",2026-09-03T09:18:11.108Z,178842709110800
"""player 54 @ BeZA_Cf-pd"" raises to 35",2026-09-03T09:17:58.064Z,178842707806400
"""player 7 @ O8SRi7DfXR"" calls 10",2026-09-03T09:17:55.765Z,178842707576500
"""player 51 @ uewFolxPCK"" posts a big blind of 10",2026-09-03T09:17:53.852Z,178842707385207
"""player 53 @ LGay7r_Caq"" posts a small blind of 5",2026-09-03T09:17:53.852Z,178842707385206
"Your hand is 2♠, 7♥",2026-09-03T09:17:53.852Z,178842707385202
"Player stacks: #1 ""player 51 @ uewFolxPCK"" (1052) | #2 ""player 7 @ O8SRi7DfXR"" (1317) | #4 ""player 54 @ BeZA_Cf-pd"" (1173) | #9 ""player 53 @ LGay7r_Caq"" (2023)",2026-09-03T09:17:53.852Z,178842707385201
"-- starting hand #139 (id: mzvbccdinzqk)  No Limit Texas Hold'em (dealer: ""player 54 @ BeZA_Cf-pd"") --",2026-09-03T09:17:53.852Z,178842707385200
"""player 7 @ O8SRi7DfXR"" shows a 6♦, 5♦.",2026-09-03T09:17:51.100Z,178842707110000
"Undealt cards: 3♥, J♦, Q♠ [4♦, Q♣]",2026-09-03T09:17:48.065Z,178842706806500
"-- ending hand #138 --",2026-09-03T09:17:47.248Z,178842706724802
"""player 54 @ BeZA_Cf-pd"" collected 90 from pot",2026-09-03T09:17:47.248Z,178842706724801
"Uncalled bet of 45 returned to ""player 54 @ BeZA_Cf-pd""",2026-09-03T09:17:47.248Z,178842706724800
"""player 7 @ O8SRi7DfXR"" folds",2026-09-03T09:17:46.387Z,178842706638700
"""player 54 @ BeZA_Cf-pd"" bets 45",2026-09-03T09:17:45.375Z,178842706537500
"Flop:  [3♥, J♦, Q♠]",2026-09-03T09:17:42.356Z,178842706235600
"""player 7 @ O8SRi7DfXR"" calls 40",2026-09-03T09:17:41.464Z,178842706146400
"""player 53 @ LGay7r_Caq"" folds",2026-09-03T09:17:34.869Z,178842705486900
"""player 54 @ BeZA_Cf-pd"" raises to 40",2026-09-03T09:17:31.422Z,178842705142200
"""player 7 @ O8SRi7DfXR"" calls 10",2026-09-03T09:17:29.205Z,178842704920500
"""player 51 @ uewFolxPCK"" folds",2026-09-03T09:17:28.159Z,178842704815900
"""player 53 @ LGay7r_Caq"" posts a big blind of 10",2026-09-03T09:17:26.087Z,178842704608707
"""player 54 @ BeZA_Cf-pd"" posts a small blind of 5",2026-09-03T09:17:26.087Z,178842704608706
"Player stacks: #1 ""player 51 @ uewFolxPCK"" (1052) | #2 ""player 7 @ O8SRi7DfXR"" (1357) | #4 ""player 54 @ BeZA_Cf-pd"" (1123) | #9 ""player 53 @ LGay7r_Caq"" (2033)",2026-09-03T09:17:26.087Z,178842704608701
"-- starting hand #138 (id: g1gocsflgl9u)  No Limit Texas Hold'em (dealer: ""player 7 @ O8SRi7DfXR"") --",2026-09-03T09:17:26.087Z,178842704608700
"""player 7 @ O8SRi7DfXR"" shows a K♠, 2♥.",2026-09-03T09:17:23.066Z,178842704306600
"-- ending hand #137 --",2026-09-03T09:17:22.416Z,178842704241602
"""player 51 @ uewFolxPCK"" collected 270 from pot",2026-09-03T09:17:22.416Z,178842704241601
"Uncalled bet of 175 returned to ""player 51 @ uewFolxPCK""",2026-09-03T09:17:22.416Z,178842704241600
"""player 7 @ O8SRi7DfXR"" folds",2026-09-03T09:17:21.587Z,178842704158700
"""player 51 @ uewFolxPCK"" bets 175",2026-09-03T09:17:18.712Z,178842703871200
"""player 53 @ LGay7r_Caq"" folds",2026-09-03T09:17:12.527Z,178842703252700
"""player 7 @ O8SRi7DfXR"" checks",2026-09-03T09:17:11.581Z,178842703158100
"River: 8♦, 4♥, Q♣, 3♣ [6♥]",2026-09-03T09:16:58.779Z,178842701877900
"""player 54 @ BeZA_Cf-pd"" folds",2026-09-03T09:16:57.963Z,178842701796300
"""player 7 @ O8SRi7DfXR"" calls 50",2026-09-03T09:16:56.479Z,178842701647900
"""player 51 @ uewFolxPCK"" calls 50",2026-09-03T09:16:48.508Z,178842700850800
"""player 53 @ LGay7r_Caq"" bets 50",2026-09-03T09:16:46.257Z,178842700625700
"""player 54 @ BeZA_Cf-pd"" checks",2026-09-03T09:16:44.075Z,178842700407500
"""player 7 @ O8SRi7DfXR"" checks",2026-09-03T09:16:43.129Z,178842700312900
"Turn: 8♦, 4♥, Q♣ [3♣]",2026-09-03T09:16:34.559Z,178842699455900
"""player 51 @ uewFolxPCK"" checks",2026-09-03T09:16:33.657Z,178842699365700
"""player 53 @ LGay7r_Caq"" checks",2026-09-03T09:16:32.754Z,178842699275400
"""player 54 @ BeZA_Cf-pd"" checks",2026-09-03T09:16:30.113Z,178842699011300
"""player 7 @ O8SRi7DfXR"" checks",2026-09-03T09:16:28.016Z,178842698801600
"Flop:  [8♦, 4♥, Q♣]",2026-09-03T09:16:17.343Z,178842697734300
"""player 53 @ LGay7r_Caq"" calls 30",2026-09-03T09:16:16.533Z,178842697653300
"""player 54 @ BeZA_Cf-pd"" calls 30",2026-09-03T09:16:15.562Z,178842697556200
"""player 7 @ O8SRi7DfXR"" calls 30",2026-09-03T09:16:12.238Z,178842697223800
"""player 51 @ uewFolxPCK"" raises to 30",2026-09-03T09:16:06.140Z,178842696614000
"""player 53 @ LGay7r_Caq"" calls 10",2026-09-03T09:16:03.459Z,178842696345900
"""player 54 @ BeZA_Cf-pd"" posts a big blind of 10",2026-09-03T09:16:01.918Z,178842696191807
"""player 7 @ O8SRi7DfXR"" posts a small blind of 5",2026-09-03T09:16:01.918Z,178842696191806
"Player stacks: #1 ""player 51 @ uewFolxPCK"" (862) | #2 ""player 7 @ O8SRi7DfXR"" (1437) | #4 ""player 54 @ BeZA_Cf-pd"" (1153) | #9 ""player 53 @ LGay7r_Caq"" (2113)",2026-09-03T09:16:01.918Z,178842696191801
"-- starting hand #137 (id: ciwt4scquq0b)  No Limit Texas Hold'em (dealer: ""player 51 @ uewFolxPCK"") --",2026-09-03T09:16:01.918Z,178842696191800
"""player 54 @ BeZA_Cf-pd"" shows a 7♥.",2026-09-03T09:15:58.352Z,178842695835200
"""player 53 @ LGay7r_Caq"" shows a 8♣, 5♦.",2026-09-03T09:15:55.790Z,178842695579000
"Undealt cards: 6♦, K♦, A♠ [K♥, 9♣]",2026-09-03T09:15:55.369Z,178842695536900
"-- ending hand #136 --",2026-09-03T09:15:54.579Z,178842695457902
"""player 53 @ LGay7r_Caq"" collected 340 from pot",2026-09-03T09:15:54.579Z,178842695457901
"Uncalled bet of 160 returned to ""player 53 @ LGay7r_Caq""",2026-09-03T09:15:54.579Z,178842695457900
"""player 54 @ BeZA_Cf-pd"" folds",2026-09-03T09:15:53.720Z,178842695372000
"""player 7 @ O8SRi7DfXR"" folds",2026-09-03T09:15:49.932Z,178842694993200
"""player 51 @ uewFolxPCK"" folds",2026-09-03T09:15:38.307Z,178842693830700
"""player 53 @ LGay7r_Caq"" raises to 240",2026-09-03T09:15:37.103Z,178842693710300
"""player 54 @ BeZA_Cf-pd"" bets 80",2026-09-03T09:15:33.949Z,178842693394900
"""player 7 @ O8SRi7DfXR"" checks",2026-09-03T09:15:31.124Z,178842693112400
"""player 51 @ uewFolxPCK"" checks",2026-09-03T09:15:29.454Z,178842692945400
"Flop:  [6♦, K♦, A♠]",2026-09-03T09:15:27.495Z,178842692749500
"""player 53 @ LGay7r_Caq"" calls 45",2026-09-03T09:15:26.613Z,178842692661300
"""player 54 @ BeZA_Cf-pd"" calls 45",2026-09-03T09:15:25.660Z,178842692566000
"""player 7 @ O8SRi7DfXR"" calls 45",2026-09-03T09:15:24.398Z,178842692439800
"""player 51 @ uewFolxPCK"" raises to 45",2026-09-03T09:15:15.530Z,178842691553000
"""player 53 @ LGay7r_Caq"" calls 10",2026-09-03T09:15:12.982Z,178842691298200
"""player 54 @ BeZA_Cf-pd"" calls 10",2026-09-03T09:15:00.177Z,178842690017700
"""player 7 @ O8SRi7DfXR"" posts a big blind of 10",2026-09-03T09:14:58.178Z,178842689817807
"""player 51 @ uewFolxPCK"" posts a small blind of 5",2026-09-03T09:14:58.178Z,178842689817806
"Player stacks: #1 ""player 51 @ uewFolxPCK"" (907) | #2 ""player 7 @ O8SRi7DfXR"" (1482) | #4 ""player 54 @ BeZA_Cf-pd"" (1278) | #9 ""player 53 @ LGay7r_Caq"" (1898)",2026-09-03T09:14:58.178Z,178842689817801
"-- starting hand #136 (id: pton6zylkkkh)  No Limit Texas Hold'em (dealer: ""player 53 @ LGay7r_Caq"") --",2026-09-03T09:14:58.178Z,178842689817800
"-- ending hand #135 --",2026-09-03T09:14:52.168Z,178842689216803
"""player 51 @ uewFolxPCK"" collected 265 from pot with Two Pair, 8's & 2's (combination: K♦, 2♥, 2♠, 8♥, 8♦)",2026-09-03T09:14:52.168Z,178842689216802
"""player 51 @ uewFolxPCK"" shows a 8♥, 10♦.",2026-09-03T09:14:52.168Z,178842689216801
"""player 54 @ BeZA_Cf-pd"" shows a 5♠, 7♦.",2026-09-03T09:14:52.168Z,178842689216800
"""player 51 @ uewFolxPCK"" calls 120",2026-09-03T09:14:51.352Z,178842689135200
"""player 54 @ BeZA_Cf-pd"" raises to 120",2026-09-03T09:14:49.079Z,178842688907900
"""player 51 @ uewFolxPCK"" bets 30",2026-09-03T09:14:41.350Z,178842688135000
"River: 2♥, K♦, 4♣, 2♠ [8♦]",2026-09-03T09:14:38.053Z,178842687805300
"""player 54 @ BeZA_Cf-pd"" checks",2026-09-03T09:14:37.242Z,178842687724200
"""player 51 @ uewFolxPCK"" checks",2026-09-03T09:14:36.279Z,178842687627900
"Turn: 2♥, K♦, 4♣ [2♠]",2026-09-03T09:14:33.663Z,178842687366300
"""player 54 @ BeZA_Cf-pd"" checks",2026-09-03T09:14:32.830Z,178842687283000
"""player 51 @ uewFolxPCK"" checks",2026-09-03T09:14:30.927Z,178842687092700
"Flop:  [2♥, K♦, 4♣]",2026-09-03T09:14:28.751Z,178842686875100
"""player 51 @ uewFolxPCK"" checks",2026-09-03T09:14:27.910Z,178842686791000
"""player 53 @ LGay7r_Caq"" folds",2026-09-03T09:14:27.008Z,178842686700800
"""player 54 @ BeZA_Cf-pd"" calls 10",2026-09-03T09:14:26.016Z,178842686601600
"""player 7 @ O8SRi7DfXR"" folds",2026-09-03T09:14:23.707Z,178842686370700
"""player 51 @ uewFolxPCK"" posts a big blind of 10",2026-09-03T09:14:16.090Z,178842685609007
"""player 53 @ LGay7r_Caq"" posts a small blind of 5",2026-09-03T09:14:16.090Z,178842685609006
"Your hand is 8♥, 10♦",2026-09-03T09:14:16.090Z,178842685609002
"Player stacks: #1 ""player 51 @ uewFolxPCK"" (772) | #2 ""player 7 @ O8SRi7DfXR"" (1482) | #4 ""player 54 @ BeZA_Cf-pd"" (1408) | #9 ""player 53 @ LGay7r_Caq"" (1903)",2026-09-03T09:14:16.090Z,178842685609001
"-- starting hand #135 (id: atovquqrlyll)  No Limit Texas Hold'em (dealer: ""player 54 @ BeZA_Cf-pd"") --",2026-09-03T09:14:16.090Z,178842685609000
"""player 7 @ O8SRi7DfXR"" shows a 3♠, A♠.",2026-09-03T09:14:11.252Z,178842685125200
"-- ending hand #134 --",2026-09-03T09:14:09.538Z,178842684953802
"""player 54 @ BeZA_Cf-pd"" collected 800 from pot with Three of a Kind, 10's (combination: J♥, K♣, 10♠, 10♦, 10♥)",2026-09-03T09:14:09.538Z,178842684953801
"""player 54 @ BeZA_Cf-pd"" shows a 9♠, 10♠.",2026-09-03T09:14:09.538Z,178842684953800
"""player 7 @ O8SRi7DfXR"" folds",2026-09-03T09:14:08.722Z,178842684872200
"""player 51 @ uewFolxPCK"" calls 200",2026-09-03T09:14:05.055Z,178842684505500
"""player 53 @ LGay7r_Caq"" calls 200",2026-09-03T09:14:03.746Z,178842684374600
"""player 54 @ BeZA_Cf-pd"" bets 200",2026-09-03T09:14:00.255Z,178842684025500
"River: 8♣, 10♦, 10♥, K♣ [J♥]",2026-09-03T09:13:58.677Z,178842683867700
"""player 7 @ O8SRi7DfXR"" checks",2026-09-03T09:13:57.849Z,178842683784900
"""player 51 @ uewFolxPCK"" checks",2026-09-03T09:13:56.772Z,178842683677200
"""player 53 @ LGay7r_Caq"" checks",2026-09-03T09:13:55.872Z,178842683587200
"""player 54 @ BeZA_Cf-pd"" checks",2026-09-03T09:13:54.407Z,178842683440700
"Turn: 8♣, 10♦, 10♥ [K♣]",2026-09-03T09:13:53.088Z,178842683308800
"""player 54 @ BeZA_Cf-pd"" calls 10",2026-09-03T09:13:52.281Z,178842683228100
"""player 7 @ O8SRi7DfXR"" calls 10",2026-09-03T09:13:51.058Z,178842683105800
"""player 51 @ uewFolxPCK"" calls 10",2026-09-03T09:13:49.701Z,178842682970100
"""player 53 @ LGay7r_Caq"" bets 10",2026-09-03T09:13:48.736Z,178842682873600
"""player 54 @ BeZA_Cf-pd"" checks",2026-09-03T09:13:45.862Z,178842682586200
"Flop:  [8♣, 10♦, 10♥]",2026-09-03T09:13:43.399Z,178842682339900
"""player 53 @ LGay7r_Caq"" calls 40",2026-09-03T09:13:42.589Z,178842682258900
"""player 54 @ BeZA_Cf-pd"" calls 40",2026-09-03T09:13:40.494Z,178842682049400
"""player 7 @ O8SRi7DfXR"" calls 40",2026-09-03T09:13:39.472Z,178842681947200
"""player 51 @ uewFolxPCK"" raises to 40",2026-09-03T09:13:37.202Z,178842681720200
"""player 53 @ LGay7r_Caq"" posts a big blind of 10",2026-09-03T09:13:34.791Z,178842681479108
"""player 54 @ BeZA_Cf-pd"" posts a small blind of 5",2026-09-03T09:13:34.791Z,178842681479107
"Player stacks: #1 ""player 51 @ uewFolxPCK"" (1022) | #2 ""player 7 @ O8SRi7DfXR"" (1532) | #4 ""player 54 @ BeZA_Cf-pd"" (858) | #9 ""player 53 @ LGay7r_Caq"" (2153)",2026-09-03T09:13:34.791Z,178842681479102
"-- starting hand #134 (id: d61dxq6tb7hh)  No Limit Texas Hold'em (dealer: ""player 7 @ O8SRi7DfXR"") --",2026-09-03T09:13:34.791Z,178842681479101
"The player ""player 52 @ 4chnM3wbbk"" stand up with the stack of 2135.",2026-09-03T09:13:34.791Z,178842681479100
"""player 7 @ O8SRi7DfXR"" shows a 6♦.",2026-09-03T09:13:32.507Z,178842681250700
"""player 51 @ uewFolxPCK"" shows a 5♣, 5♥.",2026-09-03T09:13:29.791Z,178842680979100
"-- ending hand #133 --",2026-09-03T09:13:27.784Z,178842680778402
"""player 53 @ LGay7r_Caq"" collected 940 from pot with Straight, 10 High (combination: 6♣, 7♦, 8♣, 9♣, 10♥)",2026-09-03T09:13:27.784Z,178842680778401
"""player 53 @ LGay7r_Caq"" shows a 10♥, K♥.",2026-09-03T09:13:27.784Z,178842680778400
"""player 54 @ BeZA_Cf-pd"" calls 300",2026-09-03T09:13:26.954Z,178842680695400
"""player 7 @ O8SRi7DfXR"" folds",2026-09-03T09:13:20.274Z,178842680027400
"""player 51 @ uewFolxPCK"" folds",2026-09-03T09:13:19.285Z,178842679928500
"""player 53 @ LGay7r_Caq"" raises to 300",2026-09-03T09:13:18.042Z,178842679804200
"""player 54 @ BeZA_Cf-pd"" bets 100",2026-09-03T09:13:15.883Z,178842679588300
"""player 7 @ O8SRi7DfXR"" checks",2026-09-03T09:13:12.810Z,178842679281000
"River: 9♣, A♥, 7♦, 6♣ [8♣]",2026-09-03T09:12:57.477Z,178842677747700
"""player 51 @ uewFolxPCK"" calls 10",2026-09-03T09:12:56.572Z,178842677657200
"""player 53 @ LGay7r_Caq"" calls 10",2026-09-03T09:12:55.580Z,178842677558000
"""player 54 @ BeZA_Cf-pd"" calls 10",2026-09-03T09:12:54.380Z,178842677438000
"""player 7 @ O8SRi7DfXR"" bets 10",2026-09-03T09:12:52.784Z,178842677278400
"Turn: 9♣, A♥, 7♦ [6♣]",2026-09-03T09:12:46.474Z,178842676647400
"""player 51 @ uewFolxPCK"" checks",2026-09-03T09:12:45.573Z,178842676557300
"""player 53 @ LGay7r_Caq"" checks",2026-09-03T09:12:44.618Z,178842676461800
"""player 54 @ BeZA_Cf-pd"" checks",2026-09-03T09:12:42.841Z,178842676284100
"""player 7 @ O8SRi7DfXR"" checks",2026-09-03T09:12:41.726Z,178842676172600
"Flop:  [9♣, A♥, 7♦]",2026-09-03T09:12:34.070Z,178842675407000
"""player 54 @ BeZA_Cf-pd"" calls 75",2026-09-03T09:12:33.168Z,178842675316800
"""player 7 @ O8SRi7DfXR"" calls 75",2026-09-03T09:12:32.101Z,178842675210100
"""player 51 @ uewFolxPCK"" calls 75",2026-09-03T09:12:21.983Z,178842674198300
"""player 53 @ LGay7r_Caq"" raises to 75",2026-09-03T09:12:19.454Z,178842673945400
"""player 54 @ BeZA_Cf-pd"" calls 25",2026-09-03T09:12:16.351Z,178842673635100
"""player 7 @ O8SRi7DfXR"" calls 25",2026-09-03T09:12:15.359Z,178842673535900
"""player 51 @ uewFolxPCK"" raises to 25",2026-09-03T09:12:14.421Z,178842673442100
"""player 53 @ LGay7r_Caq"" calls 10",2026-09-03T09:12:12.608Z,178842673260800
"""player 52 @ 4chnM3wbbk"" folds",2026-09-03T09:12:10.628Z,178842673062801
"The admin ""player 51 @ uewFolxPCK"" forced the player ""player 52 @ 4chnM3wbbk"" to away mode in the next hand.",2026-09-03T09:12:10.628Z,178842673062800
"""player 54 @ BeZA_Cf-pd"" posts a big blind of 10",2026-09-03T09:11:56.180Z,178842671618011
"""player 7 @ O8SRi7DfXR"" posts a small blind of 5",2026-09-03T09:11:56.180Z,178842671618010
"Your hand is 5♣, 5♥",2026-09-03T09:11:56.180Z,178842671618005
"Player stacks: #1 ""player 51 @ uewFolxPCK"" (1107) | #2 ""player 7 @ O8SRi7DfXR"" (1617) | #4 ""player 54 @ BeZA_Cf-pd"" (1243) | #7 ""player 52 @ 4chnM3wbbk"" (2135) | #9 ""player 53 @ LGay7r_Caq"" (1598)",2026-09-03T09:11:56.180Z,178842671618004
"-- starting hand #133 (id: mqzioykv6jcy)  No Limit Texas Hold'em (dealer: ""player 51 @ uewFolxPCK"") --",2026-09-03T09:11:56.180Z,178842671618003
"The game's big blind was changed from 5 to 10.",2026-09-03T09:11:56.180Z,178842671618002
"The game's small blind was changed from 2 to 5.",2026-09-03T09:11:56.180Z,178842671618001
"Game Config Changes
* Blind Schedule: L1: 2/5 » L1: 5/10
* Restart Blind Schedule at Level: none » 1",2026-09-03T09:11:56.180Z,178842671618000
"""player 7 @ O8SRi7DfXR"" shows a 4♥, 2♦.",2026-09-03T09:11:54.338Z,178842671433800
"Undealt cards: 3♥, K♠, 6♥ [A♠, K♣]",2026-09-03T09:11:49.763Z,178842670976300
"-- ending hand #132 --",2026-09-03T09:11:49.572Z,178842670957202
"""player 54 @ BeZA_Cf-pd"" collected 110 from pot",2026-09-03T09:11:49.572Z,178842670957201
"Uncalled bet of 50 returned to ""player 54 @ BeZA_Cf-pd""",2026-09-03T09:11:49.572Z,178842670957200
"""player 51 @ uewFolxPCK"" folds",2026-09-03T09:11:48.722Z,178842670872200
"""player 53 @ LGay7r_Caq"" folds",2026-09-03T09:11:47.615Z,178842670761500
"""player 54 @ BeZA_Cf-pd"" bets 50",2026-09-03T09:11:45.876Z,178842670587600
"""player 51 @ uewFolxPCK"" checks",2026-09-03T09:11:43.495Z,178842670349500
"Flop:  [3♥, K♠, 6♥]",2026-09-03T09:11:39.960Z,178842669996000
"""player 7 @ O8SRi7DfXR"" folds",2026-09-03T09:11:39.137Z,178842669913700
"""player 51 @ uewFolxPCK"" calls 35",2026-09-03T09:11:35.058Z,178842669505800
"""player 53 @ LGay7r_Caq"" calls 35",2026-09-03T09:11:34.118Z,178842669411800
"""player 52 @ 4chnM3wbbk"" folds",2026-09-03T09:11:30.137Z,178842669013700
"""player 54 @ BeZA_Cf-pd"" raises to 35",2026-09-03T09:11:20.190Z,178842668019000
"""player 7 @ O8SRi7DfXR"" posts a big blind of 5",2026-09-03T09:11:14.552Z,178842667455208
"""player 51 @ uewFolxPCK"" posts a small blind of 2",2026-09-03T09:11:14.552Z,178842667455207
"Player stacks: #1 ""player 51 @ uewFolxPCK"" (1142) | #2 ""player 7 @ O8SRi7DfXR"" (1622) | #4 ""player 54 @ BeZA_Cf-pd"" (1168) | #7 ""player 52 @ 4chnM3wbbk"" (2135) | #9 ""player 53 @ LGay7r_Caq"" (1633)",2026-09-03T09:11:14.552Z,178842667455201
"-- starting hand #132 (id: 81mfrmvvkugw)  No Limit Texas Hold'em (dealer: ""player 53 @ LGay7r_Caq"") --",2026-09-03T09:11:14.552Z,178842667455200
"-- ending hand #131 --",2026-09-03T09:11:08.544Z,178842666854403
"""player 52 @ 4chnM3wbbk"" collected 260 from pot with Straight, 10 High (combination: 6♠, 7♠, 8♠, 9♣, 10♥)",2026-09-03T09:11:08.544Z,178842666854402
"""player 52 @ 4chnM3wbbk"" shows a 6♠, 5♥.",2026-09-03T09:11:08.544Z,178842666854401
"""player 53 @ LGay7r_Caq"" shows a Q♦, 10♣.",2026-09-03T09:11:08.544Z,178842666854400
"""player 52 @ 4chnM3wbbk"" calls 65",2026-09-03T09:11:07.652Z,178842666765200
"""player 54 @ BeZA_Cf-pd"" calls 65",2026-09-03T09:10:57.473Z,178842665747300
"""player 51 @ uewFolxPCK"" folds",2026-09-03T09:10:56.394Z,178842665639400
"""player 53 @ LGay7r_Caq"" bets 65",2026-09-03T09:10:54.784Z,178842665478400
"River: 8♥, 7♠, 10♥, 9♣ [8♠]",2026-09-03T09:10:50.273Z,178842665027300
"""player 52 @ 4chnM3wbbk"" checks",2026-09-03T09:10:49.453Z,178842664945300
"""player 54 @ BeZA_Cf-pd"" checks",2026-09-03T09:10:48.239Z,178842664823900
"""player 51 @ uewFolxPCK"" checks",2026-09-03T09:10:47.280Z,178842664728000
"""player 53 @ LGay7r_Caq"" checks",2026-09-03T09:10:45.040Z,178842664504000
"Turn: 8♥, 7♠, 10♥ [9♣]",2026-09-03T09:10:42.063Z,178842664206300
"""player 52 @ 4chnM3wbbk"" calls 10",2026-09-03T09:10:41.191Z,178842664119100
"""player 54 @ BeZA_Cf-pd"" calls 10",2026-09-03T09:10:39.414Z,178842663941400
"""player 7 @ O8SRi7DfXR"" folds",2026-09-03T09:10:38.466Z,178842663846600
"""player 51 @ uewFolxPCK"" calls 10",2026-09-03T09:10:28.685Z,178842662868500
"""player 53 @ LGay7r_Caq"" bets 10",2026-09-03T09:10:27.033Z,178842662703300
"Flop:  [8♥, 7♠, 10♥]",2026-09-03T09:10:23.657Z,178842662365700
"""player 51 @ uewFolxPCK"" checks",2026-09-03T09:10:22.842Z,178842662284200
"""player 53 @ LGay7r_Caq"" calls 5",2026-09-03T09:10:21.370Z,178842662137000
"""player 52 @ 4chnM3wbbk"" calls 5",2026-09-03T09:10:20.437Z,178842662043700
"""player 54 @ BeZA_Cf-pd"" calls 5",2026-09-03T09:10:18.849Z,178842661884900
"""player 7 @ O8SRi7DfXR"" calls 5",2026-09-03T09:10:17.933Z,178842661793300
"""player 51 @ uewFolxPCK"" posts a big blind of 5",2026-09-03T09:10:13.452Z,178842661345208
"""player 53 @ LGay7r_Caq"" posts a small blind of 2",2026-09-03T09:10:13.452Z,178842661345207
"Player stacks: #1 ""player 51 @ uewFolxPCK"" (1157) | #2 ""player 7 @ O8SRi7DfXR"" (1627) | #4 ""player 54 @ BeZA_Cf-pd"" (1248) | #7 ""player 52 @ 4chnM3wbbk"" (1955) | #9 ""player 53 @ LGay7r_Caq"" (1713)",2026-09-03T09:10:13.452Z,178842661345201
"-- starting hand #131 (id: 6ukzgkkznnzv)  No Limit Texas Hold'em (dealer: ""player 52 @ 4chnM3wbbk"") --",2026-09-03T09:10:13.452Z,178842661345200
"""player 7 @ O8SRi7DfXR"" shows a A♦, 5♦.",2026-09-03T09:10:08.529Z,178842660852900
"-- ending hand #130 --",2026-09-03T09:10:06.915Z,178842660691504
"""player 52 @ 4chnM3wbbk"" collected 50 from pot with Two Pair, Q's & 9's (combination: 7♠, 9♠, 9♣, Q♣, Q♥)",2026-09-03T09:10:06.915Z,178842660691503
"""player 52 @ 4chnM3wbbk"" shows a 9♠, 2♦.",2026-09-03T09:10:06.915Z,178842660691502
"""player 51 @ uewFolxPCK"" shows a 7♣, K♦.",2026-09-03T09:10:06.915Z,178842660691501
"""player 53 @ LGay7r_Caq"" shows a K♣, 7♦.",2026-09-03T09:10:06.915Z,178842660691500
"""player 52 @ 4chnM3wbbk"" calls 5",2026-09-03T09:10:06.074Z,178842660607400
"""player 54 @ BeZA_Cf-pd"" calls 5",2026-09-03T09:10:04.960Z,178842660496000
"""player 7 @ O8SRi7DfXR"" calls 5",2026-09-03T09:10:04.043Z,178842660404300
"""player 51 @ uewFolxPCK"" calls 5",2026-09-03T09:10:02.427Z,178842660242700
"""player 53 @ LGay7r_Caq"" bets 5",2026-09-03T09:10:00.754Z,178842660075400
"""player 52 @ 4chnM3wbbk"" checks",2026-09-03T09:09:59.291Z,178842659929100
"River: Q♣, 9♣, 4♠, 7♠ [Q♥]",2026-09-03T09:09:57.685Z,178842659768500
"""player 54 @ BeZA_Cf-pd"" checks",2026-09-03T09:09:56.792Z,178842659679200
"""player 7 @ O8SRi7DfXR"" checks",2026-09-03T09:09:55.587Z,178842659558700
"""player 51 @ uewFolxPCK"" checks",2026-09-03T09:09:49.172Z,178842658917200
"""player 53 @ LGay7r_Caq"" checks",2026-09-03T09:09:48.219Z,178842658821900
"""player 52 @ 4chnM3wbbk"" checks",2026-09-03T09:09:47.207Z,178842658720700
"Turn: Q♣, 9♣, 4♠ [7♠]",2026-09-03T09:09:45.079Z,178842658507900
"""player 54 @ BeZA_Cf-pd"" checks",2026-09-03T09:09:44.187Z,178842658418700
"""player 7 @ O8SRi7DfXR"" checks",2026-09-03T09:09:43.232Z,178842658323200
"""player 51 @ uewFolxPCK"" checks",2026-09-03T09:09:26.743Z,178842656674300
"""player 53 @ LGay7r_Caq"" checks",2026-09-03T09:09:25.829Z,178842656582900
"""player 52 @ 4chnM3wbbk"" checks",2026-09-03T09:09:23.507Z,178842656350700
"Flop:  [Q♣, 9♣, 4♠]",2026-09-03T09:09:21.844Z,178842656184400
"""player 53 @ LGay7r_Caq"" checks",2026-09-03T09:09:20.976Z,178842656097600
"""player 52 @ 4chnM3wbbk"" calls 5",2026-09-03T09:09:09.487Z,178842654948700
"""player 54 @ BeZA_Cf-pd"" calls 5",2026-09-03T09:09:08.294Z,178842654829400
"""player 7 @ O8SRi7DfXR"" calls 5",2026-09-03T09:09:07.275Z,178842654727500
"""player 51 @ uewFolxPCK"" calls 5",2026-09-03T09:09:04.811Z,178842654481100
"""player 53 @ LGay7r_Caq"" posts a big blind of 5",2026-09-03T09:09:03.800Z,178842654380008
"""player 52 @ 4chnM3wbbk"" posts a small blind of 2",2026-09-03T09:09:03.800Z,178842654380007
"Your hand is 7♣, K♦",2026-09-03T09:09:03.800Z,178842654380002
"Player stacks: #1 ""player 51 @ uewFolxPCK"" (1167) | #2 ""player 7 @ O8SRi7DfXR"" (1637) | #4 ""player 54 @ BeZA_Cf-pd"" (1258) | #7 ""player 52 @ 4chnM3wbbk"" (1915) | #9 ""player 53 @ LGay7r_Caq"" (1723)",2026-09-03T09:09:03.800Z,178842654380001
"-- starting hand #130 (id: ztpnnrmnadpv)  No Limit Texas Hold'em (dealer: ""player 54 @ BeZA_Cf-pd"") --",2026-09-03T09:09:03.800Z,178842654380000
"""player 54 @ BeZA_Cf-pd"" shows a Q♦.",2026-09-03T09:09:01.742Z,178842654174200
"""player 7 @ O8SRi7DfXR"" shows a J♣.",2026-09-03T09:08:59.907Z,178842653990700
"-- ending hand #129 --",2026-09-03T09:08:59.415Z,178842653941502
"""player 54 @ BeZA_Cf-pd"" collected 100 from pot",2026-09-03T09:08:59.415Z,178842653941501
"Uncalled bet of 50 returned to ""player 54 @ BeZA_Cf-pd""",2026-09-03T09:08:59.415Z,178842653941500
"""player 7 @ O8SRi7DfXR"" folds",2026-09-03T09:08:58.571Z,178842653857100
"""player 54 @ BeZA_Cf-pd"" bets 50",2026-09-03T09:08:53.795Z,178842653379500
"River: J♠, 2♥, Q♠, 9♦ [5♦]",2026-09-03T09:08:51.358Z,178842653135800
"""player 7 @ O8SRi7DfXR"" calls 20",2026-09-03T09:08:50.500Z,178842653050000
"""player 54 @ BeZA_Cf-pd"" bets 20",2026-09-03T09:08:48.281Z,178842652828100
"Turn: J♠, 2♥, Q♠ [9♦]",2026-09-03T09:08:45.555Z,178842652555500
"""player 7 @ O8SRi7DfXR"" calls 10",2026-09-03T09:08:44.696Z,178842652469600
"""player 51 @ uewFolxPCK"" folds",2026-09-03T09:08:42.250Z,178842652225000
"""player 52 @ 4chnM3wbbk"" folds",2026-09-03T09:08:41.274Z,178842652127400
"""player 54 @ BeZA_Cf-pd"" bets 10",2026-09-03T09:08:39.838Z,178842651983800
"Flop:  [J♠, 2♥, Q♠]",2026-09-03T09:08:35.599Z,178842651559900
"""player 54 @ BeZA_Cf-pd"" calls 10",2026-09-03T09:08:34.757Z,178842651475700
"""player 7 @ O8SRi7DfXR"" calls 10",2026-09-03T09:08:33.341Z,178842651334100
"""player 51 @ uewFolxPCK"" calls 10",2026-09-03T09:08:32.428Z,178842651242800
"""player 52 @ 4chnM3wbbk"" raises to 10",2026-09-03T09:08:30.591Z,178842651059100
"""player 54 @ BeZA_Cf-pd"" calls 5",2026-09-03T09:08:24.708Z,178842650470800
"""player 7 @ O8SRi7DfXR"" calls 5",2026-09-03T09:08:18.699Z,178842649869900
"""player 51 @ uewFolxPCK"" calls 5",2026-09-03T09:08:07.104Z,178842648710400
"""player 53 @ LGay7r_Caq"" folds",2026-09-03T09:08:05.230Z,178842648523000
"""player 52 @ 4chnM3wbbk"" posts a big blind of 5",2026-09-03T09:08:03.611Z,178842648361108
"""player 54 @ BeZA_Cf-pd"" posts a small blind of 2",2026-09-03T09:08:03.611Z,178842648361107
"Player stacks: #1 ""player 51 @ uewFolxPCK"" (1177) | #2 ""player 7 @ O8SRi7DfXR"" (1677) | #4 ""player 54 @ BeZA_Cf-pd"" (1198) | #7 ""player 52 @ 4chnM3wbbk"" (1925) | #9 ""player 53 @ LGay7r_Caq"" (1723)",2026-09-03T09:08:03.611Z,178842648361101
"-- starting hand #129 (id: tpwfbedckssb)  No Limit Texas Hold'em (dealer: ""player 7 @ O8SRi7DfXR"") --",2026-09-03T09:08:03.611Z,178842648361100
"-- ending hand #128 --",2026-09-03T09:07:57.568Z,178842647756801
"""player 54 @ BeZA_Cf-pd"" collected 1198 from pot with Pair, Q's (combination: 9♥, 10♠, A♥, Q♠, Q♣)",2026-09-03T09:07:57.568Z,178842647756800
"River: 3♠, 5♥, 9♥, Q♣ [10♠]",2026-09-03T09:07:53.492Z,178842647349200
"Turn: 3♠, 5♥, 9♥ [Q♣]",2026-09-03T09:07:49.485Z,178842646948500
"Flop:  [3♠, 5♥, 9♥]",2026-09-03T09:07:45.396Z,178842646539600
"""player 54 @ BeZA_Cf-pd"" shows a Q♠, A♥.",2026-09-03T09:07:41.391Z,178842646139102
"""player 7 @ O8SRi7DfXR"" shows a J♦, J♠.",2026-09-03T09:07:41.391Z,178842646139101
"Uncalled bet of 76 returned to ""player 7 @ O8SRi7DfXR""",2026-09-03T09:07:41.391Z,178842646139100
"Some players choose to not run it twice.",2026-09-03T09:07:40.572Z,178842646057201
"""player 54 @ BeZA_Cf-pd"" chooses to not run it twice.",2026-09-03T09:07:40.572Z,178842646057200
"""player 7 @ O8SRi7DfXR"" chooses to  run it twice.",2026-09-03T09:07:35.989Z,178842645598900
"Remaining players decide whether to run it twice.",2026-09-03T09:07:34.626Z,178842645462601
"""player 52 @ 4chnM3wbbk"" folds",2026-09-03T09:07:34.626Z,178842645462600
"""player 54 @ BeZA_Cf-pd"" calls 524 and go all in",2026-09-03T09:07:32.879Z,178842645287900
"""player 7 @ O8SRi7DfXR"" raises to 600",2026-09-03T09:07:31.223Z,178842645122300
"""player 51 @ uewFolxPCK"" folds",2026-09-03T09:07:20.119Z,178842644011900
"""player 53 @ LGay7r_Caq"" folds",2026-09-03T09:07:15.430Z,178842643543000
"""player 52 @ 4chnM3wbbk"" calls 100",2026-09-03T09:07:14.492Z,178842643449200
"""player 54 @ BeZA_Cf-pd"" raises to 100",2026-09-03T09:07:10.703Z,178842643070300
"""player 7 @ O8SRi7DfXR"" calls 25",2026-09-03T09:07:07.461Z,178842642746100
"""player 51 @ uewFolxPCK"" calls 25",2026-09-03T09:06:46.784Z,178842640678400
"""player 53 @ LGay7r_Caq"" calls 25",2026-09-03T09:06:45.816Z,178842640581600
"""player 52 @ 4chnM3wbbk"" raises to 25",2026-09-03T09:06:44.342Z,178842640434200
"""player 54 @ BeZA_Cf-pd"" posts a big blind of 5",2026-09-03T09:06:39.957Z,178842639995708
"""player 7 @ O8SRi7DfXR"" posts a small blind of 2",2026-09-03T09:06:39.957Z,178842639995707
"Player stacks: #1 ""player 51 @ uewFolxPCK"" (1202) | #2 ""player 7 @ O8SRi7DfXR"" (2201) | #4 ""player 54 @ BeZA_Cf-pd"" (524) | #7 ""player 52 @ 4chnM3wbbk"" (2025) | #9 ""player 53 @ LGay7r_Caq"" (1748)",2026-09-03T09:06:39.957Z,178842639995701
"-- starting hand #128 (id: gk8aeivafong)  No Limit Texas Hold'em (dealer: ""player 51 @ uewFolxPCK"") --",2026-09-03T09:06:39.957Z,178842639995700
"""player 7 @ O8SRi7DfXR"" shows a 9♥.",2026-09-03T09:06:36.419Z,178842639641900
"""player 7 @ O8SRi7DfXR"" shows a Q♥.",2026-09-03T09:06:35.636Z,178842639563600
"Undealt cards: 3♦, 8♠, 5♣, K♠ [J♦]",2026-09-03T09:06:35.120Z,178842639512000
"-- ending hand #127 --",2026-09-03T09:06:33.290Z,178842639329002
"""player 51 @ uewFolxPCK"" collected 255 from pot",2026-09-03T09:06:33.290Z,178842639329001
"Uncalled bet of 60 returned to ""player 51 @ uewFolxPCK""",2026-09-03T09:06:33.290Z,178842639329000
"""player 54 @ BeZA_Cf-pd"" folds",2026-09-03T09:06:32.429Z,178842639242900
"""player 7 @ O8SRi7DfXR"" folds",2026-09-03T09:06:30.366Z,178842639036600
"""player 51 @ uewFolxPCK"" raises to 90",2026-09-03T09:06:28.776Z,178842638877600
"""player 54 @ BeZA_Cf-pd"" bets 30",2026-09-03T09:06:25.917Z,178842638591700
"""player 7 @ O8SRi7DfXR"" checks",2026-09-03T09:06:23.214Z,178842638321400
"""player 51 @ uewFolxPCK"" checks",2026-09-03T09:06:20.767Z,178842638076700
"Turn: 3♦, 8♠, 5♣ [K♠]",2026-09-03T09:06:18.706Z,178842637870600
"""player 54 @ BeZA_Cf-pd"" checks",2026-09-03T09:06:17.901Z,178842637790100
"""player 7 @ O8SRi7DfXR"" checks",2026-09-03T09:06:16.831Z,178842637683100
"""player 51 @ uewFolxPCK"" checks",2026-09-03T09:06:15.266Z,178842637526600
"Flop:  [3♦, 8♠, 5♣]",2026-09-03T09:06:13.216Z,178842637321600
"""player 53 @ LGay7r_Caq"" folds",2026-09-03T09:06:12.402Z,178842637240200
"""player 54 @ BeZA_Cf-pd"" calls 60",2026-09-03T09:06:07.003Z,178842636700300
"""player 7 @ O8SRi7DfXR"" calls 60",2026-09-03T09:06:06.032Z,178842636603200
"""player 51 @ uewFolxPCK"" raises to 60",2026-09-03T09:06:02.994Z,178842636299400
"""player 53 @ LGay7r_Caq"" raises to 15",2026-09-03T09:06:00.576Z,178842636057600
"""player 52 @ 4chnM3wbbk"" folds",2026-09-03T09:05:58.773Z,178842635877300
"""player 54 @ BeZA_Cf-pd"" calls 5",2026-09-03T09:05:57.759Z,178842635775900
"""player 7 @ O8SRi7DfXR"" posts a big blind of 5",2026-09-03T09:05:55.583Z,178842635558308
"""player 51 @ uewFolxPCK"" posts a small blind of 2",2026-09-03T09:05:55.583Z,178842635558307
"Player stacks: #1 ""player 51 @ uewFolxPCK"" (1037) | #2 ""player 7 @ O8SRi7DfXR"" (2261) | #4 ""player 54 @ BeZA_Cf-pd"" (614) | #7 ""player 52 @ 4chnM3wbbk"" (2025) | #9 ""player 53 @ LGay7r_Caq"" (1763)",2026-09-03T09:05:55.583Z,178842635558301
"-- starting hand #127 (id: giptfzopwy1l)  No Limit Texas Hold'em (dealer: ""player 53 @ LGay7r_Caq"") --",2026-09-03T09:05:55.583Z,178842635558300
"""player 7 @ O8SRi7DfXR"" shows a 4♠, J♣.",2026-09-03T09:05:53.065Z,178842635306500
"-- ending hand #126 --",2026-09-03T09:05:49.068Z,178842634906804
"""player 53 @ LGay7r_Caq"" collected 255 from pot with Full House, 3's over K's (combination: K♠, K♣, 3♦, 3♣, 3♠)",2026-09-03T09:05:49.068Z,178842634906803
"""player 54 @ BeZA_Cf-pd"" collected 255 from pot with Full House, 3's over K's (combination: K♦, K♣, 3♦, 3♣, 3♠)",2026-09-03T09:05:49.068Z,178842634906802
"""player 54 @ BeZA_Cf-pd"" shows a 10♣, K♦.",2026-09-03T09:05:49.068Z,178842634906801
"""player 53 @ LGay7r_Caq"" shows a K♠, 2♥.",2026-09-03T09:05:49.068Z,178842634906800
"""player 54 @ BeZA_Cf-pd"" calls 170",2026-09-03T09:05:48.208Z,178842634820800
"""player 53 @ LGay7r_Caq"" bets 170",2026-09-03T09:05:46.833Z,178842634683300
"River: 3♦, 8♥, K♣, 3♣ [3♠]",2026-09-03T09:05:43.956Z,178842634395600
"""player 54 @ BeZA_Cf-pd"" checks",2026-09-03T09:05:43.112Z,178842634311200
"""player 53 @ LGay7r_Caq"" checks",2026-09-03T09:05:42.124Z,178842634212400
"Turn: 3♦, 8♥, K♣ [3♣]",2026-09-03T09:05:40.571Z,178842634057100
"""player 54 @ BeZA_Cf-pd"" calls 45",2026-09-03T09:05:39.714Z,178842633971400
"""player 7 @ O8SRi7DfXR"" folds",2026-09-03T09:05:38.493Z,178842633849300
"""player 53 @ LGay7r_Caq"" raises to 45",2026-09-03T09:05:32.501Z,178842633250100
"""player 52 @ 4chnM3wbbk"" folds",2026-09-03T09:05:30.190Z,178842633019000
"""player 54 @ BeZA_Cf-pd"" raises to 15",2026-09-03T09:05:27.922Z,178842632792200
"""player 7 @ O8SRi7DfXR"" calls 5",2026-09-03T09:05:25.554Z,178842632555400
"""player 51 @ uewFolxPCK"" folds",2026-09-03T09:05:13.165Z,178842631316500
"""player 53 @ LGay7r_Caq"" bets 5",2026-09-03T09:05:11.705Z,178842631170500
"Flop:  [3♦, 8♥, K♣]",2026-09-03T09:05:10.084Z,178842631008400
"""player 54 @ BeZA_Cf-pd"" calls 15",2026-09-03T09:05:09.261Z,178842630926100
"""player 7 @ O8SRi7DfXR"" calls 15",2026-09-03T09:05:08.340Z,178842630834000
"""player 51 @ uewFolxPCK"" calls 15",2026-09-03T09:05:04.952Z,178842630495200
"""player 53 @ LGay7r_Caq"" calls 15",2026-09-03T09:05:01.999Z,178842630199900
"""player 52 @ 4chnM3wbbk"" raises to 15",2026-09-03T09:04:59.776Z,178842629977600
"""player 54 @ BeZA_Cf-pd"" calls 5",2026-09-03T09:04:54.720Z,178842629472000
"""player 7 @ O8SRi7DfXR"" calls 5",2026-09-03T09:04:51.005Z,178842629100500
"""player 51 @ uewFolxPCK"" posts a big blind of 5",2026-09-03T09:04:49.104Z,178842628910408
"""player 53 @ LGay7r_Caq"" posts a small blind of 2",2026-09-03T09:04:49.104Z,178842628910407
"Player stacks: #1 ""player 51 @ uewFolxPCK"" (1052) | #2 ""player 7 @ O8SRi7DfXR"" (2281) | #4 ""player 54 @ BeZA_Cf-pd"" (589) | #7 ""player 52 @ 4chnM3wbbk"" (2040) | #9 ""player 53 @ LGay7r_Caq"" (1738)",2026-09-03T09:04:49.104Z,178842628910401
"-- starting hand #126 (id: hk4hyy7q0woj)  No Limit Texas Hold'em (dealer: ""player 52 @ 4chnM3wbbk"") --",2026-09-03T09:04:49.104Z,178842628910400
"""player 54 @ BeZA_Cf-pd"" shows a 10♦.",2026-09-03T09:04:46.662Z,178842628666200
"-- ending hand #125 --",2026-09-03T09:04:45.500Z,178842628550002
"""player 54 @ BeZA_Cf-pd"" collected 360 from pot",2026-09-03T09:04:45.500Z,178842628550001
"Uncalled bet of 50 returned to ""player 54 @ BeZA_Cf-pd""",2026-09-03T09:04:45.500Z,178842628550000
"""player 51 @ uewFolxPCK"" folds",2026-09-03T09:04:44.653Z,178842628465300
"""player 54 @ BeZA_Cf-pd"" bets 50",2026-09-03T09:04:41.812Z,178842628181200
"""player 51 @ uewFolxPCK"" checks",2026-09-03T09:04:38.432Z,178842627843200
"River: 9♣, 5♣, J♦, 7♠ [3♣]",2026-09-03T09:04:34.894Z,178842627489400
"""player 51 @ uewFolxPCK"" calls 90",2026-09-03T09:04:33.991Z,178842627399100
"""player 53 @ LGay7r_Caq"" folds",2026-09-03T09:04:33.012Z,178842627301200
"""player 54 @ BeZA_Cf-pd"" bets 90",2026-09-03T09:04:32.067Z,178842627206700
"""player 51 @ uewFolxPCK"" checks",2026-09-03T09:04:29.381Z,178842626938100
"""player 53 @ LGay7r_Caq"" checks",2026-09-03T09:04:27.244Z,178842626724400
"Turn: 9♣, 5♣, J♦ [7♠]",2026-09-03T09:04:25.752Z,178842626575200
"""player 51 @ uewFolxPCK"" calls 40",2026-09-03T09:04:24.940Z,178842626494000
"""player 53 @ LGay7r_Caq"" calls 40",2026-09-03T09:04:23.338Z,178842626333800
"""player 52 @ 4chnM3wbbk"" folds",2026-09-03T09:04:22.242Z,178842626224200
"""player 54 @ BeZA_Cf-pd"" raises to 40",2026-09-03T09:04:21.313Z,178842626131300
"""player 51 @ uewFolxPCK"" calls 20",2026-09-03T09:04:18.645Z,178842625864500
"""player 53 @ LGay7r_Caq"" bets 20",2026-09-03T09:04:17.642Z,178842625764200
"""player 52 @ 4chnM3wbbk"" checks",2026-09-03T09:04:15.360Z,178842625536000
"Flop:  [9♣, 5♣, J♦]",2026-09-03T09:04:13.451Z,178842625345100
"""player 51 @ uewFolxPCK"" calls 15",2026-09-03T09:04:12.645Z,178842625264500
"""player 53 @ LGay7r_Caq"" calls 15",2026-09-03T09:04:11.243Z,178842625124300
"""player 52 @ 4chnM3wbbk"" calls 15",2026-09-03T09:04:10.240Z,178842625024000
"""player 54 @ BeZA_Cf-pd"" raises to 15",2026-09-03T09:04:07.115Z,178842624711500
"""player 7 @ O8SRi7DfXR"" folds",2026-09-03T09:04:05.101Z,178842624510100
"""player 51 @ uewFolxPCK"" calls 5",2026-09-03T09:03:55.739Z,178842623573900
"""player 53 @ LGay7r_Caq"" posts a big blind of 5",2026-09-03T09:03:54.784Z,178842623478408
"""player 52 @ 4chnM3wbbk"" posts a small blind of 2",2026-09-03T09:03:54.784Z,178842623478407
"Player stacks: #1 ""player 51 @ uewFolxPCK"" (1197) | #2 ""player 7 @ O8SRi7DfXR"" (2281) | #4 ""player 54 @ BeZA_Cf-pd"" (374) | #7 ""player 52 @ 4chnM3wbbk"" (2055) | #9 ""player 53 @ LGay7r_Caq"" (1793)",2026-09-03T09:03:54.784Z,178842623478401
"-- starting hand #125 (id: jpyoxgbxkms6)  No Limit Texas Hold'em (dealer: ""player 54 @ BeZA_Cf-pd"") --",2026-09-03T09:03:54.784Z,178842623478400
"""player 7 @ O8SRi7DfXR"" shows a 10♦, 10♠.",2026-09-03T09:03:51.909Z,178842623190900
"-- ending hand #124 --",2026-09-03T09:03:51.179Z,178842623117902
"""player 7 @ O8SRi7DfXR"" collected 117 from pot",2026-09-03T09:03:51.179Z,178842623117901
"Uncalled bet of 62 returned to ""player 7 @ O8SRi7DfXR""",2026-09-03T09:03:51.179Z,178842623117900
"""player 52 @ 4chnM3wbbk"" folds",2026-09-03T09:03:50.325Z,178842623032500
"""player 7 @ O8SRi7DfXR"" raises to 67",2026-09-03T09:03:48.484Z,178842622848400
"""player 52 @ 4chnM3wbbk"" bets 5",2026-09-03T09:03:45.226Z,178842622522600
"River: K♦, 8♦, J♠, 9♣ [Q♣]",2026-09-03T09:03:43.976Z,178842622397600
"""player 7 @ O8SRi7DfXR"" checks",2026-09-03T09:03:43.102Z,178842622310200
"""player 52 @ 4chnM3wbbk"" checks",2026-09-03T09:03:41.611Z,178842622161100
"Turn: K♦, 8♦, J♠ [9♣]",2026-09-03T09:03:39.977Z,178842621997700
"""player 7 @ O8SRi7DfXR"" checks",2026-09-03T09:03:39.153Z,178842621915300
"""player 52 @ 4chnM3wbbk"" checks",2026-09-03T09:03:37.207Z,178842621720700
"Flop:  [K♦, 8♦, J♠]",2026-09-03T09:03:35.578Z,178842621557800
"""player 51 @ uewFolxPCK"" folds",2026-09-03T09:03:34.751Z,178842621475100
"""player 52 @ 4chnM3wbbk"" calls 45",2026-09-03T09:03:33.828Z,178842621382800
"""player 54 @ BeZA_Cf-pd"" folds",2026-09-03T09:03:30.676Z,178842621067600
"""player 7 @ O8SRi7DfXR"" raises to 45",2026-09-03T09:03:29.348Z,178842620934800
"""player 51 @ uewFolxPCK"" raises to 15",2026-09-03T09:03:20.019Z,178842620001900
"""player 53 @ LGay7r_Caq"" folds",2026-09-03T09:03:17.407Z,178842619740700
"""player 52 @ 4chnM3wbbk"" posts a big blind of 5",2026-09-03T09:03:14.868Z,178842619486808
"""player 54 @ BeZA_Cf-pd"" posts a small blind of 2",2026-09-03T09:03:14.868Z,178842619486807
"Player stacks: #1 ""player 51 @ uewFolxPCK"" (1212) | #2 ""player 7 @ O8SRi7DfXR"" (2214) | #4 ""player 54 @ BeZA_Cf-pd"" (376) | #7 ""player 52 @ 4chnM3wbbk"" (2105) | #9 ""player 53 @ LGay7r_Caq"" (1793)",2026-09-03T09:03:14.868Z,178842619486801
"-- starting hand #124 (id: 9xqcmiua0fym)  No Limit Texas Hold'em (dealer: ""player 7 @ O8SRi7DfXR"") --",2026-09-03T09:03:14.868Z,178842619486800
"-- ending hand #123 --",2026-09-03T09:03:08.862Z,178842618886203
"""player 51 @ uewFolxPCK"" collected 107 from pot with Pair, 8's (combination: 10♦, Q♠, K♣, 8♦, 8♠)",2026-09-03T09:03:08.862Z,178842618886202
"""player 51 @ uewFolxPCK"" shows a K♣, 8♦.",2026-09-03T09:03:08.862Z,178842618886201
"""player 52 @ 4chnM3wbbk"" shows a 4♠, 4♣.",2026-09-03T09:03:08.862Z,178842618886200
"""player 51 @ uewFolxPCK"" checks",2026-09-03T09:03:08.040Z,178842618804000
"""player 52 @ 4chnM3wbbk"" checks",2026-09-03T09:03:07.030Z,178842618703000
"River: 8♠, 9♦, 10♦, 5♥ [Q♠]",2026-09-03T09:02:59.968Z,178842617996800
"""player 51 @ uewFolxPCK"" checks",2026-09-03T09:02:59.132Z,178842617913200
"""player 52 @ 4chnM3wbbk"" checks",2026-09-03T09:02:58.225Z,178842617822500
"Turn: 8♠, 9♦, 10♦ [5♥]",2026-09-03T09:02:56.322Z,178842617632200
"""player 52 @ 4chnM3wbbk"" calls 5",2026-09-03T09:02:55.395Z,178842617539500
"""player 51 @ uewFolxPCK"" bets 5",2026-09-03T09:02:53.647Z,178842617364700
"""player 52 @ 4chnM3wbbk"" checks",2026-09-03T09:02:51.562Z,178842617156200
"Flop:  [8♠, 9♦, 10♦]",2026-09-03T09:02:49.709Z,178842616970900
"""player 52 @ 4chnM3wbbk"" calls 45",2026-09-03T09:02:48.807Z,178842616880700
"""player 54 @ BeZA_Cf-pd"" folds",2026-09-03T09:02:46.931Z,178842616693100
"""player 7 @ O8SRi7DfXR"" folds",2026-09-03T09:02:45.258Z,178842616525800
"""player 51 @ uewFolxPCK"" raises to 45",2026-09-03T09:02:29.977Z,178842614997700
"""player 53 @ LGay7r_Caq"" folds",2026-09-03T09:02:27.995Z,178842614799500
"""player 52 @ 4chnM3wbbk"" raises to 10",2026-09-03T09:02:27.011Z,178842614701100
"""player 54 @ BeZA_Cf-pd"" posts a big blind of 5",2026-09-03T09:02:24.469Z,178842614446908
"""player 7 @ O8SRi7DfXR"" posts a small blind of 2",2026-09-03T09:02:24.469Z,178842614446907
"Your hand is K♣, 8♦",2026-09-03T09:02:24.469Z,178842614446902
"Player stacks: #1 ""player 51 @ uewFolxPCK"" (1155) | #2 ""player 7 @ O8SRi7DfXR"" (2216) | #4 ""player 54 @ BeZA_Cf-pd"" (381) | #7 ""player 52 @ 4chnM3wbbk"" (2155) | #9 ""player 53 @ LGay7r_Caq"" (1793)",2026-09-03T09:02:24.469Z,178842614446901
"-- starting hand #123 (id: vwrktmlfrsbn)  No Limit Texas Hold'em (dealer: ""player 51 @ uewFolxPCK"") --",2026-09-03T09:02:24.469Z,178842614446900
"""player 51 @ uewFolxPCK"" shows a 6♠.",2026-09-03T09:02:19.425Z,178842613942500
"""player 7 @ O8SRi7DfXR"" shows a 4♠, 3♦.",2026-09-03T09:02:18.782Z,178842613878200
"-- ending hand #122 --",2026-09-03T09:02:17.379Z,178842613737902
"""player 52 @ 4chnM3wbbk"" collected 160 from pot with Straight, 9 High (combination: 5♦, 6♦, 7♠, 8♣, 9♦)",2026-09-03T09:02:17.379Z,178842613737901
"""player 52 @ 4chnM3wbbk"" shows a Q♦, 7♠.",2026-09-03T09:02:17.379Z,178842613737900
"""player 7 @ O8SRi7DfXR"" folds",2026-09-03T09:02:16.558Z,178842613655800
"""player 51 @ uewFolxPCK"" folds",2026-09-03T09:02:15.465Z,178842613546500
"""player 53 @ LGay7r_Caq"" calls 40",2026-09-03T09:02:13.139Z,178842613313900
"""player 52 @ 4chnM3wbbk"" bets 40",2026-09-03T09:02:11.587Z,178842613158700
"""player 7 @ O8SRi7DfXR"" checks",2026-09-03T09:02:09.348Z,178842612934800
"""player 51 @ uewFolxPCK"" checks",2026-09-03T09:02:07.525Z,178842612752500
"River: 5♦, K♠, 9♦, 8♣ [6♦]",2026-09-03T09:02:05.209Z,178842612520900
"""player 53 @ LGay7r_Caq"" calls 5",2026-09-03T09:02:04.387Z,178842612438700
"""player 52 @ 4chnM3wbbk"" calls 5",2026-09-03T09:02:03.280Z,178842612328000
"""player 7 @ O8SRi7DfXR"" calls 5",2026-09-03T09:02:01.834Z,178842612183400
"""player 51 @ uewFolxPCK"" bets 5",2026-09-03T09:01:58.911Z,178842611891100
"Turn: 5♦, K♠, 9♦ [8♣]",2026-09-03T09:01:55.766Z,178842611576600
"""player 52 @ 4chnM3wbbk"" calls 5",2026-09-03T09:01:54.910Z,178842611491000
"""player 7 @ O8SRi7DfXR"" calls 5",2026-09-03T09:01:53.531Z,178842611353100
"""player 51 @ uewFolxPCK"" calls 5",2026-09-03T09:01:48.844Z,178842610884400
"""player 53 @ LGay7r_Caq"" bets 5",2026-09-03T09:01:47.736Z,178842610773600
"""player 52 @ 4chnM3wbbk"" checks",2026-09-03T09:01:42.804Z,178842610280400
"""player 7 @ O8SRi7DfXR"" checks",2026-09-03T09:01:41.031Z,178842610103100
"""player 51 @ uewFolxPCK"" checks",2026-09-03T09:01:36.052Z,178842609605200
"Flop:  [5♦, K♠, 9♦]",2026-09-03T09:01:32.667Z,178842609266700
"""player 52 @ 4chnM3wbbk"" calls 10",2026-09-03T09:01:31.795Z,178842609179500
"""player 7 @ O8SRi7DfXR"" calls 10",2026-09-03T09:01:29.246Z,178842608924600
"""player 51 @ uewFolxPCK"" calls 10",2026-09-03T09:01:22.676Z,178842608267600
"""player 53 @ LGay7r_Caq"" raises to 10",2026-09-03T09:01:21.516Z,178842608151600
"""player 52 @ 4chnM3wbbk"" calls 5",2026-09-03T09:01:19.513Z,178842607951300
"""player 54 @ BeZA_Cf-pd"" folds",2026-09-03T09:01:17.767Z,178842607776700
"""player 7 @ O8SRi7DfXR"" posts a big blind of 5",2026-09-03T09:01:14.697Z,178842607469708
"""player 51 @ uewFolxPCK"" posts a small blind of 2",2026-09-03T09:01:14.697Z,178842607469707
"Player stacks: #1 ""player 51 @ uewFolxPCK"" (1175) | #2 ""player 7 @ O8SRi7DfXR"" (2236) | #4 ""player 54 @ BeZA_Cf-pd"" (381) | #7 ""player 52 @ 4chnM3wbbk"" (2055) | #9 ""player 53 @ LGay7r_Caq"" (1853)",2026-09-03T09:01:14.697Z,178842607469701
"-- starting hand #122 (id: zc1kotfyspzc)  No Limit Texas Hold'em (dealer: ""player 53 @ LGay7r_Caq"") --",2026-09-03T09:01:14.697Z,178842607469700
"""player 7 @ O8SRi7DfXR"" shows a 8♦, 7♦.",2026-09-03T09:01:12.421Z,178842607242100
"-- ending hand #121 --",2026-09-03T09:01:11.053Z,178842607105302
"""player 7 @ O8SRi7DfXR"" collected 52 from pot",2026-09-03T09:01:11.053Z,178842607105301
"Uncalled bet of 167 returned to ""player 7 @ O8SRi7DfXR""",2026-09-03T09:01:11.053Z,178842607105300
"""player 51 @ uewFolxPCK"" folds",2026-09-03T09:01:10.232Z,178842607023200
"""player 7 @ O8SRi7DfXR"" bets 167",2026-09-03T09:01:07.557Z,178842606755700
"""player 51 @ uewFolxPCK"" checks",2026-09-03T09:01:05.115Z,178842606511500
"River: 2♥, 6♦, 5♦, 4♣ [6♣]",2026-09-03T09:01:00.087Z,178842606008700
"""player 7 @ O8SRi7DfXR"" checks",2026-09-03T09:00:59.231Z,178842605923100
"""player 51 @ uewFolxPCK"" checks",2026-09-03T09:00:58.047Z,178842605804700
"Turn: 2♥, 6♦, 5♦ [4♣]",2026-09-03T09:00:56.202Z,178842605620200
"""player 7 @ O8SRi7DfXR"" checks",2026-09-03T09:00:55.398Z,178842605539800
"""player 51 @ uewFolxPCK"" checks",2026-09-03T09:00:53.242Z,178842605324200
"Flop:  [2♥, 6♦, 5♦]",2026-09-03T09:00:51.760Z,178842605176000
"""player 7 @ O8SRi7DfXR"" calls 25",2026-09-03T09:00:50.883Z,178842605088300
"""player 51 @ uewFolxPCK"" raises to 25",2026-09-03T09:00:48.788Z,178842604878800
"""player 53 @ LGay7r_Caq"" folds",2026-09-03T09:00:45.182Z,178842604518200
"""player 52 @ 4chnM3wbbk"" folds",2026-09-03T09:00:42.247Z,178842604224700
"""player 54 @ BeZA_Cf-pd"" folds",2026-09-03T09:00:41.339Z,178842604133900
"""player 7 @ O8SRi7DfXR"" calls 5",2026-09-03T09:00:37.796Z,178842603779600
"""player 51 @ uewFolxPCK"" posts a big blind of 5",2026-09-03T09:00:32.920Z,178842603292008
"""player 53 @ LGay7r_Caq"" posts a small blind of 2",2026-09-03T09:00:32.920Z,178842603292007
"Player stacks: #1 ""player 51 @ uewFolxPCK"" (1200) | #2 ""player 7 @ O8SRi7DfXR"" (2209) | #4 ""player 54 @ BeZA_Cf-pd"" (381) | #7 ""player 52 @ 4chnM3wbbk"" (2055) | #9 ""player 53 @ LGay7r_Caq"" (1855)",2026-09-03T09:00:32.920Z,178842603292001
"-- starting hand #121 (id: bwi0hv8o0tr1)  No Limit Texas Hold'em (dealer: ""player 52 @ 4chnM3wbbk"") --",2026-09-03T09:00:32.920Z,178842603292000
"""player 54 @ BeZA_Cf-pd"" shows a 4♦.",2026-09-03T09:00:29.948Z,178842602994800
"""player 7 @ O8SRi7DfXR"" shows a 10♦.",2026-09-03T09:00:29.229Z,178842602922900
"Undealt cards: 7♠, 9♠, 10♥, 7♥ [4♣]",2026-09-03T09:00:28.608Z,178842602860800
"-- ending hand #120 --",2026-09-03T09:00:25.588Z,178842602558802
"""player 7 @ O8SRi7DfXR"" collected 184 from pot",2026-09-03T09:00:25.588Z,178842602558801
"Uncalled bet of 167 returned to ""player 7 @ O8SRi7DfXR""",2026-09-03T09:00:25.588Z,178842602558800
"""player 54 @ BeZA_Cf-pd"" folds",2026-09-03T09:00:24.722Z,178842602472200
"""player 7 @ O8SRi7DfXR"" bets 167",2026-09-03T09:00:23.505Z,178842602350500
"Turn: 7♠, 9♠, 10♥ [7♥]",2026-09-03T09:00:15.789Z,178842601578900
"""player 52 @ 4chnM3wbbk"" folds",2026-09-03T09:00:14.978Z,178842601497800
"""player 54 @ BeZA_Cf-pd"" calls 67",2026-09-03T09:00:12.992Z,178842601299200
"""player 7 @ O8SRi7DfXR"" bets 67",2026-09-03T09:00:11.666Z,178842601166600
"""player 52 @ 4chnM3wbbk"" checks",2026-09-03T09:00:03.842Z,178842600384200
"Flop:  [7♠, 9♠, 10♥]",2026-09-03T09:00:01.552Z,178842600155200
"""player 54 @ BeZA_Cf-pd"" calls 15",2026-09-03T09:00:00.635Z,178842600063500
"""player 7 @ O8SRi7DfXR"" calls 15",2026-09-03T08:59:58.076Z,178842599807600
"""player 53 @ LGay7r_Caq"" folds",2026-09-03T08:59:52.705Z,178842599270500
"""player 52 @ 4chnM3wbbk"" raises to 15",2026-09-03T08:59:51.662Z,178842599166200
"""player 54 @ BeZA_Cf-pd"" calls 5",2026-09-03T08:59:49.070Z,178842598907000
"""player 7 @ O8SRi7DfXR"" calls 5",2026-09-03T08:59:48.041Z,178842598804100
"""player 51 @ uewFolxPCK"" folds",2026-09-03T08:59:43.739Z,178842598373900
"""player 53 @ LGay7r_Caq"" posts a big blind of 5",2026-09-03T08:59:42.196Z,178842598219608
"""player 52 @ 4chnM3wbbk"" posts a small blind of 2",2026-09-03T08:59:42.196Z,178842598219607
"Player stacks: #1 ""player 51 @ uewFolxPCK"" (1200) | #2 ""player 7 @ O8SRi7DfXR"" (2107) | #4 ""player 54 @ BeZA_Cf-pd"" (463) | #7 ""player 52 @ 4chnM3wbbk"" (2070) | #9 ""player 53 @ LGay7r_Caq"" (1860)",2026-09-03T08:59:42.196Z,178842598219601
"-- starting hand #120 (id: xxpkvnyowyc0)  No Limit Texas Hold'em (dealer: ""player 54 @ BeZA_Cf-pd"") --",2026-09-03T08:59:42.196Z,178842598219600
"-- ending hand #119 --",2026-09-03T08:59:36.186Z,178842597618602
"""player 7 @ O8SRi7DfXR"" collected 179 from pot with Pair, 6's (combination: 8♠, Q♥, K♣, 6♣, 6♦)",2026-09-03T08:59:36.186Z,178842597618601
"""player 7 @ O8SRi7DfXR"" shows a 6♣, Q♥.",2026-09-03T08:59:36.186Z,178842597618600
"""player 52 @ 4chnM3wbbk"" calls 67",2026-09-03T08:59:35.313Z,178842597531300
"""player 54 @ BeZA_Cf-pd"" folds",2026-09-03T08:59:30.657Z,178842597065700
"""player 7 @ O8SRi7DfXR"" raises to 67",2026-09-03T08:59:26.592Z,178842596659200
"""player 52 @ 4chnM3wbbk"" bets 30",2026-09-03T08:59:12.630Z,178842595263000
"""player 54 @ BeZA_Cf-pd"" checks",2026-09-03T08:59:08.570Z,178842594857000
"River: K♣, 8♠, 6♦, 7♣ [3♦]",2026-09-03T08:59:07.231Z,178842594723100
"""player 54 @ BeZA_Cf-pd"" calls 10",2026-09-03T08:59:06.411Z,178842594641100
"""player 7 @ O8SRi7DfXR"" calls 10",2026-09-03T08:59:05.420Z,178842594542000
"""player 52 @ 4chnM3wbbk"" bets 10",2026-09-03T08:59:00.325Z,178842594032500
"""player 54 @ BeZA_Cf-pd"" checks",2026-09-03T08:58:57.472Z,178842593747200
"Turn: K♣, 8♠, 6♦ [7♣]",2026-09-03T08:58:55.463Z,178842593546300
"""player 7 @ O8SRi7DfXR"" checks",2026-09-03T08:58:54.610Z,178842593461000
"""player 52 @ 4chnM3wbbk"" checks",2026-09-03T08:58:51.912Z,178842593191200
"""player 54 @ BeZA_Cf-pd"" checks",2026-09-03T08:58:50.692Z,178842593069200
"Flop:  [K♣, 8♠, 6♦]",2026-09-03T08:58:48.702Z,178842592870200
"""player 52 @ 4chnM3wbbk"" checks",2026-09-03T08:58:47.877Z,178842592787700
"""player 54 @ BeZA_Cf-pd"" calls 5",2026-09-03T08:58:46.589Z,178842592658900
"""player 7 @ O8SRi7DfXR"" calls 5",2026-09-03T08:58:45.308Z,178842592530800
"""player 51 @ uewFolxPCK"" folds",2026-09-03T08:58:43.237Z,178842592323700
"""player 53 @ LGay7r_Caq"" folds",2026-09-03T08:58:41.107Z,178842592110700
"""player 52 @ 4chnM3wbbk"" posts a big blind of 5",2026-09-03T08:58:38.654Z,178842591865408
"""player 54 @ BeZA_Cf-pd"" posts a small blind of 2",2026-09-03T08:58:38.654Z,178842591865407
"Player stacks: #1 ""player 51 @ uewFolxPCK"" (1200) | #2 ""player 7 @ O8SRi7DfXR"" (2010) | #4 ""player 54 @ BeZA_Cf-pd"" (478) | #7 ""player 52 @ 4chnM3wbbk"" (2152) | #9 ""player 53 @ LGay7r_Caq"" (1860)",2026-09-03T08:58:38.654Z,178842591865401
"-- starting hand #119 (id: 0rh8jdvjmvnv)  No Limit Texas Hold'em (dealer: ""player 7 @ O8SRi7DfXR"") --",2026-09-03T08:58:38.654Z,178842591865400
"-- ending hand #118 --",2026-09-03T08:58:32.650Z,178842591265002
"""player 51 @ uewFolxPCK"" collected 761 from pot with Pair, J's (combination: 5♥, K♣, A♦, J♦, J♠)",2026-09-03T08:58:32.650Z,178842591265001
"""player 51 @ uewFolxPCK"" shows a A♦, J♦.",2026-09-03T08:58:32.650Z,178842591265000
"""player 54 @ BeZA_Cf-pd"" calls 122",2026-09-03T08:58:31.782Z,178842591178200
"""player 51 @ uewFolxPCK"" bets 122",2026-09-03T08:58:28.872Z,178842590887200
"""player 54 @ BeZA_Cf-pd"" checks",2026-09-03T08:58:22.340Z,178842590234000
"River: 5♥, J♠, 4♦, 3♦ [K♣]",2026-09-03T08:58:20.856Z,178842590085600
"""player 54 @ BeZA_Cf-pd"" calls 100",2026-09-03T08:58:20.006Z,178842590000600
"""player 51 @ uewFolxPCK"" bets 100",2026-09-03T08:58:11.362Z,178842589136200
"""player 54 @ BeZA_Cf-pd"" checks",2026-09-03T08:58:06.998Z,178842588699800
"Turn: 5♥, J♠, 4♦ [3♦]",2026-09-03T08:58:05.615Z,178842588561500
"""player 54 @ BeZA_Cf-pd"" calls 90",2026-09-03T08:58:04.745Z,178842588474500
"""player 51 @ uewFolxPCK"" raises to 90",2026-09-03T08:58:02.983Z,178842588298300
"""player 53 @ LGay7r_Caq"" folds",2026-09-03T08:58:00.840Z,178842588084000
"""player 54 @ BeZA_Cf-pd"" bets 30",2026-09-03T08:57:59.651Z,178842587965100
"Flop:  [5♥, J♠, 4♦]",2026-09-03T08:57:53.524Z,178842587352400
"""player 53 @ LGay7r_Caq"" calls 45",2026-09-03T08:57:52.675Z,178842587267500
"""player 54 @ BeZA_Cf-pd"" calls 45",2026-09-03T08:57:50.175Z,178842587017500
"""player 7 @ O8SRi7DfXR"" folds",2026-09-03T08:57:49.013Z,178842586901300
"""player 51 @ uewFolxPCK"" raises to 45",2026-09-03T08:57:48.104Z,178842586810400
"""player 53 @ LGay7r_Caq"" calls 5",2026-09-03T08:57:45.945Z,178842586594500
"""player 52 @ 4chnM3wbbk"" folds",2026-09-03T08:57:44.206Z,178842586420600
"""player 54 @ BeZA_Cf-pd"" posts a big blind of 5",2026-09-03T08:57:40.511Z,178842586051108
"""player 7 @ O8SRi7DfXR"" posts a small blind of 2",2026-09-03T08:57:40.511Z,178842586051107
"Your hand is A♦, J♦",2026-09-03T08:57:40.511Z,178842586051102
"Player stacks: #1 ""player 51 @ uewFolxPCK"" (796) | #2 ""player 7 @ O8SRi7DfXR"" (2012) | #4 ""player 54 @ BeZA_Cf-pd"" (835) | #7 ""player 52 @ 4chnM3wbbk"" (2152) | #9 ""player 53 @ LGay7r_Caq"" (1905)",2026-09-03T08:57:40.511Z,178842586051101
"-- starting hand #118 (id: krcm4vjf8g2m)  No Limit Texas Hold'em (dealer: ""player 51 @ uewFolxPCK"") --",2026-09-03T08:57:40.511Z,178842586051100
"""player 53 @ LGay7r_Caq"" shows a 2♠.",2026-09-03T08:57:37.688Z,178842585768800
"""player 53 @ LGay7r_Caq"" shows a 9♣.",2026-09-03T08:57:36.289Z,178842585628900
"-- ending hand #117 --",2026-09-03T08:57:33.907Z,178842585390703
"""player 7 @ O8SRi7DfXR"" collected 205 from pot with Pair, J's (combination: 9♥, 10♣, Q♣, J♥, J♦)",2026-09-03T08:57:33.907Z,178842585390702
"""player 7 @ O8SRi7DfXR"" shows a J♥, J♦.",2026-09-03T08:57:33.907Z,178842585390701
"""player 51 @ uewFolxPCK"" shows a K♦, 9♠.",2026-09-03T08:57:33.907Z,178842585390700
"""player 53 @ LGay7r_Caq"" calls 5",2026-09-03T08:57:32.978Z,178842585297800
"""player 52 @ 4chnM3wbbk"" calls 5",2026-09-03T08:57:31.777Z,178842585177700
"""player 7 @ O8SRi7DfXR"" calls 5",2026-09-03T08:57:30.748Z,178842585074800
"""player 51 @ uewFolxPCK"" bets 5",2026-09-03T08:57:29.624Z,178842584962400
"River: 6♥, 10♣, 3♣, 9♥ [Q♣]",2026-09-03T08:57:27.100Z,178842584710000
"""player 53 @ LGay7r_Caq"" checks",2026-09-03T08:57:26.179Z,178842584617900
"""player 52 @ 4chnM3wbbk"" checks",2026-09-03T08:57:24.194Z,178842584419400
"""player 7 @ O8SRi7DfXR"" checks",2026-09-03T08:57:22.988Z,178842584298800
"""player 51 @ uewFolxPCK"" checks",2026-09-03T08:57:21.987Z,178842584198700
"Turn: 6♥, 10♣, 3♣ [9♥]",2026-09-03T08:57:19.953Z,178842583995300
"""player 53 @ LGay7r_Caq"" checks",2026-09-03T08:57:19.123Z,178842583912300
"""player 52 @ 4chnM3wbbk"" checks",2026-09-03T08:57:15.629Z,178842583562900
"""player 7 @ O8SRi7DfXR"" checks",2026-09-03T08:57:13.827Z,178842583382700
"""player 51 @ uewFolxPCK"" checks",2026-09-03T08:57:11.814Z,178842583181400
"Flop:  [6♥, 10♣, 3♣]",2026-09-03T08:57:09.290Z,178842582929000
"""player 52 @ 4chnM3wbbk"" calls 45",2026-09-03T08:57:08.394Z,178842582839400
"""player 54 @ BeZA_Cf-pd"" folds",2026-09-03T08:57:04.189Z,178842582418900
"""player 7 @ O8SRi7DfXR"" calls 45",2026-09-03T08:57:03.170Z,178842582317000
"""player 51 @ uewFolxPCK"" calls 45",2026-09-03T08:56:43.321Z,178842580332100
"""player 53 @ LGay7r_Caq"" raises to 45",2026-09-03T08:56:40.925Z,178842580092500
"""player 52 @ 4chnM3wbbk"" raises to 10",2026-09-03T08:56:35.470Z,178842579547000
"""player 54 @ BeZA_Cf-pd"" calls 5",2026-09-03T08:56:28.403Z,178842578840300
"""player 7 @ O8SRi7DfXR"" posts a big blind of 5",2026-09-03T08:56:26.368Z,178842578636808
"""player 51 @ uewFolxPCK"" posts a small blind of 2",2026-09-03T08:56:26.368Z,178842578636807
"Your hand is K♦, 9♠",2026-09-03T08:56:26.368Z,178842578636802
"Player stacks: #1 ""player 51 @ uewFolxPCK"" (846) | #2 ""player 7 @ O8SRi7DfXR"" (1857) | #4 ""player 54 @ BeZA_Cf-pd"" (840) | #7 ""player 52 @ 4chnM3wbbk"" (2202) | #9 ""player 53 @ LGay7r_Caq"" (1955)",2026-09-03T08:56:26.368Z,178842578636801
"-- starting hand #117 (id: 95vuqfptzpys)  No Limit Texas Hold'em (dealer: ""player 53 @ LGay7r_Caq"") --",2026-09-03T08:56:26.368Z,178842578636800
"""player 54 @ BeZA_Cf-pd"" shows a 9♣.",2026-09-03T08:56:25.212Z,178842578521200
"-- ending hand #116 --",2026-09-03T08:56:22.762Z,178842578276202
"""player 7 @ O8SRi7DfXR"" collected 161 from pot",2026-09-03T08:56:22.762Z,178842578276201
"Uncalled bet of 162 returned to ""player 7 @ O8SRi7DfXR""",2026-09-03T08:56:22.762Z,178842578276200
"""player 51 @ uewFolxPCK"" folds",2026-09-03T08:56:21.878Z,178842578187800
"""player 52 @ 4chnM3wbbk"" folds",2026-09-03T08:56:20.882Z,178842578088200
"""player 7 @ O8SRi7DfXR"" raises to 167",2026-09-03T08:56:18.357Z,178842577835700
"""player 51 @ uewFolxPCK"" bets 5",2026-09-03T08:56:14.209Z,178842577420900
"River: 7♥, 3♥, 7♦, 2♣ [5♥]",2026-09-03T08:56:11.757Z,178842577175700
"""player 52 @ 4chnM3wbbk"" checks",2026-09-03T08:56:10.849Z,178842577084900
"""player 7 @ O8SRi7DfXR"" checks",2026-09-03T08:56:04.495Z,178842576449500
"""player 51 @ uewFolxPCK"" checks",2026-09-03T08:56:03.369Z,178842576336900
"Turn: 7♥, 3♥, 7♦ [2♣]",2026-09-03T08:56:01.359Z,178842576135900
"""player 52 @ 4chnM3wbbk"" checks",2026-09-03T08:56:00.533Z,178842576053300
"""player 7 @ O8SRi7DfXR"" checks",2026-09-03T08:55:59.080Z,178842575908000
"""player 51 @ uewFolxPCK"" checks",2026-09-03T08:55:57.020Z,178842575702000
"Flop:  [7♥, 3♥, 7♦]",2026-09-03T08:55:55.541Z,178842575554100
"""player 51 @ uewFolxPCK"" calls 48",2026-09-03T08:55:54.680Z,178842575468000
"""player 52 @ 4chnM3wbbk"" calls 48",2026-09-03T08:55:53.746Z,178842575374600
"""player 54 @ BeZA_Cf-pd"" folds",2026-09-03T08:55:50.996Z,178842575099600
"""player 7 @ O8SRi7DfXR"" raises to 48",2026-09-03T08:55:49.270Z,178842574927000
"""player 51 @ uewFolxPCK"" calls 12",2026-09-03T08:55:44.622Z,178842574462200
"""player 53 @ LGay7r_Caq"" folds",2026-09-03T08:55:42.093Z,178842574209300
"""player 52 @ 4chnM3wbbk"" raises to 12",2026-09-03T08:55:41.141Z,178842574114100
"""player 54 @ BeZA_Cf-pd"" calls 5",2026-09-03T08:55:32.944Z,178842573294400
"""player 7 @ O8SRi7DfXR"" calls 5",2026-09-03T08:55:30.654Z,178842573065400
"""player 51 @ uewFolxPCK"" posts a big blind of 5",2026-09-03T08:55:17.296Z,178842571729608
"""player 53 @ LGay7r_Caq"" posts a small blind of 2",2026-09-03T08:55:17.296Z,178842571729607
"Player stacks: #1 ""player 51 @ uewFolxPCK"" (899) | #2 ""player 7 @ O8SRi7DfXR"" (1749) | #4 ""player 54 @ BeZA_Cf-pd"" (845) | #7 ""player 52 @ 4chnM3wbbk"" (2250) | #9 ""player 53 @ LGay7r_Caq"" (1957)",2026-09-03T08:55:17.296Z,178842571729601
"-- starting hand #116 (id: 9cqin7msjrfh)  No Limit Texas Hold'em (dealer: ""player 52 @ 4chnM3wbbk"") --",2026-09-03T08:55:17.296Z,178842571729600
"""player 7 @ O8SRi7DfXR"" shows a 8♠, 8♦.",2026-09-03T08:55:14.153Z,178842571415300
"-- ending hand #115 --",2026-09-03T08:55:10.695Z,178842571069502
"""player 52 @ 4chnM3wbbk"" collected 1320 from pot with Four of a Kind, 2's (combination: 7♥, 2♠, 2♣, 2♦, 2♥)",2026-09-03T08:55:10.695Z,178842571069501
"""player 52 @ 4chnM3wbbk"" shows a 4♦, 2♠.",2026-09-03T08:55:10.695Z,178842571069500
"""player 7 @ O8SRi7DfXR"" calls 497",2026-09-03T08:55:09.840Z,178842570984000
"""player 52 @ 4chnM3wbbk"" raises to 497",2026-09-03T08:54:50.956Z,178842569095600
"""player 54 @ BeZA_Cf-pd"" folds",2026-09-03T08:54:47.278Z,178842568727800
"""player 7 @ O8SRi7DfXR"" raises to 167",2026-09-03T08:54:40.891Z,178842568089100
"""player 52 @ 4chnM3wbbk"" bets 50",2026-09-03T08:54:38.534Z,178842567853400
"River: 7♣, 2♣, 2♦, 7♥ [2♥]",2026-09-03T08:54:30.748Z,178842567074800
"""player 54 @ BeZA_Cf-pd"" checks",2026-09-03T08:54:29.900Z,178842566990000
"""player 7 @ O8SRi7DfXR"" checks",2026-09-03T08:54:28.501Z,178842566850100
"""player 52 @ 4chnM3wbbk"" checks",2026-09-03T08:54:24.980Z,178842566498000
"Turn: 7♣, 2♣, 2♦ [7♥]",2026-09-03T08:54:22.257Z,178842566225700
"""player 52 @ 4chnM3wbbk"" calls 67",2026-09-03T08:54:21.413Z,178842566141300
"""player 54 @ BeZA_Cf-pd"" calls 67",2026-09-03T08:54:19.974Z,178842565997400
"""player 7 @ O8SRi7DfXR"" bets 67",2026-09-03T08:54:18.247Z,178842565824700
"""player 52 @ 4chnM3wbbk"" checks",2026-09-03T08:54:14.951Z,178842565495100
"Flop:  [7♣, 2♣, 2♦]",2026-09-03T08:54:09.998Z,178842564999800
"""player 7 @ O8SRi7DfXR"" calls 40",2026-09-03T08:54:09.145Z,178842564914500
"""player 53 @ LGay7r_Caq"" folds",2026-09-03T08:54:07.467Z,178842564746700
"""player 52 @ 4chnM3wbbk"" calls 40",2026-09-03T08:54:06.236Z,178842564623600
"""player 54 @ BeZA_Cf-pd"" raises to 40",2026-09-03T08:54:03.867Z,178842564386700
"""player 7 @ O8SRi7DfXR"" calls 5",2026-09-03T08:53:57.604Z,178842563760400
"""player 51 @ uewFolxPCK"" folds",2026-09-03T08:53:55.937Z,178842563593700
"""player 53 @ LGay7r_Caq"" posts a big blind of 5",2026-09-03T08:53:54.156Z,178842563415608
"""player 52 @ 4chnM3wbbk"" posts a small blind of 2",2026-09-03T08:53:54.156Z,178842563415607
"Player stacks: #1 ""player 51 @ uewFolxPCK"" (899) | #2 ""player 7 @ O8SRi7DfXR"" (2353) | #4 ""player 54 @ BeZA_Cf-pd"" (952) | #7 ""player 52 @ 4chnM3wbbk"" (1534) | #9 ""player 53 @ LGay7r_Caq"" (1962)",2026-09-03T08:53:54.156Z,178842563415601
"-- starting hand #115 (id: ebhmxunqyihx)  No Limit Texas Hold'em (dealer: ""player 54 @ BeZA_Cf-pd"") --",2026-09-03T08:53:54.156Z,178842563415600
"-- ending hand #114 --",2026-09-03T08:53:48.151Z,178842562815101
"""player 52 @ 4chnM3wbbk"" collected 1534 from pot with Full House, 4's over 3's (combination: 3♣, 3♥, 4♦, 4♥, 4♣)",2026-09-03T08:53:48.151Z,178842562815100
"River: 4♣, 3♣, 6♣, A♠ [3♥]",2026-09-03T08:53:44.060Z,178842562406000
"""player 52 @ 4chnM3wbbk"" shows a 4♦, 4♥.",2026-09-03T08:53:40.055Z,178842562005501
"""player 54 @ BeZA_Cf-pd"" shows a K♣, K♥.",2026-09-03T08:53:40.055Z,178842562005500
"Some players choose to not run it twice.",2026-09-03T08:53:39.237Z,178842561923701
"""player 54 @ BeZA_Cf-pd"" chooses to not run it twice.",2026-09-03T08:53:39.237Z,178842561923700
"Remaining players decide whether to run it twice.",2026-09-03T08:53:37.987Z,178842561798701
"""player 54 @ BeZA_Cf-pd"" calls 663",2026-09-03T08:53:37.987Z,178842561798700
"""player 52 @ 4chnM3wbbk"" raises to 663 and go all in",2026-09-03T08:53:36.453Z,178842561645300
"""player 54 @ BeZA_Cf-pd"" bets 100",2026-09-03T08:53:33.160Z,178842561316000
"Turn: 4♣, 3♣, 6♣ [A♠]",2026-09-03T08:53:30.702Z,178842561070200
"""player 52 @ 4chnM3wbbk"" calls 50",2026-09-03T08:53:29.864Z,178842560986400
"""player 54 @ BeZA_Cf-pd"" bets 50",2026-09-03T08:53:27.108Z,178842560710800
"Flop:  [4♣, 3♣, 6♣]",2026-09-03T08:53:23.697Z,178842560369700
"""player 7 @ O8SRi7DfXR"" folds",2026-09-03T08:53:22.852Z,178842560285200
"""player 51 @ uewFolxPCK"" folds",2026-09-03T08:53:09.746Z,178842558974600
"""player 52 @ 4chnM3wbbk"" calls 49",2026-09-03T08:53:08.580Z,178842558858000
"""player 54 @ BeZA_Cf-pd"" raises to 49",2026-09-03T08:53:06.452Z,178842558645200
"""player 7 @ O8SRi7DfXR"" calls 5",2026-09-03T08:53:03.012Z,178842558301200
"""player 51 @ uewFolxPCK"" calls 5",2026-09-03T08:52:43.653Z,178842556365300
"""player 53 @ LGay7r_Caq"" folds",2026-09-03T08:52:41.801Z,178842556180100
"""player 52 @ 4chnM3wbbk"" posts a big blind of 5",2026-09-03T08:52:39.618Z,178842555961808
"""player 54 @ BeZA_Cf-pd"" posts a small blind of 2",2026-09-03T08:52:39.618Z,178842555961807
"Player stacks: #1 ""player 51 @ uewFolxPCK"" (904) | #2 ""player 7 @ O8SRi7DfXR"" (2358) | #4 ""player 54 @ BeZA_Cf-pd"" (1714) | #7 ""player 52 @ 4chnM3wbbk"" (762) | #9 ""player 53 @ LGay7r_Caq"" (1962)",2026-09-03T08:52:39.618Z,178842555961801
"-- starting hand #114 (id: kn2ge6wq36nd)  No Limit Texas Hold'em (dealer: ""player 7 @ O8SRi7DfXR"") --",2026-09-03T08:52:39.618Z,178842555961800
"-- ending hand #113 --",2026-09-03T08:52:33.614Z,178842555361401
"""player 7 @ O8SRi7DfXR"" collected 2358 from pot with Straight, A High (combination: 10♥, J♠, Q♠, K♥, A♣)",2026-09-03T08:52:33.614Z,178842555361400
"River: A♣, 10♣, 10♥, Q♠ [J♠]",2026-09-03T08:52:29.567Z,178842554956700
"""player 52 @ 4chnM3wbbk"" shows a 10♠, 4♠.",2026-09-03T08:52:25.563Z,178842554556301
"""player 7 @ O8SRi7DfXR"" shows a K♥.",2026-09-03T08:52:25.563Z,178842554556300
"""player 7 @ O8SRi7DfXR"" shows a J♦.",2026-09-03T08:52:25.036Z,178842554503600
"Some players choose to not run it twice.",2026-09-03T08:52:24.732Z,178842554473201
"""player 52 @ 4chnM3wbbk"" chooses to not run it twice.",2026-09-03T08:52:24.732Z,178842554473200
"Remaining players decide whether to run it twice.",2026-09-03T08:52:23.186Z,178842554318601
"""player 52 @ 4chnM3wbbk"" calls 1054",2026-09-03T08:52:23.186Z,178842554318600
"""player 7 @ O8SRi7DfXR"" raises to 1054 and go all in",2026-09-03T08:52:21.911Z,178842554191100
"""player 51 @ uewFolxPCK"" folds",2026-09-03T08:52:19.975Z,178842553997500
"""player 52 @ 4chnM3wbbk"" raises to 605",2026-09-03T08:52:16.605Z,178842553660500
"""player 7 @ O8SRi7DfXR"" bets 167",2026-09-03T08:52:10.634Z,178842553063400
"Turn: A♣, 10♣, 10♥ [Q♠]",2026-09-03T08:52:02.192Z,178842552219200
"""player 51 @ uewFolxPCK"" calls 50",2026-09-03T08:52:01.249Z,178842552124900
"""player 53 @ LGay7r_Caq"" folds",2026-09-03T08:52:00.223Z,178842552022300
"""player 52 @ 4chnM3wbbk"" calls 50",2026-09-03T08:51:58.987Z,178842551898700
"""player 54 @ BeZA_Cf-pd"" folds",2026-09-03T08:51:54.030Z,178842551403000
"""player 7 @ O8SRi7DfXR"" raises to 50",2026-09-03T08:51:52.322Z,178842551232200
"""player 51 @ uewFolxPCK"" calls 25",2026-09-03T08:51:43.684Z,178842550368400
"""player 53 @ LGay7r_Caq"" bets 25",2026-09-03T08:51:41.880Z,178842550188000
"""player 52 @ 4chnM3wbbk"" checks",2026-09-03T08:51:39.183Z,178842549918300
"""player 54 @ BeZA_Cf-pd"" checks",2026-09-03T08:51:36.876Z,178842549687600
"""player 7 @ O8SRi7DfXR"" checks",2026-09-03T08:51:35.762Z,178842549576200
"Flop:  [A♣, 10♣, 10♥]",2026-09-03T08:51:30.949Z,178842549094900
"""player 53 @ LGay7r_Caq"" calls 15",2026-09-03T08:51:30.118Z,178842549011800
"""player 52 @ 4chnM3wbbk"" calls 15",2026-09-03T08:51:15.033Z,178842547503300
"""player 54 @ BeZA_Cf-pd"" calls 15",2026-09-03T08:51:13.867Z,178842547386700
"""player 7 @ O8SRi7DfXR"" calls 15",2026-09-03T08:51:12.080Z,178842547208000
"""player 51 @ uewFolxPCK"" raises to 15",2026-09-03T08:51:03.391Z,178842546339100
"""player 53 @ LGay7r_Caq"" calls 5",2026-09-03T08:51:01.172Z,178842546117200
"""player 52 @ 4chnM3wbbk"" calls 5",2026-09-03T08:50:57.888Z,178842545788800
"""player 54 @ BeZA_Cf-pd"" posts a big blind of 5",2026-09-03T08:50:54.571Z,178842545457108
"""player 7 @ O8SRi7DfXR"" posts a small blind of 2",2026-09-03T08:50:54.571Z,178842545457107
"Player stacks: #1 ""player 51 @ uewFolxPCK"" (969) | #2 ""player 7 @ O8SRi7DfXR"" (1119) | #4 ""player 54 @ BeZA_Cf-pd"" (1729) | #7 ""player 52 @ 4chnM3wbbk"" (1881) | #9 ""player 53 @ LGay7r_Caq"" (2002)",2026-09-03T08:50:54.571Z,178842545457101
"-- starting hand #113 (id: 5kujb7nl8xty)  No Limit Texas Hold'em (dealer: ""player 51 @ uewFolxPCK"") --",2026-09-03T08:50:54.571Z,178842545457100
"""player 7 @ O8SRi7DfXR"" shows a K♥.",2026-09-03T08:50:51.675Z,178842545167500
"-- ending hand #112 --",2026-09-03T08:50:48.062Z,178842544806202
"""player 53 @ LGay7r_Caq"" collected 602 from pot with Three of a Kind, 6's (combination: 10♠, K♣, 6♣, 6♥, 6♦)",2026-09-03T08:50:48.062Z,178842544806201
"""player 53 @ LGay7r_Caq"" shows a 6♣, 3♦.",2026-09-03T08:50:48.062Z,178842544806200
"""player 51 @ uewFolxPCK"" calls 150",2026-09-03T08:50:47.208Z,178842544720800
"""player 53 @ LGay7r_Caq"" raises to 150",2026-09-03T08:50:37.975Z,178842543797500
"""player 51 @ uewFolxPCK"" bets 33",2026-09-03T08:50:32.450Z,178842543245000
"River: 6♥, 8♦, 6♦, 10♠ [K♣]",2026-09-03T08:50:29.027Z,178842542902700
"""player 51 @ uewFolxPCK"" calls 61",2026-09-03T08:50:28.166Z,178842542816600
"""player 53 @ LGay7r_Caq"" raises to 61",2026-09-03T08:50:26.235Z,178842542623500
"""player 52 @ 4chnM3wbbk"" folds",2026-09-03T08:50:24.405Z,178842542440500
"""player 7 @ O8SRi7DfXR"" folds",2026-09-03T08:50:23.454Z,178842542345400
"""player 51 @ uewFolxPCK"" raises to 33",2026-09-03T08:50:19.414Z,178842541941400
"""player 53 @ LGay7r_Caq"" bets 5",2026-09-03T08:50:16.171Z,178842541617100
"""player 52 @ 4chnM3wbbk"" checks",2026-09-03T08:50:14.403Z,178842541440300
"""player 7 @ O8SRi7DfXR"" checks",2026-09-03T08:50:12.311Z,178842541231100
"""player 51 @ uewFolxPCK"" checks",2026-09-03T08:50:11.403Z,178842541140300
"Turn: 6♥, 8♦, 6♦ [10♠]",2026-09-03T08:50:08.309Z,178842540830900
"""player 53 @ LGay7r_Caq"" checks",2026-09-03T08:50:07.485Z,178842540748500
"""player 52 @ 4chnM3wbbk"" checks",2026-09-03T08:50:05.759Z,178842540575900
"""player 7 @ O8SRi7DfXR"" checks",2026-09-03T08:50:04.808Z,178842540480800
"""player 51 @ uewFolxPCK"" checks",2026-09-03T08:49:59.458Z,178842539945800
"Flop:  [6♥, 8♦, 6♦]",2026-09-03T08:49:57.686Z,178842539768600
"""player 53 @ LGay7r_Caq"" calls 45",2026-09-03T08:49:56.835Z,178842539683500
"""player 52 @ 4chnM3wbbk"" calls 45",2026-09-03T08:49:53.889Z,178842539388900
"""player 7 @ O8SRi7DfXR"" calls 45",2026-09-03T08:49:52.579Z,178842539257900
"""player 51 @ uewFolxPCK"" raises to 45",2026-09-03T08:49:42.304Z,178842538230400
"""player 53 @ LGay7r_Caq"" calls 5",2026-09-03T08:49:39.908Z,178842537990800
"""player 52 @ 4chnM3wbbk"" calls 5",2026-09-03T08:49:38.416Z,178842537841600
"""player 54 @ BeZA_Cf-pd"" folds",2026-09-03T08:49:37.434Z,178842537743400
"""player 7 @ O8SRi7DfXR"" posts a big blind of 5",2026-09-03T08:49:34.670Z,178842537467008
"""player 51 @ uewFolxPCK"" posts a small blind of 2",2026-09-03T08:49:34.670Z,178842537467007
"Player stacks: #1 ""player 51 @ uewFolxPCK"" (1225) | #2 ""player 7 @ O8SRi7DfXR"" (1164) | #4 ""player 54 @ BeZA_Cf-pd"" (1729) | #7 ""player 52 @ 4chnM3wbbk"" (1926) | #9 ""player 53 @ LGay7r_Caq"" (1656)",2026-09-03T08:49:34.670Z,178842537467001
"-- starting hand #112 (id: cfcwb1xae61j)  No Limit Texas Hold'em (dealer: ""player 53 @ LGay7r_Caq"") --",2026-09-03T08:49:34.670Z,178842537467000
"-- ending hand #111 --",2026-09-03T08:49:28.665Z,178842536866502
"""player 53 @ LGay7r_Caq"" collected 105 from pot with Pair, K's (combination: 10♦, Q♥, A♠, K♣, K♥)",2026-09-03T08:49:28.665Z,178842536866501
"""player 53 @ LGay7r_Caq"" shows a Q♥, K♣.",2026-09-03T08:49:28.665Z,178842536866500
"""player 54 @ BeZA_Cf-pd"" calls 35",2026-09-03T08:49:27.847Z,178842536784700
"""player 53 @ LGay7r_Caq"" bets 35",2026-09-03T08:49:26.146Z,178842536614600
"River: 2♥, 7♦, A♠, 10♦ [K♥]",2026-09-03T08:49:21.464Z,178842536146400
"""player 54 @ BeZA_Cf-pd"" checks",2026-09-03T08:49:20.641Z,178842536064100
"""player 53 @ LGay7r_Caq"" checks",2026-09-03T08:49:19.259Z,178842535925900
"Turn: 2♥, 7♦, A♠ [10♦]",2026-09-03T08:49:17.004Z,178842535700400
"""player 52 @ 4chnM3wbbk"" folds",2026-09-03T08:49:16.145Z,178842535614500
"""player 54 @ BeZA_Cf-pd"" calls 5",2026-09-03T08:49:15.238Z,178842535523800
"""player 7 @ O8SRi7DfXR"" folds",2026-09-03T08:49:14.322Z,178842535432200
"""player 51 @ uewFolxPCK"" folds",2026-09-03T08:49:09.809Z,178842534980900
"""player 53 @ LGay7r_Caq"" bets 5",2026-09-03T08:49:08.276Z,178842534827600
"Flop:  [2♥, 7♦, A♠]",2026-09-03T08:49:02.766Z,178842534276600
"""player 51 @ uewFolxPCK"" checks",2026-09-03T08:49:01.861Z,178842534186100
"""player 53 @ LGay7r_Caq"" calls 5",2026-09-03T08:48:54.928Z,178842533492800
"""player 52 @ 4chnM3wbbk"" calls 5",2026-09-03T08:48:52.369Z,178842533236900
"""player 54 @ BeZA_Cf-pd"" calls 5",2026-09-03T08:48:46.261Z,178842532626100
"""player 7 @ O8SRi7DfXR"" calls 5",2026-09-03T08:48:43.302Z,178842532330200
"""player 51 @ uewFolxPCK"" posts a big blind of 5",2026-09-03T08:48:40.085Z,178842532008508
"""player 53 @ LGay7r_Caq"" posts a small blind of 2",2026-09-03T08:48:40.085Z,178842532008507
"Player stacks: #1 ""player 51 @ uewFolxPCK"" (1230) | #2 ""player 7 @ O8SRi7DfXR"" (1169) | #4 ""player 54 @ BeZA_Cf-pd"" (1774) | #7 ""player 52 @ 4chnM3wbbk"" (1931) | #9 ""player 53 @ LGay7r_Caq"" (1596)",2026-09-03T08:48:40.085Z,178842532008501
"-- starting hand #111 (id: 7igntuxqwjzw)  No Limit Texas Hold'em (dealer: ""player 52 @ 4chnM3wbbk"") --",2026-09-03T08:48:40.085Z,178842532008500
"""player 51 @ uewFolxPCK"" collected 120 from the 7-2 bounty",2026-09-03T08:48:37.082Z,178842531708204
"""player 54 @ BeZA_Cf-pd"" paid 30 for the 7-2 bounty to ""player 51 @ uewFolxPCK""",2026-09-03T08:48:37.082Z,178842531708203
"""player 7 @ O8SRi7DfXR"" paid 30 for the 7-2 bounty to ""player 51 @ uewFolxPCK""",2026-09-03T08:48:37.082Z,178842531708202
"""player 52 @ 4chnM3wbbk"" paid 30 for the 7-2 bounty to ""player 51 @ uewFolxPCK""",2026-09-03T08:48:37.082Z,178842531708201
"""player 53 @ LGay7r_Caq"" paid 30 for the 7-2 bounty to ""player 51 @ uewFolxPCK""",2026-09-03T08:48:37.082Z,178842531708200
"Undealt cards: K♣, K♦, 3♥, Q♣ [6♦]",2026-09-03T08:48:30.995Z,178842531099500
"""player 51 @ uewFolxPCK"" shows a 2♠, 7♠.",2026-09-03T08:48:30.367Z,178842531036700
"""player 7 @ O8SRi7DfXR"" shows a K♠.",2026-09-03T08:48:30.226Z,178842531022600
"-- ending hand #110 --",2026-09-03T08:48:29.676Z,178842530967602
"""player 51 @ uewFolxPCK"" collected 165 from pot",2026-09-03T08:48:29.676Z,178842530967601
"Uncalled bet of 62 returned to ""player 51 @ uewFolxPCK""",2026-09-03T08:48:29.676Z,178842530967600
"""player 52 @ 4chnM3wbbk"" folds",2026-09-03T08:48:28.787Z,178842530878700
"""player 54 @ BeZA_Cf-pd"" folds",2026-09-03T08:48:27.839Z,178842530783900
"""player 51 @ uewFolxPCK"" raises to 67",2026-09-03T08:48:25.032Z,178842530503200
"""player 52 @ 4chnM3wbbk"" bets 5",2026-09-03T08:48:22.353Z,178842530235300
"Turn: K♣, K♦, 3♥ [Q♣]",2026-09-03T08:48:20.070Z,178842530007000
"""player 54 @ BeZA_Cf-pd"" checks",2026-09-03T08:48:19.253Z,178842529925300
"""player 51 @ uewFolxPCK"" checks",2026-09-03T08:48:18.152Z,178842529815200
"""player 52 @ 4chnM3wbbk"" checks",2026-09-03T08:48:15.205Z,178842529520500
"Flop:  [K♣, K♦, 3♥]",2026-09-03T08:48:13.476Z,178842529347600
"""player 53 @ LGay7r_Caq"" folds",2026-09-03T08:48:12.662Z,178842529266200
"""player 52 @ 4chnM3wbbk"" calls 50",2026-09-03T08:48:10.867Z,178842529086700
"""player 54 @ BeZA_Cf-pd"" calls 50",2026-09-03T08:48:08.204Z,178842528820400
"""player 7 @ O8SRi7DfXR"" folds",2026-09-03T08:48:05.158Z,178842528515800
"""player 51 @ uewFolxPCK"" raises to 50",2026-09-03T08:48:02.955Z,178842528295500
"""player 53 @ LGay7r_Caq"" posts a big blind of 5",2026-09-03T08:47:59.386Z,178842527938609
"""player 52 @ 4chnM3wbbk"" posts a small blind of 2",2026-09-03T08:47:59.386Z,178842527938608
"Your hand is 2♠, 7♠",2026-09-03T08:47:59.386Z,178842527938603
"Player stacks: #1 ""player 51 @ uewFolxPCK"" (1000) | #2 ""player 7 @ O8SRi7DfXR"" (1199) | #4 ""player 54 @ BeZA_Cf-pd"" (1854) | #7 ""player 52 @ 4chnM3wbbk"" (2016) | #9 ""player 53 @ LGay7r_Caq"" (1631)",2026-09-03T08:47:59.386Z,178842527938602
"-- starting hand #110 (id: xdv07hin05ji)  No Limit Texas Hold'em (dealer: ""player 54 @ BeZA_Cf-pd"") --",2026-09-03T08:47:59.386Z,178842527938601
"The player ""player 51 @ uewFolxPCK"" joined the game with a stack of 1000.",2026-09-03T08:47:59.386Z,178842527938600
"-- ending hand #109 --",2026-09-03T08:47:53.379Z,178842527337903
"""player 7 @ O8SRi7DfXR"" collected 1199 from pot with Pair, 2's (combination: 9♣, K♦, A♣, 2♦, 2♠)",2026-09-03T08:47:53.379Z,178842527337902
"""player 7 @ O8SRi7DfXR"" shows a A♣, K♦.",2026-09-03T08:47:53.379Z,178842527337901
"""player 54 @ BeZA_Cf-pd"" shows a A♥, 10♥.",2026-09-03T08:47:53.379Z,178842527337900
"""player 52 @ 4chnM3wbbk"" checks",2026-09-03T08:47:52.563Z,178842527256300
"""player 54 @ BeZA_Cf-pd"" checks",2026-09-03T08:47:51.651Z,178842527165100
"River: 2♦, 9♣, 7♠, 4♥ [2♠]",2026-09-03T08:47:50.467Z,178842527046700
"""player 52 @ 4chnM3wbbk"" checks",2026-09-03T08:47:49.584Z,178842526958400
"""player 54 @ BeZA_Cf-pd"" checks",2026-09-03T08:47:48.483Z,178842526848300
"Turn: 2♦, 9♣, 7♠ [4♥]",2026-09-03T08:47:46.170Z,178842526617000
"""player 52 @ 4chnM3wbbk"" checks",2026-09-03T08:47:45.336Z,178842526533600
"""player 54 @ BeZA_Cf-pd"" checks",2026-09-03T08:47:39.193Z,178842525919300
"Flop:  [2♦, 9♣, 7♠]",2026-09-03T08:47:35.465Z,178842525546500
"""player 53 @ LGay7r_Caq"" folds",2026-09-03T08:47:34.599Z,178842525459900
"""player 52 @ 4chnM3wbbk"" calls 393",2026-09-03T08:47:33.639Z,178842525363900
"""player 54 @ BeZA_Cf-pd"" calls 393",2026-09-03T08:47:21.574Z,178842524157400
"""player 7 @ O8SRi7DfXR"" raises to 393 and go all in",2026-09-03T08:47:15.995Z,178842523599500
"""player 53 @ LGay7r_Caq"" calls 20",2026-09-03T08:47:13.193Z,178842523319300
"""player 52 @ 4chnM3wbbk"" calls 20",2026-09-03T08:47:08.073Z,178842522807300
"""player 54 @ BeZA_Cf-pd"" raises to 20",2026-09-03T08:47:05.887Z,178842522588700
"The admin approved the player ""player 51 @ uewFolxPCK"" participation with a stack of 1000.",2026-09-03T08:47:05.729Z,178842522572901
"The player ""player 51 @ uewFolxPCK"" requested a seat.",2026-09-03T08:47:05.729Z,178842522572900
"""player 7 @ O8SRi7DfXR"" calls 5",2026-09-03T08:47:00.383Z,178842522038300
"""player 53 @ LGay7r_Caq"" calls 5",2026-09-03T08:46:57.867Z,178842521786700
"""player 52 @ 4chnM3wbbk"" posts a big blind of 5",2026-09-03T08:46:55.303Z,178842521530308
"""player 54 @ BeZA_Cf-pd"" posts a small blind of 2",2026-09-03T08:46:55.303Z,178842521530307
"Player stacks: #2 ""player 7 @ O8SRi7DfXR"" (393) | #4 ""player 54 @ BeZA_Cf-pd"" (2247) | #7 ""player 52 @ 4chnM3wbbk"" (2409) | #9 ""player 53 @ LGay7r_Caq"" (1651)",2026-09-03T08:46:55.303Z,178842521530302
"-- starting hand #109 (id: 7sg9n2nhr0od)  No Limit Texas Hold'em (dead button) --",2026-09-03T08:46:55.303Z,178842521530301
"The player ""player 51 @ uewFolxPCK"" quits the game with a stack of 0.",2026-09-03T08:46:55.303Z,178842521530300
"-- ending hand #108 --",2026-09-03T08:46:49.295Z,178842520929501
"""player 54 @ BeZA_Cf-pd"" collected 1106 from pot with Three of a Kind, 6's (combination: K♦, A♠, 6♠, 6♣, 6♦)",2026-09-03T08:46:49.295Z,178842520929500
"River: 6♣, K♦, 6♦, 8♥ [A♠]",2026-09-03T08:46:45.181Z,178842520518100
"Turn: 6♣, K♦, 6♦ [8♥]",2026-09-03T08:46:41.175Z,178842520117500
"""player 54 @ BeZA_Cf-pd"" shows a 6♠, 9♠.",2026-09-03T08:46:37.171Z,178842519717100
"""player 51 @ uewFolxPCK"" shows a 7♣, 2♦.",2026-09-03T08:46:36.870Z,178842519687000
"Some players choose to not run it twice.",2026-09-03T08:46:36.358Z,178842519635801
"""player 54 @ BeZA_Cf-pd"" chooses to not run it twice.",2026-09-03T08:46:36.358Z,178842519635800
"Remaining players decide whether to run it twice.",2026-09-03T08:46:35.076Z,178842519507601
"""player 54 @ BeZA_Cf-pd"" calls 449",2026-09-03T08:46:35.076Z,178842519507600
"""player 51 @ uewFolxPCK"" raises to 449 and go all in",2026-09-03T08:46:33.994Z,178842519399400
"""player 52 @ 4chnM3wbbk"" folds",2026-09-03T08:46:32.257Z,178842519225700
"""player 54 @ BeZA_Cf-pd"" raises to 140",2026-09-03T08:46:31.284Z,178842519128400
"""player 51 @ uewFolxPCK"" bets 66",2026-09-03T08:46:23.014Z,178842518301400
"Flop:  [6♣, K♦, 6♦]",2026-09-03T08:46:19.475Z,178842517947500
"""player 7 @ O8SRi7DfXR"" folds",2026-09-03T08:46:18.651Z,178842517865100
"""player 52 @ 4chnM3wbbk"" calls 66",2026-09-03T08:46:02.394Z,178842516239400
"""player 54 @ BeZA_Cf-pd"" calls 66",2026-09-03T08:45:59.463Z,178842515946300
"""player 51 @ uewFolxPCK"" raises to 66",2026-09-03T08:45:58.222Z,178842515822200
"""player 7 @ O8SRi7DfXR"" calls 10",2026-09-03T08:45:55.504Z,178842515550400
"""player 53 @ LGay7r_Caq"" folds",2026-09-03T08:45:48.335Z,178842514833500
"""player 52 @ 4chnM3wbbk"" raises to 10",2026-09-03T08:45:47.417Z,178842514741700
"""player 54 @ BeZA_Cf-pd"" posts a big blind of 5",2026-09-03T08:45:37.501Z,178842513750108
"""player 51 @ uewFolxPCK"" posts a small blind of 2",2026-09-03T08:45:37.501Z,178842513750107
"Your hand is 7♣, 2♦",2026-09-03T08:45:37.501Z,178842513750103
"Player stacks: #2 ""player 7 @ O8SRi7DfXR"" (403) | #3 ""player 51 @ uewFolxPCK"" (515) | #4 ""player 54 @ BeZA_Cf-pd"" (1656) | #7 ""player 52 @ 4chnM3wbbk"" (2475) | #9 ""player 53 @ LGay7r_Caq"" (1651)",2026-09-03T08:45:37.501Z,178842513750101
"-- starting hand #108 (id: ytnhexpeisds)  No Limit Texas Hold'em (dealer: ""player 7 @ O8SRi7DfXR"") --",2026-09-03T08:45:37.501Z,178842513750100
"Undealt cards:  [K♠, 9♣, 9♥, 4♦, K♥]",2026-09-03T08:45:32.356Z,178842513235600
"""player 7 @ O8SRi7DfXR"" shows a 10♣, 2♠.",2026-09-03T08:45:31.772Z,178842513177200
"-- ending hand #107 --",2026-09-03T08:45:30.895Z,178842513089502
"""player 7 @ O8SRi7DfXR"" collected 85 from pot",2026-09-03T08:45:30.895Z,178842513089501
"Uncalled bet of 318 returned to ""player 7 @ O8SRi7DfXR""",2026-09-03T08:45:30.895Z,178842513089500
"""player 53 @ LGay7r_Caq"" folds",2026-09-03T08:45:30.025Z,178842513002500
"""player 52 @ 4chnM3wbbk"" folds",2026-09-03T08:45:29.047Z,178842512904700
"""player 54 @ BeZA_Cf-pd"" folds",2026-09-03T08:45:28.128Z,178842512812800
"""player 51 @ uewFolxPCK"" folds",2026-09-03T08:45:20.441Z,178842512044100
"""player 7 @ O8SRi7DfXR"" raises to 338 and go all in",2026-09-03T08:45:19.409Z,178842511940900
"""player 53 @ LGay7r_Caq"" calls 20",2026-09-03T08:45:02.788Z,178842510278800
"""player 52 @ 4chnM3wbbk"" calls 20",2026-09-03T08:45:01.632Z,178842510163200
"""player 54 @ BeZA_Cf-pd"" raises to 20",2026-09-03T08:45:00.518Z,178842510051800
"""player 51 @ uewFolxPCK"" posts a big blind of 5",2026-09-03T08:44:54.709Z,178842509470908
"""player 7 @ O8SRi7DfXR"" posts a small blind of 2",2026-09-03T08:44:54.709Z,178842509470907
"Player stacks: #2 ""player 7 @ O8SRi7DfXR"" (338) | #3 ""player 51 @ uewFolxPCK"" (520) | #4 ""player 54 @ BeZA_Cf-pd"" (1676) | #7 ""player 52 @ 4chnM3wbbk"" (2495) | #9 ""player 53 @ LGay7r_Caq"" (1671)",2026-09-03T08:44:54.709Z,178842509470901
"-- starting hand #107 (id: 4sal2z5vaymt)  No Limit Texas Hold'em (dealer: ""player 53 @ LGay7r_Caq"") --",2026-09-03T08:44:54.709Z,178842509470900
"-- ending hand #106 --",2026-09-03T08:44:51.709Z,178842509170902
"""player 52 @ 4chnM3wbbk"" collected 140 from pot",2026-09-03T08:44:51.709Z,178842509170901
"Uncalled bet of 70 returned to ""player 52 @ 4chnM3wbbk""",2026-09-03T08:44:51.709Z,178842509170900
"""player 51 @ uewFolxPCK"" folds",2026-09-03T08:44:50.820Z,178842509082000
"""player 52 @ 4chnM3wbbk"" bets 70",2026-09-03T08:44:37.221Z,178842507722100
"""player 51 @ uewFolxPCK"" checks",2026-09-03T08:44:27.229Z,178842506722900
"River: A♦, 5♦, 6♠, 5♥ [3♦]",2026-09-03T08:44:26.489Z,178842506648900
"""player 51 @ uewFolxPCK"" calls 5",2026-09-03T08:44:25.623Z,178842506562300
"""player 52 @ 4chnM3wbbk"" bets 5",2026-09-03T08:44:23.746Z,178842506374600
"""player 51 @ uewFolxPCK"" checks",2026-09-03T08:44:20.999Z,178842506099900
"Turn: A♦, 5♦, 6♠ [5♥]",2026-09-03T08:44:20.281Z,178842506028100
"""player 51 @ uewFolxPCK"" calls 30",2026-09-03T08:44:19.375Z,178842505937500
"""player 7 @ O8SRi7DfXR"" folds",2026-09-03T08:44:18.421Z,178842505842100
"""player 53 @ LGay7r_Caq"" folds",2026-09-03T08:44:17.494Z,178842505749400
"""player 52 @ 4chnM3wbbk"" raises to 30",2026-09-03T08:44:15.894Z,178842505589400
"""player 51 @ uewFolxPCK"" calls 5",2026-09-03T08:44:13.574Z,178842505357400
"""player 7 @ O8SRi7DfXR"" calls 5",2026-09-03T08:44:12.565Z,178842505256500
"""player 53 @ LGay7r_Caq"" bets 5",2026-09-03T08:44:07.880Z,178842504788000
"Flop:  [A♦, 5♦, 6♠]",2026-09-03T08:44:02.086Z,178842504208600
"""player 7 @ O8SRi7DfXR"" calls 15",2026-09-03T08:44:01.230Z,178842504123000
"""player 53 @ LGay7r_Caq"" calls 15",2026-09-03T08:43:59.087Z,178842503908700
"""player 52 @ 4chnM3wbbk"" calls 15",2026-09-03T08:43:58.145Z,178842503814500
"""player 54 @ BeZA_Cf-pd"" folds",2026-09-03T08:43:57.205Z,178842503720500
"""player 51 @ uewFolxPCK"" raises to 15",2026-09-03T08:43:52.715Z,178842503271500
"""player 7 @ O8SRi7DfXR"" posts a big blind of 5",2026-09-03T08:43:49.960Z,178842502996008
"""player 53 @ LGay7r_Caq"" posts a small blind of 2",2026-09-03T08:43:49.960Z,178842502996007
"Player stacks: #2 ""player 7 @ O8SRi7DfXR"" (358) | #3 ""player 51 @ uewFolxPCK"" (570) | #4 ""player 54 @ BeZA_Cf-pd"" (1676) | #7 ""player 52 @ 4chnM3wbbk"" (2405) | #9 ""player 53 @ LGay7r_Caq"" (1691)",2026-09-03T08:43:49.960Z,178842502996001
"-- starting hand #106 (id: lv4biqti5df3)  No Limit Texas Hold'em (dealer: ""player 52 @ 4chnM3wbbk"") --",2026-09-03T08:43:49.960Z,178842502996000
"-- ending hand #105 --",2026-09-03T08:43:43.950Z,178842502395002
"""player 52 @ 4chnM3wbbk"" collected 280 from pot with A High (combination: 6♠, 8♥, Q♥, K♦, A♣)",2026-09-03T08:43:43.950Z,178842502395001
"""player 52 @ 4chnM3wbbk"" shows a A♣, K♦.",2026-09-03T08:43:43.950Z,178842502395000
"""player 54 @ BeZA_Cf-pd"" calls 5",2026-09-03T08:43:43.063Z,178842502306300
"""player 51 @ uewFolxPCK"" folds",2026-09-03T08:43:38.939Z,178842501893900
"""player 52 @ 4chnM3wbbk"" bets 5",2026-09-03T08:43:36.138Z,178842501613800
"River: Q♥, 2♠, 3♦, 6♠ [8♥]",2026-09-03T08:43:32.586Z,178842501258600
"""player 54 @ BeZA_Cf-pd"" calls 5",2026-09-03T08:43:31.747Z,178842501174700
"""player 51 @ uewFolxPCK"" calls 5",2026-09-03T08:43:30.787Z,178842501078700
"""player 52 @ 4chnM3wbbk"" bets 5",2026-09-03T08:43:28.274Z,178842500827400
"Turn: Q♥, 2♠, 3♦ [6♠]",2026-09-03T08:43:25.293Z,178842500529300
"""player 54 @ BeZA_Cf-pd"" calls 50",2026-09-03T08:43:24.444Z,178842500444400
"""player 51 @ uewFolxPCK"" calls 50",2026-09-03T08:43:23.278Z,178842500327800
"""player 7 @ O8SRi7DfXR"" folds",2026-09-03T08:43:21.507Z,178842500150700
"""player 52 @ 4chnM3wbbk"" bets 50",2026-09-03T08:43:14.126Z,178842499412600
"Flop:  [Q♥, 2♠, 3♦]",2026-09-03T08:43:10.016Z,178842499001600
"""player 54 @ BeZA_Cf-pd"" calls 25",2026-09-03T08:43:09.202Z,178842498920200
"""player 51 @ uewFolxPCK"" calls 25",2026-09-03T08:43:08.272Z,178842498827200
"""player 7 @ O8SRi7DfXR"" calls 25",2026-09-03T08:43:07.357Z,178842498735700
"""player 53 @ LGay7r_Caq"" folds",2026-09-03T08:43:05.627Z,178842498562700
"""player 52 @ 4chnM3wbbk"" raises to 25",2026-09-03T08:43:01.394Z,178842498139400
"""player 54 @ BeZA_Cf-pd"" calls 5",2026-09-03T08:42:56.141Z,178842497614100
"""player 51 @ uewFolxPCK"" calls 5",2026-09-03T08:42:54.461Z,178842497446100
"""player 7 @ O8SRi7DfXR"" calls 5",2026-09-03T08:42:51.561Z,178842497156100
"""player 53 @ LGay7r_Caq"" posts a big blind of 5",2026-09-03T08:42:30.853Z,178842495085309
"""player 52 @ 4chnM3wbbk"" posts a small blind of 2",2026-09-03T08:42:30.853Z,178842495085308
"Player stacks: #2 ""player 7 @ O8SRi7DfXR"" (383) | #3 ""player 51 @ uewFolxPCK"" (650) | #4 ""player 54 @ BeZA_Cf-pd"" (1761) | #7 ""player 52 @ 4chnM3wbbk"" (2210) | #9 ""player 53 @ LGay7r_Caq"" (1696)",2026-09-03T08:42:30.853Z,178842495085302
"-- starting hand #105 (id: 8257n7vzsei7)  No Limit Texas Hold'em (dealer: ""player 54 @ BeZA_Cf-pd"") --",2026-09-03T08:42:30.853Z,178842495085301
"The admin updated the player ""player 51 @ uewFolxPCK"" stack from 150 to 650.",2026-09-03T08:42:30.853Z,178842495085300
"WARNING: the admin queued the stack change for the player ""player 51 @ uewFolxPCK"" adding 500 chips in the next hand.",2026-09-03T08:42:25.667Z,178842494566700
"-- ending hand #104 --",2026-09-03T08:42:22.759Z,178842494275902
"""player 51 @ uewFolxPCK"" collected 150 from pot with Flush, A High on the second run  (combination: 3♥, 5♥, 10♥, J♥, A♥)",2026-09-03T08:42:22.759Z,178842494275901
"""player 7 @ O8SRi7DfXR"" collected 151 from pot with A High (combination: 8♠, 10♠, Q♦, K♣, A♣)",2026-09-03T08:42:22.759Z,178842494275900
"River (second run): 5♥, 3♥, 4♣, 10♥ [J♥]",2026-09-03T08:42:18.679Z,178842493867900
"Turn (second run): 5♥, 3♥, 4♣ [10♥]",2026-09-03T08:42:14.597Z,178842493459700
"Flop (second run):  [5♥, 3♥, 4♣]",2026-09-03T08:42:10.555Z,178842493055500
"River: Q♦, 2♣, 10♠, 6♠ [8♠]",2026-09-03T08:42:06.472Z,178842492647200
"Turn: Q♦, 2♣, 10♠ [6♠]",2026-09-03T08:42:02.454Z,178842492245400
"Flop:  [Q♦, 2♣, 10♠]",2026-09-03T08:41:58.386Z,178842491838600
"""player 7 @ O8SRi7DfXR"" shows a K♣, A♣.",2026-09-03T08:41:54.306Z,178842491430601
"Uncalled bet of 232 returned to ""player 7 @ O8SRi7DfXR""",2026-09-03T08:41:54.306Z,178842491430600
"""player 51 @ uewFolxPCK"" shows a 7♣, A♥.",2026-09-03T08:41:53.983Z,178842491398300
"All players in hand choose to run it twice.",2026-09-03T08:41:53.501Z,178842491350101
"""player 51 @ uewFolxPCK"" chooses to  run it twice.",2026-09-03T08:41:53.501Z,178842491350100
"""player 7 @ O8SRi7DfXR"" chooses to  run it twice.",2026-09-03T08:41:52.637Z,178842491263700
"Remaining players decide whether to run it twice.",2026-09-03T08:41:50.700Z,178842491070001
"""player 53 @ LGay7r_Caq"" folds",2026-09-03T08:41:50.700Z,178842491070000
"""player 52 @ 4chnM3wbbk"" folds",2026-09-03T08:41:49.766Z,178842490976600
"""player 54 @ BeZA_Cf-pd"" folds",2026-09-03T08:41:48.864Z,178842490886400
"""player 51 @ uewFolxPCK"" calls 128 and go all in",2026-09-03T08:41:47.886Z,178842490788600
"""player 7 @ O8SRi7DfXR"" raises to 360 and go all in",2026-09-03T08:41:43.877Z,178842490387700
"""player 53 @ LGay7r_Caq"" calls 15",2026-09-03T08:41:36.317Z,178842489631700
"""player 52 @ 4chnM3wbbk"" calls 15",2026-09-03T08:41:35.359Z,178842489535900
"""player 54 @ BeZA_Cf-pd"" calls 15",2026-09-03T08:41:33.502Z,178842489350200
"""player 51 @ uewFolxPCK"" raises to 15",2026-09-03T08:41:31.496Z,178842489149600
"""player 7 @ O8SRi7DfXR"" calls 5",2026-09-03T08:41:28.493Z,178842488849300
"""player 53 @ LGay7r_Caq"" calls 5",2026-09-03T08:41:22.507Z,178842488250700
"""player 52 @ 4chnM3wbbk"" posts a big blind of 5",2026-09-03T08:41:20.358Z,178842488035808
"""player 54 @ BeZA_Cf-pd"" posts a small blind of 2",2026-09-03T08:41:20.358Z,178842488035807
"Your hand is 7♣, A♥",2026-09-03T08:41:20.358Z,178842488035803
"Player stacks: #2 ""player 7 @ O8SRi7DfXR"" (360) | #3 ""player 51 @ uewFolxPCK"" (128) | #4 ""player 54 @ BeZA_Cf-pd"" (1776) | #7 ""player 52 @ 4chnM3wbbk"" (2225) | #9 ""player 53 @ LGay7r_Caq"" (1711)",2026-09-03T08:41:20.358Z,178842488035801
"-- starting hand #104 (id: fs9f47bzad0r)  No Limit Texas Hold'em (dealer: ""player 51 @ uewFolxPCK"") --",2026-09-03T08:41:20.358Z,178842488035800
"-- ending hand #103 --",2026-09-03T08:41:14.352Z,178842487435204
"""player 54 @ BeZA_Cf-pd"" collected 1776 from pot with Two Pair, 7's & 2's (combination: Q♣, 2♠, 2♥, 7♠, 7♥)",2026-09-03T08:41:14.352Z,178842487435203
"""player 54 @ BeZA_Cf-pd"" shows a J♠, 7♠.",2026-09-03T08:41:14.352Z,178842487435202
"""player 51 @ uewFolxPCK"" shows a 5♠, 6♦.",2026-09-03T08:41:14.352Z,178842487435201
"Uncalled bet of 128 returned to ""player 51 @ uewFolxPCK""",2026-09-03T08:41:14.352Z,178842487435200
"""player 54 @ BeZA_Cf-pd"" calls 798 and go all in",2026-09-03T08:41:13.494Z,178842487349400
"""player 51 @ uewFolxPCK"" raises to 926 and go all in",2026-09-03T08:41:12.227Z,178842487222700
"""player 54 @ BeZA_Cf-pd"" bets 90",2026-09-03T08:41:09.821Z,178842486982100
"""player 51 @ uewFolxPCK"" checks",2026-09-03T08:41:07.912Z,178842486791200
"River: 2♠, 3♠, 2♥, Q♣ [7♥]",2026-09-03T08:41:01.576Z,178842486157600
"""player 54 @ BeZA_Cf-pd"" checks",2026-09-03T08:41:00.709Z,178842486070900
"""player 51 @ uewFolxPCK"" checks",2026-09-03T08:40:59.694Z,178842485969400
"Turn: 2♠, 3♠, 2♥ [Q♣]",2026-09-03T08:40:58.692Z,178842485869200
"""player 51 @ uewFolxPCK"" calls 30",2026-09-03T08:40:57.792Z,178842485779200
"""player 53 @ LGay7r_Caq"" folds",2026-09-03T08:40:56.804Z,178842485680400
"""player 52 @ 4chnM3wbbk"" folds",2026-09-03T08:40:48.727Z,178842484872700
"""player 54 @ BeZA_Cf-pd"" bets 30",2026-09-03T08:40:46.870Z,178842484687000
"""player 51 @ uewFolxPCK"" checks",2026-09-03T08:40:44.472Z,178842484447200
"Flop:  [2♠, 3♠, 2♥]",2026-09-03T08:40:41.280Z,178842484128000
"""player 53 @ LGay7r_Caq"" calls 30",2026-09-03T08:40:40.385Z,178842484038500
"""player 52 @ 4chnM3wbbk"" calls 30",2026-09-03T08:40:39.173Z,178842483917300
"""player 54 @ BeZA_Cf-pd"" calls 30",2026-09-03T08:40:37.405Z,178842483740500
"""player 51 @ uewFolxPCK"" raises to 30",2026-09-03T08:40:35.120Z,178842483512000
"""player 7 @ O8SRi7DfXR"" folds",2026-09-03T08:40:32.374Z,178842483237400
"""player 53 @ LGay7r_Caq"" calls 10",2026-09-03T08:40:31.411Z,178842483141100
"""player 52 @ 4chnM3wbbk"" raises to 10",2026-09-03T08:40:30.459Z,178842483045900
"""player 54 @ BeZA_Cf-pd"" posts a big blind of 5",2026-09-03T08:40:25.495Z,178842482549508
"""player 51 @ uewFolxPCK"" posts a small blind of 2",2026-09-03T08:40:25.495Z,178842482549507
"Your hand is 5♠, 6♦",2026-09-03T08:40:25.495Z,178842482549503
"Player stacks: #2 ""player 7 @ O8SRi7DfXR"" (360) | #3 ""player 51 @ uewFolxPCK"" (986) | #4 ""player 54 @ BeZA_Cf-pd"" (858) | #7 ""player 52 @ 4chnM3wbbk"" (2255) | #9 ""player 53 @ LGay7r_Caq"" (1741)",2026-09-03T08:40:25.495Z,178842482549501
"-- starting hand #103 (id: 1i99awwjhlzv)  No Limit Texas Hold'em (dealer: ""player 7 @ O8SRi7DfXR"") --",2026-09-03T08:40:25.495Z,178842482549500
"-- ending hand #102 --",2026-09-03T08:40:19.473Z,178842481947303
"""player 52 @ 4chnM3wbbk"" collected 420 from pot with Pair, A's (combination: 9♦, 10♥, Q♦, A♠, A♣)",2026-09-03T08:40:19.473Z,178842481947302
"""player 52 @ 4chnM3wbbk"" shows a 9♦, A♠.",2026-09-03T08:40:19.473Z,178842481947301
"""player 53 @ LGay7r_Caq"" shows a A♥, 8♣.",2026-09-03T08:40:19.473Z,178842481947300
"""player 52 @ 4chnM3wbbk"" calls 120",2026-09-03T08:40:18.643Z,178842481864300
"""player 53 @ LGay7r_Caq"" raises to 120",2026-09-03T08:40:17.221Z,178842481722100
"""player 52 @ 4chnM3wbbk"" bets 60",2026-09-03T08:40:14.600Z,178842481460000
"River: 10♥, A♣, 4♦, Q♦ [5♣]",2026-09-03T08:40:11.860Z,178842481186000
"""player 53 @ LGay7r_Caq"" checks",2026-09-03T08:40:11.002Z,178842481100200
"""player 52 @ 4chnM3wbbk"" checks",2026-09-03T08:40:09.312Z,178842480931200
"Turn: 10♥, A♣, 4♦ [Q♦]",2026-09-03T08:40:07.654Z,178842480765400
"""player 52 @ 4chnM3wbbk"" calls 30",2026-09-03T08:40:06.751Z,178842480675100
"""player 51 @ uewFolxPCK"" folds",2026-09-03T08:40:04.815Z,178842480481500
"""player 53 @ LGay7r_Caq"" bets 30",2026-09-03T08:40:03.061Z,178842480306100
"""player 52 @ 4chnM3wbbk"" checks",2026-09-03T08:39:59.706Z,178842479970600
"""player 51 @ uewFolxPCK"" checks",2026-09-03T08:39:58.374Z,178842479837400
"""player 7 @ O8SRi7DfXR"" folds",2026-09-03T08:39:57.448Z,178842479744800
"Flop:  [10♥, A♣, 4♦]",2026-09-03T08:39:45.181Z,178842478518100
"""player 52 @ 4chnM3wbbk"" calls 30",2026-09-03T08:39:44.293Z,178842478429300
"""player 51 @ uewFolxPCK"" calls 30",2026-09-03T08:39:43.024Z,178842478302400
"""player 7 @ O8SRi7DfXR"" calls 30",2026-09-03T08:39:40.425Z,178842478042500
"""player 53 @ LGay7r_Caq"" raises to 30",2026-09-03T08:39:31.226Z,178842477122600
"""player 52 @ 4chnM3wbbk"" raises to 15",2026-09-03T08:39:28.566Z,178842476856600
"""player 54 @ BeZA_Cf-pd"" folds",2026-09-03T08:39:25.266Z,178842476526600
"""player 51 @ uewFolxPCK"" posts a big blind of 5",2026-09-03T08:39:23.356Z,178842476335608
"""player 7 @ O8SRi7DfXR"" posts a small blind of 2",2026-09-03T08:39:23.356Z,178842476335607
"Player stacks: #2 ""player 7 @ O8SRi7DfXR"" (390) | #3 ""player 51 @ uewFolxPCK"" (1016) | #4 ""player 54 @ BeZA_Cf-pd"" (858) | #7 ""player 52 @ 4chnM3wbbk"" (2015) | #9 ""player 53 @ LGay7r_Caq"" (1921)",2026-09-03T08:39:23.356Z,178842476335601
"-- starting hand #102 (id: 6wjdu7m05vws)  No Limit Texas Hold'em (dealer: ""player 53 @ LGay7r_Caq"") --",2026-09-03T08:39:23.356Z,178842476335600
"-- ending hand #101 --",2026-09-03T08:39:17.250Z,178842475725004
"""player 54 @ BeZA_Cf-pd"" collected 382 from pot with Pair, 9's (combination: J♥, Q♥, A♣, 9♠, 9♣)",2026-09-03T08:39:17.250Z,178842475725003
"""player 54 @ BeZA_Cf-pd"" shows a 9♠, 9♣.",2026-09-03T08:39:17.250Z,178842475725002
"""player 51 @ uewFolxPCK"" shows a 4♥, 4♣.",2026-09-03T08:39:17.250Z,178842475725001
"""player 52 @ 4chnM3wbbk"" shows a K♠, 8♠.",2026-09-03T08:39:17.250Z,178842475725000
"""player 54 @ BeZA_Cf-pd"" calls 5",2026-09-03T08:39:16.434Z,178842475643400
"""player 51 @ uewFolxPCK"" calls 5",2026-09-03T08:39:15.360Z,178842475536000
"""player 52 @ 4chnM3wbbk"" bets 5",2026-09-03T08:39:12.910Z,178842475291000
"""player 54 @ BeZA_Cf-pd"" checks",2026-09-03T08:39:04.032Z,178842474403200
"""player 51 @ uewFolxPCK"" checks",2026-09-03T08:39:03.007Z,178842474300700
"River: 6♦, Q♥, A♣, J♥ [2♣]",2026-09-03T08:38:59.698Z,178842473969800
"""player 52 @ 4chnM3wbbk"" checks",2026-09-03T08:38:58.840Z,178842473884000
"""player 54 @ BeZA_Cf-pd"" checks",2026-09-03T08:38:57.717Z,178842473771700
"""player 51 @ uewFolxPCK"" checks",2026-09-03T08:38:54.762Z,178842473476200
"Turn: 6♦, Q♥, A♣ [J♥]",2026-09-03T08:38:51.288Z,178842473128800
"""player 52 @ 4chnM3wbbk"" checks",2026-09-03T08:38:50.394Z,178842473039400
"""player 54 @ BeZA_Cf-pd"" checks",2026-09-03T08:38:48.529Z,178842472852900
"""player 51 @ uewFolxPCK"" checks",2026-09-03T08:38:47.289Z,178842472728900
"Flop:  [6♦, Q♥, A♣]",2026-09-03T08:38:44.505Z,178842472450500
"""player 51 @ uewFolxPCK"" calls 120",2026-09-03T08:38:43.686Z,178842472368600
"""player 7 @ O8SRi7DfXR"" folds",2026-09-03T08:38:42.748Z,178842472274800
"""player 53 @ LGay7r_Caq"" folds",2026-09-03T08:38:23.953Z,178842470395300
"""player 52 @ 4chnM3wbbk"" calls 120",2026-09-03T08:38:05.013Z,178842468501300
"""player 54 @ BeZA_Cf-pd"" raises to 120",2026-09-03T08:38:02.822Z,178842468282200
"""player 51 @ uewFolxPCK"" raises to 30",2026-09-03T08:37:54.570Z,178842467457000
"""player 7 @ O8SRi7DfXR"" posts a big blind of 5",2026-09-03T08:37:52.078Z,178842467207808
"""player 53 @ LGay7r_Caq"" posts a small blind of 2",2026-09-03T08:37:52.078Z,178842467207807
"Your hand is 4♥, 4♣",2026-09-03T08:37:52.078Z,178842467207803
"Player stacks: #2 ""player 7 @ O8SRi7DfXR"" (395) | #3 ""player 51 @ uewFolxPCK"" (1141) | #4 ""player 54 @ BeZA_Cf-pd"" (601) | #7 ""player 52 @ 4chnM3wbbk"" (2140) | #9 ""player 53 @ LGay7r_Caq"" (1923)",2026-09-03T08:37:52.078Z,178842467207801
"-- starting hand #101 (id: 7g9oepq5ht1x)  No Limit Texas Hold'em (dealer: ""player 52 @ 4chnM3wbbk"") --",2026-09-03T08:37:52.078Z,178842467207800
"""player 7 @ O8SRi7DfXR"" shows a 7♥.",2026-09-03T08:37:50.270Z,178842467027000
"-- ending hand #100 --",2026-09-03T08:37:45.564Z,178842466556402
"""player 52 @ 4chnM3wbbk"" collected 125 from pot with Two Pair, 8's & 2's (combination: Q♠, 2♠, 2♥, 8♦, 8♥)",2026-09-03T08:37:45.564Z,178842466556401
"""player 52 @ 4chnM3wbbk"" shows a 8♦, 8♥.",2026-09-03T08:37:45.564Z,178842466556400
"""player 54 @ BeZA_Cf-pd"" folds",2026-09-03T08:37:44.697Z,178842466469700
"""player 51 @ uewFolxPCK"" folds",2026-09-03T08:37:42.569Z,178842466256900
"""player 7 @ O8SRi7DfXR"" calls 30",2026-09-03T08:37:41.644Z,178842466164400
"""player 52 @ 4chnM3wbbk"" bets 30",2026-09-03T08:37:32.328Z,178842465232800
"River: Q♠, 4♠, 2♠, 2♥ [7♦]",2026-09-03T08:37:27.052Z,178842464705200
"""player 54 @ BeZA_Cf-pd"" checks",2026-09-03T08:37:26.161Z,178842464616100
"""player 51 @ uewFolxPCK"" checks",2026-09-03T08:37:25.004Z,178842464500400
"""player 7 @ O8SRi7DfXR"" checks",2026-09-03T08:37:23.009Z,178842464300900
"""player 52 @ 4chnM3wbbk"" checks",2026-09-03T08:37:16.020Z,178842463602000
"Turn: Q♠, 4♠, 2♠ [2♥]",2026-09-03T08:37:09.266Z,178842462926600
"""player 54 @ BeZA_Cf-pd"" checks",2026-09-03T08:37:08.451Z,178842462845100
"""player 51 @ uewFolxPCK"" checks",2026-09-03T08:37:07.298Z,178842462729800
"""player 7 @ O8SRi7DfXR"" checks",2026-09-03T08:37:04.216Z,178842462421600
"""player 52 @ 4chnM3wbbk"" checks",2026-09-03T08:36:52.230Z,178842461223000
"Flop:  [Q♠, 4♠, 2♠]",2026-09-03T08:36:50.360Z,178842461036000
"""player 54 @ BeZA_Cf-pd"" calls 15",2026-09-03T08:36:49.460Z,178842460946000
"""player 51 @ uewFolxPCK"" calls 15",2026-09-03T08:36:48.455Z,178842460845500
"""player 7 @ O8SRi7DfXR"" calls 15",2026-09-03T08:36:47.543Z,178842460754300
"""player 53 @ LGay7r_Caq"" folds",2026-09-03T08:36:44.881Z,178842460488100
"""player 52 @ 4chnM3wbbk"" raises to 15",2026-09-03T08:36:43.916Z,178842460391600
"""player 54 @ BeZA_Cf-pd"" calls 5",2026-09-03T08:36:34.387Z,178842459438700
"""player 51 @ uewFolxPCK"" calls 5",2026-09-03T08:36:33.379Z,178842459337900
"""player 7 @ O8SRi7DfXR"" calls 5",2026-09-03T08:36:30.211Z,178842459021100
"""player 53 @ LGay7r_Caq"" posts a big blind of 5",2026-09-03T08:36:24.591Z,178842458459108
"""player 52 @ 4chnM3wbbk"" posts a small blind of 2",2026-09-03T08:36:24.591Z,178842458459107
"Player stacks: #2 ""player 7 @ O8SRi7DfXR"" (440) | #3 ""player 51 @ uewFolxPCK"" (1156) | #4 ""player 54 @ BeZA_Cf-pd"" (616) | #7 ""player 52 @ 4chnM3wbbk"" (2060) | #9 ""player 53 @ LGay7r_Caq"" (1928)",2026-09-03T08:36:24.591Z,178842458459101
"-- starting hand #100 (id: l9qes2htddwf)  No Limit Texas Hold'em (dealer: ""player 54 @ BeZA_Cf-pd"") --",2026-09-03T08:36:24.591Z,178842458459100
"Undealt cards: J♥, 2♠, J♣, Q♦ [3♠]",2026-09-03T08:36:18.996Z,178842457899600
"-- ending hand #99 --",2026-09-03T08:36:18.680Z,178842457868002
"""player 52 @ 4chnM3wbbk"" collected 175 from pot",2026-09-03T08:36:18.680Z,178842457868001
"Uncalled bet of 50 returned to ""player 52 @ 4chnM3wbbk""",2026-09-03T08:36:18.680Z,178842457868000
"""player 51 @ uewFolxPCK"" folds",2026-09-03T08:36:17.820Z,178842457782000
"""player 52 @ 4chnM3wbbk"" bets 50",2026-09-03T08:35:58.459Z,178842455845900
"Turn: J♥, 2♠, J♣ [Q♦]",2026-09-03T08:35:54.804Z,178842455480400
"""player 51 @ uewFolxPCK"" calls 40",2026-09-03T08:35:53.994Z,178842455399400
"""player 7 @ O8SRi7DfXR"" folds",2026-09-03T08:35:52.181Z,178842455218100
"""player 52 @ 4chnM3wbbk"" bets 40",2026-09-03T08:35:42.202Z,178842454220200
"Flop:  [J♥, 2♠, J♣]",2026-09-03T08:35:35.968Z,178842453596800
"""player 54 @ BeZA_Cf-pd"" folds",2026-09-03T08:35:35.104Z,178842453510400
"""player 51 @ uewFolxPCK"" calls 30",2026-09-03T08:35:33.272Z,178842453327200
"""player 7 @ O8SRi7DfXR"" calls 30",2026-09-03T08:35:32.250Z,178842453225000
"""player 52 @ 4chnM3wbbk"" raises to 30",2026-09-03T08:35:23.005Z,178842452300500
"""player 54 @ BeZA_Cf-pd"" calls 5",2026-09-03T08:35:20.296Z,178842452029600
"""player 51 @ uewFolxPCK"" calls 5",2026-09-03T08:35:18.338Z,178842451833800
"""player 7 @ O8SRi7DfXR"" calls 5",2026-09-03T08:35:12.292Z,178842451229200
"""player 53 @ LGay7r_Caq"" folds",2026-09-03T08:35:11.374Z,178842451137400
"""player 52 @ 4chnM3wbbk"" posts a big blind of 5",2026-09-03T08:35:09.351Z,178842450935108
"""player 54 @ BeZA_Cf-pd"" posts a small blind of 2",2026-09-03T08:35:09.351Z,178842450935107
"Player stacks: #2 ""player 7 @ O8SRi7DfXR"" (470) | #3 ""player 51 @ uewFolxPCK"" (1226) | #4 ""player 54 @ BeZA_Cf-pd"" (621) | #7 ""player 52 @ 4chnM3wbbk"" (1955) | #9 ""player 53 @ LGay7r_Caq"" (1928)",2026-09-03T08:35:09.351Z,178842450935101
"-- starting hand #99 (id: zbnehp03ackn)  No Limit Texas Hold'em (dealer: ""player 51 @ uewFolxPCK"") --",2026-09-03T08:35:09.351Z,178842450935100
"-- ending hand #98 --",2026-09-03T08:35:03.312Z,178842450331201
"""player 54 @ BeZA_Cf-pd"" collected 621 from pot with Flush, K High (combination: 4♣, 6♣, 7♣, 9♣, K♣)",2026-09-03T08:35:03.312Z,178842450331200
"River: 9♠, K♣, 7♣, 9♣ [10♠]",2026-09-03T08:34:59.276Z,178842449927600
"""player 54 @ BeZA_Cf-pd"" shows a 4♣, 6♣.",2026-09-03T08:34:55.202Z,178842449520202
"""player 7 @ O8SRi7DfXR"" shows a A♥.",2026-09-03T08:34:55.202Z,178842449520201
"Uncalled bet of 470 returned to ""player 7 @ O8SRi7DfXR""",2026-09-03T08:34:55.202Z,178842449520200
"""player 7 @ O8SRi7DfXR"" shows a K♥.",2026-09-03T08:34:54.506Z,178842449450600
"Some players choose to not run it twice.",2026-09-03T08:34:54.315Z,178842449431501
"""player 54 @ BeZA_Cf-pd"" chooses to not run it twice.",2026-09-03T08:34:54.315Z,178842449431500
"Remaining players decide whether to run it twice.",2026-09-03T08:34:53.110Z,178842449311001
"""player 54 @ BeZA_Cf-pd"" calls 200 and go all in",2026-09-03T08:34:53.110Z,178842449311000
"""player 7 @ O8SRi7DfXR"" bets 670 and go all in",2026-09-03T08:34:46.427Z,178842448642700
"""player 54 @ BeZA_Cf-pd"" checks",2026-09-03T08:34:40.861Z,178842448086100
"Turn: 9♠, K♣, 7♣ [9♣]",2026-09-03T08:34:39.102Z,178842447910200
"""player 52 @ 4chnM3wbbk"" folds",2026-09-03T08:34:38.267Z,178842447826700
"""player 54 @ BeZA_Cf-pd"" calls 67",2026-09-03T08:34:37.343Z,178842447734300
"""player 7 @ O8SRi7DfXR"" raises to 67",2026-09-03T08:34:34.672Z,178842447467200
"""player 52 @ 4chnM3wbbk"" calls 10",2026-09-03T08:34:32.148Z,178842447214800
"""player 54 @ BeZA_Cf-pd"" bets 10",2026-09-03T08:34:30.622Z,178842447062200
"Flop:  [9♠, K♣, 7♣]",2026-09-03T08:34:22.691Z,178842446269100
"""player 54 @ BeZA_Cf-pd"" calls 25",2026-09-03T08:34:21.855Z,178842446185500
"""player 51 @ uewFolxPCK"" folds",2026-09-03T08:34:20.512Z,178842446051200
"""player 7 @ O8SRi7DfXR"" calls 25",2026-09-03T08:34:13.463Z,178842445346300
"""player 53 @ LGay7r_Caq"" folds",2026-09-03T08:34:02.024Z,178842444202400
"""player 52 @ 4chnM3wbbk"" raises to 25",2026-09-03T08:34:00.110Z,178842444011000
"""player 54 @ BeZA_Cf-pd"" posts a big blind of 5",2026-09-03T08:33:56.552Z,178842443655208
"""player 51 @ uewFolxPCK"" posts a small blind of 2",2026-09-03T08:33:56.552Z,178842443655207
"Player stacks: #2 ""player 7 @ O8SRi7DfXR"" (762) | #3 ""player 51 @ uewFolxPCK"" (1228) | #4 ""player 54 @ BeZA_Cf-pd"" (292) | #7 ""player 52 @ 4chnM3wbbk"" (1990) | #9 ""player 53 @ LGay7r_Caq"" (1928)",2026-09-03T08:33:56.552Z,178842443655201
"-- starting hand #98 (id: psc7lzusid2d)  No Limit Texas Hold'em (dealer: ""player 7 @ O8SRi7DfXR"") --",2026-09-03T08:33:56.552Z,178842443655200
"-- ending hand #97 --",2026-09-03T08:33:53.601Z,178842443360102
"""player 52 @ 4chnM3wbbk"" collected 110 from pot",2026-09-03T08:33:53.601Z,178842443360101
"Uncalled bet of 50 returned to ""player 52 @ 4chnM3wbbk""",2026-09-03T08:33:53.601Z,178842443360100
"""player 53 @ LGay7r_Caq"" folds",2026-09-03T08:33:52.749Z,178842443274900
"""player 52 @ 4chnM3wbbk"" bets 50",2026-09-03T08:33:37.747Z,178842441774700
"River: Q♦, Q♠, 4♥, 8♥ [A♥]",2026-09-03T08:33:33.942Z,178842441394200
"""player 7 @ O8SRi7DfXR"" folds",2026-09-03T08:33:33.060Z,178842441306000
"""player 53 @ LGay7r_Caq"" calls 5",2026-09-03T08:33:02.087Z,178842438208700
"""player 52 @ 4chnM3wbbk"" bets 5",2026-09-03T08:32:57.602Z,178842437760200
"""player 7 @ O8SRi7DfXR"" checks",2026-09-03T08:32:56.168Z,178842437616800
"Turn: Q♦, Q♠, 4♥ [8♥]",2026-09-03T08:32:38.374Z,178842435837400
"""player 52 @ 4chnM3wbbk"" calls 5",2026-09-03T08:32:37.547Z,178842435754700
"""player 54 @ BeZA_Cf-pd"" folds",2026-09-03T08:32:36.301Z,178842435630100
"""player 7 @ O8SRi7DfXR"" calls 5",2026-09-03T08:32:35.386Z,178842435538600
"""player 53 @ LGay7r_Caq"" bets 5",2026-09-03T08:32:21.378Z,178842434137800
"""player 52 @ 4chnM3wbbk"" checks",2026-09-03T08:32:19.374Z,178842433937400
"""player 54 @ BeZA_Cf-pd"" checks",2026-09-03T08:32:18.366Z,178842433836600
"""player 7 @ O8SRi7DfXR"" checks",2026-09-03T08:32:16.573Z,178842433657300
"Flop:  [Q♦, Q♠, 4♥]",2026-09-03T08:32:11.149Z,178842433114900
"""player 51 @ uewFolxPCK"" folds",2026-09-03T08:32:10.337Z,178842433033700
"""player 7 @ O8SRi7DfXR"" calls 20",2026-09-03T08:32:09.383Z,178842432938300
"""player 53 @ LGay7r_Caq"" calls 20",2026-09-03T08:32:06.873Z,178842432687300
"""player 52 @ 4chnM3wbbk"" calls 20",2026-09-03T08:32:05.948Z,178842432594800
"""player 54 @ BeZA_Cf-pd"" raises to 20",2026-09-03T08:32:04.901Z,178842432490100
"""player 51 @ uewFolxPCK"" posts a big blind of 5",2026-09-03T08:32:00.488Z,178842432048809
"""player 7 @ O8SRi7DfXR"" posts a small blind of 2",2026-09-03T08:32:00.488Z,178842432048808
"Player stacks: #2 ""player 7 @ O8SRi7DfXR"" (787) | #3 ""player 51 @ uewFolxPCK"" (1233) | #4 ""player 54 @ BeZA_Cf-pd"" (312) | #7 ""player 52 @ 4chnM3wbbk"" (1910) | #9 ""player 53 @ LGay7r_Caq"" (1958)",2026-09-03T08:32:00.488Z,178842432048802
"-- starting hand #97 (id: bzeweeun9vlt)  No Limit Texas Hold'em (dealer: ""player 53 @ LGay7r_Caq"") --",2026-09-03T08:32:00.488Z,178842432048801
"The admin updated the player ""player 7 @ O8SRi7DfXR"" stack from 287 to 787.",2026-09-03T08:32:00.488Z,178842432048800
"-- ending hand #96 --",2026-09-03T08:31:54.483Z,178842431448301
"""player 7 @ O8SRi7DfXR"" collected 287 from pot with Two Pair, J's & 7's (combination: 9♦, 7♣, 7♥, J♦, J♠)",2026-09-03T08:31:54.483Z,178842431448300
"River: J♠, 2♠, 6♦, 9♦ [7♥]",2026-09-03T08:31:50.473Z,178842431047300
"""player 53 @ LGay7r_Caq"" shows a 4♥, 2♦.",2026-09-03T08:31:46.469Z,178842430646901
"""player 7 @ O8SRi7DfXR"" shows a 7♣, J♦.",2026-09-03T08:31:46.469Z,178842430646900
"Some players choose to not run it twice.",2026-09-03T08:31:45.575Z,178842430557501
"""player 7 @ O8SRi7DfXR"" chooses to not run it twice.",2026-09-03T08:31:45.575Z,178842430557500
"""player 53 @ LGay7r_Caq"" chooses to  run it twice.",2026-09-03T08:31:43.782Z,178842430378200
"Remaining players decide whether to run it twice.",2026-09-03T08:31:41.372Z,178842430137201
"""player 53 @ LGay7r_Caq"" calls 101",2026-09-03T08:31:41.372Z,178842430137200
"""player 54 @ BeZA_Cf-pd"" folds",2026-09-03T08:31:22.611Z,178842428261100
"""player 51 @ uewFolxPCK"" folds",2026-09-03T08:31:16.786Z,178842427678600
"""player 7 @ O8SRi7DfXR"" bets 101 and go all in",2026-09-03T08:31:14.816Z,178842427481600
"""player 53 @ LGay7r_Caq"" checks",2026-09-03T08:31:09.738Z,178842426973800
"Turn: J♠, 2♠, 6♦ [9♦]",2026-09-03T08:31:07.746Z,178842426774600
"""player 51 @ uewFolxPCK"" calls 15",2026-09-03T08:31:06.913Z,178842426691300
"""player 7 @ O8SRi7DfXR"" calls 15",2026-09-03T08:31:06.006Z,178842426600600
"""player 53 @ LGay7r_Caq"" calls 15",2026-09-03T08:31:03.575Z,178842426357500
"""player 52 @ 4chnM3wbbk"" folds",2026-09-03T08:31:00.230Z,178842426023000
"""player 54 @ BeZA_Cf-pd"" raises to 15",2026-09-03T08:30:59.238Z,178842425923800
"""player 51 @ uewFolxPCK"" calls 5",2026-09-03T08:30:57.294Z,178842425729400
"""player 7 @ O8SRi7DfXR"" calls 5",2026-09-03T08:30:56.321Z,178842425632100
"""player 53 @ LGay7r_Caq"" bets 5",2026-09-03T08:30:51.895Z,178842425189500
"WARNING: the admin queued the stack change for the player ""player 7 @ O8SRi7DfXR"" adding 500 chips in the next hand.",2026-09-03T08:30:50.192Z,178842425019200
"Flop:  [J♠, 2♠, 6♦]",2026-09-03T08:30:48.874Z,178842424887400
"""player 7 @ O8SRi7DfXR"" checks",2026-09-03T08:30:48.047Z,178842424804700
"""player 53 @ LGay7r_Caq"" calls 5",2026-09-03T08:30:42.405Z,178842424240500
"""player 52 @ 4chnM3wbbk"" calls 5",2026-09-03T08:30:40.863Z,178842424086300
"""player 54 @ BeZA_Cf-pd"" calls 5",2026-09-03T08:30:39.670Z,178842423967000
"""player 51 @ uewFolxPCK"" calls 5",2026-09-03T08:30:38.399Z,178842423839900
"""player 7 @ O8SRi7DfXR"" posts a big blind of 5",2026-09-03T08:30:36.255Z,178842423625508
"""player 53 @ LGay7r_Caq"" posts a small blind of 2",2026-09-03T08:30:36.255Z,178842423625507
"Player stacks: #2 ""player 7 @ O8SRi7DfXR"" (121) | #3 ""player 51 @ uewFolxPCK"" (1253) | #4 ""player 54 @ BeZA_Cf-pd"" (332) | #7 ""player 52 @ 4chnM3wbbk"" (1915) | #9 ""player 53 @ LGay7r_Caq"" (2079)",2026-09-03T08:30:36.255Z,178842423625501
"-- starting hand #96 (id: thzaadlzij7j)  No Limit Texas Hold'em (dealer: ""player 52 @ 4chnM3wbbk"") --",2026-09-03T08:30:36.255Z,178842423625500
"""player 7 @ O8SRi7DfXR"" shows a A♣, 10♣.",2026-09-03T08:30:32.972Z,178842423297200
"-- ending hand #95 --",2026-09-03T08:30:32.651Z,178842423265102
"""player 52 @ 4chnM3wbbk"" collected 349 from pot",2026-09-03T08:30:32.651Z,178842423265101
"Uncalled bet of 1566 returned to ""player 52 @ 4chnM3wbbk""",2026-09-03T08:30:32.651Z,178842423265100
"""player 7 @ O8SRi7DfXR"" folds",2026-09-03T08:30:31.810Z,178842423181000
"""player 52 @ 4chnM3wbbk"" bets 1566 and go all in",2026-09-03T08:30:21.150Z,178842422115000
"River: 9♣, 6♣, K♠, Q♦ [6♦]",2026-09-03T08:30:18.529Z,178842421852900
"""player 7 @ O8SRi7DfXR"" calls 87",2026-09-03T08:30:17.629Z,178842421762900
"""player 52 @ 4chnM3wbbk"" bets 87",2026-09-03T08:30:16.654Z,178842421665400
"Turn: 9♣, 6♣, K♠ [Q♦]",2026-09-03T08:30:11.518Z,178842421151800
"""player 7 @ O8SRi7DfXR"" calls 30",2026-09-03T08:30:10.684Z,178842421068400
"""player 52 @ 4chnM3wbbk"" bets 30",2026-09-03T08:30:09.714Z,178842420971400
"Flop:  [9♣, 6♣, K♠]",2026-09-03T08:30:05.712Z,178842420571200
"""player 54 @ BeZA_Cf-pd"" folds",2026-09-03T08:30:04.878Z,178842420487800
"""player 51 @ uewFolxPCK"" folds",2026-09-03T08:30:03.828Z,178842420382800
"""player 7 @ O8SRi7DfXR"" calls 40",2026-09-03T08:30:00.155Z,178842420015500
"""player 53 @ LGay7r_Caq"" folds",2026-09-03T08:29:51.454Z,178842419145400
"""player 52 @ 4chnM3wbbk"" raises to 40",2026-09-03T08:29:46.687Z,178842418668700
"""player 54 @ BeZA_Cf-pd"" calls 15",2026-09-03T08:29:43.343Z,178842418334300
"""player 51 @ uewFolxPCK"" calls 15",2026-09-03T08:29:41.276Z,178842418127600
"""player 7 @ O8SRi7DfXR"" raises to 15",2026-09-03T08:29:36.883Z,178842417688300
"""player 53 @ LGay7r_Caq"" posts a big blind of 5",2026-09-03T08:29:25.064Z,178842416506408
"""player 52 @ 4chnM3wbbk"" posts a small blind of 2",2026-09-03T08:29:25.064Z,178842416506407
"Player stacks: #2 ""player 7 @ O8SRi7DfXR"" (278) | #3 ""player 51 @ uewFolxPCK"" (1268) | #4 ""player 54 @ BeZA_Cf-pd"" (347) | #7 ""player 52 @ 4chnM3wbbk"" (1723) | #9 ""player 53 @ LGay7r_Caq"" (2084)",2026-09-03T08:29:25.064Z,178842416506401
"-- starting hand #95 (id: govswpsstgnx)  No Limit Texas Hold'em (dealer: ""player 54 @ BeZA_Cf-pd"") --",2026-09-03T08:29:25.064Z,178842416506400
"-- ending hand #94 --",2026-09-03T08:29:19.058Z,178842415905803
"""player 53 @ LGay7r_Caq"" collected 130 from pot with A High (combination: 9♥, J♣, Q♠, K♦, A♦)",2026-09-03T08:29:19.058Z,178842415905802
"""player 53 @ LGay7r_Caq"" shows a J♣, K♦.",2026-09-03T08:29:19.058Z,178842415905801
"""player 52 @ 4chnM3wbbk"" shows a 6♥, 3♣.",2026-09-03T08:29:19.058Z,178842415905800
"""player 53 @ LGay7r_Caq"" checks",2026-09-03T08:29:18.238Z,178842415823800
"""player 52 @ 4chnM3wbbk"" checks",2026-09-03T08:29:16.735Z,178842415673500
"River: 5♦, A♦, Q♠, 9♥ [2♦]",2026-09-03T08:29:13.870Z,178842415387000
"""player 53 @ LGay7r_Caq"" calls 10",2026-09-03T08:29:13.047Z,178842415304700
"""player 52 @ 4chnM3wbbk"" bets 10",2026-09-03T08:29:11.577Z,178842415157700
"Turn: 5♦, A♦, Q♠ [9♥]",2026-09-03T08:29:07.835Z,178842414783500
"""player 53 @ LGay7r_Caq"" calls 5",2026-09-03T08:29:06.951Z,178842414695100
"""player 52 @ 4chnM3wbbk"" bets 5",2026-09-03T08:29:05.440Z,178842414544000
"Flop:  [5♦, A♦, Q♠]",2026-09-03T08:29:00.983Z,178842414098300
"""player 52 @ 4chnM3wbbk"" calls 45",2026-09-03T08:29:00.152Z,178842414015200
"""player 54 @ BeZA_Cf-pd"" folds",2026-09-03T08:28:59.083Z,178842413908300
"""player 51 @ uewFolxPCK"" folds",2026-09-03T08:28:58.094Z,178842413809400
"""player 53 @ LGay7r_Caq"" raises to 45",2026-09-03T08:28:56.652Z,178842413665200
"""player 52 @ 4chnM3wbbk"" raises to 15",2026-09-03T08:28:52.039Z,178842413203900
"""player 54 @ BeZA_Cf-pd"" calls 5",2026-09-03T08:28:48.400Z,178842412840000
"""player 51 @ uewFolxPCK"" calls 5",2026-09-03T08:28:47.313Z,178842412731300
"""player 7 @ O8SRi7DfXR"" folds",2026-09-03T08:28:45.068Z,178842412506800
"""player 53 @ LGay7r_Caq"" calls 5",2026-09-03T08:28:44.154Z,178842412415400
"""player 52 @ 4chnM3wbbk"" posts a big blind of 5",2026-09-03T08:28:37.572Z,178842411757208
"""player 54 @ BeZA_Cf-pd"" posts a small blind of 2",2026-09-03T08:28:37.572Z,178842411757207
"Player stacks: #2 ""player 7 @ O8SRi7DfXR"" (278) | #3 ""player 51 @ uewFolxPCK"" (1273) | #4 ""player 54 @ BeZA_Cf-pd"" (352) | #7 ""player 52 @ 4chnM3wbbk"" (1783) | #9 ""player 53 @ LGay7r_Caq"" (2014)",2026-09-03T08:28:37.572Z,178842411757201
"-- starting hand #94 (id: 9n4qsur7m64j)  No Limit Texas Hold'em (dealer: ""player 51 @ uewFolxPCK"") --",2026-09-03T08:28:37.572Z,178842411757200
"""player 51 @ uewFolxPCK"" shows a J♠.",2026-09-03T08:28:34.613Z,178842411461300
"""player 54 @ BeZA_Cf-pd"" shows a 9♣.",2026-09-03T08:28:34.488Z,178842411448800
"-- ending hand #93 --",2026-09-03T08:28:33.226Z,178842411322602
"""player 54 @ BeZA_Cf-pd"" collected 108 from pot",2026-09-03T08:28:33.226Z,178842411322601
"Uncalled bet of 244 returned to ""player 54 @ BeZA_Cf-pd""",2026-09-03T08:28:33.226Z,178842411322600
"""player 51 @ uewFolxPCK"" folds",2026-09-03T08:28:32.385Z,178842411238500
"""player 54 @ BeZA_Cf-pd"" raises to 266 and go all in",2026-09-03T08:28:25.734Z,178842410573400
"""player 51 @ uewFolxPCK"" bets 22",2026-09-03T08:28:22.593Z,178842410259300
"River: 10♦, 7♣, 2♣, 7♥ [A♣]",2026-09-03T08:28:19.563Z,178842409956300
"""player 7 @ O8SRi7DfXR"" folds",2026-09-03T08:28:18.639Z,178842409863900
"""player 52 @ 4chnM3wbbk"" folds",2026-09-03T08:28:15.763Z,178842409576300
"""player 54 @ BeZA_Cf-pd"" calls 22",2026-09-03T08:28:14.724Z,178842409472400
"""player 51 @ uewFolxPCK"" bets 22",2026-09-03T08:28:08.875Z,178842408887500
"Turn: 10♦, 7♣, 2♣ [7♥]",2026-09-03T08:28:03.934Z,178842408393400
"""player 7 @ O8SRi7DfXR"" checks",2026-09-03T08:28:03.073Z,178842408307300
"""player 52 @ 4chnM3wbbk"" checks",2026-09-03T08:27:47.274Z,178842406727400
"""player 54 @ BeZA_Cf-pd"" checks",2026-09-03T08:27:46.352Z,178842406635200
"""player 51 @ uewFolxPCK"" checks",2026-09-03T08:27:45.400Z,178842406540000
"Flop:  [10♦, 7♣, 2♣]",2026-09-03T08:27:42.255Z,178842406225500
"""player 54 @ BeZA_Cf-pd"" checks",2026-09-03T08:27:41.437Z,178842406143700
"""player 51 @ uewFolxPCK"" calls 5",2026-09-03T08:27:40.171Z,178842406017100
"""player 7 @ O8SRi7DfXR"" calls 5",2026-09-03T08:27:38.821Z,178842405882100
"""player 53 @ LGay7r_Caq"" folds",2026-09-03T08:27:30.571Z,178842405057100
"""player 52 @ 4chnM3wbbk"" calls 5",2026-09-03T08:27:29.250Z,178842404925000
"""player 54 @ BeZA_Cf-pd"" posts a big blind of 5",2026-09-03T08:27:27.838Z,178842404783808
"""player 51 @ uewFolxPCK"" posts a small blind of 2",2026-09-03T08:27:27.838Z,178842404783807
"Player stacks: #2 ""player 7 @ O8SRi7DfXR"" (283) | #3 ""player 51 @ uewFolxPCK"" (1322) | #4 ""player 54 @ BeZA_Cf-pd"" (293) | #7 ""player 52 @ 4chnM3wbbk"" (1788) | #9 ""player 53 @ LGay7r_Caq"" (2014)",2026-09-03T08:27:27.838Z,178842404783801
"-- starting hand #93 (id: ud1y9s9nbac2)  No Limit Texas Hold'em (dealer: ""player 7 @ O8SRi7DfXR"") --",2026-09-03T08:27:27.838Z,178842404783800
"""player 7 @ O8SRi7DfXR"" shows a 4♥.",2026-09-03T08:27:24.180Z,178842404418000
"""player 7 @ O8SRi7DfXR"" shows a 10♠.",2026-09-03T08:27:23.632Z,178842404363200
"Undealt cards: A♥, 3♦, J♣, 2♠ [8♠]",2026-09-03T08:27:22.307Z,178842404230700
"-- ending hand #92 --",2026-09-03T08:27:21.204Z,178842404120402
"""player 51 @ uewFolxPCK"" collected 175 from pot",2026-09-03T08:27:21.204Z,178842404120401
"Uncalled bet of 33 returned to ""player 51 @ uewFolxPCK""",2026-09-03T08:27:21.204Z,178842404120400
"""player 7 @ O8SRi7DfXR"" folds",2026-09-03T08:27:20.376Z,178842404037600
"""player 52 @ 4chnM3wbbk"" folds",2026-09-03T08:27:10.050Z,178842403005000
"""player 51 @ uewFolxPCK"" bets 33",2026-09-03T08:27:00.038Z,178842402003800
"""player 7 @ O8SRi7DfXR"" checks",2026-09-03T08:26:58.003Z,178842401800300
"Turn: A♥, 3♦, J♣ [2♠]",2026-09-03T08:26:44.800Z,178842400480000
"""player 52 @ 4chnM3wbbk"" checks",2026-09-03T08:26:43.966Z,178842400396600
"""player 51 @ uewFolxPCK"" checks",2026-09-03T08:26:41.845Z,178842400184500
"""player 7 @ O8SRi7DfXR"" checks",2026-09-03T08:26:39.905Z,178842399990500
"Flop:  [A♥, 3♦, J♣]",2026-09-03T08:26:36.740Z,178842399674000
"""player 7 @ O8SRi7DfXR"" calls 55",2026-09-03T08:26:35.839Z,178842399583900
"""player 53 @ LGay7r_Caq"" folds",2026-09-03T08:26:23.007Z,178842398300700
"""player 52 @ 4chnM3wbbk"" calls 55",2026-09-03T08:26:19.137Z,178842397913700
"""player 54 @ BeZA_Cf-pd"" folds",2026-09-03T08:26:17.651Z,178842397765100
"""player 51 @ uewFolxPCK"" raises to 55",2026-09-03T08:26:15.986Z,178842397598600
"""player 7 @ O8SRi7DfXR"" calls 5",2026-09-03T08:26:13.455Z,178842397345500
"""player 53 @ LGay7r_Caq"" calls 5",2026-09-03T08:25:57.709Z,178842395770900
"""player 52 @ 4chnM3wbbk"" calls 5",2026-09-03T08:25:53.123Z,178842395312300
"""player 54 @ BeZA_Cf-pd"" calls 5",2026-09-03T08:25:51.862Z,178842395186200
"""player 51 @ uewFolxPCK"" posts a big blind of 5",2026-09-03T08:25:48.384Z,178842394838408
"""player 7 @ O8SRi7DfXR"" posts a small blind of 2",2026-09-03T08:25:48.384Z,178842394838407
"Player stacks: #2 ""player 7 @ O8SRi7DfXR"" (338) | #3 ""player 51 @ uewFolxPCK"" (1202) | #4 ""player 54 @ BeZA_Cf-pd"" (298) | #7 ""player 52 @ 4chnM3wbbk"" (1843) | #9 ""player 53 @ LGay7r_Caq"" (2019)",2026-09-03T08:25:48.384Z,178842394838401
"-- starting hand #92 (id: 5qorm85crfdt)  No Limit Texas Hold'em (dealer: ""player 53 @ LGay7r_Caq"") --",2026-09-03T08:25:48.384Z,178842394838400
"-- ending hand #91 --",2026-09-03T08:25:45.424Z,178842394542402
"""player 53 @ LGay7r_Caq"" collected 147 from pot",2026-09-03T08:25:45.424Z,178842394542401
"Uncalled bet of 75 returned to ""player 53 @ LGay7r_Caq""",2026-09-03T08:25:45.424Z,178842394542400
"""player 54 @ BeZA_Cf-pd"" folds",2026-09-03T08:25:44.593Z,178842394459300
"""player 7 @ O8SRi7DfXR"" folds",2026-09-03T08:25:30.448Z,178842393044800
"""player 53 @ LGay7r_Caq"" bets 75",2026-09-03T08:25:28.677Z,178842392867700
"River: 10♦, 9♠, J♥, A♥ [5♦]",2026-09-03T08:25:24.658Z,178842392465800
"""player 54 @ BeZA_Cf-pd"" checks",2026-09-03T08:25:23.808Z,178842392380800
"""player 7 @ O8SRi7DfXR"" checks",2026-09-03T08:25:22.661Z,178842392266100
"""player 53 @ LGay7r_Caq"" checks",2026-09-03T08:25:20.854Z,178842392085400
"Turn: 10♦, 9♠, J♥ [A♥]",2026-09-03T08:25:19.004Z,178842391900400
"""player 53 @ LGay7r_Caq"" calls 33",2026-09-03T08:25:18.175Z,178842391817500
"""player 52 @ 4chnM3wbbk"" folds",2026-09-03T08:25:16.687Z,178842391668700
"""player 54 @ BeZA_Cf-pd"" calls 33",2026-09-03T08:25:14.200Z,178842391420000
"""player 7 @ O8SRi7DfXR"" bets 33",2026-09-03T08:25:09.936Z,178842390993600
"""player 53 @ LGay7r_Caq"" checks",2026-09-03T08:25:01.760Z,178842390176000
"Flop:  [10♦, 9♠, J♥]",2026-09-03T08:24:59.887Z,178842389988700
"""player 54 @ BeZA_Cf-pd"" calls 12",2026-09-03T08:24:59.034Z,178842389903400
"""player 7 @ O8SRi7DfXR"" calls 12",2026-09-03T08:24:58.086Z,178842389808600
"""player 53 @ LGay7r_Caq"" calls 12",2026-09-03T08:24:56.000Z,178842389600000
"""player 52 @ 4chnM3wbbk"" raises to 12",2026-09-03T08:24:54.991Z,178842389499100
"""player 54 @ BeZA_Cf-pd"" calls 5",2026-09-03T08:24:47.960Z,178842388796000
"""player 51 @ uewFolxPCK"" folds",2026-09-03T08:24:45.911Z,178842388591100
"""player 7 @ O8SRi7DfXR"" posts a big blind of 5",2026-09-03T08:24:43.113Z,178842388311308
"""player 53 @ LGay7r_Caq"" posts a small blind of 2",2026-09-03T08:24:43.113Z,178842388311307
"Player stacks: #2 ""player 7 @ O8SRi7DfXR"" (383) | #3 ""player 51 @ uewFolxPCK"" (1202) | #4 ""player 54 @ BeZA_Cf-pd"" (343) | #7 ""player 52 @ 4chnM3wbbk"" (1855) | #9 ""player 53 @ LGay7r_Caq"" (1917)",2026-09-03T08:24:43.113Z,178842388311301
"-- starting hand #91 (id: jvblefmes42f)  No Limit Texas Hold'em (dealer: ""player 52 @ 4chnM3wbbk"") --",2026-09-03T08:24:43.113Z,178842388311300
"-- ending hand #90 --",2026-09-03T08:24:37.108Z,178842387710802
"""player 53 @ LGay7r_Caq"" collected 665 from pot with Two Pair, A's & 2's (combination: K♥, 2♠, 2♥, A♣, A♠)",2026-09-03T08:24:37.108Z,178842387710801
"""player 53 @ LGay7r_Caq"" shows a 2♠, A♣.",2026-09-03T08:24:37.108Z,178842387710800
"""player 52 @ 4chnM3wbbk"" calls 25",2026-09-03T08:24:36.289Z,178842387628900
"""player 53 @ LGay7r_Caq"" bets 25",2026-09-03T08:24:34.800Z,178842387480000
"""player 52 @ 4chnM3wbbk"" checks",2026-09-03T08:24:28.086Z,178842386808600
"River: K♥, 4♠, 2♥, 8♠ [A♠]",2026-09-03T08:24:25.459Z,178842386545900
"""player 52 @ 4chnM3wbbk"" calls 250",2026-09-03T08:24:24.601Z,178842386460100
"""player 53 @ LGay7r_Caq"" raises to 250",2026-09-03T08:24:20.952Z,178842386095200
"""player 52 @ 4chnM3wbbk"" bets 50",2026-09-03T08:24:12.966Z,178842385296600
"Turn: K♥, 4♠, 2♥ [8♠]",2026-09-03T08:24:10.036Z,178842385003600
"""player 54 @ BeZA_Cf-pd"" folds",2026-09-03T08:24:09.137Z,178842384913700
"""player 51 @ uewFolxPCK"" folds",2026-09-03T08:24:08.151Z,178842384815100
"""player 7 @ O8SRi7DfXR"" folds",2026-09-03T08:24:07.239Z,178842384723900
"""player 53 @ LGay7r_Caq"" calls 20",2026-09-03T08:24:01.178Z,178842384117800
"""player 52 @ 4chnM3wbbk"" bets 20",2026-09-03T08:23:49.114Z,178842382911400
"Flop:  [K♥, 4♠, 2♥]",2026-09-03T08:23:45.666Z,178842382566600
"""player 54 @ BeZA_Cf-pd"" calls 15",2026-09-03T08:23:44.843Z,178842382484300
"""player 51 @ uewFolxPCK"" calls 15",2026-09-03T08:23:43.869Z,178842382386900
"""player 7 @ O8SRi7DfXR"" calls 15",2026-09-03T08:23:42.935Z,178842382293500
"""player 53 @ LGay7r_Caq"" calls 15",2026-09-03T08:23:35.670Z,178842381567000
"""player 52 @ 4chnM3wbbk"" raises to 15",2026-09-03T08:23:32.791Z,178842381279100
"""player 54 @ BeZA_Cf-pd"" calls 5",2026-09-03T08:23:30.033Z,178842381003300
"""player 51 @ uewFolxPCK"" calls 5",2026-09-03T08:23:29.004Z,178842380900400
"""player 7 @ O8SRi7DfXR"" calls 5",2026-09-03T08:23:27.868Z,178842380786800
"""player 53 @ LGay7r_Caq"" posts a big blind of 5",2026-09-03T08:23:26.619Z,178842380661908
"""player 52 @ 4chnM3wbbk"" posts a small blind of 2",2026-09-03T08:23:26.619Z,178842380661907
"Player stacks: #2 ""player 7 @ O8SRi7DfXR"" (398) | #3 ""player 51 @ uewFolxPCK"" (1217) | #4 ""player 54 @ BeZA_Cf-pd"" (358) | #7 ""player 52 @ 4chnM3wbbk"" (2165) | #9 ""player 53 @ LGay7r_Caq"" (1562)",2026-09-03T08:23:26.619Z,178842380661901
"-- starting hand #90 (id: t7l3syfm9eow)  No Limit Texas Hold'em (dealer: ""player 54 @ BeZA_Cf-pd"") --",2026-09-03T08:23:26.619Z,178842380661900
"""player 51 @ uewFolxPCK"" shows a 9♠, 8♦.",2026-09-03T08:23:24.424Z,178842380442400
"Undealt cards:  [4♠, 7♠, 3♠, J♣, 7♦]",2026-09-03T08:23:21.824Z,178842380182400
"-- ending hand #89 --",2026-09-03T08:23:20.015Z,178842380001502
"""player 7 @ O8SRi7DfXR"" collected 30 from pot",2026-09-03T08:23:20.015Z,178842380001501
"Uncalled bet of 368 returned to ""player 7 @ O8SRi7DfXR""",2026-09-03T08:23:20.015Z,178842380001500
"""player 52 @ 4chnM3wbbk"" folds",2026-09-03T08:23:19.185Z,178842379918500
"""player 54 @ BeZA_Cf-pd"" folds",2026-09-03T08:23:13.861Z,178842379386100
"""player 51 @ uewFolxPCK"" folds",2026-09-03T08:23:12.318Z,178842379231800
"""player 7 @ O8SRi7DfXR"" raises to 378 and go all in",2026-09-03T08:23:10.086Z,178842379008600
"""player 52 @ 4chnM3wbbk"" raises to 10",2026-09-03T08:23:07.422Z,178842378742200
"""player 54 @ BeZA_Cf-pd"" calls 5",2026-09-03T08:23:05.421Z,178842378542100
"""player 51 @ uewFolxPCK"" calls 5",2026-09-03T08:23:04.402Z,178842378440200
"""player 7 @ O8SRi7DfXR"" calls 5",2026-09-03T08:23:01.886Z,178842378188600
"""player 53 @ LGay7r_Caq"" folds",2026-09-03T08:22:51.197Z,178842377119700
"""player 52 @ 4chnM3wbbk"" posts a big blind of 5",2026-09-03T08:22:50.069Z,178842377006908
"""player 54 @ BeZA_Cf-pd"" posts a small blind of 2",2026-09-03T08:22:50.069Z,178842377006907
"Your hand is 9♠, 8♦",2026-09-03T08:22:50.069Z,178842377006903
"Player stacks: #2 ""player 7 @ O8SRi7DfXR"" (378) | #3 ""player 51 @ uewFolxPCK"" (1222) | #4 ""player 54 @ BeZA_Cf-pd"" (363) | #7 ""player 52 @ 4chnM3wbbk"" (2175) | #9 ""player 53 @ LGay7r_Caq"" (1562)",2026-09-03T08:22:50.069Z,178842377006901
"-- starting hand #89 (id: aotv1ppaicg9)  No Limit Texas Hold'em (dealer: ""player 51 @ uewFolxPCK"") --",2026-09-03T08:22:50.069Z,178842377006900
"""player 53 @ LGay7r_Caq"" shows a Q♥.",2026-09-03T08:22:48.716Z,178842376871600
"Undealt cards: 10♠, K♦, 2♠, A♥ [7♠]",2026-09-03T08:22:44.171Z,178842376417100
"""player 7 @ O8SRi7DfXR"" shows a K♣.",2026-09-03T08:22:43.974Z,178842376397400
"-- ending hand #88 --",2026-09-03T08:22:42.693Z,178842376269302
"""player 51 @ uewFolxPCK"" collected 380 from pot",2026-09-03T08:22:42.693Z,178842376269301
"Uncalled bet of 842 returned to ""player 51 @ uewFolxPCK""",2026-09-03T08:22:42.693Z,178842376269300
"""player 7 @ O8SRi7DfXR"" folds",2026-09-03T08:22:41.886Z,178842376188600
"""player 51 @ uewFolxPCK"" bets 842 and go all in",2026-09-03T08:22:39.902Z,178842375990200
"Turn: 10♠, K♦, 2♠ [A♥]",2026-09-03T08:22:38.114Z,178842375811400
"""player 7 @ O8SRi7DfXR"" calls 160",2026-09-03T08:22:37.309Z,178842375730900
"""player 54 @ BeZA_Cf-pd"" folds",2026-09-03T08:22:29.124Z,178842374912400
"""player 51 @ uewFolxPCK"" raises to 160",2026-09-03T08:22:26.412Z,178842374641200
"""player 7 @ O8SRi7DfXR"" raises to 80",2026-09-03T08:22:22.570Z,178842374257000
"""player 54 @ BeZA_Cf-pd"" calls 40",2026-09-03T08:22:17.211Z,178842373721100
"""player 51 @ uewFolxPCK"" raises to 40",2026-09-03T08:22:15.339Z,178842373533900
"""player 7 @ O8SRi7DfXR"" calls 10",2026-09-03T08:22:13.004Z,178842373300400
"""player 52 @ 4chnM3wbbk"" folds",2026-09-03T08:22:10.320Z,178842373032000
"""player 54 @ BeZA_Cf-pd"" bets 10",2026-09-03T08:22:05.903Z,178842372590300
"""player 51 @ uewFolxPCK"" checks",2026-09-03T08:22:03.733Z,178842372373300
"Flop:  [10♠, K♦, 2♠]",2026-09-03T08:22:00.959Z,178842372095900
"""player 54 @ BeZA_Cf-pd"" checks",2026-09-03T08:22:00.133Z,178842372013300
"""player 51 @ uewFolxPCK"" calls 5",2026-09-03T08:21:58.884Z,178842371888400
"""player 7 @ O8SRi7DfXR"" calls 5",2026-09-03T08:21:57.984Z,178842371798400
"""player 53 @ LGay7r_Caq"" folds",2026-09-03T08:21:57.035Z,178842371703500
"""player 52 @ 4chnM3wbbk"" calls 5",2026-09-03T08:21:51.223Z,178842371122300
"""player 54 @ BeZA_Cf-pd"" posts a big blind of 5",2026-09-03T08:21:49.678Z,178842370967808
"""player 51 @ uewFolxPCK"" posts a small blind of 2",2026-09-03T08:21:49.678Z,178842370967807
"Player stacks: #2 ""player 7 @ O8SRi7DfXR"" (543) | #3 ""player 51 @ uewFolxPCK"" (1007) | #4 ""player 54 @ BeZA_Cf-pd"" (408) | #7 ""player 52 @ 4chnM3wbbk"" (2180) | #9 ""player 53 @ LGay7r_Caq"" (1562)",2026-09-03T08:21:49.678Z,178842370967801
"-- starting hand #88 (id: rcsjqooy9hgb)  No Limit Texas Hold'em (dealer: ""player 7 @ O8SRi7DfXR"") --",2026-09-03T08:21:49.678Z,178842370967800
"""player 7 @ O8SRi7DfXR"" shows a Q♥.",2026-09-03T08:21:46.775Z,178842370677500
"-- ending hand #87 --",2026-09-03T08:21:43.157Z,178842370315703
"""player 53 @ LGay7r_Caq"" collected 226 from pot with A High (combination: 9♥, J♣, Q♠, K♦, A♣)",2026-09-03T08:21:43.157Z,178842370315702
"""player 53 @ LGay7r_Caq"" shows a 9♥, Q♠.",2026-09-03T08:21:43.157Z,178842370315701
"""player 51 @ uewFolxPCK"" shows a 5♦, 4♣.",2026-09-03T08:21:43.157Z,178842370315700
"""player 53 @ LGay7r_Caq"" calls 67",2026-09-03T08:21:42.353Z,178842370235300
"""player 54 @ BeZA_Cf-pd"" folds",2026-09-03T08:21:39.309Z,178842369930900
"""player 51 @ uewFolxPCK"" bets 67",2026-09-03T08:21:37.741Z,178842369774100
"River: J♣, A♣, 6♥, K♦ [2♣]",2026-09-03T08:21:34.151Z,178842369415100
"""player 53 @ LGay7r_Caq"" calls 10",2026-09-03T08:21:33.309Z,178842369330900
"""player 52 @ 4chnM3wbbk"" folds",2026-09-03T08:21:32.352Z,178842369235200
"""player 54 @ BeZA_Cf-pd"" calls 10",2026-09-03T08:21:31.403Z,178842369140300
"""player 51 @ uewFolxPCK"" bets 10",2026-09-03T08:21:30.392Z,178842369039200
"Turn: J♣, A♣, 6♥ [K♦]",2026-09-03T08:21:25.898Z,178842368589800
"""player 53 @ LGay7r_Caq"" calls 5",2026-09-03T08:21:25.056Z,178842368505600
"""player 52 @ 4chnM3wbbk"" calls 5",2026-09-03T08:21:24.135Z,178842368413500
"""player 54 @ BeZA_Cf-pd"" calls 5",2026-09-03T08:21:22.964Z,178842368296400
"""player 51 @ uewFolxPCK"" bets 5",2026-09-03T08:21:18.895Z,178842367889500
"Flop:  [J♣, A♣, 6♥]",2026-09-03T08:21:16.647Z,178842367664700
"""player 54 @ BeZA_Cf-pd"" calls 10",2026-09-03T08:21:15.734Z,178842367573400
"""player 51 @ uewFolxPCK"" calls 10",2026-09-03T08:21:14.534Z,178842367453400
"""player 7 @ O8SRi7DfXR"" folds",2026-09-03T08:21:13.566Z,178842367356600
"""player 53 @ LGay7r_Caq"" calls 10",2026-09-03T08:21:08.953Z,178842366895300
"""player 52 @ 4chnM3wbbk"" raises to 10",2026-09-03T08:21:08.005Z,178842366800500
"""player 54 @ BeZA_Cf-pd"" calls 5",2026-09-03T08:21:05.600Z,178842366560000
"""player 51 @ uewFolxPCK"" posts a big blind of 5",2026-09-03T08:21:03.223Z,178842366322308
"""player 7 @ O8SRi7DfXR"" posts a small blind of 2",2026-09-03T08:21:03.223Z,178842366322307
"Your hand is 5♦, 4♣",2026-09-03T08:21:03.223Z,178842366322303
"Player stacks: #2 ""player 7 @ O8SRi7DfXR"" (545) | #3 ""player 51 @ uewFolxPCK"" (1099) | #4 ""player 54 @ BeZA_Cf-pd"" (433) | #7 ""player 52 @ 4chnM3wbbk"" (2195) | #9 ""player 53 @ LGay7r_Caq"" (1428)",2026-09-03T08:21:03.223Z,178842366322301
"-- starting hand #87 (id: gzymmspa53rl)  No Limit Texas Hold'em (dealer: ""player 53 @ LGay7r_Caq"") --",2026-09-03T08:21:03.223Z,178842366322300
"-- ending hand #86 --",2026-09-03T08:20:57.197Z,178842365719703
"""player 51 @ uewFolxPCK"" collected 430 from pot with Flush, A High (combination: 4♥, 7♥, 10♥, Q♥, A♥)",2026-09-03T08:20:57.197Z,178842365719702
"""player 51 @ uewFolxPCK"" shows a Q♥, A♥.",2026-09-03T08:20:57.197Z,178842365719701
"""player 7 @ O8SRi7DfXR"" shows a 2♠, K♥.",2026-09-03T08:20:57.197Z,178842365719700
"""player 51 @ uewFolxPCK"" calls 5",2026-09-03T08:20:56.304Z,178842365630400
"""player 7 @ O8SRi7DfXR"" bets 5",2026-09-03T08:20:55.337Z,178842365533700
"River: 4♣, 4♥, 4♦, 7♥ [10♥]",2026-09-03T08:20:53.392Z,178842365339200
"""player 7 @ O8SRi7DfXR"" calls 5",2026-09-03T08:20:52.484Z,178842365248400
"""player 51 @ uewFolxPCK"" bets 5",2026-09-03T08:20:51.584Z,178842365158400
"""player 7 @ O8SRi7DfXR"" checks",2026-09-03T08:20:50.564Z,178842365056400
"Turn: 4♣, 4♥, 4♦ [7♥]",2026-09-03T08:20:48.987Z,178842364898700
"""player 7 @ O8SRi7DfXR"" calls 5",2026-09-03T08:20:48.170Z,178842364817000
"""player 51 @ uewFolxPCK"" bets 5",2026-09-03T08:20:47.022Z,178842364702200
"""player 7 @ O8SRi7DfXR"" checks",2026-09-03T08:20:44.174Z,178842364417400
"Flop:  [4♣, 4♥, 4♦]",2026-09-03T08:20:40.012Z,178842364001200
"""player 53 @ LGay7r_Caq"" folds",2026-09-03T08:20:39.172Z,178842363917200
"""player 54 @ BeZA_Cf-pd"" folds",2026-09-03T08:20:38.243Z,178842363824300
"""player 51 @ uewFolxPCK"" calls 160",2026-09-03T08:20:36.304Z,178842363630400
"""player 7 @ O8SRi7DfXR"" raises to 160",2026-09-03T08:20:33.845Z,178842363384500
"""player 53 @ LGay7r_Caq"" calls 40",2026-09-03T08:20:28.319Z,178842362831900
"""player 52 @ 4chnM3wbbk"" folds",2026-09-03T08:20:27.370Z,178842362737000
"""player 54 @ BeZA_Cf-pd"" calls 40",2026-09-03T08:20:24.527Z,178842362452700
"""player 51 @ uewFolxPCK"" raises to 40",2026-09-03T08:20:22.168Z,178842362216800
"""player 7 @ O8SRi7DfXR"" posts a big blind of 5",2026-09-03T08:20:17.127Z,178842361712708
"""player 53 @ LGay7r_Caq"" posts a small blind of 2",2026-09-03T08:20:17.127Z,178842361712707
"Your hand is Q♥, A♥",2026-09-03T08:20:17.127Z,178842361712703
"Player stacks: #2 ""player 7 @ O8SRi7DfXR"" (720) | #3 ""player 51 @ uewFolxPCK"" (844) | #4 ""player 54 @ BeZA_Cf-pd"" (473) | #7 ""player 52 @ 4chnM3wbbk"" (2195) | #9 ""player 53 @ LGay7r_Caq"" (1468)",2026-09-03T08:20:17.127Z,178842361712701
"-- starting hand #86 (id: cqliyhxhq0jr)  No Limit Texas Hold'em (dealer: ""player 52 @ 4chnM3wbbk"") --",2026-09-03T08:20:17.127Z,178842361712700
"""player 7 @ O8SRi7DfXR"" shows a 2♥, 9♠.",2026-09-03T08:20:14.948Z,178842361494800
"""player 53 @ LGay7r_Caq"" shows a 2♠, 2♦.",2026-09-03T08:20:12.178Z,178842361217800
"-- ending hand #85 --",2026-09-03T08:20:10.123Z,178842361012303
"""player 51 @ uewFolxPCK"" collected 125 from pot with Pair, Q's (combination: 7♦, 10♦, A♥, Q♣, Q♥)",2026-09-03T08:20:10.123Z,178842361012302
"""player 51 @ uewFolxPCK"" shows a Q♣, 4♠.",2026-09-03T08:20:10.123Z,178842361012301
"""player 52 @ 4chnM3wbbk"" shows a J♥, 4♣.",2026-09-03T08:20:10.123Z,178842361012300
"""player 54 @ BeZA_Cf-pd"" folds",2026-09-03T08:20:09.301Z,178842360930100
"""player 51 @ uewFolxPCK"" calls 30",2026-09-03T08:20:07.997Z,178842360799700
"""player 53 @ LGay7r_Caq"" folds",2026-09-03T08:20:06.354Z,178842360635400
"""player 52 @ 4chnM3wbbk"" bets 30",2026-09-03T08:20:05.216Z,178842360521600
"River: A♥, Q♥, 10♦, 7♦ [3♦]",2026-09-03T08:20:02.275Z,178842360227500
"""player 52 @ 4chnM3wbbk"" calls 5",2026-09-03T08:20:01.374Z,178842360137400
"""player 54 @ BeZA_Cf-pd"" calls 5",2026-09-03T08:20:00.252Z,178842360025200
"""player 51 @ uewFolxPCK"" calls 5",2026-09-03T08:19:59.073Z,178842359907300
"""player 53 @ LGay7r_Caq"" bets 5",2026-09-03T08:19:55.655Z,178842359565500
"""player 52 @ 4chnM3wbbk"" checks",2026-09-03T08:19:54.437Z,178842359443700
"Turn: A♥, Q♥, 10♦ [7♦]",2026-09-03T08:19:52.539Z,178842359253900
"""player 52 @ 4chnM3wbbk"" calls 5",2026-09-03T08:19:51.671Z,178842359167100
"""player 54 @ BeZA_Cf-pd"" calls 5",2026-09-03T08:19:48.061Z,178842358806100
"""player 51 @ uewFolxPCK"" calls 5",2026-09-03T08:19:46.639Z,178842358663900
"""player 7 @ O8SRi7DfXR"" folds",2026-09-03T08:19:45.663Z,178842358566300
"""player 53 @ LGay7r_Caq"" bets 5",2026-09-03T08:19:31.386Z,178842357138600
"""player 52 @ 4chnM3wbbk"" checks",2026-09-03T08:19:30.033Z,178842357003300
"Flop:  [A♥, Q♥, 10♦]",2026-09-03T08:19:28.522Z,178842356852200
"""player 53 @ LGay7r_Caq"" checks",2026-09-03T08:19:27.641Z,178842356764100
"""player 52 @ 4chnM3wbbk"" calls 5",2026-09-03T08:19:26.608Z,178842356660800
"""player 54 @ BeZA_Cf-pd"" calls 5",2026-09-03T08:19:24.773Z,178842356477300
"""player 51 @ uewFolxPCK"" calls 5",2026-09-03T08:19:23.655Z,178842356365500
"""player 7 @ O8SRi7DfXR"" calls 5",2026-09-03T08:19:21.182Z,178842356118200
"""player 53 @ LGay7r_Caq"" posts a big blind of 5",2026-09-03T08:19:19.315Z,178842355931508
"""player 52 @ 4chnM3wbbk"" posts a small blind of 2",2026-09-03T08:19:19.315Z,178842355931507
"Your hand is Q♣, 4♠",2026-09-03T08:19:19.315Z,178842355931503
"Player stacks: #2 ""player 7 @ O8SRi7DfXR"" (725) | #3 ""player 51 @ uewFolxPCK"" (764) | #4 ""player 54 @ BeZA_Cf-pd"" (488) | #7 ""player 52 @ 4chnM3wbbk"" (2240) | #9 ""player 53 @ LGay7r_Caq"" (1483)",2026-09-03T08:19:19.315Z,178842355931501
"-- starting hand #85 (id: wifymgtt6vox)  No Limit Texas Hold'em (dealer: ""player 54 @ BeZA_Cf-pd"") --",2026-09-03T08:19:19.315Z,178842355931500
"""player 51 @ uewFolxPCK"" shows a 6♠, 6♦.",2026-09-03T08:19:14.077Z,178842355407700
"-- ending hand #84 --",2026-09-03T08:19:12.712Z,178842355271202
"""player 53 @ LGay7r_Caq"" collected 229 from pot with Two Pair, 7's & 3's (combination: J♣, 3♣, 3♠, 7♣, 7♦)",2026-09-03T08:19:12.712Z,178842355271201
"""player 53 @ LGay7r_Caq"" shows a 6♣, 7♣.",2026-09-03T08:19:12.712Z,178842355271200
"""player 51 @ uewFolxPCK"" calls 15",2026-09-03T08:19:11.835Z,178842355183500
"""player 53 @ LGay7r_Caq"" bets 15",2026-09-03T08:19:10.918Z,178842355091800
"River: 3♣, 4♠, J♣, 7♦ [3♠]",2026-09-03T08:19:08.912Z,178842354891200
"""player 51 @ uewFolxPCK"" calls 15",2026-09-03T08:19:08.027Z,178842354802700
"""player 53 @ LGay7r_Caq"" bets 15",2026-09-03T08:19:07.116Z,178842354711600
"Turn: 3♣, 4♠, J♣ [7♦]",2026-09-03T08:19:04.908Z,178842354490800
"""player 51 @ uewFolxPCK"" calls 15",2026-09-03T08:19:04.088Z,178842354408800
"""player 53 @ LGay7r_Caq"" bets 15",2026-09-03T08:19:02.686Z,178842354268600
"Flop:  [3♣, 4♠, J♣]",2026-09-03T08:18:59.488Z,178842353948800
"""player 53 @ LGay7r_Caq"" calls 66",2026-09-03T08:18:58.670Z,178842353867000
"""player 52 @ 4chnM3wbbk"" folds",2026-09-03T08:18:57.721Z,178842353772100
"""player 54 @ BeZA_Cf-pd"" folds",2026-09-03T08:18:55.781Z,178842353578100
"""player 51 @ uewFolxPCK"" raises to 66",2026-09-03T08:18:54.438Z,178842353443800
"""player 7 @ O8SRi7DfXR"" folds",2026-09-03T08:18:51.835Z,178842353183500
"""player 53 @ LGay7r_Caq"" calls 5",2026-09-03T08:18:50.902Z,178842353090200
"""player 52 @ 4chnM3wbbk"" posts a big blind of 5",2026-09-03T08:18:48.273Z,178842352827308
"""player 54 @ BeZA_Cf-pd"" posts a small blind of 2",2026-09-03T08:18:48.273Z,178842352827307
"Your hand is 6♠, 6♦",2026-09-03T08:18:48.273Z,178842352827303
"Player stacks: #2 ""player 7 @ O8SRi7DfXR"" (725) | #3 ""player 51 @ uewFolxPCK"" (875) | #4 ""player 54 @ BeZA_Cf-pd"" (490) | #7 ""player 52 @ 4chnM3wbbk"" (2245) | #9 ""player 53 @ LGay7r_Caq"" (1365)",2026-09-03T08:18:48.273Z,178842352827301
"-- starting hand #84 (id: bh5v2uoexces)  No Limit Texas Hold'em (dealer: ""player 51 @ uewFolxPCK"") --",2026-09-03T08:18:48.273Z,178842352827300
"""player 7 @ O8SRi7DfXR"" shows a K♦.",2026-09-03T08:18:46.646Z,178842352664600
"""player 7 @ O8SRi7DfXR"" shows a 2♠.",2026-09-03T08:18:45.463Z,178842352546300
"-- ending hand #83 --",2026-09-03T08:18:44.640Z,178842352464002
"""player 51 @ uewFolxPCK"" collected 213 from pot",2026-09-03T08:18:44.640Z,178842352464001
"Uncalled bet of 66 returned to ""player 51 @ uewFolxPCK""",2026-09-03T08:18:44.640Z,178842352464000
"""player 7 @ O8SRi7DfXR"" folds",2026-09-03T08:18:43.831Z,178842352383100
"""player 52 @ 4chnM3wbbk"" folds",2026-09-03T08:18:40.509Z,178842352050900
"""player 51 @ uewFolxPCK"" bets 66",2026-09-03T08:18:36.970Z,178842351697000
"River: 5♣, 5♦, 6♦, J♣ [5♠]",2026-09-03T08:18:32.286Z,178842351228600
"""player 7 @ O8SRi7DfXR"" checks",2026-09-03T08:18:31.470Z,178842351147000
"""player 52 @ 4chnM3wbbk"" checks",2026-09-03T08:18:30.092Z,178842351009200
"""player 51 @ uewFolxPCK"" checks",2026-09-03T08:18:24.360Z,178842350436000
"Turn: 5♣, 5♦, 6♦ [J♣]",2026-09-03T08:18:20.610Z,178842350061000
"""player 7 @ O8SRi7DfXR"" checks",2026-09-03T08:18:19.771Z,178842349977100
"""player 52 @ 4chnM3wbbk"" checks",2026-09-03T08:18:18.853Z,178842349885300
"""player 51 @ uewFolxPCK"" checks",2026-09-03T08:18:15.360Z,178842349536000
"Flop:  [5♣, 5♦, 6♦]",2026-09-03T08:18:11.607Z,178842349160700
"""player 7 @ O8SRi7DfXR"" calls 66",2026-09-03T08:18:10.768Z,178842349076800
"""player 53 @ LGay7r_Caq"" folds",2026-09-03T08:18:05.520Z,178842348552000
"""player 52 @ 4chnM3wbbk"" calls 66",2026-09-03T08:18:03.266Z,178842348326600
"""player 54 @ BeZA_Cf-pd"" folds",2026-09-03T08:17:58.514Z,178842347851400
"""player 51 @ uewFolxPCK"" raises to 66",2026-09-03T08:17:57.126Z,178842347712600
"""player 7 @ O8SRi7DfXR"" calls 10",2026-09-03T08:17:54.719Z,178842347471900
"""player 53 @ LGay7r_Caq"" calls 10",2026-09-03T08:17:48.900Z,178842346890000
"""player 52 @ 4chnM3wbbk"" raises to 10",2026-09-03T08:17:47.971Z,178842346797100
"""player 54 @ BeZA_Cf-pd"" posts a big blind of 5",2026-09-03T08:17:44.770Z,178842346477008
"""player 51 @ uewFolxPCK"" posts a small blind of 2",2026-09-03T08:17:44.770Z,178842346477007
"Player stacks: #2 ""player 7 @ O8SRi7DfXR"" (791) | #3 ""player 51 @ uewFolxPCK"" (728) | #4 ""player 54 @ BeZA_Cf-pd"" (495) | #7 ""player 52 @ 4chnM3wbbk"" (2311) | #9 ""player 53 @ LGay7r_Caq"" (1375)",2026-09-03T08:17:44.770Z,178842346477001
"-- starting hand #83 (id: llrjfj0hkrtp)  No Limit Texas Hold'em (dealer: ""player 7 @ O8SRi7DfXR"") --",2026-09-03T08:17:44.770Z,178842346477000
"-- ending hand #82 --",2026-09-03T08:17:38.754Z,178842345875402
"""player 52 @ 4chnM3wbbk"" collected 172 from pot with Pair, J's (combination: 7♥, 10♣, Q♦, J♠, J♥)",2026-09-03T08:17:38.754Z,178842345875401
"""player 52 @ 4chnM3wbbk"" shows a J♠, 10♣.",2026-09-03T08:17:38.754Z,178842345875400
"""player 53 @ LGay7r_Caq"" calls 5",2026-09-03T08:17:37.951Z,178842345795100
"""player 52 @ 4chnM3wbbk"" bets 5",2026-09-03T08:17:36.788Z,178842345678800
"River: 7♥, 4♥, J♥, 5♠ [Q♦]",2026-09-03T08:17:35.093Z,178842345509300
"""player 53 @ LGay7r_Caq"" checks",2026-09-03T08:17:34.229Z,178842345422900
"""player 52 @ 4chnM3wbbk"" checks",2026-09-03T08:17:33.226Z,178842345322600
"Turn: 7♥, 4♥, J♥ [5♠]",2026-09-03T08:17:31.948Z,178842345194800
"""player 52 @ 4chnM3wbbk"" calls 25",2026-09-03T08:17:31.122Z,178842345112200
"""player 53 @ LGay7r_Caq"" bets 25",2026-09-03T08:17:29.185Z,178842344918500
"""player 52 @ 4chnM3wbbk"" checks",2026-09-03T08:17:26.122Z,178842344612200
"Flop:  [7♥, 4♥, J♥]",2026-09-03T08:17:24.090Z,178842344409000
"""player 52 @ 4chnM3wbbk"" calls 50",2026-09-03T08:17:23.276Z,178842344327600
"""player 54 @ BeZA_Cf-pd"" folds",2026-09-03T08:17:16.781Z,178842343678100
"""player 51 @ uewFolxPCK"" folds",2026-09-03T08:17:15.854Z,178842343585400
"""player 7 @ O8SRi7DfXR"" folds",2026-09-03T08:17:14.181Z,178842343418100
"""player 53 @ LGay7r_Caq"" raises to 50",2026-09-03T08:17:13.229Z,178842343322900
"""player 52 @ 4chnM3wbbk"" raises to 10",2026-09-03T08:17:08.408Z,178842342840800
"""player 54 @ BeZA_Cf-pd"" calls 5",2026-09-03T08:17:02.168Z,178842342216800
"""player 51 @ uewFolxPCK"" posts a big blind of 5",2026-09-03T08:16:59.896Z,178842341989608
"""player 7 @ O8SRi7DfXR"" posts a small blind of 2",2026-09-03T08:16:59.896Z,178842341989607
"Player stacks: #2 ""player 7 @ O8SRi7DfXR"" (793) | #3 ""player 51 @ uewFolxPCK"" (733) | #4 ""player 54 @ BeZA_Cf-pd"" (500) | #7 ""player 52 @ 4chnM3wbbk"" (2219) | #9 ""player 53 @ LGay7r_Caq"" (1455)",2026-09-03T08:16:59.896Z,178842341989601
"-- starting hand #82 (id: bvwkjiewiiws)  No Limit Texas Hold'em (dealer: ""player 53 @ LGay7r_Caq"") --",2026-09-03T08:16:59.896Z,178842341989600
"""player 7 @ O8SRi7DfXR"" shows a K♦.",2026-09-03T08:16:57.079Z,178842341707900
"""player 7 @ O8SRi7DfXR"" shows a 7♣.",2026-09-03T08:16:56.000Z,178842341600000
"-- ending hand #81 --",2026-09-03T08:16:53.393Z,178842341339302
"""player 53 @ LGay7r_Caq"" collected 205 from pot with Two Pair, Q's & 7's (combination: 10♣, 7♠, 7♦, Q♥, Q♦)",2026-09-03T08:16:53.393Z,178842341339301
"""player 53 @ LGay7r_Caq"" shows a Q♥, 7♠.",2026-09-03T08:16:53.393Z,178842341339300
"""player 7 @ O8SRi7DfXR"" checks",2026-09-03T08:16:52.537Z,178842341253700
"""player 53 @ LGay7r_Caq"" checks",2026-09-03T08:16:51.533Z,178842341153300
"River: 4♣, 8♦, 7♦, Q♦ [10♣]",2026-09-03T08:16:49.792Z,178842340979200
"""player 53 @ LGay7r_Caq"" calls 50",2026-09-03T08:16:48.918Z,178842340891800
"""player 52 @ 4chnM3wbbk"" folds",2026-09-03T08:16:47.939Z,178842340793900
"""player 7 @ O8SRi7DfXR"" raises to 50",2026-09-03T08:16:46.963Z,178842340696300
"""player 53 @ LGay7r_Caq"" bets 25",2026-09-03T08:16:43.747Z,178842340374700
"Turn: 4♣, 8♦, 7♦ [Q♦]",2026-09-03T08:16:40.789Z,178842340078900
"""player 53 @ LGay7r_Caq"" calls 10",2026-09-03T08:16:39.946Z,178842339994600
"""player 52 @ 4chnM3wbbk"" calls 10",2026-09-03T08:16:38.874Z,178842339887400
"""player 7 @ O8SRi7DfXR"" raises to 10",2026-09-03T08:16:37.659Z,178842339765900
"""player 53 @ LGay7r_Caq"" bets 5",2026-09-03T08:16:34.474Z,178842339447400
"Flop:  [4♣, 8♦, 7♦]",2026-09-03T08:16:32.178Z,178842339217800
"""player 7 @ O8SRi7DfXR"" calls 25",2026-09-03T08:16:31.318Z,178842339131800
"""player 53 @ LGay7r_Caq"" calls 25",2026-09-03T08:16:27.619Z,178842338761900
"""player 52 @ 4chnM3wbbk"" raises to 25",2026-09-03T08:16:25.484Z,178842338548400
"""player 54 @ BeZA_Cf-pd"" folds",2026-09-03T08:16:22.268Z,178842338226800
"""player 51 @ uewFolxPCK"" folds",2026-09-03T08:16:21.164Z,178842338116400
"""player 7 @ O8SRi7DfXR"" posts a big blind of 5",2026-09-03T08:16:17.990Z,178842337799009
"""player 53 @ LGay7r_Caq"" posts a small blind of 2",2026-09-03T08:16:17.990Z,178842337799008
"Player stacks: #2 ""player 7 @ O8SRi7DfXR"" (878) | #3 ""player 51 @ uewFolxPCK"" (733) | #4 ""player 54 @ BeZA_Cf-pd"" (500) | #7 ""player 52 @ 4chnM3wbbk"" (2254) | #9 ""player 53 @ LGay7r_Caq"" (1335)",2026-09-03T08:16:17.990Z,178842337799002
"-- starting hand #81 (id: zmgxymgzhicz)  No Limit Texas Hold'em (dealer: ""player 52 @ 4chnM3wbbk"") --",2026-09-03T08:16:17.990Z,178842337799001
"The player ""player 54 @ BeZA_Cf-pd"" joined the game with a stack of 500.",2026-09-03T08:16:17.990Z,178842337799000
"-- ending hand #80 --",2026-09-03T08:16:11.970Z,178842337197003
"""player 51 @ uewFolxPCK"" shows a A♥, 9♠.",2026-09-03T08:16:11.970Z,178842337197002
"""player 53 @ LGay7r_Caq"" collected 1335 from pot with Pair, Q's (combination: 7♣, 8♣, K♦, Q♥, Q♦)",2026-09-03T08:16:11.970Z,178842337197001
"""player 53 @ LGay7r_Caq"" shows a K♦, Q♥.",2026-09-03T08:16:11.970Z,178842337197000
"""player 51 @ uewFolxPCK"" calls 499",2026-09-03T08:16:11.154Z,178842337115400
"""player 53 @ LGay7r_Caq"" bets 499 and go all in",2026-09-03T08:15:56.904Z,178842335690400
"River: 8♣, 4♦, Q♦, 7♣ [3♠]",2026-09-03T08:15:52.559Z,178842335255900
"""player 51 @ uewFolxPCK"" calls 75",2026-09-03T08:15:51.751Z,178842335175100
"""player 53 @ LGay7r_Caq"" bets 75",2026-09-03T08:15:49.662Z,178842334966200
"Turn: 8♣, 4♦, Q♦ [7♣]",2026-09-03T08:15:46.718Z,178842334671800
"""player 51 @ uewFolxPCK"" checks",2026-09-03T08:15:45.907Z,178842334590700
"""player 53 @ LGay7r_Caq"" checks",2026-09-03T08:15:42.578Z,178842334257800
"Flop:  [8♣, 4♦, Q♦]",2026-09-03T08:15:39.238Z,178842333923800
"""player 51 @ uewFolxPCK"" calls 90",2026-09-03T08:15:38.380Z,178842333838000
"""player 7 @ O8SRi7DfXR"" folds",2026-09-03T08:15:36.826Z,178842333682600
"""player 53 @ LGay7r_Caq"" raises to 90",2026-09-03T08:15:22.213Z,178842332221300
"""player 52 @ 4chnM3wbbk"" folds",2026-09-03T08:15:20.278Z,178842332027800
"""player 51 @ uewFolxPCK"" raises to 30",2026-09-03T08:15:18.345Z,178842331834500
"""player 7 @ O8SRi7DfXR"" calls 5",2026-09-03T08:15:14.202Z,178842331420200
"""player 53 @ LGay7r_Caq"" posts a big blind of 5",2026-09-03T08:15:06.480Z,178842330648007
"""player 52 @ 4chnM3wbbk"" posts a small blind of 2",2026-09-03T08:15:06.480Z,178842330648006
"Your hand is A♥, 9♠",2026-09-03T08:15:06.480Z,178842330648003
"Player stacks: #2 ""player 7 @ O8SRi7DfXR"" (883) | #3 ""player 51 @ uewFolxPCK"" (1397) | #7 ""player 52 @ 4chnM3wbbk"" (2256) | #9 ""player 53 @ LGay7r_Caq"" (664)",2026-09-03T08:15:06.480Z,178842330648001
"-- starting hand #80 (id: ahpl6cmprsda)  No Limit Texas Hold'em (dealer: ""player 51 @ uewFolxPCK"") --",2026-09-03T08:15:06.480Z,178842330648000
"-- ending hand #79 --",2026-09-03T08:15:03.540Z,178842330354002
"""player 51 @ uewFolxPCK"" collected 218 from pot",2026-09-03T08:15:03.540Z,178842330354001
"Uncalled bet of 69 returned to ""player 51 @ uewFolxPCK""",2026-09-03T08:15:03.540Z,178842330354000
"""player 52 @ 4chnM3wbbk"" folds",2026-09-03T08:15:02.466Z,178842330246600
"""player 51 @ uewFolxPCK"" bets 69",2026-09-03T08:14:57.780Z,178842329778000
"River: 7♥, A♠, 8♦, 5♠ [Q♠]",2026-09-03T08:14:53.277Z,178842329327700
"""player 53 @ LGay7r_Caq"" folds",2026-09-03T08:14:52.410Z,178842329241000
"""player 52 @ 4chnM3wbbk"" calls 69",2026-09-03T08:14:51.460Z,178842329146000
"""player 51 @ uewFolxPCK"" raises to 69",2026-09-03T08:14:40.166Z,178842328016600
"""player 53 @ LGay7r_Caq"" bets 5",2026-09-03T08:14:36.453Z,178842327645300
"""player 52 @ 4chnM3wbbk"" checks",2026-09-03T08:14:35.292Z,178842327529200
"""player 51 @ uewFolxPCK"" checks",2026-09-03T08:14:34.029Z,178842327402900
"Turn: 7♥, A♠, 8♦ [5♠]",2026-09-03T08:14:32.458Z,178842327245800
"""player 53 @ LGay7r_Caq"" checks",2026-09-03T08:14:31.601Z,178842327160100
"""player 52 @ 4chnM3wbbk"" checks",2026-09-03T08:14:30.275Z,178842327027500
"""player 51 @ uewFolxPCK"" checks",2026-09-03T08:14:28.226Z,178842326822600
"Flop:  [7♥, A♠, 8♦]",2026-09-03T08:14:26.455Z,178842326645500
"""player 53 @ LGay7r_Caq"" calls 25",2026-09-03T08:14:25.577Z,178842326557700
"""player 52 @ 4chnM3wbbk"" calls 25",2026-09-03T08:14:21.611Z,178842326161100
"""player 51 @ uewFolxPCK"" raises to 25",2026-09-03T08:14:19.960Z,178842325996000
"The admin approved the player ""player 54 @ BeZA_Cf-pd"" participation with a stack of 500.",2026-09-03T08:14:17.809Z,178842325780900
"""player 7 @ O8SRi7DfXR"" folds",2026-09-03T08:14:17.096Z,178842325709600
"The player ""player 54 @ BeZA_Cf-pd"" requested a seat.",2026-09-03T08:14:14.334Z,178842325433400
"""player 53 @ LGay7r_Caq"" calls 5",2026-09-03T08:14:06.982Z,178842324698200
"""player 52 @ 4chnM3wbbk"" posts a big blind of 5",2026-09-03T08:14:05.531Z,178842324553107
"""player 51 @ uewFolxPCK"" posts a small blind of 2",2026-09-03T08:14:05.531Z,178842324553106
"Player stacks: #2 ""player 7 @ O8SRi7DfXR"" (883) | #3 ""player 51 @ uewFolxPCK"" (1273) | #7 ""player 52 @ 4chnM3wbbk"" (2350) | #9 ""player 53 @ LGay7r_Caq"" (694)",2026-09-03T08:14:05.531Z,178842324553101
"-- starting hand #79 (id: qlwxfv1tslig)  No Limit Texas Hold'em (dealer: ""player 7 @ O8SRi7DfXR"") --",2026-09-03T08:14:05.531Z,178842324553100
"Undealt cards: 8♠, 9♠, 6♥ [J♣, Q♦]",2026-09-03T08:13:59.805Z,178842323980500
"-- ending hand #78 --",2026-09-03T08:13:59.581Z,178842323958102
"""player 52 @ 4chnM3wbbk"" collected 42 from pot",2026-09-03T08:13:59.581Z,178842323958101
"Uncalled bet of 5 returned to ""player 52 @ 4chnM3wbbk""",2026-09-03T08:13:59.581Z,178842323958100
"""player 51 @ uewFolxPCK"" folds",2026-09-03T08:13:58.731Z,178842323873100
"""player 52 @ 4chnM3wbbk"" bets 5",2026-09-03T08:13:56.657Z,178842323665700
"""player 51 @ uewFolxPCK"" checks",2026-09-03T08:13:54.416Z,178842323441600
"Flop:  [8♠, 9♠, 6♥]",2026-09-03T08:13:51.976Z,178842323197600
"""player 51 @ uewFolxPCK"" calls 20",2026-09-03T08:13:51.118Z,178842323111800
"""player 7 @ O8SRi7DfXR"" folds",2026-09-03T08:13:48.067Z,178842322806700
"""player 53 @ LGay7r_Caq"" folds",2026-09-03T08:13:47.091Z,178842322709100
"""player 52 @ 4chnM3wbbk"" raises to 20",2026-09-03T08:13:46.098Z,178842322609800
"""player 51 @ uewFolxPCK"" posts a big blind of 5",2026-09-03T08:13:43.361Z,178842322336108
"""player 7 @ O8SRi7DfXR"" posts a small blind of 2",2026-09-03T08:13:43.361Z,178842322336107
"Player stacks: #2 ""player 7 @ O8SRi7DfXR"" (885) | #3 ""player 51 @ uewFolxPCK"" (1293) | #7 ""player 52 @ 4chnM3wbbk"" (2328) | #9 ""player 53 @ LGay7r_Caq"" (694)",2026-09-03T08:13:43.361Z,178842322336102
"-- starting hand #78 (id: fjwu4cg8lcrw)  No Limit Texas Hold'em (dead button) --",2026-09-03T08:13:43.361Z,178842322336101
"The player ""player 54 @ BeZA_Cf-pd"" quits the game with a stack of 0.",2026-09-03T08:13:43.361Z,178842322336100
"""player 7 @ O8SRi7DfXR"" shows a Q♣, J♣.",2026-09-03T08:13:37.502Z,178842321750200
"-- ending hand #77 --",2026-09-03T08:13:36.795Z,178842321679501
"""player 52 @ 4chnM3wbbk"" collected 815 from pot with Two Pair, J's & 7's (combination: 10♥, 7♥, 7♠, J♦, J♠)",2026-09-03T08:13:36.795Z,178842321679500
"River: 10♥, J♠, 7♠, 6♥ [4♠]",2026-09-03T08:13:32.786Z,178842321278600
"""player 52 @ 4chnM3wbbk"" shows a J♦, 7♥.",2026-09-03T08:13:28.750Z,178842320875001
"""player 54 @ BeZA_Cf-pd"" shows a 10♠, Q♦.",2026-09-03T08:13:28.750Z,178842320875000
"Some players choose to not run it twice.",2026-09-03T08:13:27.900Z,178842320790001
"""player 54 @ BeZA_Cf-pd"" chooses to not run it twice.",2026-09-03T08:13:27.900Z,178842320790000
"Remaining players decide whether to run it twice.",2026-09-03T08:13:26.345Z,178842320634501
"""player 52 @ 4chnM3wbbk"" calls 245",2026-09-03T08:13:26.345Z,178842320634500
"""player 7 @ O8SRi7DfXR"" folds",2026-09-03T08:13:23.890Z,178842320389000
"""player 54 @ BeZA_Cf-pd"" bets 245 and go all in",2026-09-03T08:13:14.572Z,178842319457200
"Turn: 10♥, J♠, 7♠ [6♥]",2026-09-03T08:13:11.503Z,178842319150300
"""player 7 @ O8SRi7DfXR"" calls 100",2026-09-03T08:13:10.673Z,178842319067300
"""player 54 @ BeZA_Cf-pd"" calls 100",2026-09-03T08:13:08.843Z,178842318884300
"""player 53 @ LGay7r_Caq"" folds",2026-09-03T08:13:05.956Z,178842318595600
"""player 52 @ 4chnM3wbbk"" raises to 100",2026-09-03T08:13:04.834Z,178842318483400
"""player 51 @ uewFolxPCK"" folds",2026-09-03T08:13:02.363Z,178842318236300
"""player 7 @ O8SRi7DfXR"" raises to 40",2026-09-03T08:13:00.799Z,178842318079900
"""player 54 @ BeZA_Cf-pd"" bets 20",2026-09-03T08:12:58.898Z,178842317889800
"Flop:  [10♥, J♠, 7♠]",2026-09-03T08:12:55.021Z,178842317502100
"""player 7 @ O8SRi7DfXR"" checks",2026-09-03T08:12:54.200Z,178842317420000
"""player 54 @ BeZA_Cf-pd"" calls 5",2026-09-03T08:12:45.762Z,178842316576200
"""player 53 @ LGay7r_Caq"" calls 5",2026-09-03T08:12:43.656Z,178842316365600
"""player 52 @ 4chnM3wbbk"" calls 5",2026-09-03T08:12:42.644Z,178842316264400
"""player 51 @ uewFolxPCK"" calls 5",2026-09-03T08:12:41.304Z,178842316130400
"""player 7 @ O8SRi7DfXR"" posts a big blind of 5",2026-09-03T08:12:39.540Z,178842315954008
"""player 54 @ BeZA_Cf-pd"" posts a small blind of 2",2026-09-03T08:12:39.540Z,178842315954007
"Player stacks: #1 ""player 54 @ BeZA_Cf-pd"" (350) | #2 ""player 7 @ O8SRi7DfXR"" (990) | #3 ""player 51 @ uewFolxPCK"" (1298) | #7 ""player 52 @ 4chnM3wbbk"" (1863) | #9 ""player 53 @ LGay7r_Caq"" (699)",2026-09-03T08:12:39.540Z,178842315954001
"-- starting hand #77 (id: h3wab0vzxlda)  No Limit Texas Hold'em (dealer: ""player 53 @ LGay7r_Caq"") --",2026-09-03T08:12:39.540Z,178842315954000
"-- ending hand #76 --",2026-09-03T08:12:33.536Z,178842315353603
"""player 7 @ O8SRi7DfXR"" collected 305 from pot with Pair, 8's (combination: 9♥, Q♣, K♣, 8♣, 8♥)",2026-09-03T08:12:33.536Z,178842315353602
"""player 7 @ O8SRi7DfXR"" shows a 8♣, Q♣.",2026-09-03T08:12:33.536Z,178842315353601
"""player 54 @ BeZA_Cf-pd"" shows a Q♠, 10♥.",2026-09-03T08:12:33.536Z,178842315353600
"""player 7 @ O8SRi7DfXR"" checks",2026-09-03T08:12:32.697Z,178842315269700
"""player 54 @ BeZA_Cf-pd"" checks",2026-09-03T08:12:31.421Z,178842315142100
"River: 3♣, 8♥, 2♥, K♣ [9♥]",2026-09-03T08:12:28.090Z,178842314809000
"""player 7 @ O8SRi7DfXR"" checks",2026-09-03T08:12:27.256Z,178842314725600
"""player 54 @ BeZA_Cf-pd"" checks",2026-09-03T08:12:24.566Z,178842314456600
"Turn: 3♣, 8♥, 2♥ [K♣]",2026-09-03T08:12:23.285Z,178842314328500
"""player 54 @ BeZA_Cf-pd"" calls 100",2026-09-03T08:12:22.431Z,178842314243100
"""player 53 @ LGay7r_Caq"" folds",2026-09-03T08:12:21.015Z,178842314101500
"""player 52 @ 4chnM3wbbk"" folds",2026-09-03T08:12:18.627Z,178842313862700
"""player 7 @ O8SRi7DfXR"" raises to 100",2026-09-03T08:12:09.629Z,178842312962900
"""player 54 @ BeZA_Cf-pd"" bets 50",2026-09-03T08:12:06.252Z,178842312625200
"""player 53 @ LGay7r_Caq"" checks",2026-09-03T08:12:03.083Z,178842312308300
"Flop:  [3♣, 8♥, 2♥]",2026-09-03T08:12:00.050Z,178842312005000
"""player 54 @ BeZA_Cf-pd"" calls 25",2026-09-03T08:11:59.181Z,178842311918100
"""player 53 @ LGay7r_Caq"" calls 25",2026-09-03T08:11:57.484Z,178842311748400
"""player 52 @ 4chnM3wbbk"" calls 25",2026-09-03T08:11:52.996Z,178842311299600
"""player 51 @ uewFolxPCK"" folds",2026-09-03T08:11:46.890Z,178842310689000
"""player 7 @ O8SRi7DfXR"" raises to 25",2026-09-03T08:11:45.913Z,178842310591300
"""player 54 @ BeZA_Cf-pd"" calls 10",2026-09-03T08:11:26.390Z,178842308639000
"""player 53 @ LGay7r_Caq"" calls 10",2026-09-03T08:11:25.340Z,178842308534000
"""player 52 @ 4chnM3wbbk"" raises to 10",2026-09-03T08:11:24.338Z,178842308433800
"""player 51 @ uewFolxPCK"" calls 5",2026-09-03T08:11:20.056Z,178842308005600
"""player 7 @ O8SRi7DfXR"" calls 5",2026-09-03T08:11:17.989Z,178842307798900
"""player 54 @ BeZA_Cf-pd"" posts a big blind of 5",2026-09-03T08:11:14.270Z,178842307427008
"""player 53 @ LGay7r_Caq"" posts a small blind of 2",2026-09-03T08:11:14.270Z,178842307427007
"Player stacks: #1 ""player 54 @ BeZA_Cf-pd"" (475) | #2 ""player 7 @ O8SRi7DfXR"" (810) | #3 ""player 51 @ uewFolxPCK"" (1303) | #7 ""player 52 @ 4chnM3wbbk"" (1888) | #9 ""player 53 @ LGay7r_Caq"" (724)",2026-09-03T08:11:14.270Z,178842307427001
"-- starting hand #76 (id: qgw053fjj9zy)  No Limit Texas Hold'em (dealer: ""player 52 @ 4chnM3wbbk"") --",2026-09-03T08:11:14.270Z,178842307427000
"""player 7 @ O8SRi7DfXR"" shows a 2♠, 7♦.",2026-09-03T08:11:09.435Z,178842306943500
"""player 51 @ uewFolxPCK"" shows a 10♦, 10♠.",2026-09-03T08:11:09.210Z,178842306921000
"-- ending hand #75 --",2026-09-03T08:11:07.256Z,178842306725602
"""player 52 @ 4chnM3wbbk"" collected 505 from pot with Two Pair, Q's & J's (combination: A♠, J♠, J♣, Q♦, Q♣)",2026-09-03T08:11:07.256Z,178842306725601
"""player 52 @ 4chnM3wbbk"" shows a J♠, A♠.",2026-09-03T08:11:07.256Z,178842306725600
"""player 51 @ uewFolxPCK"" calls 5",2026-09-03T08:11:06.411Z,178842306641100
"""player 52 @ 4chnM3wbbk"" bets 5",2026-09-03T08:11:05.464Z,178842306546400
"River: Q♦, 4♠, 5♥, Q♣ [J♣]",2026-09-03T08:11:02.343Z,178842306234300
"""player 51 @ uewFolxPCK"" calls 100",2026-09-03T08:11:01.474Z,178842306147400
"""player 52 @ 4chnM3wbbk"" bets 100",2026-09-03T08:10:59.780Z,178842305978000
"Turn: Q♦, 4♠, 5♥ [Q♣]",2026-09-03T08:10:55.768Z,178842305576800
"""player 51 @ uewFolxPCK"" calls 5",2026-09-03T08:10:54.962Z,178842305496200
"""player 52 @ 4chnM3wbbk"" bets 5",2026-09-03T08:10:53.127Z,178842305312700
"Flop:  [Q♦, 4♠, 5♥]",2026-09-03T08:10:49.093Z,178842304909300
"""player 7 @ O8SRi7DfXR"" folds",2026-09-03T08:10:48.264Z,178842304826400
"""player 54 @ BeZA_Cf-pd"" folds",2026-09-03T08:10:40.158Z,178842304015800
"""player 53 @ LGay7r_Caq"" folds",2026-09-03T08:10:39.070Z,178842303907000
"""player 52 @ 4chnM3wbbk"" calls 120",2026-09-03T08:10:38.128Z,178842303812800
"""player 51 @ uewFolxPCK"" raises to 120",2026-09-03T08:10:36.967Z,178842303696700
"""player 7 @ O8SRi7DfXR"" calls 20",2026-09-03T08:10:34.808Z,178842303480800
"""player 54 @ BeZA_Cf-pd"" raises to 20",2026-09-03T08:10:22.997Z,178842302299700
"""player 53 @ LGay7r_Caq"" posts a big blind of 5",2026-09-03T08:10:18.879Z,178842301887908
"""player 52 @ 4chnM3wbbk"" posts a small blind of 2",2026-09-03T08:10:18.879Z,178842301887907
"Your hand is 10♦, 10♠",2026-09-03T08:10:18.879Z,178842301887904
"Player stacks: #1 ""player 54 @ BeZA_Cf-pd"" (495) | #2 ""player 7 @ O8SRi7DfXR"" (830) | #3 ""player 51 @ uewFolxPCK"" (1533) | #7 ""player 52 @ 4chnM3wbbk"" (1613) | #9 ""player 53 @ LGay7r_Caq"" (729)",2026-09-03T08:10:18.879Z,178842301887901
"-- starting hand #75 (id: heimdnwumqgo)  No Limit Texas Hold'em (dealer: ""player 51 @ uewFolxPCK"") --",2026-09-03T08:10:18.879Z,178842301887900
"-- ending hand #74 --",2026-09-03T08:10:12.876Z,178842301287602
"""player 52 @ 4chnM3wbbk"" collected 45 from pot with Pair, 8's (combination: 9♠, Q♦, A♠, 8♥, 8♦)",2026-09-03T08:10:12.876Z,178842301287601
"""player 52 @ 4chnM3wbbk"" shows a 8♥, 9♠.",2026-09-03T08:10:12.876Z,178842301287600
"""player 53 @ LGay7r_Caq"" checks",2026-09-03T08:10:12.073Z,178842301207300
"""player 52 @ 4chnM3wbbk"" checks",2026-09-03T08:10:10.265Z,178842301026500
"River: Q♦, 8♦, A♠, 4♠ [5♣]",2026-09-03T08:10:09.070Z,178842300907000
"""player 52 @ 4chnM3wbbk"" calls 10",2026-09-03T08:10:08.245Z,178842300824500
"""player 53 @ LGay7r_Caq"" bets 10",2026-09-03T08:10:06.658Z,178842300665800
"""player 52 @ 4chnM3wbbk"" checks",2026-09-03T08:10:04.864Z,178842300486400
"Turn: Q♦, 8♦, A♠ [4♠]",2026-09-03T08:10:03.465Z,178842300346500
"""player 52 @ 4chnM3wbbk"" calls 5",2026-09-03T08:10:02.638Z,178842300263800
"""player 53 @ LGay7r_Caq"" bets 5",2026-09-03T08:10:01.008Z,178842300100800
"""player 52 @ 4chnM3wbbk"" checks",2026-09-03T08:09:59.393Z,178842299939300
"""player 51 @ uewFolxPCK"" folds",2026-09-03T08:09:57.254Z,178842299725400
"Flop:  [Q♦, 8♦, A♠]",2026-09-03T08:09:54.882Z,178842299488200
"""player 52 @ 4chnM3wbbk"" checks",2026-09-03T08:09:54.061Z,178842299406100
"""player 51 @ uewFolxPCK"" calls 5",2026-09-03T08:09:52.312Z,178842299231200
"""player 7 @ O8SRi7DfXR"" folds",2026-09-03T08:09:50.310Z,178842299031000
"""player 54 @ BeZA_Cf-pd"" folds",2026-09-03T08:09:49.391Z,178842298939100
"""player 53 @ LGay7r_Caq"" calls 5",2026-09-03T08:09:45.342Z,178842298534200
"""player 52 @ 4chnM3wbbk"" posts a big blind of 5",2026-09-03T08:09:42.676Z,178842298267608
"""player 51 @ uewFolxPCK"" posts a small blind of 2",2026-09-03T08:09:42.676Z,178842298267607
"Player stacks: #1 ""player 54 @ BeZA_Cf-pd"" (495) | #2 ""player 7 @ O8SRi7DfXR"" (830) | #3 ""player 51 @ uewFolxPCK"" (1538) | #7 ""player 52 @ 4chnM3wbbk"" (1588) | #9 ""player 53 @ LGay7r_Caq"" (749)",2026-09-03T08:09:42.676Z,178842298267601
"-- starting hand #74 (id: 9t8czmfw4rdz)  No Limit Texas Hold'em (dealer: ""player 7 @ O8SRi7DfXR"") --",2026-09-03T08:09:42.676Z,178842298267600
"""player 7 @ O8SRi7DfXR"" shows a 5♦, 7♠.",2026-09-03T08:09:40.308Z,178842298030800
"Undealt cards: A♦, 5♣, 8♦ [8♣, 9♠]",2026-09-03T08:09:38.142Z,178842297814200
"-- ending hand #73 --",2026-09-03T08:09:36.063Z,178842297606302
"""player 51 @ uewFolxPCK"" collected 100 from pot",2026-09-03T08:09:36.063Z,178842297606301
"Uncalled bet of 33 returned to ""player 51 @ uewFolxPCK""",2026-09-03T08:09:36.063Z,178842297606300
"""player 52 @ 4chnM3wbbk"" folds",2026-09-03T08:09:35.249Z,178842297524900
"""player 51 @ uewFolxPCK"" bets 33",2026-09-03T08:09:30.737Z,178842297073700
"Flop:  [A♦, 5♣, 8♦]",2026-09-03T08:09:28.256Z,178842296825600
"""player 7 @ O8SRi7DfXR"" folds",2026-09-03T08:09:27.408Z,178842296740800
"""player 54 @ BeZA_Cf-pd"" folds",2026-09-03T08:09:24.017Z,178842296401700
"""player 52 @ 4chnM3wbbk"" calls 45",2026-09-03T08:09:22.799Z,178842296279900
"""player 51 @ uewFolxPCK"" raises to 45",2026-09-03T08:09:16.938Z,178842295693800
"""player 7 @ O8SRi7DfXR"" calls 5",2026-09-03T08:09:15.310Z,178842295531000
"""player 54 @ BeZA_Cf-pd"" calls 5",2026-09-03T08:09:12.695Z,178842295269500
"""player 53 @ LGay7r_Caq"" folds",2026-09-03T08:09:10.515Z,178842295051500
"""player 52 @ 4chnM3wbbk"" calls 5",2026-09-03T08:09:09.546Z,178842294954600
"""player 51 @ uewFolxPCK"" posts a big blind of 5",2026-09-03T08:09:07.504Z,178842294750409
"""player 7 @ O8SRi7DfXR"" posts a small blind of 2",2026-09-03T08:09:07.504Z,178842294750408
"Player stacks: #1 ""player 54 @ BeZA_Cf-pd"" (500) | #2 ""player 7 @ O8SRi7DfXR"" (835) | #3 ""player 51 @ uewFolxPCK"" (1483) | #7 ""player 52 @ 4chnM3wbbk"" (1633) | #9 ""player 53 @ LGay7r_Caq"" (749)",2026-09-03T08:09:07.504Z,178842294750402
"-- starting hand #73 (id: 9xtqn0drphcv)  No Limit Texas Hold'em (dead button) --",2026-09-03T08:09:07.504Z,178842294750401
"The player ""player 54 @ BeZA_Cf-pd"" joined the game with a stack of 500.",2026-09-03T08:09:07.504Z,178842294750400
"""player 53 @ LGay7r_Caq"" shows a K♥, 10♦.",2026-09-03T08:09:02.292Z,178842294229200
"-- ending hand #72 --",2026-09-03T08:09:00.935Z,178842294093502
"""player 7 @ O8SRi7DfXR"" collected 244 from pot with Pair, J's (combination: 9♣, 10♥, Q♣, J♥, J♦)",2026-09-03T08:09:00.935Z,178842294093501
"""player 7 @ O8SRi7DfXR"" shows a J♥, Q♣.",2026-09-03T08:09:00.935Z,178842294093500
"""player 53 @ LGay7r_Caq"" calls 67",2026-09-03T08:09:00.090Z,178842294009000
"""player 52 @ 4chnM3wbbk"" folds",2026-09-03T08:08:56.278Z,178842293627800
"""player 7 @ O8SRi7DfXR"" bets 67",2026-09-03T08:08:54.187Z,178842293418700
"River: 4♠, 7♠, 10♥, J♦ [9♣]",2026-09-03T08:08:42.067Z,178842292206700
"""player 52 @ 4chnM3wbbk"" calls 10",2026-09-03T08:08:41.228Z,178842292122800
"""player 51 @ uewFolxPCK"" folds",2026-09-03T08:08:40.211Z,178842292021100
"""player 7 @ O8SRi7DfXR"" calls 10",2026-09-03T08:08:37.822Z,178842291782200
"""player 53 @ LGay7r_Caq"" bets 10",2026-09-03T08:08:35.701Z,178842291570100
"""player 52 @ 4chnM3wbbk"" checks",2026-09-03T08:08:33.477Z,178842291347700
"""player 51 @ uewFolxPCK"" checks",2026-09-03T08:08:32.350Z,178842291235000
"""player 7 @ O8SRi7DfXR"" checks",2026-09-03T08:08:30.688Z,178842291068800
"Turn: 4♠, 7♠, 10♥ [J♦]",2026-09-03T08:08:27.715Z,178842290771500
"""player 52 @ 4chnM3wbbk"" calls 10",2026-09-03T08:08:26.895Z,178842290689500
"""player 51 @ uewFolxPCK"" calls 10",2026-09-03T08:08:25.347Z,178842290534700
"""player 7 @ O8SRi7DfXR"" calls 10",2026-09-03T08:08:24.347Z,178842290434700
"""player 53 @ LGay7r_Caq"" bets 10",2026-09-03T08:08:22.419Z,178842290241900
"""player 52 @ 4chnM3wbbk"" checks",2026-09-03T08:08:20.266Z,178842290026600
"""player 51 @ uewFolxPCK"" checks",2026-09-03T08:08:18.159Z,178842289815900
"""player 7 @ O8SRi7DfXR"" checks",2026-09-03T08:08:15.366Z,178842289536600
"Flop:  [4♠, 7♠, 10♥]",2026-09-03T08:08:12.079Z,178842289207900
"""player 51 @ uewFolxPCK"" calls 10",2026-09-03T08:08:11.274Z,178842289127400
"The admin approved the player ""player 54 @ BeZA_Cf-pd"" participation with a stack of 500.",2026-09-03T08:08:09.530Z,178842288953000
"""player 7 @ O8SRi7DfXR"" calls 10",2026-09-03T08:08:07.970Z,178842288797000
"The player ""player 54 @ BeZA_Cf-pd"" requested a seat.",2026-09-03T08:08:05.920Z,178842288592000
"""player 53 @ LGay7r_Caq"" calls 10",2026-09-03T08:08:05.435Z,178842288543500
"""player 52 @ 4chnM3wbbk"" raises to 10",2026-09-03T08:08:04.508Z,178842288450800
"""player 51 @ uewFolxPCK"" calls 5",2026-09-03T08:08:00.988Z,178842288098800
"""player 7 @ O8SRi7DfXR"" posts a big blind of 5",2026-09-03T08:07:59.442Z,178842287944208
"Dead Small Blind",2026-09-03T08:07:59.442Z,178842287944207
"Player stacks: #2 ""player 7 @ O8SRi7DfXR"" (688) | #3 ""player 51 @ uewFolxPCK"" (1503) | #7 ""player 52 @ 4chnM3wbbk"" (1663) | #9 ""player 53 @ LGay7r_Caq"" (846)",2026-09-03T08:07:59.442Z,178842287944202
"-- starting hand #72 (id: ltd0bqrhgs5g)  No Limit Texas Hold'em (dealer: ""player 53 @ LGay7r_Caq"") --",2026-09-03T08:07:59.442Z,178842287944201
"The player ""player 54 @ BeZA_Cf-pd"" quits the game with a stack of 0.",2026-09-03T08:07:59.442Z,178842287944200
"""player 7 @ O8SRi7DfXR"" shows a J♥, 10♣.",2026-09-03T08:07:56.499Z,178842287649900
"""player 51 @ uewFolxPCK"" shows a Q♦, Q♠.",2026-09-03T08:07:52.967Z,178842287296700
"-- ending hand #71 --",2026-09-03T08:07:52.436Z,178842287243601
"""player 53 @ LGay7r_Caq"" collected 428 from pot with Two Pair, K's & 6's (combination: Q♥, 6♦, 6♥, K♦, K♥)",2026-09-03T08:07:52.436Z,178842287243600
"River: 6♥, 8♦, K♥, 5♣ [Q♥]",2026-09-03T08:07:48.431Z,178842286843100
"Turn: 6♥, 8♦, K♥ [5♣]",2026-09-03T08:07:44.393Z,178842286439300
"""player 53 @ LGay7r_Caq"" shows a 6♦, K♦.",2026-09-03T08:07:40.381Z,178842286038101
"""player 54 @ BeZA_Cf-pd"" shows a A♥, 7♦.",2026-09-03T08:07:40.381Z,178842286038100
"Some players choose to not run it twice.",2026-09-03T08:07:39.576Z,178842285957601
"""player 54 @ BeZA_Cf-pd"" chooses to not run it twice.",2026-09-03T08:07:39.576Z,178842285957600
"""player 53 @ LGay7r_Caq"" chooses to  run it twice.",2026-09-03T08:07:37.789Z,178842285778900
"Remaining players decide whether to run it twice.",2026-09-03T08:07:35.470Z,178842285547001
"""player 53 @ LGay7r_Caq"" calls 154",2026-09-03T08:07:35.470Z,178842285547000
"""player 51 @ uewFolxPCK"" folds",2026-09-03T08:07:34.548Z,178842285454800
"""player 7 @ O8SRi7DfXR"" folds",2026-09-03T08:07:33.426Z,178842285342600
"""player 54 @ BeZA_Cf-pd"" raises to 154 and go all in",2026-09-03T08:07:32.133Z,178842285213300
"""player 53 @ LGay7r_Caq"" bets 30",2026-09-03T08:07:25.234Z,178842284523400
"Flop:  [6♥, 8♦, K♥]",2026-09-03T08:07:20.478Z,178842284047800
"""player 7 @ O8SRi7DfXR"" calls 30",2026-09-03T08:07:19.670Z,178842283967000
"""player 54 @ BeZA_Cf-pd"" calls 30",2026-09-03T08:07:09.276Z,178842282927600
"""player 53 @ LGay7r_Caq"" calls 30",2026-09-03T08:07:07.452Z,178842282745200
"""player 52 @ 4chnM3wbbk"" folds",2026-09-03T08:07:00.750Z,178842282075000
"""player 51 @ uewFolxPCK"" raises to 30",2026-09-03T08:06:57.705Z,178842281770500
"""player 7 @ O8SRi7DfXR"" calls 5",2026-09-03T08:06:55.380Z,178842281538000
"""player 54 @ BeZA_Cf-pd"" posts a big blind of 5",2026-09-03T08:06:53.980Z,178842281398008
"""player 53 @ LGay7r_Caq"" posts a small blind of 2",2026-09-03T08:06:53.980Z,178842281398007
"Your hand is Q♦, Q♠",2026-09-03T08:06:53.980Z,178842281398004
"Player stacks: #1 ""player 54 @ BeZA_Cf-pd"" (184) | #2 ""player 7 @ O8SRi7DfXR"" (718) | #3 ""player 51 @ uewFolxPCK"" (1533) | #7 ""player 52 @ 4chnM3wbbk"" (1663) | #9 ""player 53 @ LGay7r_Caq"" (602)",2026-09-03T08:06:53.980Z,178842281398001
"-- starting hand #71 (id: exfi6cmxpmcq)  No Limit Texas Hold'em (dealer: ""player 52 @ 4chnM3wbbk"") --",2026-09-03T08:06:53.980Z,178842281398000
"-- ending hand #70 --",2026-09-03T08:06:45.976Z,178842280597602
"""player 53 @ LGay7r_Caq"" collected 602 from pot with Two Pair, K's & J's on the second run  (combination: A♠, J♦, J♥, K♦, K♥)",2026-09-03T08:06:45.976Z,178842280597601
"""player 52 @ 4chnM3wbbk"" collected 602 from pot with Straight, K High (combination: 9♦, 10♣, J♦, Q♣, K♣)",2026-09-03T08:06:45.976Z,178842280597600
"River (second run): K♥, J♦, 10♣, J♥ [7♠]",2026-09-03T08:06:41.878Z,178842280187800
"Turn (second run): K♥, J♦, 10♣ [J♥]",2026-09-03T08:06:37.856Z,178842279785600
"River: K♥, J♦, 10♣, 9♦ [K♣]",2026-09-03T08:06:33.844Z,178842279384400
"Turn: K♥, J♦, 10♣ [9♦]",2026-09-03T08:06:29.792Z,178842278979200
"""player 53 @ LGay7r_Caq"" shows a A♠, K♦.",2026-09-03T08:06:25.785Z,178842278578501
"""player 52 @ 4chnM3wbbk"" shows a Q♣, 3♥.",2026-09-03T08:06:25.785Z,178842278578500
"All players in hand choose to run it twice.",2026-09-03T08:06:24.978Z,178842278497801
"""player 53 @ LGay7r_Caq"" chooses to  run it twice.",2026-09-03T08:06:24.978Z,178842278497800
"""player 52 @ 4chnM3wbbk"" chooses to  run it twice.",2026-09-03T08:06:24.451Z,178842278445100
"Remaining players decide whether to run it twice.",2026-09-03T08:06:22.846Z,178842278284601
"""player 52 @ 4chnM3wbbk"" calls 507",2026-09-03T08:06:22.846Z,178842278284600
"""player 51 @ uewFolxPCK"" folds",2026-09-03T08:06:14.182Z,178842277418200
"""player 53 @ LGay7r_Caq"" raises to 507 and go all in",2026-09-03T08:06:13.235Z,178842277323500
"""player 52 @ 4chnM3wbbk"" bets 30",2026-09-03T08:06:08.815Z,178842276881500
"Flop:  [K♥, J♦, 10♣]",2026-09-03T08:06:04.860Z,178842276486000
"""player 52 @ 4chnM3wbbk"" calls 60",2026-09-03T08:06:04.036Z,178842276403600
"""player 51 @ uewFolxPCK"" calls 60",2026-09-03T08:06:02.661Z,178842276266100
"""player 7 @ O8SRi7DfXR"" folds",2026-09-03T08:06:01.280Z,178842276128000
"""player 54 @ BeZA_Cf-pd"" folds",2026-09-03T08:05:58.225Z,178842275822500
"""player 53 @ LGay7r_Caq"" raises to 60",2026-09-03T08:05:56.586Z,178842275658600
"""player 52 @ 4chnM3wbbk"" calls 30",2026-09-03T08:05:54.564Z,178842275456400
"""player 51 @ uewFolxPCK"" raises to 30",2026-09-03T08:05:51.936Z,178842275193600
"""player 7 @ O8SRi7DfXR"" calls 5",2026-09-03T08:05:49.716Z,178842274971600
"""player 54 @ BeZA_Cf-pd"" calls 5",2026-09-03T08:05:47.414Z,178842274741400
"""player 53 @ LGay7r_Caq"" posts a big blind of 5",2026-09-03T08:05:45.795Z,178842274579508
"""player 52 @ 4chnM3wbbk"" posts a small blind of 2",2026-09-03T08:05:45.795Z,178842274579507
"Player stacks: #1 ""player 54 @ BeZA_Cf-pd"" (189) | #2 ""player 7 @ O8SRi7DfXR"" (723) | #3 ""player 51 @ uewFolxPCK"" (1593) | #7 ""player 52 @ 4chnM3wbbk"" (1628) | #9 ""player 53 @ LGay7r_Caq"" (567)",2026-09-03T08:05:45.795Z,178842274579501
"-- starting hand #70 (id: gixkgclf6g4g)  No Limit Texas Hold'em (dealer: ""player 51 @ uewFolxPCK"") --",2026-09-03T08:05:45.795Z,178842274579500
"""player 7 @ O8SRi7DfXR"" shows a 4♣.",2026-09-03T08:05:43.346Z,178842274334600
"-- ending hand #69 --",2026-09-03T08:05:42.173Z,178842274217302
"""player 7 @ O8SRi7DfXR"" collected 155 from pot",2026-09-03T08:05:42.173Z,178842274217301
"Uncalled bet of 137 returned to ""player 7 @ O8SRi7DfXR""",2026-09-03T08:05:42.173Z,178842274217300
"""player 51 @ uewFolxPCK"" folds",2026-09-03T08:05:41.336Z,178842274133600
"""player 7 @ O8SRi7DfXR"" raises to 167",2026-09-03T08:05:36.444Z,178842273644400
"""player 54 @ BeZA_Cf-pd"" folds",2026-09-03T08:05:32.228Z,178842273222800
"""player 51 @ uewFolxPCK"" bets 30",2026-09-03T08:05:30.828Z,178842273082800
"River: 4♠, 10♣, 9♦, 3♦ [A♣]",2026-09-03T08:05:25.482Z,178842272548200
"""player 7 @ O8SRi7DfXR"" checks",2026-09-03T08:05:24.621Z,178842272462100
"""player 54 @ BeZA_Cf-pd"" checks",2026-09-03T08:05:13.528Z,178842271352800
"""player 51 @ uewFolxPCK"" checks",2026-09-03T08:05:10.900Z,178842271090000
"Turn: 4♠, 10♣, 9♦ [3♦]",2026-09-03T08:05:08.383Z,178842270838300
"""player 7 @ O8SRi7DfXR"" checks",2026-09-03T08:05:07.557Z,178842270755700
"""player 54 @ BeZA_Cf-pd"" checks",2026-09-03T08:05:00.873Z,178842270087300
"""player 51 @ uewFolxPCK"" checks",2026-09-03T08:04:59.417Z,178842269941700
"Flop:  [4♠, 10♣, 9♦]",2026-09-03T08:04:57.601Z,178842269760100
"""player 7 @ O8SRi7DfXR"" calls 30",2026-09-03T08:04:56.774Z,178842269677400
"""player 54 @ BeZA_Cf-pd"" calls 30",2026-09-03T08:04:38.283Z,178842267828300
"""player 52 @ 4chnM3wbbk"" folds",2026-09-03T08:04:36.948Z,178842267694800
"""player 51 @ uewFolxPCK"" raises to 30",2026-09-03T08:04:35.041Z,178842267504100
"""player 7 @ O8SRi7DfXR"" calls 5",2026-09-03T08:04:32.292Z,178842267229200
"""player 54 @ BeZA_Cf-pd"" calls 5",2026-09-03T08:04:28.572Z,178842266857200
"""player 53 @ LGay7r_Caq"" folds",2026-09-03T08:04:25.845Z,178842266584500
"""player 52 @ 4chnM3wbbk"" posts a big blind of 5",2026-09-03T08:04:24.820Z,178842266482008
"""player 51 @ uewFolxPCK"" posts a small blind of 2",2026-09-03T08:04:24.820Z,178842266482007
"Player stacks: #1 ""player 54 @ BeZA_Cf-pd"" (219) | #2 ""player 7 @ O8SRi7DfXR"" (628) | #3 ""player 51 @ uewFolxPCK"" (1653) | #7 ""player 52 @ 4chnM3wbbk"" (1633) | #9 ""player 53 @ LGay7r_Caq"" (567)",2026-09-03T08:04:24.820Z,178842266482001
"-- starting hand #69 (id: mxkmhxalp0ca)  No Limit Texas Hold'em (dealer: ""player 7 @ O8SRi7DfXR"") --",2026-09-03T08:04:24.820Z,178842266482000
"-- ending hand #68 --",2026-09-03T08:04:18.811Z,178842265881102
"""player 51 @ uewFolxPCK"" collected 565 from pot with Two Pair, K's & 5's (combination: A♠, 5♠, 5♣, K♣, K♠)",2026-09-03T08:04:18.811Z,178842265881101
"""player 51 @ uewFolxPCK"" shows a K♣, A♠.",2026-09-03T08:04:18.811Z,178842265881100
"""player 52 @ 4chnM3wbbk"" calls 120",2026-09-03T08:04:17.969Z,178842265796900
"""player 51 @ uewFolxPCK"" bets 120",2026-09-03T08:04:16.256Z,178842265625600
"River: 5♠, 8♥, 5♣, K♠ [10♣]",2026-09-03T08:04:08.407Z,178842264840700
"""player 52 @ 4chnM3wbbk"" checks",2026-09-03T08:04:07.555Z,178842264755500
"""player 51 @ uewFolxPCK"" checks",2026-09-03T08:04:05.713Z,178842264571300
"Turn: 5♠, 8♥, 5♣ [K♠]",2026-09-03T08:04:02.404Z,178842264240400
"""player 52 @ 4chnM3wbbk"" checks",2026-09-03T08:04:01.537Z,178842264153700
"""player 51 @ uewFolxPCK"" checks",2026-09-03T08:03:59.477Z,178842263947700
"Flop:  [5♠, 8♥, 5♣]",2026-09-03T08:03:55.577Z,178842263557700
"""player 7 @ O8SRi7DfXR"" folds",2026-09-03T08:03:54.768Z,178842263476800
"""player 54 @ BeZA_Cf-pd"" folds",2026-09-03T08:03:53.450Z,178842263345000
"""player 53 @ LGay7r_Caq"" folds",2026-09-03T08:03:52.001Z,178842263200100
"""player 52 @ 4chnM3wbbk"" calls 125",2026-09-03T08:03:50.651Z,178842263065100
"""player 51 @ uewFolxPCK"" raises to 125",2026-09-03T08:03:48.771Z,178842262877100
"""player 7 @ O8SRi7DfXR"" calls 25",2026-09-03T08:03:46.180Z,178842262618000
"""player 54 @ BeZA_Cf-pd"" calls 25",2026-09-03T08:03:39.564Z,178842261956400
"""player 53 @ LGay7r_Caq"" calls 25",2026-09-03T08:03:38.582Z,178842261858200
"""player 52 @ 4chnM3wbbk"" raises to 25",2026-09-03T08:03:37.610Z,178842261761000
"""player 51 @ uewFolxPCK"" posts a big blind of 5",2026-09-03T08:03:33.151Z,178842261315108
"""player 7 @ O8SRi7DfXR"" posts a small blind of 2",2026-09-03T08:03:33.151Z,178842261315107
"Your hand is K♣, A♠",2026-09-03T08:03:33.151Z,178842261315104
"Player stacks: #1 ""player 54 @ BeZA_Cf-pd"" (244) | #2 ""player 7 @ O8SRi7DfXR"" (653) | #3 ""player 51 @ uewFolxPCK"" (1333) | #7 ""player 52 @ 4chnM3wbbk"" (1878) | #9 ""player 53 @ LGay7r_Caq"" (592)",2026-09-03T08:03:33.151Z,178842261315101
"-- starting hand #68 (id: rbgw99b6ryxv)  No Limit Texas Hold'em (dealer: ""player 54 @ BeZA_Cf-pd"") --",2026-09-03T08:03:33.151Z,178842261315100
"""player 7 @ O8SRi7DfXR"" shows a 3♣.",2026-09-03T08:03:31.201Z,178842261120100
"-- ending hand #67 --",2026-09-03T08:03:29.540Z,178842260954002
"""player 52 @ 4chnM3wbbk"" collected 145 from pot",2026-09-03T08:03:29.540Z,178842260954001
"Uncalled bet of 90 returned to ""player 52 @ 4chnM3wbbk""",2026-09-03T08:03:29.540Z,178842260954000
"""player 7 @ O8SRi7DfXR"" folds",2026-09-03T08:03:28.719Z,178842260871900
"""player 52 @ 4chnM3wbbk"" bets 90",2026-09-03T08:03:27.590Z,178842260759000
"""player 7 @ O8SRi7DfXR"" checks",2026-09-03T08:03:23.936Z,178842260393600
"River: 5♣, A♦, 4♦, A♣ [J♦]",2026-09-03T08:03:19.909Z,178842259990900
"""player 52 @ 4chnM3wbbk"" calls 5",2026-09-03T08:03:19.098Z,178842259909800
"""player 7 @ O8SRi7DfXR"" bets 5",2026-09-03T08:03:17.295Z,178842259729500
"Turn: 5♣, A♦, 4♦ [A♣]",2026-09-03T08:03:08.645Z,178842258864500
"""player 51 @ uewFolxPCK"" folds",2026-09-03T08:03:07.748Z,178842258774800
"""player 7 @ O8SRi7DfXR"" calls 30",2026-09-03T08:03:06.835Z,178842258683500
"""player 54 @ BeZA_Cf-pd"" folds",2026-09-03T08:03:01.095Z,178842258109500
"""player 53 @ LGay7r_Caq"" folds",2026-09-03T08:02:56.024Z,178842257602400
"""player 52 @ 4chnM3wbbk"" bets 30",2026-09-03T08:02:52.998Z,178842257299800
"""player 51 @ uewFolxPCK"" checks",2026-09-03T08:02:50.475Z,178842257047500
"""player 7 @ O8SRi7DfXR"" checks",2026-09-03T08:02:49.531Z,178842256953100
"""player 54 @ BeZA_Cf-pd"" checks",2026-09-03T08:02:46.000Z,178842256600000
"Flop:  [5♣, A♦, 4♦]",2026-09-03T08:02:44.082Z,178842256408200
"""player 51 @ uewFolxPCK"" calls 15",2026-09-03T08:02:43.241Z,178842256324100
"""player 7 @ O8SRi7DfXR"" calls 15",2026-09-03T08:02:41.568Z,178842256156800
"""player 54 @ BeZA_Cf-pd"" calls 15",2026-09-03T08:02:30.515Z,178842255051500
"""player 53 @ LGay7r_Caq"" calls 15",2026-09-03T08:02:29.507Z,178842254950700
"""player 52 @ 4chnM3wbbk"" raises to 15",2026-09-03T08:02:28.564Z,178842254856400
"""player 51 @ uewFolxPCK"" calls 5",2026-09-03T08:02:25.742Z,178842254574200
"""player 7 @ O8SRi7DfXR"" posts a big blind of 5",2026-09-03T08:02:22.008Z,178842254200808
"""player 54 @ BeZA_Cf-pd"" posts a small blind of 2",2026-09-03T08:02:22.008Z,178842254200807
"Player stacks: #1 ""player 54 @ BeZA_Cf-pd"" (259) | #2 ""player 7 @ O8SRi7DfXR"" (703) | #3 ""player 51 @ uewFolxPCK"" (1348) | #7 ""player 52 @ 4chnM3wbbk"" (1783) | #9 ""player 53 @ LGay7r_Caq"" (607)",2026-09-03T08:02:22.008Z,178842254200801
"-- starting hand #67 (id: dkepeyclpvmu)  No Limit Texas Hold'em (dealer: ""player 53 @ LGay7r_Caq"") --",2026-09-03T08:02:22.008Z,178842254200800
"-- ending hand #66 --",2026-09-03T08:02:19.096Z,178842253909602
"""player 53 @ LGay7r_Caq"" collected 30 from pot",2026-09-03T08:02:19.096Z,178842253909601
"Uncalled bet of 30 returned to ""player 53 @ LGay7r_Caq""",2026-09-03T08:02:19.096Z,178842253909600
"""player 54 @ BeZA_Cf-pd"" folds",2026-09-03T08:02:18.267Z,178842253826700
"""player 53 @ LGay7r_Caq"" bets 30",2026-09-03T08:02:17.321Z,178842253732100
"River: 3♦, 3♠, K♥, 2♠ [9♦]",2026-09-03T08:02:14.006Z,178842253400600
"""player 52 @ 4chnM3wbbk"" folds",2026-09-03T08:02:13.192Z,178842253319200
"""player 7 @ O8SRi7DfXR"" folds",2026-09-03T08:02:12.254Z,178842253225400
"""player 54 @ BeZA_Cf-pd"" calls 5",2026-09-03T08:02:11.346Z,178842253134600
"""player 53 @ LGay7r_Caq"" bets 5",2026-09-03T08:02:07.855Z,178842252785500
"Turn: 3♦, 3♠, K♥ [2♠]",2026-09-03T08:02:04.488Z,178842252448800
"""player 52 @ 4chnM3wbbk"" checks",2026-09-03T08:02:03.654Z,178842252365400
"""player 7 @ O8SRi7DfXR"" checks",2026-09-03T08:02:00.407Z,178842252040700
"""player 54 @ BeZA_Cf-pd"" checks",2026-09-03T08:01:59.259Z,178842251925900
"""player 53 @ LGay7r_Caq"" checks",2026-09-03T08:01:58.161Z,178842251816100
"Flop:  [3♦, 3♠, K♥]",2026-09-03T08:01:53.904Z,178842251390400
"""player 54 @ BeZA_Cf-pd"" checks",2026-09-03T08:01:53.052Z,178842251305200
"""player 53 @ LGay7r_Caq"" calls 5",2026-09-03T08:01:51.578Z,178842251157800
"""player 52 @ 4chnM3wbbk"" calls 5",2026-09-03T08:01:49.953Z,178842250995300
"""player 51 @ uewFolxPCK"" folds",2026-09-03T08:01:48.395Z,178842250839500
"""player 7 @ O8SRi7DfXR"" calls 5",2026-09-03T08:01:45.321Z,178842250532100
"""player 54 @ BeZA_Cf-pd"" posts a big blind of 5",2026-09-03T08:01:43.949Z,178842250394908
"""player 53 @ LGay7r_Caq"" posts a small blind of 2",2026-09-03T08:01:43.949Z,178842250394907
"Player stacks: #1 ""player 54 @ BeZA_Cf-pd"" (269) | #2 ""player 7 @ O8SRi7DfXR"" (708) | #3 ""player 51 @ uewFolxPCK"" (1348) | #7 ""player 52 @ 4chnM3wbbk"" (1788) | #9 ""player 53 @ LGay7r_Caq"" (587)",2026-09-03T08:01:43.949Z,178842250394901
"-- starting hand #66 (id: 8ughm87pq9nx)  No Limit Texas Hold'em (dealer: ""player 52 @ 4chnM3wbbk"") --",2026-09-03T08:01:43.949Z,178842250394900
"""player 54 @ BeZA_Cf-pd"" shows a 4♠.",2026-09-03T08:01:42.735Z,178842250273500
"""player 7 @ O8SRi7DfXR"" shows a 3♠.",2026-09-03T08:01:40.813Z,178842250081300
"-- ending hand #65 --",2026-09-03T08:01:39.636Z,178842249963602
"""player 53 @ LGay7r_Caq"" collected 240 from pot",2026-09-03T08:01:39.636Z,178842249963601
"Uncalled bet of 120 returned to ""player 53 @ LGay7r_Caq""",2026-09-03T08:01:39.636Z,178842249963600
"""player 52 @ 4chnM3wbbk"" folds",2026-09-03T08:01:38.799Z,178842249879900
"""player 51 @ uewFolxPCK"" folds",2026-09-03T08:01:37.900Z,178842249790000
"""player 7 @ O8SRi7DfXR"" folds",2026-09-03T08:01:36.608Z,178842249660800
"""player 53 @ LGay7r_Caq"" bets 120",2026-09-03T08:01:25.828Z,178842248582800
"""player 52 @ 4chnM3wbbk"" checks",2026-09-03T08:01:23.050Z,178842248305000
"River: 6♠, 3♦, 9♣, 10♦ [10♣]",2026-09-03T08:01:21.058Z,178842248105800
"""player 52 @ 4chnM3wbbk"" calls 30",2026-09-03T08:01:20.202Z,178842248020200
"""player 51 @ uewFolxPCK"" calls 30",2026-09-03T08:01:18.941Z,178842247894100
"""player 7 @ O8SRi7DfXR"" calls 30",2026-09-03T08:01:17.388Z,178842247738800
"""player 53 @ LGay7r_Caq"" raises to 30",2026-09-03T08:01:15.572Z,178842247557200
"""player 52 @ 4chnM3wbbk"" bets 5",2026-09-03T08:01:06.205Z,178842246620500
"Turn: 6♠, 3♦, 9♣ [10♦]",2026-09-03T08:01:03.374Z,178842246337400
"""player 51 @ uewFolxPCK"" checks",2026-09-03T08:01:02.500Z,178842246250000
"""player 7 @ O8SRi7DfXR"" checks",2026-09-03T08:01:01.138Z,178842246113800
"""player 53 @ LGay7r_Caq"" checks",2026-09-03T08:00:51.908Z,178842245190800
"""player 52 @ 4chnM3wbbk"" checks",2026-09-03T08:00:49.274Z,178842244927400
"Flop:  [6♠, 3♦, 9♣]",2026-09-03T08:00:47.261Z,178842244726100
"""player 7 @ O8SRi7DfXR"" calls 30",2026-09-03T08:00:46.451Z,178842244645100
"""player 53 @ LGay7r_Caq"" calls 30",2026-09-03T08:00:42.988Z,178842244298800
"""player 52 @ 4chnM3wbbk"" calls 30",2026-09-03T08:00:42.051Z,178842244205100
"""player 51 @ uewFolxPCK"" raises to 30",2026-09-03T08:00:39.235Z,178842243923500
"""player 7 @ O8SRi7DfXR"" calls 5",2026-09-03T08:00:36.321Z,178842243632100
"""player 54 @ BeZA_Cf-pd"" folds",2026-09-03T08:00:34.063Z,178842243406300
"""player 53 @ LGay7r_Caq"" posts a big blind of 5",2026-09-03T08:00:31.954Z,178842243195408
"""player 52 @ 4chnM3wbbk"" posts a small blind of 2",2026-09-03T08:00:31.954Z,178842243195407
"Player stacks: #1 ""player 54 @ BeZA_Cf-pd"" (269) | #2 ""player 7 @ O8SRi7DfXR"" (768) | #3 ""player 51 @ uewFolxPCK"" (1408) | #7 ""player 52 @ 4chnM3wbbk"" (1848) | #9 ""player 53 @ LGay7r_Caq"" (407)",2026-09-03T08:00:31.954Z,178842243195401
"-- starting hand #65 (id: v97qymd0bnti)  No Limit Texas Hold'em (dealer: ""player 51 @ uewFolxPCK"") --",2026-09-03T08:00:31.954Z,178842243195400
"""player 7 @ O8SRi7DfXR"" shows a 4♠, 10♠.",2026-09-03T08:00:27.714Z,178842242771400
"-- ending hand #64 --",2026-09-03T08:00:25.407Z,178842242540703
"""player 51 @ uewFolxPCK"" collected 525 from pot with Straight, 5 High (combination: A♠, 2♣, 3♣, 4♣, 5♥)",2026-09-03T08:00:25.407Z,178842242540702
"""player 51 @ uewFolxPCK"" shows a 5♥, 3♣.",2026-09-03T08:00:25.407Z,178842242540701
"""player 54 @ BeZA_Cf-pd"" shows a K♣, 9♦.",2026-09-03T08:00:25.407Z,178842242540700
"""player 51 @ uewFolxPCK"" calls 210",2026-09-03T08:00:24.560Z,178842242456000
"""player 7 @ O8SRi7DfXR"" folds",2026-09-03T08:00:21.755Z,178842242175500
"""player 54 @ BeZA_Cf-pd"" raises to 210",2026-09-03T08:00:20.581Z,178842242058100
"""player 53 @ LGay7r_Caq"" folds",2026-09-03T08:00:17.410Z,178842241741000
"""player 52 @ 4chnM3wbbk"" folds",2026-09-03T08:00:15.552Z,178842241555200
"""player 51 @ uewFolxPCK"" bets 37",2026-09-03T08:00:12.298Z,178842241229800
"River: Q♣, 4♣, 2♣, 8♦ [A♠]",2026-09-03T08:00:06.841Z,178842240684100
"""player 7 @ O8SRi7DfXR"" calls 5",2026-09-03T08:00:05.909Z,178842240590900
"""player 54 @ BeZA_Cf-pd"" calls 5",2026-09-03T08:00:04.040Z,178842240404000
"""player 53 @ LGay7r_Caq"" calls 5",2026-09-03T08:00:02.570Z,178842240257000
"""player 52 @ 4chnM3wbbk"" calls 5",2026-09-03T07:59:52.834Z,178842239283400
"""player 51 @ uewFolxPCK"" bets 5",2026-09-03T07:59:48.800Z,178842238880000
"Turn: Q♣, 4♣, 2♣ [8♦]",2026-09-03T07:59:47.528Z,178842238752800
"""player 7 @ O8SRi7DfXR"" calls 5",2026-09-03T07:59:46.716Z,178842238671600
"""player 54 @ BeZA_Cf-pd"" calls 5",2026-09-03T07:59:43.553Z,178842238355300
"""player 53 @ LGay7r_Caq"" calls 5",2026-09-03T07:59:42.388Z,178842238238800
"""player 52 @ 4chnM3wbbk"" calls 5",2026-09-03T07:59:38.025Z,178842237802500
"""player 51 @ uewFolxPCK"" bets 5",2026-09-03T07:59:36.651Z,178842237665100
"Flop:  [Q♣, 4♣, 2♣]",2026-09-03T07:59:34.467Z,178842237446700
"""player 51 @ uewFolxPCK"" calls 11",2026-09-03T07:59:33.637Z,178842237363700
"""player 7 @ O8SRi7DfXR"" calls 11",2026-09-03T07:59:32.698Z,178842237269800
"""player 54 @ BeZA_Cf-pd"" calls 11",2026-09-03T07:59:27.727Z,178842236772700
"""player 53 @ LGay7r_Caq"" calls 11",2026-09-03T07:59:26.669Z,178842236666900
"""player 52 @ 4chnM3wbbk"" raises to 11",2026-09-03T07:59:24.509Z,178842236450900
"""player 51 @ uewFolxPCK"" calls 5",2026-09-03T07:59:13.897Z,178842235389700
"""player 7 @ O8SRi7DfXR"" calls 5",2026-09-03T07:59:12.954Z,178842235295400
"""player 54 @ BeZA_Cf-pd"" calls 5",2026-09-03T07:59:11.991Z,178842235199100
"""player 53 @ LGay7r_Caq"" calls 5",2026-09-03T07:59:09.239Z,178842234923900
"""player 52 @ 4chnM3wbbk"" posts a big blind of 5",2026-09-03T07:59:05.382Z,178842234538209
"""player 51 @ uewFolxPCK"" posts a small blind of 2",2026-09-03T07:59:05.382Z,178842234538208
"Your hand is 5♥, 3♣",2026-09-03T07:59:05.382Z,178842234538205
"Player stacks: #1 ""player 54 @ BeZA_Cf-pd"" (500) | #2 ""player 7 @ O8SRi7DfXR"" (789) | #3 ""player 51 @ uewFolxPCK"" (1114) | #7 ""player 52 @ 4chnM3wbbk"" (1869) | #9 ""player 53 @ LGay7r_Caq"" (428)",2026-09-03T07:59:05.382Z,178842234538202
"-- starting hand #64 (id: nttt1u4sonuz)  No Limit Texas Hold'em (dealer: ""player 7 @ O8SRi7DfXR"") --",2026-09-03T07:59:05.382Z,178842234538201
"The player ""player 54 @ BeZA_Cf-pd"" joined the game with a stack of 500.",2026-09-03T07:59:05.382Z,178842234538200
"-- ending hand #63 --",2026-09-03T07:58:59.368Z,178842233936803
"""player 52 @ 4chnM3wbbk"" collected 120 from pot with Pair, 9's (combination: 10♠, K♠, A♠, 9♦, 9♥)",2026-09-03T07:58:59.368Z,178842233936802
"""player 52 @ 4chnM3wbbk"" shows a 9♦, 8♠.",2026-09-03T07:58:59.368Z,178842233936801
"""player 7 @ O8SRi7DfXR"" shows a 3♣, J♣.",2026-09-03T07:58:59.368Z,178842233936800
"""player 53 @ LGay7r_Caq"" checks",2026-09-03T07:58:58.558Z,178842233855800
"""player 52 @ 4chnM3wbbk"" checks",2026-09-03T07:58:57.603Z,178842233760300
"""player 51 @ uewFolxPCK"" checks",2026-09-03T07:58:50.429Z,178842233042900
"""player 7 @ O8SRi7DfXR"" checks",2026-09-03T07:58:45.026Z,178842232502600
"River: 10♠, K♠, 9♥, A♠ [5♦]",2026-09-03T07:58:34.211Z,178842231421100
"""player 53 @ LGay7r_Caq"" checks",2026-09-03T07:58:33.361Z,178842231336100
"""player 52 @ 4chnM3wbbk"" checks",2026-09-03T07:58:31.856Z,178842231185600
"""player 51 @ uewFolxPCK"" checks",2026-09-03T07:58:27.061Z,178842230706100
"""player 7 @ O8SRi7DfXR"" checks",2026-09-03T07:58:24.510Z,178842230451000
"Turn: 10♠, K♠, 9♥ [A♠]",2026-09-03T07:58:12.543Z,178842229254300
"""player 53 @ LGay7r_Caq"" checks",2026-09-03T07:58:11.720Z,178842229172000
"""player 52 @ 4chnM3wbbk"" checks",2026-09-03T07:58:01.611Z,178842228161100
"""player 51 @ uewFolxPCK"" checks",2026-09-03T07:58:00.453Z,178842228045300
"""player 7 @ O8SRi7DfXR"" checks",2026-09-03T07:57:58.238Z,178842227823800
"The admin approved the player ""player 54 @ BeZA_Cf-pd"" participation with a stack of 500.",2026-09-03T07:57:51.216Z,178842227121600
"Flop:  [10♠, K♠, 9♥]",2026-09-03T07:57:50.670Z,178842227067000
"""player 7 @ O8SRi7DfXR"" calls 30",2026-09-03T07:57:49.851Z,178842226985100
"""player 53 @ LGay7r_Caq"" calls 30",2026-09-03T07:57:44.293Z,178842226429300
"""player 52 @ 4chnM3wbbk"" calls 30",2026-09-03T07:57:43.302Z,178842226330200
"The player ""player 54 @ BeZA_Cf-pd"" requested a seat.",2026-09-03T07:57:42.236Z,178842226223600
"""player 51 @ uewFolxPCK"" raises to 30",2026-09-03T07:57:41.610Z,178842226161000
"""player 7 @ O8SRi7DfXR"" calls 5",2026-09-03T07:57:38.694Z,178842225869400
"""player 53 @ LGay7r_Caq"" calls 5",2026-09-03T07:57:37.795Z,178842225779500
"""player 52 @ 4chnM3wbbk"" calls 5",2026-09-03T07:57:36.802Z,178842225680200
"""player 51 @ uewFolxPCK"" posts a big blind of 5",2026-09-03T07:57:34.762Z,178842225476208
"""player 7 @ O8SRi7DfXR"" posts a small blind of 2",2026-09-03T07:57:34.762Z,178842225476207
"Player stacks: #2 ""player 7 @ O8SRi7DfXR"" (819) | #3 ""player 51 @ uewFolxPCK"" (1144) | #7 ""player 52 @ 4chnM3wbbk"" (1779) | #9 ""player 53 @ LGay7r_Caq"" (458)",2026-09-03T07:57:34.762Z,178842225476202
"-- starting hand #63 (id: bl3ogoogjflb)  No Limit Texas Hold'em (dealer: ""player 53 @ LGay7r_Caq"") --",2026-09-03T07:57:34.762Z,178842225476201
"The player ""player 54 @ BeZA_Cf-pd"" quits the game with a stack of 0.",2026-09-03T07:57:34.762Z,178842225476200
"""player 7 @ O8SRi7DfXR"" shows a 5♠, A♣.",2026-09-03T07:57:32.020Z,178842225202000
"-- ending hand #62 --",2026-09-03T07:57:28.196Z,178842224819603
"""player 52 @ 4chnM3wbbk"" collected 1306 from pot with Pair, K's (combination: 10♠, J♠, Q♦, K♠, K♣)",2026-09-03T07:57:28.196Z,178842224819602
"""player 52 @ 4chnM3wbbk"" shows a J♠, K♠.",2026-09-03T07:57:28.196Z,178842224819601
"""player 54 @ BeZA_Cf-pd"" shows a 8♠, Q♥.",2026-09-03T07:57:28.196Z,178842224819600
"""player 52 @ 4chnM3wbbk"" calls 472",2026-09-03T07:57:27.370Z,178842224737000
"""player 54 @ BeZA_Cf-pd"" raises to 472 and go all in",2026-09-03T07:57:25.596Z,178842224559600
"""player 52 @ 4chnM3wbbk"" bets 100",2026-09-03T07:57:06.347Z,178842222634700
"""player 54 @ BeZA_Cf-pd"" checks",2026-09-03T07:57:03.862Z,178842222386200
"River: 5♥, K♣, 10♠, 7♣ [Q♦]",2026-09-03T07:57:02.170Z,178842222217000
"""player 52 @ 4chnM3wbbk"" checks",2026-09-03T07:57:01.311Z,178842222131100
"""player 54 @ BeZA_Cf-pd"" checks",2026-09-03T07:56:59.590Z,178842221959000
"Turn: 5♥, K♣, 10♠ [7♣]",2026-09-03T07:56:58.097Z,178842221809700
"""player 52 @ 4chnM3wbbk"" calls 120",2026-09-03T07:56:57.269Z,178842221726900
"""player 54 @ BeZA_Cf-pd"" raises to 120",2026-09-03T07:56:55.138Z,178842221513800
"""player 51 @ uewFolxPCK"" folds",2026-09-03T07:56:50.999Z,178842221099900
"""player 7 @ O8SRi7DfXR"" folds",2026-09-03T07:56:49.793Z,178842220979300
"""player 52 @ 4chnM3wbbk"" bets 30",2026-09-03T07:56:30.291Z,178842219029100
"""player 54 @ BeZA_Cf-pd"" checks",2026-09-03T07:56:26.970Z,178842218697000
"""player 51 @ uewFolxPCK"" checks",2026-09-03T07:56:25.917Z,178842218591700
"""player 7 @ O8SRi7DfXR"" checks",2026-09-03T07:56:24.555Z,178842218455500
"Flop:  [5♥, K♣, 10♠]",2026-09-03T07:56:17.328Z,178842217732800
"""player 7 @ O8SRi7DfXR"" calls 30",2026-09-03T07:56:16.489Z,178842217648900
"""player 53 @ LGay7r_Caq"" folds",2026-09-03T07:56:11.039Z,178842217103900
"""player 52 @ 4chnM3wbbk"" calls 30",2026-09-03T07:56:10.040Z,178842217004000
"""player 54 @ BeZA_Cf-pd"" calls 30",2026-09-03T07:56:08.274Z,178842216827400
"""player 51 @ uewFolxPCK"" raises to 30",2026-09-03T07:56:03.056Z,178842216305600
"""player 7 @ O8SRi7DfXR"" posts a big blind of 5",2026-09-03T07:55:59.887Z,178842215988708
"""player 53 @ LGay7r_Caq"" posts a small blind of 2",2026-09-03T07:55:59.887Z,178842215988707
"Player stacks: #2 ""player 7 @ O8SRi7DfXR"" (849) | #3 ""player 51 @ uewFolxPCK"" (1174) | #4 ""player 54 @ BeZA_Cf-pd"" (622) | #7 ""player 52 @ 4chnM3wbbk"" (1095) | #9 ""player 53 @ LGay7r_Caq"" (460)",2026-09-03T07:55:59.887Z,178842215988701
"-- starting hand #62 (id: nv7dpldvwkyu)  No Limit Texas Hold'em (dealer: ""player 52 @ 4chnM3wbbk"") --",2026-09-03T07:55:59.887Z,178842215988700
"-- ending hand #61 --",2026-09-03T07:55:53.879Z,178842215387904
"""player 51 @ uewFolxPCK"" collected 305 from pot with Pair, 8's (combination: 7♣, Q♥, A♥, 8♠, 8♦)",2026-09-03T07:55:53.879Z,178842215387903
"""player 51 @ uewFolxPCK"" shows a 8♠, A♥.",2026-09-03T07:55:53.879Z,178842215387902
"""player 7 @ O8SRi7DfXR"" shows a 10♥, 8♣.",2026-09-03T07:55:53.879Z,178842215387901
"""player 52 @ 4chnM3wbbk"" shows a A♠, 3♥.",2026-09-03T07:55:53.879Z,178842215387900
"""player 54 @ BeZA_Cf-pd"" folds",2026-09-03T07:55:53.058Z,178842215305800
"""player 51 @ uewFolxPCK"" calls 60",2026-09-03T07:55:51.935Z,178842215193500
"""player 7 @ O8SRi7DfXR"" calls 60",2026-09-03T07:55:46.866Z,178842214686600
"""player 52 @ 4chnM3wbbk"" bets 60",2026-09-03T07:55:42.313Z,178842214231300
"River: 5♣, Q♥, 7♣, 2♠ [8♦]",2026-09-03T07:55:38.231Z,178842213823100
"""player 54 @ BeZA_Cf-pd"" checks",2026-09-03T07:55:37.375Z,178842213737500
"""player 51 @ uewFolxPCK"" checks",2026-09-03T07:55:36.249Z,178842213624900
"""player 7 @ O8SRi7DfXR"" checks",2026-09-03T07:55:33.978Z,178842213397800
"""player 52 @ 4chnM3wbbk"" checks",2026-09-03T07:55:33.073Z,178842213307300
"Turn: 5♣, Q♥, 7♣ [2♠]",2026-09-03T07:55:16.016Z,178842211601600
"""player 54 @ BeZA_Cf-pd"" checks",2026-09-03T07:55:15.111Z,178842211511100
"""player 51 @ uewFolxPCK"" checks",2026-09-03T07:55:13.884Z,178842211388400
"""player 7 @ O8SRi7DfXR"" checks",2026-09-03T07:55:12.815Z,178842211281500
"""player 52 @ 4chnM3wbbk"" checks",2026-09-03T07:55:09.858Z,178842210985800
"Flop:  [5♣, Q♥, 7♣]",2026-09-03T07:55:08.203Z,178842210820300
"""player 7 @ O8SRi7DfXR"" calls 30",2026-09-03T07:55:07.336Z,178842210733600
"""player 53 @ LGay7r_Caq"" folds",2026-09-03T07:55:06.406Z,178842210640600
"""player 52 @ 4chnM3wbbk"" calls 30",2026-09-03T07:54:56.911Z,178842209691100
"""player 54 @ BeZA_Cf-pd"" calls 30",2026-09-03T07:54:55.927Z,178842209592700
"""player 51 @ uewFolxPCK"" raises to 30",2026-09-03T07:54:53.908Z,178842209390800
"""player 7 @ O8SRi7DfXR"" calls 5",2026-09-03T07:54:48.691Z,178842208869100
"""player 53 @ LGay7r_Caq"" posts a big blind of 5",2026-09-03T07:54:45.710Z,178842208571008
"""player 52 @ 4chnM3wbbk"" posts a small blind of 2",2026-09-03T07:54:45.710Z,178842208571007
"Your hand is 8♠, A♥",2026-09-03T07:54:45.710Z,178842208571003
"Player stacks: #2 ""player 7 @ O8SRi7DfXR"" (939) | #3 ""player 51 @ uewFolxPCK"" (959) | #4 ""player 54 @ BeZA_Cf-pd"" (652) | #7 ""player 52 @ 4chnM3wbbk"" (1185) | #9 ""player 53 @ LGay7r_Caq"" (465)",2026-09-03T07:54:45.710Z,178842208571001
"-- starting hand #61 (id: dxs18uoe7ctk)  No Limit Texas Hold'em (dealer: ""player 54 @ BeZA_Cf-pd"") --",2026-09-03T07:54:45.710Z,178842208571000
"""player 7 @ O8SRi7DfXR"" shows a 6♠.",2026-09-03T07:54:44.988Z,178842208498800
"""player 7 @ O8SRi7DfXR"" shows a 3♠.",2026-09-03T07:54:43.026Z,178842208302600
"-- ending hand #60 --",2026-09-03T07:54:42.087Z,178842208208702
"""player 7 @ O8SRi7DfXR"" collected 200 from pot",2026-09-03T07:54:42.087Z,178842208208701
"Uncalled bet of 167 returned to ""player 7 @ O8SRi7DfXR""",2026-09-03T07:54:42.087Z,178842208208700
"""player 54 @ BeZA_Cf-pd"" folds",2026-09-03T07:54:41.267Z,178842208126700
"""player 51 @ uewFolxPCK"" folds",2026-09-03T07:54:40.328Z,178842208032800
"""player 7 @ O8SRi7DfXR"" bets 167",2026-09-03T07:54:38.540Z,178842207854000
"""player 54 @ BeZA_Cf-pd"" checks",2026-09-03T07:54:36.027Z,178842207602700
"River: A♥, 7♠, 8♠, 2♠ [7♣]",2026-09-03T07:54:34.468Z,178842207446800
"""player 51 @ uewFolxPCK"" calls 40",2026-09-03T07:54:33.612Z,178842207361200
"""player 7 @ O8SRi7DfXR"" calls 40",2026-09-03T07:54:31.807Z,178842207180700
"""player 52 @ 4chnM3wbbk"" folds",2026-09-03T07:54:30.520Z,178842207052000
"""player 54 @ BeZA_Cf-pd"" bets 40",2026-09-03T07:54:29.102Z,178842206910200
"Turn: A♥, 7♠, 8♠ [2♠]",2026-09-03T07:54:25.319Z,178842206531900
"""player 51 @ uewFolxPCK"" checks",2026-09-03T07:54:24.510Z,178842206451000
"""player 7 @ O8SRi7DfXR"" checks",2026-09-03T07:54:21.164Z,178842206116400
"""player 52 @ 4chnM3wbbk"" checks",2026-09-03T07:54:19.806Z,178842205980600
"""player 54 @ BeZA_Cf-pd"" checks",2026-09-03T07:54:18.721Z,178842205872100
"Flop:  [A♥, 7♠, 8♠]",2026-09-03T07:54:16.455Z,178842205645500
"""player 7 @ O8SRi7DfXR"" calls 20",2026-09-03T07:54:15.546Z,178842205554600
"""player 52 @ 4chnM3wbbk"" calls 20",2026-09-03T07:54:14.558Z,178842205455800
"""player 54 @ BeZA_Cf-pd"" calls 20",2026-09-03T07:54:12.954Z,178842205295400
"""player 51 @ uewFolxPCK"" raises to 20",2026-09-03T07:54:11.606Z,178842205160600
"""player 7 @ O8SRi7DfXR"" calls 5",2026-09-03T07:54:09.145Z,178842204914500
"""player 53 @ LGay7r_Caq"" folds",2026-09-03T07:54:06.612Z,178842204661200
"""player 52 @ 4chnM3wbbk"" posts a big blind of 5",2026-09-03T07:54:05.502Z,178842204550208
"""player 54 @ BeZA_Cf-pd"" posts a small blind of 2",2026-09-03T07:54:05.502Z,178842204550207
"Player stacks: #2 ""player 7 @ O8SRi7DfXR"" (799) | #3 ""player 51 @ uewFolxPCK"" (1019) | #4 ""player 54 @ BeZA_Cf-pd"" (712) | #7 ""player 52 @ 4chnM3wbbk"" (1205) | #9 ""player 53 @ LGay7r_Caq"" (465)",2026-09-03T07:54:05.502Z,178842204550201
"-- starting hand #60 (id: slduihntouna)  No Limit Texas Hold'em (dealer: ""player 51 @ uewFolxPCK"") --",2026-09-03T07:54:05.502Z,178842204550200
"""player 7 @ O8SRi7DfXR"" shows a 2♦.",2026-09-03T07:54:03.616Z,178842204361600
"""player 7 @ O8SRi7DfXR"" shows a J♦.",2026-09-03T07:54:01.149Z,178842204114900
"-- ending hand #59 --",2026-09-03T07:53:58.999Z,178842203899903
"""player 51 @ uewFolxPCK"" shows a 9♦, Q♦.",2026-09-03T07:53:58.999Z,178842203899902
"""player 54 @ BeZA_Cf-pd"" collected 712 from pot with Straight, A High (combination: 10♦, J♣, Q♣, K♦, A♥)",2026-09-03T07:53:58.999Z,178842203899901
"""player 54 @ BeZA_Cf-pd"" shows a 6♥, K♦.",2026-09-03T07:53:58.999Z,178842203899900
"""player 51 @ uewFolxPCK"" calls 226",2026-09-03T07:53:58.107Z,178842203810700
"""player 7 @ O8SRi7DfXR"" folds",2026-09-03T07:53:55.828Z,178842203582800
"""player 52 @ 4chnM3wbbk"" folds",2026-09-03T07:53:54.062Z,178842203406200
"""player 54 @ BeZA_Cf-pd"" bets 226 and go all in",2026-09-03T07:53:52.592Z,178842203259200
"""player 51 @ uewFolxPCK"" checks",2026-09-03T07:53:50.077Z,178842203007700
"River: Q♣, 10♦, A♦, A♥ [J♣]",2026-09-03T07:53:46.045Z,178842202604500
"""player 7 @ O8SRi7DfXR"" checks",2026-09-03T07:53:45.232Z,178842202523200
"""player 52 @ 4chnM3wbbk"" checks",2026-09-03T07:53:38.186Z,178842201818600
"""player 54 @ BeZA_Cf-pd"" checks",2026-09-03T07:53:37.259Z,178842201725900
"""player 51 @ uewFolxPCK"" checks",2026-09-03T07:53:35.935Z,178842201593500
"Turn: Q♣, 10♦, A♦ [A♥]",2026-09-03T07:53:31.487Z,178842201148700
"""player 7 @ O8SRi7DfXR"" calls 35",2026-09-03T07:53:30.678Z,178842201067800
"""player 52 @ 4chnM3wbbk"" calls 35",2026-09-03T07:53:26.079Z,178842200607900
"""player 54 @ BeZA_Cf-pd"" calls 35",2026-09-03T07:53:25.180Z,178842200518000
"""player 51 @ uewFolxPCK"" bets 35",2026-09-03T07:53:22.908Z,178842200290800
"Flop:  [Q♣, 10♦, A♦]",2026-09-03T07:53:19.446Z,178842199944600
"""player 7 @ O8SRi7DfXR"" calls 30",2026-09-03T07:53:18.593Z,178842199859300
"""player 52 @ 4chnM3wbbk"" calls 30",2026-09-03T07:53:07.323Z,178842198732300
"""player 54 @ BeZA_Cf-pd"" calls 30",2026-09-03T07:53:05.519Z,178842198551900
"""player 51 @ uewFolxPCK"" raises to 30",2026-09-03T07:53:01.095Z,178842198109500
"""player 7 @ O8SRi7DfXR"" calls 5",2026-09-03T07:52:59.217Z,178842197921700
"""player 53 @ LGay7r_Caq"" folds",2026-09-03T07:52:56.887Z,178842197688700
"""player 52 @ 4chnM3wbbk"" calls 5",2026-09-03T07:52:55.923Z,178842197592300
"""player 54 @ BeZA_Cf-pd"" posts a big blind of 5",2026-09-03T07:52:54.201Z,178842197420108
"""player 51 @ uewFolxPCK"" posts a small blind of 2",2026-09-03T07:52:54.201Z,178842197420107
"Your hand is 9♦, Q♦",2026-09-03T07:52:54.201Z,178842197420103
"Player stacks: #2 ""player 7 @ O8SRi7DfXR"" (864) | #3 ""player 51 @ uewFolxPCK"" (1310) | #4 ""player 54 @ BeZA_Cf-pd"" (291) | #7 ""player 52 @ 4chnM3wbbk"" (1270) | #9 ""player 53 @ LGay7r_Caq"" (465)",2026-09-03T07:52:54.201Z,178842197420101
"-- starting hand #59 (id: beo0mx8opdwy)  No Limit Texas Hold'em (dealer: ""player 7 @ O8SRi7DfXR"") --",2026-09-03T07:52:54.201Z,178842197420100
"Undealt cards: 6♠, 3♦, 9♥ [8♠, 3♥]",2026-09-03T07:52:49.632Z,178842196963200
"""player 53 @ LGay7r_Caq"" shows a 9♦, 2♥.",2026-09-03T07:52:48.341Z,178842196834100
"-- ending hand #58 --",2026-09-03T07:52:47.578Z,178842196757802
"""player 53 @ LGay7r_Caq"" collected 162 from pot",2026-09-03T07:52:47.578Z,178842196757801
"Uncalled bet of 75 returned to ""player 53 @ LGay7r_Caq""",2026-09-03T07:52:47.578Z,178842196757800
"""player 52 @ 4chnM3wbbk"" folds",2026-09-03T07:52:46.776Z,178842196677600
"""player 53 @ LGay7r_Caq"" bets 75",2026-09-03T07:52:45.202Z,178842196520200
"""player 52 @ 4chnM3wbbk"" checks",2026-09-03T07:52:42.994Z,178842196299400
"Flop:  [6♠, 3♦, 9♥]",2026-09-03T07:52:41.126Z,178842196112600
"""player 52 @ 4chnM3wbbk"" calls 75",2026-09-03T07:52:40.276Z,178842196027600
"""player 54 @ BeZA_Cf-pd"" folds",2026-09-03T07:52:38.632Z,178842195863200
"""player 51 @ uewFolxPCK"" folds",2026-09-03T07:52:37.668Z,178842195766800
"""player 7 @ O8SRi7DfXR"" folds",2026-09-03T07:52:36.735Z,178842195673500
"""player 53 @ LGay7r_Caq"" raises to 75",2026-09-03T07:52:22.599Z,178842194259900
"""player 52 @ 4chnM3wbbk"" raises to 25",2026-09-03T07:52:20.073Z,178842194007300
"""player 54 @ BeZA_Cf-pd"" calls 5",2026-09-03T07:52:15.658Z,178842193565800
"""player 51 @ uewFolxPCK"" posts a big blind of 5",2026-09-03T07:52:13.308Z,178842193330808
"""player 7 @ O8SRi7DfXR"" posts a small blind of 2",2026-09-03T07:52:13.308Z,178842193330807
"Player stacks: #2 ""player 7 @ O8SRi7DfXR"" (866) | #3 ""player 51 @ uewFolxPCK"" (1315) | #4 ""player 54 @ BeZA_Cf-pd"" (296) | #7 ""player 52 @ 4chnM3wbbk"" (1345) | #9 ""player 53 @ LGay7r_Caq"" (378)",2026-09-03T07:52:13.308Z,178842193330801
"-- starting hand #58 (id: m2dkc9ezgkda)  No Limit Texas Hold'em (dealer: ""player 53 @ LGay7r_Caq"") --",2026-09-03T07:52:13.308Z,178842193330800
"-- ending hand #57 --",2026-09-03T07:52:10.359Z,178842193035902
"""player 7 @ O8SRi7DfXR"" collected 362 from pot",2026-09-03T07:52:10.359Z,178842193035901
"Uncalled bet of 504 returned to ""player 7 @ O8SRi7DfXR""",2026-09-03T07:52:10.359Z,178842193035900
"""player 51 @ uewFolxPCK"" folds",2026-09-03T07:52:09.513Z,178842192951300
"""player 7 @ O8SRi7DfXR"" bets 504 and go all in",2026-09-03T07:52:08.219Z,178842192821900
"River: 10♣, 3♥, 9♦, K♦ [Q♣]",2026-09-03T07:52:05.177Z,178842192517700
"""player 7 @ O8SRi7DfXR"" calls 90",2026-09-03T07:52:04.359Z,178842192435900
"""player 52 @ 4chnM3wbbk"" folds",2026-09-03T07:51:57.378Z,178842191737800
"""player 51 @ uewFolxPCK"" bets 90",2026-09-03T07:51:49.871Z,178842190987100
"""player 7 @ O8SRi7DfXR"" checks",2026-09-03T07:51:46.971Z,178842190697100
"Turn: 10♣, 3♥, 9♦ [K♦]",2026-09-03T07:51:45.454Z,178842190545400
"""player 52 @ 4chnM3wbbk"" calls 45",2026-09-03T07:51:44.642Z,178842190464200
"""player 51 @ uewFolxPCK"" calls 45",2026-09-03T07:51:42.511Z,178842190251100
"""player 7 @ O8SRi7DfXR"" raises to 45",2026-09-03T07:51:35.578Z,178842189557800
"""player 52 @ 4chnM3wbbk"" calls 15",2026-09-03T07:51:27.945Z,178842188794500
"""player 51 @ uewFolxPCK"" bets 15",2026-09-03T07:51:26.630Z,178842188663000
"""player 7 @ O8SRi7DfXR"" checks",2026-09-03T07:51:24.282Z,178842188428200
"Flop:  [10♣, 3♥, 9♦]",2026-09-03T07:51:16.747Z,178842187674700
"""player 7 @ O8SRi7DfXR"" calls 15",2026-09-03T07:51:15.925Z,178842187592500
"""player 53 @ LGay7r_Caq"" folds",2026-09-03T07:51:14.999Z,178842187499900
"""player 52 @ 4chnM3wbbk"" calls 15",2026-09-03T07:51:12.856Z,178842187285600
"""player 54 @ BeZA_Cf-pd"" folds",2026-09-03T07:51:11.902Z,178842187190200
"""player 51 @ uewFolxPCK"" raises to 15",2026-09-03T07:51:06.574Z,178842186657400
"""player 7 @ O8SRi7DfXR"" posts a big blind of 5",2026-09-03T07:51:04.891Z,178842186489108
"""player 53 @ LGay7r_Caq"" posts a small blind of 2",2026-09-03T07:51:04.891Z,178842186489107
"Player stacks: #2 ""player 7 @ O8SRi7DfXR"" (654) | #3 ""player 51 @ uewFolxPCK"" (1465) | #4 ""player 54 @ BeZA_Cf-pd"" (296) | #7 ""player 52 @ 4chnM3wbbk"" (1405) | #9 ""player 53 @ LGay7r_Caq"" (380)",2026-09-03T07:51:04.891Z,178842186489101
"-- starting hand #57 (id: 9zznc4fnxmnz)  No Limit Texas Hold'em (dealer: ""player 52 @ 4chnM3wbbk"") --",2026-09-03T07:51:04.891Z,178842186489100
"""player 7 @ O8SRi7DfXR"" shows a 2♥, 2♣.",2026-09-03T07:50:58.807Z,178842185880700
"Undealt cards: 2♦, 7♣, K♥ [J♥, 9♦]",2026-09-03T07:50:58.487Z,178842185848700
"-- ending hand #56 --",2026-09-03T07:50:58.270Z,178842185827002
"""player 54 @ BeZA_Cf-pd"" collected 95 from pot",2026-09-03T07:50:58.270Z,178842185827001
"Uncalled bet of 201 returned to ""player 54 @ BeZA_Cf-pd""",2026-09-03T07:50:58.270Z,178842185827000
"""player 51 @ uewFolxPCK"" folds",2026-09-03T07:50:57.368Z,178842185736800
"""player 52 @ 4chnM3wbbk"" folds",2026-09-03T07:50:56.393Z,178842185639300
"""player 54 @ BeZA_Cf-pd"" bets 201 and go all in",2026-09-03T07:50:53.400Z,178842185340000
"""player 51 @ uewFolxPCK"" checks",2026-09-03T07:50:51.403Z,178842185140300
"""player 52 @ 4chnM3wbbk"" checks",2026-09-03T07:50:49.595Z,178842184959500
"Flop:  [2♦, 7♣, K♥]",2026-09-03T07:50:47.663Z,178842184766300
"""player 53 @ LGay7r_Caq"" folds",2026-09-03T07:50:46.783Z,178842184678300
"""player 52 @ 4chnM3wbbk"" calls 30",2026-09-03T07:50:45.764Z,178842184576400
"""player 54 @ BeZA_Cf-pd"" calls 30",2026-09-03T07:50:44.773Z,178842184477300
"""player 51 @ uewFolxPCK"" raises to 30",2026-09-03T07:50:41.343Z,178842184134300
"""player 7 @ O8SRi7DfXR"" folds",2026-09-03T07:50:38.690Z,178842183869000
"""player 53 @ LGay7r_Caq"" posts a big blind of 5",2026-09-03T07:50:15.677Z,178842181567708
"""player 52 @ 4chnM3wbbk"" posts a small blind of 2",2026-09-03T07:50:15.677Z,178842181567707
"Player stacks: #2 ""player 7 @ O8SRi7DfXR"" (654) | #3 ""player 51 @ uewFolxPCK"" (1495) | #4 ""player 54 @ BeZA_Cf-pd"" (231) | #7 ""player 52 @ 4chnM3wbbk"" (1435) | #9 ""player 53 @ LGay7r_Caq"" (385)",2026-09-03T07:50:15.677Z,178842181567701
"-- starting hand #56 (id: 3pjsrpud4wls)  No Limit Texas Hold'em (dealer: ""player 54 @ BeZA_Cf-pd"") --",2026-09-03T07:50:15.677Z,178842181567700
"Undealt cards: 7♠, 8♣, 5♦, 5♣ [10♣]",2026-09-03T07:50:10.413Z,178842181041300
"-- ending hand #55 --",2026-09-03T07:50:09.708Z,178842180970802
"""player 51 @ uewFolxPCK"" collected 92 from pot",2026-09-03T07:50:09.708Z,178842180970801
"Uncalled bet of 60 returned to ""player 51 @ uewFolxPCK""",2026-09-03T07:50:09.708Z,178842180970800
"""player 53 @ LGay7r_Caq"" folds",2026-09-03T07:50:08.890Z,178842180889000
"""player 52 @ 4chnM3wbbk"" folds",2026-09-03T07:50:07.712Z,178842180771200
"""player 51 @ uewFolxPCK"" bets 60",2026-09-03T07:50:02.474Z,178842180247400
"""player 53 @ LGay7r_Caq"" checks",2026-09-03T07:49:59.650Z,178842179965000
"""player 52 @ 4chnM3wbbk"" checks",2026-09-03T07:49:58.333Z,178842179833300
"Turn: 7♠, 8♣, 5♦ [5♣]",2026-09-03T07:49:56.879Z,178842179687900
"""player 51 @ uewFolxPCK"" checks",2026-09-03T07:49:56.061Z,178842179606100
"""player 53 @ LGay7r_Caq"" checks",2026-09-03T07:49:54.641Z,178842179464100
"""player 52 @ 4chnM3wbbk"" checks",2026-09-03T07:49:52.445Z,178842179244500
"Flop:  [7♠, 8♣, 5♦]",2026-09-03T07:49:50.783Z,178842179078300
"""player 53 @ LGay7r_Caq"" calls 30",2026-09-03T07:49:49.971Z,178842178997100
"""player 52 @ 4chnM3wbbk"" calls 30",2026-09-03T07:49:48.995Z,178842178899500
"""player 54 @ BeZA_Cf-pd"" folds",2026-09-03T07:49:46.948Z,178842178694800
"""player 51 @ uewFolxPCK"" raises to 30",2026-09-03T07:49:45.766Z,178842178576600
"""player 7 @ O8SRi7DfXR"" folds",2026-09-03T07:49:43.530Z,178842178353000
"""player 53 @ LGay7r_Caq"" calls 5",2026-09-03T07:49:42.599Z,178842178259900
"""player 52 @ 4chnM3wbbk"" posts a big blind of 5",2026-09-03T07:49:40.180Z,178842178018008
"""player 54 @ BeZA_Cf-pd"" posts a small blind of 2",2026-09-03T07:49:40.180Z,178842178018007
"Player stacks: #2 ""player 7 @ O8SRi7DfXR"" (654) | #3 ""player 51 @ uewFolxPCK"" (1433) | #4 ""player 54 @ BeZA_Cf-pd"" (233) | #7 ""player 52 @ 4chnM3wbbk"" (1465) | #9 ""player 53 @ LGay7r_Caq"" (415)",2026-09-03T07:49:40.180Z,178842178018001
"-- starting hand #55 (id: rqujygler3kj)  No Limit Texas Hold'em (dealer: ""player 51 @ uewFolxPCK"") --",2026-09-03T07:49:40.180Z,178842178018000
"""player 51 @ uewFolxPCK"" shows a 8♦.",2026-09-03T07:49:36.948Z,178842177694800
"""player 7 @ O8SRi7DfXR"" shows a J♠, J♥.",2026-09-03T07:49:34.968Z,178842177496800
"Undealt cards:  [A♣, 8♠, 7♣, 8♥, 5♥]",2026-09-03T07:49:34.460Z,178842177446000
"-- ending hand #54 --",2026-09-03T07:49:32.781Z,178842177278102
"""player 7 @ O8SRi7DfXR"" collected 22 from pot",2026-09-03T07:49:32.781Z,178842177278101
"Uncalled bet of 632 returned to ""player 7 @ O8SRi7DfXR""",2026-09-03T07:49:32.781Z,178842177278100
"""player 53 @ LGay7r_Caq"" folds",2026-09-03T07:49:31.942Z,178842177194200
"""player 52 @ 4chnM3wbbk"" folds",2026-09-03T07:49:30.047Z,178842177004700
"""player 54 @ BeZA_Cf-pd"" folds",2026-09-03T07:49:21.136Z,178842176113600
"""player 51 @ uewFolxPCK"" folds",2026-09-03T07:49:18.719Z,178842175871900
"""player 7 @ O8SRi7DfXR"" raises to 637 and go all in",2026-09-03T07:49:17.797Z,178842175779700
"""player 53 @ LGay7r_Caq"" calls 5",2026-09-03T07:49:14.803Z,178842175480300
"""player 52 @ 4chnM3wbbk"" calls 5",2026-09-03T07:49:13.825Z,178842175382500
"""player 54 @ BeZA_Cf-pd"" posts a big blind of 5",2026-09-03T07:49:11.601Z,178842175160108
"""player 51 @ uewFolxPCK"" posts a small blind of 2",2026-09-03T07:49:11.601Z,178842175160107
"Player stacks: #2 ""player 7 @ O8SRi7DfXR"" (637) | #3 ""player 51 @ uewFolxPCK"" (1435) | #4 ""player 54 @ BeZA_Cf-pd"" (238) | #7 ""player 52 @ 4chnM3wbbk"" (1470) | #9 ""player 53 @ LGay7r_Caq"" (420)",2026-09-03T07:49:11.601Z,178842175160101
"-- starting hand #54 (id: zwpaiizzowtu)  No Limit Texas Hold'em (dealer: ""player 7 @ O8SRi7DfXR"") --",2026-09-03T07:49:11.601Z,178842175160100
"""player 7 @ O8SRi7DfXR"" shows a 4♦.",2026-09-03T07:49:08.417Z,178842174841700
"-- ending hand #53 --",2026-09-03T07:49:07.964Z,178842174796402
"""player 52 @ 4chnM3wbbk"" collected 150 from pot",2026-09-03T07:49:07.964Z,178842174796401
"Uncalled bet of 90 returned to ""player 52 @ 4chnM3wbbk""",2026-09-03T07:49:07.964Z,178842174796400
"""player 7 @ O8SRi7DfXR"" folds",2026-09-03T07:49:07.092Z,178842174709200
"""player 53 @ LGay7r_Caq"" folds",2026-09-03T07:49:05.189Z,178842174518900
"""player 52 @ 4chnM3wbbk"" bets 90",2026-09-03T07:49:03.187Z,178842174318700
"""player 7 @ O8SRi7DfXR"" checks",2026-09-03T07:49:00.500Z,178842174050000
"River: Q♣, 2♦, 4♠, 8♣ [Q♠]",2026-09-03T07:48:57.273Z,178842173727300
"""player 51 @ uewFolxPCK"" folds",2026-09-03T07:48:56.372Z,178842173637200
"""player 7 @ O8SRi7DfXR"" calls 30",2026-09-03T07:48:55.336Z,178842173533600
"""player 53 @ LGay7r_Caq"" calls 30",2026-09-03T07:48:49.823Z,178842172982300
"""player 52 @ 4chnM3wbbk"" bets 30",2026-09-03T07:48:48.891Z,178842172889100
"""player 51 @ uewFolxPCK"" checks",2026-09-03T07:48:46.586Z,178842172658600
"""player 7 @ O8SRi7DfXR"" checks",2026-09-03T07:48:45.676Z,178842172567600
"Turn: Q♣, 2♦, 4♠ [8♣]",2026-09-03T07:48:42.673Z,178842172267300
"""player 53 @ LGay7r_Caq"" checks",2026-09-03T07:48:41.741Z,178842172174100
"""player 52 @ 4chnM3wbbk"" checks",2026-09-03T07:48:39.146Z,178842171914600
"""player 51 @ uewFolxPCK"" checks",2026-09-03T07:48:37.231Z,178842171723100
"""player 7 @ O8SRi7DfXR"" checks",2026-09-03T07:48:35.021Z,178842171502100
"Flop:  [Q♣, 2♦, 4♠]",2026-09-03T07:48:05.011Z,178842168501100
"""player 51 @ uewFolxPCK"" calls 15",2026-09-03T07:48:04.127Z,178842168412700
"""player 7 @ O8SRi7DfXR"" calls 15",2026-09-03T07:48:02.618Z,178842168261800
"""player 53 @ LGay7r_Caq"" calls 15",2026-09-03T07:47:46.833Z,178842166683300
"""player 52 @ 4chnM3wbbk"" raises to 15",2026-09-03T07:47:45.521Z,178842166552100
"""player 54 @ BeZA_Cf-pd"" folds",2026-09-03T07:47:41.575Z,178842166157500
"""player 51 @ uewFolxPCK"" posts a big blind of 5",2026-09-03T07:47:36.959Z,178842165695908
"""player 7 @ O8SRi7DfXR"" posts a small blind of 2",2026-09-03T07:47:36.959Z,178842165695907
"Player stacks: #2 ""player 7 @ O8SRi7DfXR"" (682) | #3 ""player 51 @ uewFolxPCK"" (1450) | #4 ""player 54 @ BeZA_Cf-pd"" (238) | #7 ""player 52 @ 4chnM3wbbk"" (1365) | #9 ""player 53 @ LGay7r_Caq"" (465)",2026-09-03T07:47:36.959Z,178842165695901
"-- starting hand #53 (id: lvqwnxngcgb0)  No Limit Texas Hold'em (dealer: ""player 53 @ LGay7r_Caq"") --",2026-09-03T07:47:36.959Z,178842165695900
"""player 7 @ O8SRi7DfXR"" shows a K♠.",2026-09-03T07:47:34.431Z,178842165443100
"""player 54 @ BeZA_Cf-pd"" shows a 2♥.",2026-09-03T07:47:33.915Z,178842165391500
"""player 53 @ LGay7r_Caq"" shows a K♥.",2026-09-03T07:47:32.829Z,178842165282900
"""player 7 @ O8SRi7DfXR"" shows a 9♥.",2026-09-03T07:47:32.240Z,178842165224000
"Undealt cards: 4♦, Q♣, 7♦, 7♠ [10♥]",2026-09-03T07:47:30.931Z,178842165093100
"-- ending hand #52 --",2026-09-03T07:47:28.945Z,178842164894502
"""player 53 @ LGay7r_Caq"" collected 45 from pot",2026-09-03T07:47:28.945Z,178842164894501
"Uncalled bet of 15 returned to ""player 53 @ LGay7r_Caq""",2026-09-03T07:47:28.945Z,178842164894500
"""player 52 @ 4chnM3wbbk"" folds",2026-09-03T07:47:28.114Z,178842164811400
"""player 7 @ O8SRi7DfXR"" folds",2026-09-03T07:47:19.035Z,178842163903500
"""player 53 @ LGay7r_Caq"" bets 15",2026-09-03T07:47:15.489Z,178842163548900
"Turn: 4♦, Q♣, 7♦ [7♠]",2026-09-03T07:47:13.677Z,178842163367700
"""player 52 @ 4chnM3wbbk"" checks",2026-09-03T07:47:12.830Z,178842163283000
"""player 7 @ O8SRi7DfXR"" checks",2026-09-03T07:47:10.995Z,178842163099500
"""player 53 @ LGay7r_Caq"" checks",2026-09-03T07:47:08.996Z,178842162899600
"Flop:  [4♦, Q♣, 7♦]",2026-09-03T07:47:07.273Z,178842162727300
"""player 52 @ 4chnM3wbbk"" calls 15",2026-09-03T07:47:06.444Z,178842162644400
"""player 7 @ O8SRi7DfXR"" calls 15",2026-09-03T07:47:05.182Z,178842162518200
"""player 53 @ LGay7r_Caq"" raises to 15",2026-09-03T07:46:49.530Z,178842160953000
"""player 52 @ 4chnM3wbbk"" calls 5",2026-09-03T07:46:46.943Z,178842160694300
"""player 54 @ BeZA_Cf-pd"" folds",2026-09-03T07:46:45.955Z,178842160595500
"""player 51 @ uewFolxPCK"" folds",2026-09-03T07:46:43.682Z,178842160368200
"""player 7 @ O8SRi7DfXR"" posts a big blind of 5",2026-09-03T07:46:41.352Z,178842160135208
"""player 53 @ LGay7r_Caq"" posts a small blind of 2",2026-09-03T07:46:41.352Z,178842160135207
"Player stacks: #2 ""player 7 @ O8SRi7DfXR"" (697) | #3 ""player 51 @ uewFolxPCK"" (1450) | #4 ""player 54 @ BeZA_Cf-pd"" (238) | #7 ""player 52 @ 4chnM3wbbk"" (1380) | #9 ""player 53 @ LGay7r_Caq"" (435)",2026-09-03T07:46:41.352Z,178842160135201
"-- starting hand #52 (id: 37fra4y5zsjf)  No Limit Texas Hold'em (dealer: ""player 52 @ 4chnM3wbbk"") --",2026-09-03T07:46:41.352Z,178842160135200
"""player 7 @ O8SRi7DfXR"" shows a A♥.",2026-09-03T07:46:36.556Z,178842159655600
"-- ending hand #51 --",2026-09-03T07:46:34.764Z,178842159476402
"""player 52 @ 4chnM3wbbk"" collected 175 from pot with Straight, J High (combination: 7♣, 8♥, 9♥, 10♣, J♠)",2026-09-03T07:46:34.764Z,178842159476401
"""player 52 @ 4chnM3wbbk"" shows a 6♦, J♠.",2026-09-03T07:46:34.764Z,178842159476400
"""player 54 @ BeZA_Cf-pd"" checks",2026-09-03T07:46:33.949Z,178842159394900
"""player 7 @ O8SRi7DfXR"" checks",2026-09-03T07:46:32.065Z,178842159206500
"""player 52 @ 4chnM3wbbk"" checks",2026-09-03T07:46:27.660Z,178842158766000
"River: 10♣, 8♥, 7♥, 9♥ [7♣]",2026-09-03T07:46:26.011Z,178842158601100
"""player 7 @ O8SRi7DfXR"" calls 50",2026-09-03T07:46:25.170Z,178842158517000
"""player 53 @ LGay7r_Caq"" folds",2026-09-03T07:46:24.077Z,178842158407700
"""player 52 @ 4chnM3wbbk"" calls 50",2026-09-03T07:46:23.098Z,178842158309800
"""player 54 @ BeZA_Cf-pd"" raises to 50",2026-09-03T07:46:20.719Z,178842158071900
"""player 7 @ O8SRi7DfXR"" calls 5",2026-09-03T07:46:17.432Z,178842157743200
"""player 53 @ LGay7r_Caq"" calls 5",2026-09-03T07:46:16.521Z,178842157652100
"""player 52 @ 4chnM3wbbk"" bets 5",2026-09-03T07:46:15.293Z,178842157529300
"Turn: 10♣, 8♥, 7♥ [9♥]",2026-09-03T07:46:13.128Z,178842157312800
"""player 54 @ BeZA_Cf-pd"" checks",2026-09-03T07:46:12.262Z,178842157226200
"""player 7 @ O8SRi7DfXR"" checks",2026-09-03T07:46:11.181Z,178842157118100
"""player 53 @ LGay7r_Caq"" checks",2026-09-03T07:46:07.327Z,178842156732700
"""player 52 @ 4chnM3wbbk"" checks",2026-09-03T07:46:05.914Z,178842156591400
"Flop:  [10♣, 8♥, 7♥]",2026-09-03T07:46:04.293Z,178842156429300
"""player 53 @ LGay7r_Caq"" checks",2026-09-03T07:46:03.407Z,178842156340700
"""player 52 @ 4chnM3wbbk"" calls 5",2026-09-03T07:46:01.922Z,178842156192200
"""player 54 @ BeZA_Cf-pd"" calls 5",2026-09-03T07:45:59.687Z,178842155968700
"""player 51 @ uewFolxPCK"" folds",2026-09-03T07:45:58.308Z,178842155830800
"""player 7 @ O8SRi7DfXR"" calls 5",2026-09-03T07:45:55.508Z,178842155550800
"""player 53 @ LGay7r_Caq"" posts a big blind of 5",2026-09-03T07:45:50.511Z,178842155051108
"""player 52 @ 4chnM3wbbk"" posts a small blind of 2",2026-09-03T07:45:50.511Z,178842155051107
"Player stacks: #2 ""player 7 @ O8SRi7DfXR"" (752) | #3 ""player 51 @ uewFolxPCK"" (1450) | #4 ""player 54 @ BeZA_Cf-pd"" (293) | #7 ""player 52 @ 4chnM3wbbk"" (1260) | #9 ""player 53 @ LGay7r_Caq"" (445)",2026-09-03T07:45:50.511Z,178842155051101
"-- starting hand #51 (id: i407eww7r5ch)  No Limit Texas Hold'em (dealer: ""player 54 @ BeZA_Cf-pd"") --",2026-09-03T07:45:50.511Z,178842155051100
"Undealt cards: 7♠, 9♠, 5♦, 8♠ [6♦]",2026-09-03T07:45:45.161Z,178842154516100
"-- ending hand #50 --",2026-09-03T07:45:44.601Z,178842154460102
"""player 53 @ LGay7r_Caq"" collected 55 from pot",2026-09-03T07:45:44.601Z,178842154460101
"Uncalled bet of 25 returned to ""player 53 @ LGay7r_Caq""",2026-09-03T07:45:44.601Z,178842154460100
"""player 52 @ 4chnM3wbbk"" folds",2026-09-03T07:45:43.781Z,178842154378100
"""player 51 @ uewFolxPCK"" folds",2026-09-03T07:45:40.547Z,178842154054700
"""player 53 @ LGay7r_Caq"" bets 25",2026-09-03T07:45:39.346Z,178842153934600
"""player 52 @ 4chnM3wbbk"" checks",2026-09-03T07:45:31.467Z,178842153146700
"Turn: 7♠, 9♠, 5♦ [8♠]",2026-09-03T07:45:29.144Z,178842152914400
"""player 54 @ BeZA_Cf-pd"" folds",2026-09-03T07:45:28.299Z,178842152829900
"""player 51 @ uewFolxPCK"" calls 10",2026-09-03T07:45:27.379Z,178842152737900
"""player 7 @ O8SRi7DfXR"" folds",2026-09-03T07:45:25.964Z,178842152596400
"""player 53 @ LGay7r_Caq"" calls 10",2026-09-03T07:45:13.054Z,178842151305400
"""player 52 @ 4chnM3wbbk"" bets 10",2026-09-03T07:45:12.110Z,178842151211000
"""player 54 @ BeZA_Cf-pd"" checks",2026-09-03T07:45:08.919Z,178842150891900
"Flop:  [7♠, 9♠, 5♦]",2026-09-03T07:45:06.481Z,178842150648100
"""player 52 @ 4chnM3wbbk"" checks",2026-09-03T07:45:05.633Z,178842150563300
"""player 54 @ BeZA_Cf-pd"" calls 5",2026-09-03T07:45:03.465Z,178842150346500
"""player 51 @ uewFolxPCK"" calls 5",2026-09-03T07:45:02.280Z,178842150228000
"""player 7 @ O8SRi7DfXR"" calls 5",2026-09-03T07:45:00.313Z,178842150031300
"""player 53 @ LGay7r_Caq"" calls 5",2026-09-03T07:44:54.355Z,178842149435500
"""player 52 @ 4chnM3wbbk"" posts a big blind of 5",2026-09-03T07:44:52.750Z,178842149275009
"""player 54 @ BeZA_Cf-pd"" posts a small blind of 2",2026-09-03T07:44:52.750Z,178842149275008
"Player stacks: #2 ""player 7 @ O8SRi7DfXR"" (757) | #3 ""player 51 @ uewFolxPCK"" (1465) | #4 ""player 54 @ BeZA_Cf-pd"" (298) | #7 ""player 52 @ 4chnM3wbbk"" (1275) | #9 ""player 53 @ LGay7r_Caq"" (405)",2026-09-03T07:44:52.750Z,178842149275002
"-- starting hand #50 (id: zemrcc9wqrlr)  No Limit Texas Hold'em (dealer: ""player 51 @ uewFolxPCK"") --",2026-09-03T07:44:52.750Z,178842149275001
"The admin updated the player ""player 54 @ BeZA_Cf-pd"" stack from 798 to 298.",2026-09-03T07:44:52.750Z,178842149275000
"Undealt cards: 2♠, 6♥, 7♠ [K♦, 6♣]",2026-09-03T07:44:47.096Z,178842148709600
"-- ending hand #49 --",2026-09-03T07:44:46.800Z,178842148680002
"""player 54 @ BeZA_Cf-pd"" collected 160 from pot",2026-09-03T07:44:46.800Z,178842148680001
"Uncalled bet of 160 returned to ""player 54 @ BeZA_Cf-pd""",2026-09-03T07:44:46.800Z,178842148680000
"""player 51 @ uewFolxPCK"" folds",2026-09-03T07:44:45.967Z,178842148596700
"""player 53 @ LGay7r_Caq"" folds",2026-09-03T07:44:41.360Z,178842148136000
"""player 52 @ 4chnM3wbbk"" folds",2026-09-03T07:44:39.214Z,178842147921400
"""player 54 @ BeZA_Cf-pd"" bets 160",2026-09-03T07:44:32.420Z,178842147242000
"""player 51 @ uewFolxPCK"" checks",2026-09-03T07:44:28.960Z,178842146896000
"Flop:  [2♠, 6♥, 7♠]",2026-09-03T07:44:26.861Z,178842146686100
"""player 52 @ 4chnM3wbbk"" calls 40",2026-09-03T07:44:26.046Z,178842146604600
"""player 54 @ BeZA_Cf-pd"" calls 40",2026-09-03T07:44:24.997Z,178842146499700
"""player 51 @ uewFolxPCK"" calls 40",2026-09-03T07:44:23.234Z,178842146323400
"""player 7 @ O8SRi7DfXR"" folds",2026-09-03T07:44:22.269Z,178842146226900
"""player 53 @ LGay7r_Caq"" raises to 40",2026-09-03T07:44:17.431Z,178842145743100
"WARNING: the admin queued the stack change for the player ""player 54 @ BeZA_Cf-pd"" removing 500 chips in the next hand.",2026-09-03T07:44:14.981Z,178842145498100
"""player 52 @ 4chnM3wbbk"" raises to 20",2026-09-03T07:44:13.628Z,178842145362800
"""player 54 @ BeZA_Cf-pd"" posts a big blind of 5",2026-09-03T07:44:10.240Z,178842145024009
"""player 51 @ uewFolxPCK"" posts a small blind of 2",2026-09-03T07:44:10.240Z,178842145024008
"Player stacks: #2 ""player 7 @ O8SRi7DfXR"" (757) | #3 ""player 51 @ uewFolxPCK"" (1505) | #4 ""player 54 @ BeZA_Cf-pd"" (678) | #7 ""player 52 @ 4chnM3wbbk"" (1315) | #9 ""player 53 @ LGay7r_Caq"" (445)",2026-09-03T07:44:10.240Z,178842145024002
"-- starting hand #49 (id: fdiwvbfvuegg)  No Limit Texas Hold'em (dealer: ""player 7 @ O8SRi7DfXR"") --",2026-09-03T07:44:10.240Z,178842145024001
"The admin updated the player ""player 54 @ BeZA_Cf-pd"" stack from 178 to 678.",2026-09-03T07:44:10.240Z,178842145024000
"""player 7 @ O8SRi7DfXR"" shows a 4♦, 8♦.",2026-09-03T07:44:05.068Z,178842144506800
"-- ending hand #48 --",2026-09-03T07:44:03.698Z,178842144369802
"""player 52 @ 4chnM3wbbk"" collected 75 from pot with Pair, 10's (combination: 9♦, K♥, A♣, 10♣, 10♦)",2026-09-03T07:44:03.698Z,178842144369801
"""player 52 @ 4chnM3wbbk"" shows a 10♣, A♣.",2026-09-03T07:44:03.698Z,178842144369800
"""player 53 @ LGay7r_Caq"" checks",2026-09-03T07:44:02.839Z,178842144283900
"""player 52 @ 4chnM3wbbk"" checks",2026-09-03T07:44:01.676Z,178842144167600
"WARNING: the admin queued the stack change for the player ""player 54 @ BeZA_Cf-pd"" adding 500 chips in the next hand.",2026-09-03T07:43:59.858Z,178842143985800
"River: 3♥, 6♦, K♥, 9♦ [10♦]",2026-09-03T07:43:58.343Z,178842143834300
"""player 53 @ LGay7r_Caq"" checks",2026-09-03T07:43:57.504Z,178842143750400
"""player 52 @ 4chnM3wbbk"" checks",2026-09-03T07:43:55.916Z,178842143591600
"Turn: 3♥, 6♦, K♥ [9♦]",2026-09-03T07:43:54.290Z,178842143429000
"""player 52 @ 4chnM3wbbk"" calls 5",2026-09-03T07:43:53.461Z,178842143346100
"""player 54 @ BeZA_Cf-pd"" folds",2026-09-03T07:43:52.426Z,178842143242600
"""player 7 @ O8SRi7DfXR"" folds",2026-09-03T07:43:50.447Z,178842143044700
"""player 53 @ LGay7r_Caq"" bets 5",2026-09-03T07:43:46.888Z,178842142688800
"""player 52 @ 4chnM3wbbk"" checks",2026-09-03T07:43:43.114Z,178842142311400
"""player 54 @ BeZA_Cf-pd"" checks",2026-09-03T07:43:27.543Z,178842140754300
"""player 7 @ O8SRi7DfXR"" checks",2026-09-03T07:43:26.413Z,178842140641300
"Flop:  [3♥, 6♦, K♥]",2026-09-03T07:43:03.951Z,178842138395100
"""player 54 @ BeZA_Cf-pd"" calls 15",2026-09-03T07:43:03.124Z,178842138312400
"""player 51 @ uewFolxPCK"" folds",2026-09-03T07:43:01.877Z,178842138187700
"""player 7 @ O8SRi7DfXR"" calls 15",2026-09-03T07:43:00.924Z,178842138092400
"""player 53 @ LGay7r_Caq"" calls 15",2026-09-03T07:42:55.391Z,178842137539100
"""player 52 @ 4chnM3wbbk"" raises to 15",2026-09-03T07:42:54.434Z,178842137443400
"""player 54 @ BeZA_Cf-pd"" calls 5",2026-09-03T07:42:52.130Z,178842137213000
"""player 51 @ uewFolxPCK"" posts a big blind of 5",2026-09-03T07:42:50.305Z,178842137030508
"""player 7 @ O8SRi7DfXR"" posts a small blind of 2",2026-09-03T07:42:50.305Z,178842137030507
"Player stacks: #2 ""player 7 @ O8SRi7DfXR"" (772) | #3 ""player 51 @ uewFolxPCK"" (1510) | #4 ""player 54 @ BeZA_Cf-pd"" (193) | #7 ""player 52 @ 4chnM3wbbk"" (1260) | #9 ""player 53 @ LGay7r_Caq"" (465)",2026-09-03T07:42:50.305Z,178842137030501
"-- starting hand #48 (id: 6egwqjfjv0ij)  No Limit Texas Hold'em (dealer: ""player 53 @ LGay7r_Caq"") --",2026-09-03T07:42:50.305Z,178842137030500
"""player 7 @ O8SRi7DfXR"" shows a K♦, A♠.",2026-09-03T07:42:45.463Z,178842136546300
"-- ending hand #47 --",2026-09-03T07:42:43.765Z,178842136376502
"""player 51 @ uewFolxPCK"" collected 1052 from pot with Straight, Q High (combination: 8♦, 9♦, 10♠, J♥, Q♠)",2026-09-03T07:42:43.765Z,178842136376501
"""player 51 @ uewFolxPCK"" shows a 9♥, 10♠.",2026-09-03T07:42:43.765Z,178842136376500
"""player 54 @ BeZA_Cf-pd"" calls 450",2026-09-03T07:42:42.927Z,178842136292700
"""player 51 @ uewFolxPCK"" raises to 450",2026-09-03T07:42:32.804Z,178842135280400
"""player 7 @ O8SRi7DfXR"" folds",2026-09-03T07:42:30.650Z,178842135065000
"""player 54 @ BeZA_Cf-pd"" bets 150",2026-09-03T07:42:28.781Z,178842134878100
"""player 51 @ uewFolxPCK"" checks",2026-09-03T07:42:25.337Z,178842134533700
"""player 7 @ O8SRi7DfXR"" checks",2026-09-03T07:42:23.446Z,178842134344600
"River: 9♦, Q♠, J♥, 8♦ [7♣]",2026-09-03T07:42:10.148Z,178842133014800
"""player 51 @ uewFolxPCK"" calls 30",2026-09-03T07:42:09.296Z,178842132929600
"""player 7 @ O8SRi7DfXR"" calls 30",2026-09-03T07:42:07.928Z,178842132792800
"""player 52 @ 4chnM3wbbk"" folds",2026-09-03T07:42:05.431Z,178842132543100
"""player 54 @ BeZA_Cf-pd"" bets 30",2026-09-03T07:42:03.181Z,178842132318100
"""player 51 @ uewFolxPCK"" checks",2026-09-03T07:42:00.887Z,178842132088700
"""player 7 @ O8SRi7DfXR"" checks",2026-09-03T07:41:59.235Z,178842131923500
"Turn: 9♦, Q♠, J♥ [8♦]",2026-09-03T07:41:56.692Z,178842131669200
"""player 52 @ 4chnM3wbbk"" checks",2026-09-03T07:41:55.866Z,178842131586600
"""player 54 @ BeZA_Cf-pd"" checks",2026-09-03T07:41:54.943Z,178842131494300
"""player 51 @ uewFolxPCK"" checks",2026-09-03T07:41:51.984Z,178842131198400
"""player 7 @ O8SRi7DfXR"" checks",2026-09-03T07:41:51.067Z,178842131106700
"Flop:  [9♦, Q♠, J♥]",2026-09-03T07:41:44.888Z,178842130488800
"""player 7 @ O8SRi7DfXR"" calls 15",2026-09-03T07:41:44.074Z,178842130407400
"""player 53 @ LGay7r_Caq"" folds",2026-09-03T07:41:41.175Z,178842130117500
"""player 52 @ 4chnM3wbbk"" calls 15",2026-09-03T07:41:40.239Z,178842130023900
"""player 54 @ BeZA_Cf-pd"" calls 15",2026-09-03T07:41:39.229Z,178842129922900
"""player 51 @ uewFolxPCK"" raises to 15",2026-09-03T07:41:34.775Z,178842129477500
"""player 7 @ O8SRi7DfXR"" posts a big blind of 5",2026-09-03T07:41:31.479Z,178842129147908
"""player 53 @ LGay7r_Caq"" posts a small blind of 2",2026-09-03T07:41:31.479Z,178842129147907
"Your hand is 9♥, 10♠",2026-09-03T07:41:31.479Z,178842129147903
"Player stacks: #2 ""player 7 @ O8SRi7DfXR"" (817) | #3 ""player 51 @ uewFolxPCK"" (953) | #4 ""player 54 @ BeZA_Cf-pd"" (688) | #7 ""player 52 @ 4chnM3wbbk"" (1275) | #9 ""player 53 @ LGay7r_Caq"" (467)",2026-09-03T07:41:31.479Z,178842129147901
"-- starting hand #47 (id: hgzc55xr4npe)  No Limit Texas Hold'em (dealer: ""player 52 @ 4chnM3wbbk"") --",2026-09-03T07:41:31.479Z,178842129147900
"""player 7 @ O8SRi7DfXR"" shows a J♠.",2026-09-03T07:41:27.935Z,178842128793500
"""player 51 @ uewFolxPCK"" shows a 9♣.",2026-09-03T07:41:26.740Z,178842128674000
"""player 7 @ O8SRi7DfXR"" shows a 2♠.",2026-09-03T07:41:25.397Z,178842128539700
"Undealt cards: 8♣, J♣, 8♠, 2♣ [2♦]",2026-09-03T07:41:24.510Z,178842128451000
"-- ending hand #46 --",2026-09-03T07:41:24.150Z,178842128415002
"""player 7 @ O8SRi7DfXR"" collected 65 from pot",2026-09-03T07:41:24.150Z,178842128415001
"Uncalled bet of 67 returned to ""player 7 @ O8SRi7DfXR""",2026-09-03T07:41:24.150Z,178842128415000
"""player 52 @ 4chnM3wbbk"" folds",2026-09-03T07:41:23.344Z,178842128334400
"""player 54 @ BeZA_Cf-pd"" folds",2026-09-03T07:41:22.430Z,178842128243000
"""player 51 @ uewFolxPCK"" folds",2026-09-03T07:41:16.064Z,178842127606400
"""player 7 @ O8SRi7DfXR"" bets 67",2026-09-03T07:41:14.106Z,178842127410600
"""player 52 @ 4chnM3wbbk"" checks",2026-09-03T07:41:10.284Z,178842127028400
"Turn: 8♣, J♣, 8♠ [2♣]",2026-09-03T07:41:09.025Z,178842126902500
"""player 54 @ BeZA_Cf-pd"" checks",2026-09-03T07:41:08.195Z,178842126819500
"""player 51 @ uewFolxPCK"" checks",2026-09-03T07:41:07.013Z,178842126701300
"""player 7 @ O8SRi7DfXR"" checks",2026-09-03T07:41:05.310Z,178842126531000
"""player 52 @ 4chnM3wbbk"" checks",2026-09-03T07:41:02.866Z,178842126286600
"Flop:  [8♣, J♣, 8♠]",2026-09-03T07:40:52.248Z,178842125224800
"""player 7 @ O8SRi7DfXR"" calls 15",2026-09-03T07:40:51.377Z,178842125137700
"""player 53 @ LGay7r_Caq"" folds",2026-09-03T07:40:33.299Z,178842123329900
"""player 52 @ 4chnM3wbbk"" calls 15",2026-09-03T07:40:32.348Z,178842123234800
"""player 54 @ BeZA_Cf-pd"" calls 15",2026-09-03T07:40:25.446Z,178842122544600
"""player 51 @ uewFolxPCK"" raises to 15",2026-09-03T07:40:24.254Z,178842122425400
"""player 7 @ O8SRi7DfXR"" calls 5",2026-09-03T07:40:20.810Z,178842122081000
"""player 53 @ LGay7r_Caq"" posts a big blind of 5",2026-09-03T07:40:10.965Z,178842121096508
"""player 52 @ 4chnM3wbbk"" posts a small blind of 2",2026-09-03T07:40:10.965Z,178842121096507
"Player stacks: #2 ""player 7 @ O8SRi7DfXR"" (767) | #3 ""player 51 @ uewFolxPCK"" (968) | #4 ""player 54 @ BeZA_Cf-pd"" (703) | #7 ""player 52 @ 4chnM3wbbk"" (1290) | #9 ""player 53 @ LGay7r_Caq"" (472)",2026-09-03T07:40:10.965Z,178842121096501
"-- starting hand #46 (id: catcobvd0ywp)  No Limit Texas Hold'em (dealer: ""player 54 @ BeZA_Cf-pd"") --",2026-09-03T07:40:10.965Z,178842121096500
"""player 7 @ O8SRi7DfXR"" shows a K♥.",2026-09-03T07:40:07.484Z,178842120748400
"""player 53 @ LGay7r_Caq"" shows a 10♣.",2026-09-03T07:40:06.806Z,178842120680600
"-- ending hand #45 --",2026-09-03T07:40:06.633Z,178842120663302
"""player 7 @ O8SRi7DfXR"" collected 367 from pot",2026-09-03T07:40:06.633Z,178842120663301
"Uncalled bet of 167 returned to ""player 7 @ O8SRi7DfXR""",2026-09-03T07:40:06.633Z,178842120663300
"""player 52 @ 4chnM3wbbk"" folds",2026-09-03T07:40:05.819Z,178842120581900
"""player 7 @ O8SRi7DfXR"" bets 167",2026-09-03T07:40:01.770Z,178842120177000
"""player 52 @ 4chnM3wbbk"" checks",2026-09-03T07:39:51.252Z,178842119125200
"River: 10♥, 6♥, 8♥, A♠ [9♠]",2026-09-03T07:39:45.757Z,178842118575700
"""player 7 @ O8SRi7DfXR"" checks",2026-09-03T07:39:44.952Z,178842118495200
"""player 52 @ 4chnM3wbbk"" checks",2026-09-03T07:39:43.768Z,178842118376800
"Turn: 10♥, 6♥, 8♥ [A♠]",2026-09-03T07:39:40.756Z,178842118075600
"""player 51 @ uewFolxPCK"" folds",2026-09-03T07:39:39.923Z,178842117992300
"""player 7 @ O8SRi7DfXR"" calls 90",2026-09-03T07:39:37.122Z,178842117712200
"""player 52 @ 4chnM3wbbk"" bets 90",2026-09-03T07:39:34.930Z,178842117493000
"Flop:  [10♥, 6♥, 8♥]",2026-09-03T07:39:30.949Z,178842117094900
"""player 51 @ uewFolxPCK"" calls 60",2026-09-03T07:39:30.109Z,178842117010900
"""player 7 @ O8SRi7DfXR"" calls 60",2026-09-03T07:39:27.869Z,178842116786900
"""player 53 @ LGay7r_Caq"" folds",2026-09-03T07:39:25.811Z,178842116581100
"""player 52 @ 4chnM3wbbk"" raises to 60",2026-09-03T07:39:24.325Z,178842116432500
"""player 54 @ BeZA_Cf-pd"" folds",2026-09-03T07:39:21.997Z,178842116199700
"""player 51 @ uewFolxPCK"" raises to 20",2026-09-03T07:39:19.984Z,178842115998400
"""player 7 @ O8SRi7DfXR"" calls 5",2026-09-03T07:39:18.071Z,178842115807100
"""player 53 @ LGay7r_Caq"" calls 5",2026-09-03T07:39:04.282Z,178842114428200
"""player 52 @ 4chnM3wbbk"" posts a big blind of 5",2026-09-03T07:39:01.150Z,178842114115008
"""player 54 @ BeZA_Cf-pd"" posts a small blind of 2",2026-09-03T07:39:01.150Z,178842114115007
"Player stacks: #2 ""player 7 @ O8SRi7DfXR"" (550) | #3 ""player 51 @ uewFolxPCK"" (1028) | #4 ""player 54 @ BeZA_Cf-pd"" (705) | #7 ""player 52 @ 4chnM3wbbk"" (1440) | #9 ""player 53 @ LGay7r_Caq"" (477)",2026-09-03T07:39:01.150Z,178842114115001
"-- starting hand #45 (id: yb3h76ljdsl2)  No Limit Texas Hold'em (dealer: ""player 51 @ uewFolxPCK"") --",2026-09-03T07:39:01.150Z,178842114115000
"""player 7 @ O8SRi7DfXR"" shows a 8♦.",2026-09-03T07:39:00.622Z,178842114062200
"""player 7 @ O8SRi7DfXR"" shows a A♥.",2026-09-03T07:38:57.973Z,178842113797300
"-- ending hand #44 --",2026-09-03T07:38:57.545Z,178842113754502
"""player 51 @ uewFolxPCK"" collected 60 from pot",2026-09-03T07:38:57.545Z,178842113754501
"Uncalled bet of 60 returned to ""player 51 @ uewFolxPCK""",2026-09-03T07:38:57.545Z,178842113754500
"""player 7 @ O8SRi7DfXR"" folds",2026-09-03T07:38:56.739Z,178842113673900
"""player 52 @ 4chnM3wbbk"" folds",2026-09-03T07:38:54.565Z,178842113456500
"""player 54 @ BeZA_Cf-pd"" folds",2026-09-03T07:38:53.357Z,178842113335700
"""player 51 @ uewFolxPCK"" bets 60",2026-09-03T07:38:51.597Z,178842113159700
"River: 3♥, 3♠, 6♥, 3♣ [Q♥]",2026-09-03T07:38:46.380Z,178842112638000
"""player 7 @ O8SRi7DfXR"" checks",2026-09-03T07:38:45.546Z,178842112554600
"""player 52 @ 4chnM3wbbk"" checks",2026-09-03T07:38:42.749Z,178842112274900
"""player 54 @ BeZA_Cf-pd"" checks",2026-09-03T07:38:40.298Z,178842112029800
"""player 51 @ uewFolxPCK"" checks",2026-09-03T07:38:39.330Z,178842111933000
"Turn: 3♥, 3♠, 6♥ [3♣]",2026-09-03T07:38:34.478Z,178842111447800
"""player 7 @ O8SRi7DfXR"" checks",2026-09-03T07:38:33.570Z,178842111357000
"""player 52 @ 4chnM3wbbk"" checks",2026-09-03T07:38:32.587Z,178842111258700
"""player 54 @ BeZA_Cf-pd"" checks",2026-09-03T07:38:31.147Z,178842111114700
"""player 51 @ uewFolxPCK"" checks",2026-09-03T07:38:29.907Z,178842110990700
"Flop:  [3♥, 3♠, 6♥]",2026-09-03T07:38:27.288Z,178842110728800
"""player 7 @ O8SRi7DfXR"" calls 15",2026-09-03T07:38:26.480Z,178842110648000
"""player 52 @ 4chnM3wbbk"" calls 15",2026-09-03T07:38:22.616Z,178842110261600
"""player 54 @ BeZA_Cf-pd"" calls 15",2026-09-03T07:38:21.266Z,178842110126600
"""player 51 @ uewFolxPCK"" raises to 15",2026-09-03T07:38:17.518Z,178842109751800
"""player 7 @ O8SRi7DfXR"" calls 5",2026-09-03T07:38:13.937Z,178842109393700
"""player 53 @ LGay7r_Caq"" folds",2026-09-03T07:38:11.385Z,178842109138500
"""player 52 @ 4chnM3wbbk"" calls 5",2026-09-03T07:38:09.629Z,178842108962900
"""player 54 @ BeZA_Cf-pd"" posts a big blind of 5",2026-09-03T07:38:07.220Z,178842108722008
"""player 51 @ uewFolxPCK"" posts a small blind of 2",2026-09-03T07:38:07.220Z,178842108722007
"Player stacks: #2 ""player 7 @ O8SRi7DfXR"" (565) | #3 ""player 51 @ uewFolxPCK"" (983) | #4 ""player 54 @ BeZA_Cf-pd"" (720) | #7 ""player 52 @ 4chnM3wbbk"" (1455) | #9 ""player 53 @ LGay7r_Caq"" (477)",2026-09-03T07:38:07.220Z,178842108722001
"-- starting hand #44 (id: qws9zrdubqee)  No Limit Texas Hold'em (dealer: ""player 7 @ O8SRi7DfXR"") --",2026-09-03T07:38:07.220Z,178842108722000
"""player 51 @ uewFolxPCK"" shows a 10♥, 7♥.",2026-09-03T07:37:59.368Z,178842107936800
"-- ending hand #43 --",2026-09-03T07:37:58.709Z,178842107870902
"""player 52 @ 4chnM3wbbk"" collected 565 from pot with Pair, A's on the second run  (combination: 7♣, 9♠, J♥, A♥, A♦)",2026-09-03T07:37:58.709Z,178842107870901
"""player 7 @ O8SRi7DfXR"" collected 565 from pot with Flush, A High (combination: 2♣, 4♣, 5♣, 7♣, A♣)",2026-09-03T07:37:58.709Z,178842107870900
"River (second run): 9♠, 4♣, J♥, 7♣ [2♥]",2026-09-03T07:37:54.684Z,178842107468400
"River: 9♠, 4♣, J♥, 7♣ [5♣]",2026-09-03T07:37:50.649Z,178842107064900
"""player 52 @ 4chnM3wbbk"" shows a A♥, A♦.",2026-09-03T07:37:46.624Z,178842106662401
"""player 7 @ O8SRi7DfXR"" shows a 2♣, A♣.",2026-09-03T07:37:46.624Z,178842106662400
"All players in hand choose to run it twice.",2026-09-03T07:37:45.802Z,178842106580201
"""player 52 @ 4chnM3wbbk"" chooses to  run it twice.",2026-09-03T07:37:45.802Z,178842106580200
"""player 7 @ O8SRi7DfXR"" chooses to  run it twice.",2026-09-03T07:37:44.949Z,178842106494900
"Remaining players decide whether to run it twice.",2026-09-03T07:37:43.352Z,178842106335201
"""player 53 @ LGay7r_Caq"" folds",2026-09-03T07:37:43.352Z,178842106335200
"""player 52 @ 4chnM3wbbk"" calls 425",2026-09-03T07:37:42.402Z,178842106240200
"""player 51 @ uewFolxPCK"" folds",2026-09-03T07:37:24.902Z,178842104490200
"""player 7 @ O8SRi7DfXR"" bets 425 and go all in",2026-09-03T07:37:23.900Z,178842104390000
"Turn: 9♠, 4♣, J♥ [7♣]",2026-09-03T07:37:14.412Z,178842103441200
"""player 51 @ uewFolxPCK"" calls 50",2026-09-03T07:37:13.572Z,178842103357200
"""player 7 @ O8SRi7DfXR"" calls 50",2026-09-03T07:37:11.976Z,178842103197600
"""player 53 @ LGay7r_Caq"" calls 50",2026-09-03T07:37:00.305Z,178842102030500
"""player 52 @ 4chnM3wbbk"" bets 50",2026-09-03T07:36:58.199Z,178842101819900
"""player 51 @ uewFolxPCK"" checks",2026-09-03T07:36:54.972Z,178842101497200
"""player 7 @ O8SRi7DfXR"" checks",2026-09-03T07:36:53.474Z,178842101347400
"Flop:  [9♠, 4♣, J♥]",2026-09-03T07:36:43.053Z,178842100305300
"""player 51 @ uewFolxPCK"" calls 20",2026-09-03T07:36:42.186Z,178842100218600
"""player 7 @ O8SRi7DfXR"" calls 20",2026-09-03T07:36:41.267Z,178842100126700
"""player 53 @ LGay7r_Caq"" calls 20",2026-09-03T07:36:38.369Z,178842099836900
"""player 52 @ 4chnM3wbbk"" raises to 20",2026-09-03T07:36:37.406Z,178842099740600
"""player 54 @ BeZA_Cf-pd"" folds",2026-09-03T07:36:33.247Z,178842099324700
"""player 51 @ uewFolxPCK"" posts a big blind of 5",2026-09-03T07:36:31.085Z,178842099108508
"""player 7 @ O8SRi7DfXR"" posts a small blind of 2",2026-09-03T07:36:31.085Z,178842099108507
"Your hand is 10♥, 7♥",2026-09-03T07:36:31.085Z,178842099108503
"Player stacks: #2 ""player 7 @ O8SRi7DfXR"" (495) | #3 ""player 51 @ uewFolxPCK"" (1053) | #4 ""player 54 @ BeZA_Cf-pd"" (720) | #7 ""player 52 @ 4chnM3wbbk"" (1385) | #9 ""player 53 @ LGay7r_Caq"" (547)",2026-09-03T07:36:31.085Z,178842099108501
"-- starting hand #43 (id: ukqstauzxhxz)  No Limit Texas Hold'em (dealer: ""player 53 @ LGay7r_Caq"") --",2026-09-03T07:36:31.085Z,178842099108500
"""player 7 @ O8SRi7DfXR"" shows a J♦.",2026-09-03T07:36:29.736Z,178842098973600
"-- ending hand #42 --",2026-09-03T07:36:24.556Z,178842098455603
"""player 52 @ 4chnM3wbbk"" collected 512 from pot with Straight, J High (combination: 7♣, 8♠, 9♦, 10♣, J♠)",2026-09-03T07:36:24.556Z,178842098455602
"""player 52 @ 4chnM3wbbk"" shows a 8♦, 7♣.",2026-09-03T07:36:24.556Z,178842098455601
"""player 54 @ BeZA_Cf-pd"" shows a A♦, 4♦.",2026-09-03T07:36:24.556Z,178842098455600
"""player 7 @ O8SRi7DfXR"" folds",2026-09-03T07:36:23.728Z,178842098372800
"""player 52 @ 4chnM3wbbk"" calls 170",2026-09-03T07:36:21.982Z,178842098198200
"""player 54 @ BeZA_Cf-pd"" bets 170",2026-09-03T07:36:20.882Z,178842098088200
"""player 7 @ O8SRi7DfXR"" checks",2026-09-03T07:36:17.610Z,178842097761000
"River: 9♦, 4♥, J♠, 10♣ [8♠]",2026-09-03T07:36:12.514Z,178842097251400
"""player 52 @ 4chnM3wbbk"" checks",2026-09-03T07:36:11.671Z,178842097167100
"""player 54 @ BeZA_Cf-pd"" checks",2026-09-03T07:36:10.237Z,178842097023700
"""player 7 @ O8SRi7DfXR"" checks",2026-09-03T07:36:08.888Z,178842096888800
"Turn: 9♦, 4♥, J♠ [10♣]",2026-09-03T07:36:05.220Z,178842096522000
"""player 53 @ LGay7r_Caq"" folds",2026-09-03T07:36:04.365Z,178842096436500
"""player 52 @ 4chnM3wbbk"" calls 44",2026-09-03T07:36:02.306Z,178842096230600
"""player 54 @ BeZA_Cf-pd"" calls 44",2026-09-03T07:35:59.427Z,178842095942700
"""player 7 @ O8SRi7DfXR"" bets 44",2026-09-03T07:35:54.384Z,178842095438400
"""player 53 @ LGay7r_Caq"" checks",2026-09-03T07:35:43.456Z,178842094345600
"Flop:  [9♦, 4♥, J♠]",2026-09-03T07:35:41.182Z,178842094118200
"""player 54 @ BeZA_Cf-pd"" calls 10",2026-09-03T07:35:40.356Z,178842094035600
"""player 7 @ O8SRi7DfXR"" calls 10",2026-09-03T07:35:39.122Z,178842093912200
"""player 53 @ LGay7r_Caq"" calls 10",2026-09-03T07:35:34.006Z,178842093400600
"""player 52 @ 4chnM3wbbk"" raises to 10",2026-09-03T07:35:32.070Z,178842093207000
"""player 54 @ BeZA_Cf-pd"" calls 5",2026-09-03T07:35:29.246Z,178842092924600
"""player 51 @ uewFolxPCK"" folds",2026-09-03T07:35:27.330Z,178842092733000
"""player 7 @ O8SRi7DfXR"" posts a big blind of 5",2026-09-03T07:35:24.160Z,178842092416008
"""player 53 @ LGay7r_Caq"" posts a small blind of 2",2026-09-03T07:35:24.160Z,178842092416007
"Player stacks: #2 ""player 7 @ O8SRi7DfXR"" (549) | #3 ""player 51 @ uewFolxPCK"" (1053) | #4 ""player 54 @ BeZA_Cf-pd"" (944) | #7 ""player 52 @ 4chnM3wbbk"" (1097) | #9 ""player 53 @ LGay7r_Caq"" (557)",2026-09-03T07:35:24.160Z,178842092416001
"-- starting hand #42 (id: 08t602jx9pik)  No Limit Texas Hold'em (dealer: ""player 52 @ 4chnM3wbbk"") --",2026-09-03T07:35:24.160Z,178842092416000
"""player 7 @ O8SRi7DfXR"" shows a A♥.",2026-09-03T07:35:20.246Z,178842092024600
"Undealt cards: 6♥, 9♦, Q♥ [Q♣, 2♥]",2026-09-03T07:35:18.232Z,178842091823200
"-- ending hand #41 --",2026-09-03T07:35:17.512Z,178842091751202
"""player 52 @ 4chnM3wbbk"" collected 135 from pot",2026-09-03T07:35:17.512Z,178842091751201
"Uncalled bet of 60 returned to ""player 52 @ 4chnM3wbbk""",2026-09-03T07:35:17.512Z,178842091751200
"""player 54 @ BeZA_Cf-pd"" folds",2026-09-03T07:35:16.699Z,178842091669900
"""player 51 @ uewFolxPCK"" folds",2026-09-03T07:35:09.284Z,178842090928400
"""player 53 @ LGay7r_Caq"" folds",2026-09-03T07:35:03.394Z,178842090339400
"""player 52 @ 4chnM3wbbk"" raises to 75",2026-09-03T07:35:02.197Z,178842090219700
"""player 54 @ BeZA_Cf-pd"" calls 15",2026-09-03T07:34:59.007Z,178842089900700
"""player 51 @ uewFolxPCK"" calls 15",2026-09-03T07:34:57.652Z,178842089765200
"""player 7 @ O8SRi7DfXR"" folds",2026-09-03T07:34:56.740Z,178842089674000
"""player 53 @ LGay7r_Caq"" bets 15",2026-09-03T07:34:52.555Z,178842089255500
"""player 52 @ 4chnM3wbbk"" checks",2026-09-03T07:34:49.757Z,178842088975700
"Flop:  [6♥, 9♦, Q♥]",2026-09-03T07:34:47.737Z,178842088773700
"""player 51 @ uewFolxPCK"" calls 15",2026-09-03T07:34:46.913Z,178842088691300
"""player 7 @ O8SRi7DfXR"" calls 15",2026-09-03T07:34:45.412Z,178842088541200
"""player 53 @ LGay7r_Caq"" calls 15",2026-09-03T07:34:42.782Z,178842088278200
"""player 52 @ 4chnM3wbbk"" calls 15",2026-09-03T07:34:41.770Z,178842088177000
"""player 54 @ BeZA_Cf-pd"" raises to 15",2026-09-03T07:34:40.555Z,178842088055500
"""player 51 @ uewFolxPCK"" calls 5",2026-09-03T07:34:38.417Z,178842087841700
"""player 7 @ O8SRi7DfXR"" calls 5",2026-09-03T07:34:36.522Z,178842087652200
"""player 53 @ LGay7r_Caq"" posts a big blind of 5",2026-09-03T07:34:29.429Z,178842086942908
"""player 52 @ 4chnM3wbbk"" posts a small blind of 2",2026-09-03T07:34:29.429Z,178842086942907
"Player stacks: #2 ""player 7 @ O8SRi7DfXR"" (564) | #3 ""player 51 @ uewFolxPCK"" (1083) | #4 ""player 54 @ BeZA_Cf-pd"" (974) | #7 ""player 52 @ 4chnM3wbbk"" (992) | #9 ""player 53 @ LGay7r_Caq"" (587)",2026-09-03T07:34:29.429Z,178842086942901
"-- starting hand #41 (id: gicyw7okldd4)  No Limit Texas Hold'em (dealer: ""player 54 @ BeZA_Cf-pd"") --",2026-09-03T07:34:29.429Z,178842086942900
"Undealt cards: 5♣, 6♦, 7♣, 4♣ [A♣]",2026-09-03T07:34:27.065Z,178842086706500
"""player 7 @ O8SRi7DfXR"" shows a K♦, 8♥.",2026-09-03T07:34:25.727Z,178842086572700
"""player 51 @ uewFolxPCK"" shows a 3♦.",2026-09-03T07:34:22.821Z,178842086282100
"-- ending hand #40 --",2026-09-03T07:34:22.082Z,178842086208202
"""player 7 @ O8SRi7DfXR"" collected 239 from pot",2026-09-03T07:34:22.082Z,178842086208201
"Uncalled bet of 325 returned to ""player 7 @ O8SRi7DfXR""",2026-09-03T07:34:22.082Z,178842086208200
"""player 52 @ 4chnM3wbbk"" folds",2026-09-03T07:34:21.256Z,178842086125600
"""player 7 @ O8SRi7DfXR"" bets 325 and go all in",2026-09-03T07:34:19.146Z,178842085914600
"""player 52 @ 4chnM3wbbk"" checks",2026-09-03T07:34:16.587Z,178842085658700
"Turn: 5♣, 6♦, 7♣ [4♣]",2026-09-03T07:34:14.623Z,178842085462300
"""player 53 @ LGay7r_Caq"" folds",2026-09-03T07:34:13.814Z,178842085381400
"""player 52 @ 4chnM3wbbk"" calls 67",2026-09-03T07:34:10.742Z,178842085074200
"""player 54 @ BeZA_Cf-pd"" folds",2026-09-03T07:34:09.838Z,178842084983800
"""player 51 @ uewFolxPCK"" folds",2026-09-03T07:34:08.775Z,178842084877500
"""player 7 @ O8SRi7DfXR"" raises to 67",2026-09-03T07:34:07.839Z,178842084783900
"""player 53 @ LGay7r_Caq"" calls 30",2026-09-03T07:34:05.158Z,178842084515800
"""player 52 @ 4chnM3wbbk"" bets 30",2026-09-03T07:34:04.168Z,178842084416800
"""player 54 @ BeZA_Cf-pd"" checks",2026-09-03T07:34:00.995Z,178842084099500
"Flop:  [5♣, 6♦, 7♣]",2026-09-03T07:33:55.586Z,178842083558600
"""player 52 @ 4chnM3wbbk"" calls 15",2026-09-03T07:33:54.735Z,178842083473500
"""player 54 @ BeZA_Cf-pd"" calls 15",2026-09-03T07:33:51.989Z,178842083198900
"""player 51 @ uewFolxPCK"" calls 15",2026-09-03T07:33:48.151Z,178842082815100
"""player 7 @ O8SRi7DfXR"" calls 15",2026-09-03T07:33:45.751Z,178842082575100
"""player 53 @ LGay7r_Caq"" raises to 15",2026-09-03T07:33:43.719Z,178842082371900
"""player 52 @ 4chnM3wbbk"" posts a big blind of 5",2026-09-03T07:33:41.598Z,178842082159808
"""player 54 @ BeZA_Cf-pd"" posts a small blind of 2",2026-09-03T07:33:41.598Z,178842082159807
"Player stacks: #2 ""player 7 @ O8SRi7DfXR"" (407) | #3 ""player 51 @ uewFolxPCK"" (1098) | #4 ""player 54 @ BeZA_Cf-pd"" (989) | #7 ""player 52 @ 4chnM3wbbk"" (1074) | #9 ""player 53 @ LGay7r_Caq"" (632)",2026-09-03T07:33:41.598Z,178842082159801
"-- starting hand #40 (id: qavsmpdp5sfg)  No Limit Texas Hold'em (dealer: ""player 51 @ uewFolxPCK"") --",2026-09-03T07:33:41.598Z,178842082159800
"""player 7 @ O8SRi7DfXR"" shows a A♣.",2026-09-03T07:33:40.272Z,178842082027200
"""player 7 @ O8SRi7DfXR"" shows a 7♣.",2026-09-03T07:33:39.779Z,178842081977900
"-- ending hand #39 --",2026-09-03T07:33:37.975Z,178842081797502
"""player 51 @ uewFolxPCK"" collected 308 from pot",2026-09-03T07:33:37.975Z,178842081797501
"Uncalled bet of 790 returned to ""player 51 @ uewFolxPCK""",2026-09-03T07:33:37.975Z,178842081797500
"""player 7 @ O8SRi7DfXR"" folds",2026-09-03T07:33:37.104Z,178842081710400
"""player 51 @ uewFolxPCK"" bets 790 and go all in",2026-09-03T07:33:29.955Z,178842080995500
"River: 2♥, 7♠, K♣, 9♥ [K♦]",2026-09-03T07:33:24.888Z,178842080488800
"""player 7 @ O8SRi7DfXR"" calls 72",2026-09-03T07:33:24.029Z,178842080402900
"""player 51 @ uewFolxPCK"" bets 72",2026-09-03T07:33:14.356Z,178842079435600
"Turn: 2♥, 7♠, K♣ [9♥]",2026-09-03T07:33:11.158Z,178842079115800
"""player 7 @ O8SRi7DfXR"" calls 72",2026-09-03T07:33:10.309Z,178842079030900
"""player 52 @ 4chnM3wbbk"" folds",2026-09-03T07:33:05.870Z,178842078587000
"""player 54 @ BeZA_Cf-pd"" folds",2026-09-03T07:33:01.796Z,178842078179600
"""player 51 @ uewFolxPCK"" bets 72",2026-09-03T07:32:58.374Z,178842077837400
"Flop:  [2♥, 7♠, K♣]",2026-09-03T07:32:55.154Z,178842077515400
"""player 54 @ BeZA_Cf-pd"" checks",2026-09-03T07:32:54.339Z,178842077433900
"""player 51 @ uewFolxPCK"" calls 5",2026-09-03T07:32:50.592Z,178842077059200
"""player 7 @ O8SRi7DfXR"" calls 5",2026-09-03T07:32:49.437Z,178842076943700
"""player 53 @ LGay7r_Caq"" folds",2026-09-03T07:32:41.491Z,178842076149100
"""player 52 @ 4chnM3wbbk"" calls 5",2026-09-03T07:32:40.556Z,178842076055600
"""player 54 @ BeZA_Cf-pd"" posts a big blind of 5",2026-09-03T07:32:37.106Z,178842075710608
"""player 51 @ uewFolxPCK"" posts a small blind of 2",2026-09-03T07:32:37.106Z,178842075710607
"Player stacks: #2 ""player 7 @ O8SRi7DfXR"" (556) | #3 ""player 51 @ uewFolxPCK"" (939) | #4 ""player 54 @ BeZA_Cf-pd"" (994) | #7 ""player 52 @ 4chnM3wbbk"" (1079) | #9 ""player 53 @ LGay7r_Caq"" (632)",2026-09-03T07:32:37.106Z,178842075710601
"-- starting hand #39 (id: t72sopfq7xl0)  No Limit Texas Hold'em (dealer: ""player 7 @ O8SRi7DfXR"") --",2026-09-03T07:32:37.106Z,178842075710600
"""player 7 @ O8SRi7DfXR"" shows a 9♣.",2026-09-03T07:32:32.450Z,178842075245000
"Undealt cards: 5♣, 2♣, 8♣, A♣ [J♥]",2026-09-03T07:32:31.549Z,178842075154900
"-- ending hand #38 --",2026-09-03T07:32:30.495Z,178842075049502
"""player 7 @ O8SRi7DfXR"" collected 82 from pot",2026-09-03T07:32:30.495Z,178842075049501
"Uncalled bet of 36 returned to ""player 7 @ O8SRi7DfXR""",2026-09-03T07:32:30.495Z,178842075049500
"""player 53 @ LGay7r_Caq"" folds",2026-09-03T07:32:29.680Z,178842074968000
"""player 51 @ uewFolxPCK"" folds",2026-09-03T07:32:28.265Z,178842074826500
"""player 7 @ O8SRi7DfXR"" bets 36",2026-09-03T07:32:15.649Z,178842073564900
"Turn: 5♣, 2♣, 8♣ [A♣]",2026-09-03T07:32:11.233Z,178842073123300
"""player 52 @ 4chnM3wbbk"" folds",2026-09-03T07:32:10.405Z,178842073040500
"""player 51 @ uewFolxPCK"" calls 10",2026-09-03T07:32:08.655Z,178842072865500
"""player 7 @ O8SRi7DfXR"" calls 10",2026-09-03T07:32:07.715Z,178842072771500
"""player 53 @ LGay7r_Caq"" bets 10",2026-09-03T07:32:05.451Z,178842072545100
"""player 52 @ 4chnM3wbbk"" checks",2026-09-03T07:31:59.921Z,178842071992100
"""player 51 @ uewFolxPCK"" checks",2026-09-03T07:31:58.155Z,178842071815500
"""player 7 @ O8SRi7DfXR"" checks",2026-09-03T07:31:56.150Z,178842071615000
"Flop:  [5♣, 2♣, 8♣]",2026-09-03T07:31:51.851Z,178842071185100
"""player 51 @ uewFolxPCK"" calls 13",2026-09-03T07:31:51.013Z,178842071101300
"""player 7 @ O8SRi7DfXR"" calls 13",2026-09-03T07:31:50.100Z,178842071010000
"""player 53 @ LGay7r_Caq"" calls 13",2026-09-03T07:31:44.717Z,178842070471700
"""player 52 @ 4chnM3wbbk"" raises to 13",2026-09-03T07:31:42.570Z,178842070257000
"""player 54 @ BeZA_Cf-pd"" folds",2026-09-03T07:31:37.641Z,178842069764100
"""player 51 @ uewFolxPCK"" posts a big blind of 5",2026-09-03T07:31:34.593Z,178842069459308
"""player 7 @ O8SRi7DfXR"" posts a small blind of 2",2026-09-03T07:31:34.593Z,178842069459307
"Player stacks: #2 ""player 7 @ O8SRi7DfXR"" (497) | #3 ""player 51 @ uewFolxPCK"" (962) | #4 ""player 54 @ BeZA_Cf-pd"" (994) | #7 ""player 52 @ 4chnM3wbbk"" (1092) | #9 ""player 53 @ LGay7r_Caq"" (655)",2026-09-03T07:31:34.593Z,178842069459301
"-- starting hand #38 (id: ivxoluegv6ou)  No Limit Texas Hold'em (dealer: ""player 53 @ LGay7r_Caq"") --",2026-09-03T07:31:34.593Z,178842069459300
"-- ending hand #37 --",2026-09-03T07:31:28.512Z,178842068851203
"""player 52 @ 4chnM3wbbk"" collected 435 from pot with Pair, A's (combination: 8♣, J♥, K♥, A♦, A♣)",2026-09-03T07:31:28.512Z,178842068851202
"""player 52 @ 4chnM3wbbk"" shows a K♥, A♦.",2026-09-03T07:31:28.512Z,178842068851201
"""player 53 @ LGay7r_Caq"" shows a 9♥, A♠.",2026-09-03T07:31:28.512Z,178842068851200
"""player 52 @ 4chnM3wbbk"" calls 145",2026-09-03T07:31:27.654Z,178842068765400
"""player 53 @ LGay7r_Caq"" bets 145",2026-09-03T07:31:25.843Z,178842068584300
"River: 7♦, 8♣, J♥, 2♥ [A♣]",2026-09-03T07:31:22.777Z,178842068277700
"""player 52 @ 4chnM3wbbk"" checks",2026-09-03T07:31:21.958Z,178842068195800
"""player 53 @ LGay7r_Caq"" checks",2026-09-03T07:31:20.399Z,178842068039900
"Turn: 7♦, 8♣, J♥ [2♥]",2026-09-03T07:31:18.502Z,178842067850200
"""player 52 @ 4chnM3wbbk"" checks",2026-09-03T07:31:17.621Z,178842067762100
"""player 53 @ LGay7r_Caq"" checks",2026-09-03T07:31:15.881Z,178842067588100
"Flop:  [7♦, 8♣, J♥]",2026-09-03T07:31:10.971Z,178842067097100
"""player 54 @ BeZA_Cf-pd"" folds",2026-09-03T07:31:10.127Z,178842067012700
"""player 7 @ O8SRi7DfXR"" folds",2026-09-03T07:31:05.860Z,178842066586000
"""player 53 @ LGay7r_Caq"" calls 60",2026-09-03T07:31:04.947Z,178842066494700
"""player 52 @ 4chnM3wbbk"" raises to 60",2026-09-03T07:31:03.915Z,178842066391500
"""player 54 @ BeZA_Cf-pd"" raises to 20",2026-09-03T07:31:01.525Z,178842066152500
"""player 51 @ uewFolxPCK"" folds",2026-09-03T07:30:55.171Z,178842065517100
"""player 7 @ O8SRi7DfXR"" posts a big blind of 5",2026-09-03T07:30:53.290Z,178842065329008
"""player 53 @ LGay7r_Caq"" posts a small blind of 2",2026-09-03T07:30:53.290Z,178842065329007
"Player stacks: #2 ""player 7 @ O8SRi7DfXR"" (502) | #3 ""player 51 @ uewFolxPCK"" (962) | #4 ""player 54 @ BeZA_Cf-pd"" (1014) | #7 ""player 52 @ 4chnM3wbbk"" (862) | #9 ""player 53 @ LGay7r_Caq"" (860)",2026-09-03T07:30:53.290Z,178842065329001
"-- starting hand #37 (id: qecnm78gq9ju)  No Limit Texas Hold'em (dealer: ""player 52 @ 4chnM3wbbk"") --",2026-09-03T07:30:53.290Z,178842065329000
"""player 53 @ LGay7r_Caq"" shows a 6♠, 9♠.",2026-09-03T07:30:47.698Z,178842064769800
"-- ending hand #36 --",2026-09-03T07:30:46.770Z,178842064677002
"""player 52 @ 4chnM3wbbk"" collected 180 from pot with Three of a Kind, Q's (combination: 9♦, 10♣, Q♣, Q♦, Q♠)",2026-09-03T07:30:46.770Z,178842064677001
"""player 52 @ 4chnM3wbbk"" shows a 10♣, Q♣.",2026-09-03T07:30:46.770Z,178842064677000
"""player 53 @ LGay7r_Caq"" calls 45",2026-09-03T07:30:45.962Z,178842064596200
"""player 52 @ 4chnM3wbbk"" bets 45",2026-09-03T07:30:43.158Z,178842064315800
"River: 2♣, 9♦, 7♣, Q♦ [Q♠]",2026-09-03T07:30:40.364Z,178842064036400
"""player 53 @ LGay7r_Caq"" checks",2026-09-03T07:30:39.504Z,178842063950400
"""player 52 @ 4chnM3wbbk"" checks",2026-09-03T07:30:38.094Z,178842063809400
"Turn: 2♣, 9♦, 7♣ [Q♦]",2026-09-03T07:30:36.651Z,178842063665100
"""player 52 @ 4chnM3wbbk"" calls 25",2026-09-03T07:30:35.821Z,178842063582100
"""player 54 @ BeZA_Cf-pd"" folds",2026-09-03T07:30:34.762Z,178842063476200
"""player 7 @ O8SRi7DfXR"" folds",2026-09-03T07:30:33.681Z,178842063368100
"""player 53 @ LGay7r_Caq"" raises to 25",2026-09-03T07:30:32.650Z,178842063265000
"""player 52 @ 4chnM3wbbk"" bets 5",2026-09-03T07:30:29.950Z,178842062995000
"Flop:  [2♣, 9♦, 7♣]",2026-09-03T07:30:19.439Z,178842061943900
"""player 54 @ BeZA_Cf-pd"" calls 10",2026-09-03T07:30:18.627Z,178842061862700
"""player 7 @ O8SRi7DfXR"" calls 10",2026-09-03T07:30:16.644Z,178842061664400
"""player 53 @ LGay7r_Caq"" calls 10",2026-09-03T07:30:14.190Z,178842061419000
"""player 52 @ 4chnM3wbbk"" raises to 10",2026-09-03T07:30:07.885Z,178842060788500
"""player 54 @ BeZA_Cf-pd"" calls 5",2026-09-03T07:29:55.782Z,178842059578200
"""player 51 @ uewFolxPCK"" folds",2026-09-03T07:29:54.498Z,178842059449800
"""player 7 @ O8SRi7DfXR"" calls 5",2026-09-03T07:29:51.224Z,178842059122400
"""player 53 @ LGay7r_Caq"" posts a big blind of 5",2026-09-03T07:29:43.332Z,178842058333208
"""player 52 @ 4chnM3wbbk"" posts a small blind of 2",2026-09-03T07:29:43.332Z,178842058333207
"Player stacks: #2 ""player 7 @ O8SRi7DfXR"" (512) | #3 ""player 51 @ uewFolxPCK"" (962) | #4 ""player 54 @ BeZA_Cf-pd"" (1024) | #7 ""player 52 @ 4chnM3wbbk"" (762) | #9 ""player 53 @ LGay7r_Caq"" (940)",2026-09-03T07:29:43.332Z,178842058333201
"-- starting hand #36 (id: d2ury6afxl7s)  No Limit Texas Hold'em (dealer: ""player 54 @ BeZA_Cf-pd"") --",2026-09-03T07:29:43.332Z,178842058333200
"""player 51 @ uewFolxPCK"" shows a 2♠, 3♠.",2026-09-03T07:29:39.803Z,178842057980300
"-- ending hand #35 --",2026-09-03T07:29:36.788Z,178842057678803
"""player 7 @ O8SRi7DfXR"" collected 60 from pot with Pair, 3's (combination: J♣, K♦, A♥, 3♦, 3♣)",2026-09-03T07:29:36.788Z,178842057678802
"""player 7 @ O8SRi7DfXR"" shows a 3♦, A♥.",2026-09-03T07:29:36.788Z,178842057678801
"""player 54 @ BeZA_Cf-pd"" shows a 2♣, A♠.",2026-09-03T07:29:36.788Z,178842057678800
"""player 51 @ uewFolxPCK"" checks",2026-09-03T07:29:35.928Z,178842057592800
"""player 7 @ O8SRi7DfXR"" checks",2026-09-03T07:29:34.656Z,178842057465600
"""player 52 @ 4chnM3wbbk"" checks",2026-09-03T07:29:32.473Z,178842057247300
"""player 54 @ BeZA_Cf-pd"" checks",2026-09-03T07:29:31.371Z,178842057137100
"River: 8♥, 3♣, K♦, J♣ [5♥]",2026-09-03T07:29:30.185Z,178842057018500
"""player 51 @ uewFolxPCK"" checks",2026-09-03T07:29:29.376Z,178842056937600
"""player 7 @ O8SRi7DfXR"" checks",2026-09-03T07:29:27.047Z,178842056704700
"""player 52 @ 4chnM3wbbk"" checks",2026-09-03T07:29:25.208Z,178842056520800
"""player 54 @ BeZA_Cf-pd"" checks",2026-09-03T07:29:23.978Z,178842056397800
"Turn: 8♥, 3♣, K♦ [J♣]",2026-09-03T07:29:22.386Z,178842056238600
"""player 51 @ uewFolxPCK"" checks",2026-09-03T07:29:21.567Z,178842056156700
"""player 7 @ O8SRi7DfXR"" checks",2026-09-03T07:29:20.485Z,178842056048500
"""player 52 @ 4chnM3wbbk"" checks",2026-09-03T07:29:18.459Z,178842055845900
"""player 54 @ BeZA_Cf-pd"" checks",2026-09-03T07:29:16.689Z,178842055668900
"Flop:  [8♥, 3♣, K♦]",2026-09-03T07:29:14.468Z,178842055446800
"""player 7 @ O8SRi7DfXR"" calls 15",2026-09-03T07:29:13.628Z,178842055362800
"""player 52 @ 4chnM3wbbk"" calls 15",2026-09-03T07:29:10.605Z,178842055060500
"""player 54 @ BeZA_Cf-pd"" calls 15",2026-09-03T07:29:09.694Z,178842054969400
"""player 51 @ uewFolxPCK"" raises to 15",2026-09-03T07:29:08.180Z,178842054818000
"""player 7 @ O8SRi7DfXR"" calls 5",2026-09-03T07:29:05.078Z,178842054507800
"""player 53 @ LGay7r_Caq"" folds",2026-09-03T07:29:02.276Z,178842054227600
"""player 52 @ 4chnM3wbbk"" posts a big blind of 5",2026-09-03T07:28:58.749Z,178842053874908
"""player 54 @ BeZA_Cf-pd"" posts a small blind of 2",2026-09-03T07:28:58.749Z,178842053874907
"Your hand is 2♠, 3♠",2026-09-03T07:28:58.749Z,178842053874903
"Player stacks: #2 ""player 7 @ O8SRi7DfXR"" (467) | #3 ""player 51 @ uewFolxPCK"" (977) | #4 ""player 54 @ BeZA_Cf-pd"" (1039) | #7 ""player 52 @ 4chnM3wbbk"" (777) | #9 ""player 53 @ LGay7r_Caq"" (940)",2026-09-03T07:28:58.749Z,178842053874901
"-- starting hand #35 (id: 67fo45f2kz8p)  No Limit Texas Hold'em (dealer: ""player 51 @ uewFolxPCK"") --",2026-09-03T07:28:58.749Z,178842053874900
"-- ending hand #34 --",2026-09-03T07:28:52.746Z,178842053274604
"""player 54 @ BeZA_Cf-pd"" collected 976 from pot with Full House, K's over 6's (combination: 6♦, 6♠, K♥, K♦, K♣)",2026-09-03T07:28:52.746Z,178842053274603
"""player 51 @ uewFolxPCK"" collected 977 from pot with Full House, K's over 6's (combination: 6♦, 6♠, K♠, K♦, K♣)",2026-09-03T07:28:52.746Z,178842053274602
"""player 54 @ BeZA_Cf-pd"" shows a K♥, 3♥.",2026-09-03T07:28:52.746Z,178842053274601
"""player 51 @ uewFolxPCK"" shows a A♦, K♠.",2026-09-03T07:28:52.746Z,178842053274600
"""player 54 @ BeZA_Cf-pd"" calls 720",2026-09-03T07:28:51.907Z,178842053190700
"""player 51 @ uewFolxPCK"" bets 720 and go all in",2026-09-03T07:28:48.407Z,178842052840700
"River: Q♠, K♦, 6♦, K♣ [6♠]",2026-09-03T07:28:46.604Z,178842052660400
"""player 54 @ BeZA_Cf-pd"" calls 171",2026-09-03T07:28:45.769Z,178842052576900
"""player 51 @ uewFolxPCK"" bets 171",2026-09-03T07:28:38.747Z,178842051874700
"Turn: Q♠, K♦, 6♦ [K♣]",2026-09-03T07:28:34.867Z,178842051486700
"""player 7 @ O8SRi7DfXR"" folds",2026-09-03T07:28:34.020Z,178842051402000
"""player 52 @ 4chnM3wbbk"" folds",2026-09-03T07:28:29.478Z,178842050947800
"""player 54 @ BeZA_Cf-pd"" calls 33",2026-09-03T07:28:25.904Z,178842050590400
"""player 51 @ uewFolxPCK"" bets 33",2026-09-03T07:28:09.931Z,178842048993100
"Flop:  [Q♠, K♦, 6♦]",2026-09-03T07:28:06.847Z,178842048684700
"""player 7 @ O8SRi7DfXR"" calls 25",2026-09-03T07:28:06.000Z,178842048600000
"""player 53 @ LGay7r_Caq"" folds",2026-09-03T07:28:02.793Z,178842048279300
"""player 52 @ 4chnM3wbbk"" calls 25",2026-09-03T07:28:01.674Z,178842048167400
"""player 54 @ BeZA_Cf-pd"" calls 25",2026-09-03T07:28:00.518Z,178842048051800
"""player 51 @ uewFolxPCK"" raises to 25",2026-09-03T07:27:57.384Z,178842047738400
"""player 7 @ O8SRi7DfXR"" calls 5",2026-09-03T07:27:55.765Z,178842047576500
"""player 53 @ LGay7r_Caq"" calls 5",2026-09-03T07:27:47.617Z,178842046761700
"""player 52 @ 4chnM3wbbk"" calls 5",2026-09-03T07:27:45.575Z,178842046557500
"""player 54 @ BeZA_Cf-pd"" posts a big blind of 5",2026-09-03T07:27:43.395Z,178842046339508
"""player 51 @ uewFolxPCK"" posts a small blind of 2",2026-09-03T07:27:43.395Z,178842046339507
"Your hand is A♦, K♠",2026-09-03T07:27:43.395Z,178842046339503
"Player stacks: #2 ""player 7 @ O8SRi7DfXR"" (492) | #3 ""player 51 @ uewFolxPCK"" (949) | #4 ""player 54 @ BeZA_Cf-pd"" (1012) | #7 ""player 52 @ 4chnM3wbbk"" (802) | #9 ""player 53 @ LGay7r_Caq"" (945)",2026-09-03T07:27:43.395Z,178842046339501
"-- starting hand #34 (id: ajahkmwmqhys)  No Limit Texas Hold'em (dealer: ""player 7 @ O8SRi7DfXR"") --",2026-09-03T07:27:43.395Z,178842046339500
"""player 53 @ LGay7r_Caq"" shows a Q♠.",2026-09-03T07:27:38.259Z,178842045825900
"""player 51 @ uewFolxPCK"" shows a 8♠.",2026-09-03T07:27:37.246Z,178842045724600
"-- ending hand #33 --",2026-09-03T07:27:36.392Z,178842045639201
"""player 54 @ BeZA_Cf-pd"" collected 1012 from pot with Flush, 10 High (combination: 2♠, 6♠, 7♠, 9♠, 10♠)",2026-09-03T07:27:36.392Z,178842045639200
"River: K♥, 10♠, 6♠, 4♥ [2♠]",2026-09-03T07:27:32.352Z,178842045235200
"Turn: K♥, 10♠, 6♠ [4♥]",2026-09-03T07:27:28.289Z,178842044828900
"""player 52 @ 4chnM3wbbk"" shows a 10♣, K♦.",2026-09-03T07:27:24.268Z,178842044426802
"""player 54 @ BeZA_Cf-pd"" shows a 9♠, 7♠.",2026-09-03T07:27:24.268Z,178842044426801
"Uncalled bet of 802 returned to ""player 52 @ 4chnM3wbbk""",2026-09-03T07:27:24.268Z,178842044426800
"Some players choose to not run it twice.",2026-09-03T07:27:23.433Z,178842044343301
"""player 54 @ BeZA_Cf-pd"" chooses to not run it twice.",2026-09-03T07:27:23.433Z,178842044343300
"Remaining players decide whether to run it twice.",2026-09-03T07:27:22.389Z,178842044238901
"""player 54 @ BeZA_Cf-pd"" calls 465 and go all in",2026-09-03T07:27:22.389Z,178842044238900
"""player 51 @ uewFolxPCK"" folds",2026-09-03T07:27:21.178Z,178842044117800
"""player 53 @ LGay7r_Caq"" folds",2026-09-03T07:27:20.272Z,178842044027200
"""player 52 @ 4chnM3wbbk"" raises to 1267 and go all in",2026-09-03T07:27:18.149Z,178842043814900
"""player 54 @ BeZA_Cf-pd"" bets 30",2026-09-03T07:27:12.764Z,178842043276400
"""player 51 @ uewFolxPCK"" checks",2026-09-03T07:27:09.993Z,178842042999300
"Flop:  [K♥, 10♠, 6♠]",2026-09-03T07:27:07.837Z,178842042783700
"""player 52 @ 4chnM3wbbk"" calls 20",2026-09-03T07:27:06.985Z,178842042698500
"""player 54 @ BeZA_Cf-pd"" calls 20",2026-09-03T07:27:05.975Z,178842042597500
"""player 51 @ uewFolxPCK"" calls 20",2026-09-03T07:27:04.544Z,178842042454400
"""player 7 @ O8SRi7DfXR"" folds",2026-09-03T07:27:02.924Z,178842042292400
"""player 53 @ LGay7r_Caq"" raises to 20",2026-09-03T07:26:59.915Z,178842041991500
"""player 52 @ 4chnM3wbbk"" raises to 11",2026-09-03T07:26:56.307Z,178842041630700
"""player 54 @ BeZA_Cf-pd"" calls 5",2026-09-03T07:26:52.525Z,178842041252500
"""player 51 @ uewFolxPCK"" posts a big blind of 5",2026-09-03T07:26:51.151Z,178842041115108
"""player 7 @ O8SRi7DfXR"" posts a small blind of 2",2026-09-03T07:26:51.151Z,178842041115107
"Player stacks: #2 ""player 7 @ O8SRi7DfXR"" (494) | #3 ""player 51 @ uewFolxPCK"" (969) | #4 ""player 54 @ BeZA_Cf-pd"" (485) | #7 ""player 52 @ 4chnM3wbbk"" (1287) | #9 ""player 53 @ LGay7r_Caq"" (965)",2026-09-03T07:26:51.151Z,178842041115101
"-- starting hand #33 (id: szv2ixfoqfq8)  No Limit Texas Hold'em (dealer: ""player 53 @ LGay7r_Caq"") --",2026-09-03T07:26:51.151Z,178842041115100
"""player 53 @ LGay7r_Caq"" shows a J♦.",2026-09-03T07:26:43.961Z,178842040396100
"-- ending hand #32 --",2026-09-03T07:26:42.602Z,178842040260202
"""player 7 @ O8SRi7DfXR"" collected 247 from pot with Pair, A's on the second run  (combination: 8♣, Q♠, K♦, A♣, A♦)",2026-09-03T07:26:42.602Z,178842040260201
"""player 7 @ O8SRi7DfXR"" collected 247 from pot with Two Pair, A's & K's (combination: Q♠, K♦, K♥, A♣, A♦)",2026-09-03T07:26:42.602Z,178842040260200
"River (second run): K♦, Q♠, A♦, 3♣ [8♣]",2026-09-03T07:26:38.585Z,178842039858500
"Turn (second run): K♦, Q♠, A♦ [3♣]",2026-09-03T07:26:34.567Z,178842039456700
"River: K♦, Q♠, A♦, K♥ [10♣]",2026-09-03T07:26:30.556Z,178842039055600
"Turn: K♦, Q♠, A♦ [K♥]",2026-09-03T07:26:26.547Z,178842038654700
"""player 7 @ O8SRi7DfXR"" shows a A♣, 6♦.",2026-09-03T07:26:22.501Z,178842038250100
"""player 51 @ uewFolxPCK"" shows a 9♦, 3♦.",2026-09-03T07:26:22.110Z,178842038211000
"All players in hand choose to run it twice.",2026-09-03T07:26:21.675Z,178842038167501
"""player 51 @ uewFolxPCK"" chooses to  run it twice.",2026-09-03T07:26:21.675Z,178842038167500
"""player 7 @ O8SRi7DfXR"" chooses to  run it twice.",2026-09-03T07:26:21.191Z,178842038119100
"Remaining players decide whether to run it twice.",2026-09-03T07:26:19.613Z,178842037961301
"""player 53 @ LGay7r_Caq"" folds",2026-09-03T07:26:19.613Z,178842037961300
"""player 52 @ 4chnM3wbbk"" folds",2026-09-03T07:26:18.634Z,178842037863400
"""player 54 @ BeZA_Cf-pd"" folds",2026-09-03T07:26:17.642Z,178842037764200
"""player 51 @ uewFolxPCK"" calls 197",2026-09-03T07:26:06.902Z,178842036690200
"""player 7 @ O8SRi7DfXR"" raises to 197 and go all in",2026-09-03T07:26:05.593Z,178842036559300
"""player 53 @ LGay7r_Caq"" bets 25",2026-09-03T07:25:59.647Z,178842035964700
"Flop:  [K♦, Q♠, A♦]",2026-09-03T07:25:55.856Z,178842035585600
"""player 7 @ O8SRi7DfXR"" calls 15",2026-09-03T07:25:55.018Z,178842035501800
"""player 53 @ LGay7r_Caq"" calls 15",2026-09-03T07:25:54.005Z,178842035400500
"""player 52 @ 4chnM3wbbk"" calls 15",2026-09-03T07:25:53.061Z,178842035306100
"""player 54 @ BeZA_Cf-pd"" calls 15",2026-09-03T07:25:51.548Z,178842035154800
"""player 51 @ uewFolxPCK"" raises to 15",2026-09-03T07:25:50.449Z,178842035044900
"""player 7 @ O8SRi7DfXR"" posts a big blind of 5",2026-09-03T07:25:48.509Z,178842034850913
"""player 53 @ LGay7r_Caq"" posts a small blind of 2",2026-09-03T07:25:48.509Z,178842034850912
"Your hand is 9♦, 3♦",2026-09-03T07:25:48.509Z,178842034850908
"Player stacks: #2 ""player 7 @ O8SRi7DfXR"" (212) | #3 ""player 51 @ uewFolxPCK"" (1181) | #4 ""player 54 @ BeZA_Cf-pd"" (500) | #7 ""player 52 @ 4chnM3wbbk"" (1302) | #9 ""player 53 @ LGay7r_Caq"" (1005)",2026-09-03T07:25:48.509Z,178842034850906
"The player ""player 53 @ LGay7r_Caq"" joined the game with a stack of 1005.",2026-09-03T07:25:48.509Z,178842034850905
"The player ""player 52 @ 4chnM3wbbk"" joined the game with a stack of 1302.",2026-09-03T07:25:48.509Z,178842034850904
"The player ""player 54 @ BeZA_Cf-pd"" joined the game with a stack of 500.",2026-09-03T07:25:48.509Z,178842034850903
"The player ""player 51 @ uewFolxPCK"" joined the game with a stack of 1181.",2026-09-03T07:25:48.509Z,178842034850902
"The player ""player 7 @ O8SRi7DfXR"" joined the game with a stack of 212.",2026-09-03T07:25:48.509Z,178842034850901
"-- starting hand #32 (id: a65jpdu11kyo)  No Limit Texas Hold'em (dealer: ""player 52 @ 4chnM3wbbk"") --",2026-09-03T07:25:48.509Z,178842034850900
"-- ending hand #31 --",2026-09-03T07:25:36.238Z,178842033623802
"""player 53 @ LGay7r_Caq"" collected 200 from pot",2026-09-03T07:25:36.238Z,178842033623801
"Uncalled bet of 200 returned to ""player 53 @ LGay7r_Caq""",2026-09-03T07:25:36.238Z,178842033623800
"""player 52 @ 4chnM3wbbk"" folds",2026-09-03T07:25:35.425Z,178842033542500
"""player 53 @ LGay7r_Caq"" bets 200",2026-09-03T07:25:30.072Z,178842033007200
"""player 52 @ 4chnM3wbbk"" checks",2026-09-03T07:25:26.040Z,178842032604000
"The admin ""player 51 @ uewFolxPCK"" enqueued the game stop on next hand.",2026-09-03T07:25:23.823Z,178842032382300
"River: K♠, 4♦, 4♣, 6♠ [9♣]",2026-09-03T07:25:23.751Z,178842032375100
"""player 53 @ LGay7r_Caq"" calls 50",2026-09-03T07:25:22.888Z,178842032288800
"""player 52 @ 4chnM3wbbk"" bets 50",2026-09-03T07:25:20.198Z,178842032019800
"The admin ""player 51 @ uewFolxPCK"" canceled the game stop on next hand.",2026-09-03T07:25:17.321Z,178842031732100
"Turn: K♠, 4♦, 4♣ [6♠]",2026-09-03T07:25:17.052Z,178842031705200
"""player 52 @ 4chnM3wbbk"" calls 20",2026-09-03T07:25:16.241Z,178842031624100
"""player 53 @ LGay7r_Caq"" bets 20",2026-09-03T07:25:14.476Z,178842031447600
"""player 52 @ 4chnM3wbbk"" checks",2026-09-03T07:25:09.812Z,178842030981200
"The admin ""player 51 @ uewFolxPCK"" enqueued the game stop on next hand.",2026-09-03T07:25:09.393Z,178842030939300
"Flop:  [K♠, 4♦, 4♣]",2026-09-03T07:25:08.206Z,178842030820600
"""player 51 @ uewFolxPCK"" folds",2026-09-03T07:25:07.348Z,178842030734800
"""player 53 @ LGay7r_Caq"" calls 25",2026-09-03T07:25:06.413Z,178842030641300
"""player 7 @ O8SRi7DfXR"" folds",2026-09-03T07:25:05.477Z,178842030547700
"""player 52 @ 4chnM3wbbk"" raises to 25",2026-09-03T07:25:04.235Z,178842030423500
"""player 51 @ uewFolxPCK"" calls 5",2026-09-03T07:24:58.671Z,178842029867100
"""player 53 @ LGay7r_Caq"" calls 5",2026-09-03T07:24:57.223Z,178842029722300
"""player 7 @ O8SRi7DfXR"" posts a big blind of 5",2026-09-03T07:24:54.174Z,178842029417407
"""player 52 @ 4chnM3wbbk"" posts a small blind of 2",2026-09-03T07:24:54.174Z,178842029417406
"Player stacks: #1 ""player 7 @ O8SRi7DfXR"" (217) | #2 ""player 53 @ LGay7r_Caq"" (900) | #4 ""player 51 @ uewFolxPCK"" (1186) | #10 ""player 52 @ 4chnM3wbbk"" (1397)",2026-09-03T07:24:54.174Z,178842029417401
"-- starting hand #31 (id: fzbnyzcejgwt)  No Limit Texas Hold'em (dead button) --",2026-09-03T07:24:54.174Z,178842029417400
"Undealt cards: Q♥, 3♥, 7♥ [K♣, 6♣]",2026-09-03T07:24:48.673Z,178842028867300
"-- ending hand #30 --",2026-09-03T07:24:48.268Z,178842028826801
"""player 52 @ 4chnM3wbbk"" collected 10 from pot",2026-09-03T07:24:48.268Z,178842028826800
"""player 51 @ uewFolxPCK"" folds",2026-09-03T07:24:47.427Z,178842028742700
"""player 52 @ 4chnM3wbbk"" checks",2026-09-03T07:24:45.413Z,178842028541300
"Flop:  [Q♥, 3♥, 7♥]",2026-09-03T07:24:43.014Z,178842028301400
"""player 52 @ 4chnM3wbbk"" checks",2026-09-03T07:24:42.197Z,178842028219700
"""player 51 @ uewFolxPCK"" calls 5",2026-09-03T07:24:40.273Z,178842028027300
"The admin approved the player ""player 54 @ BeZA_Cf-pd"" participation with a stack of 500.",2026-09-03T07:24:38.452Z,178842027845200
"The player ""player 54 @ BeZA_Cf-pd"" requested a seat.",2026-09-03T07:24:27.652Z,178842026765200
"""player 53 @ LGay7r_Caq"" folds",2026-09-03T07:24:26.181Z,178842026618100
"""player 7 @ O8SRi7DfXR"" folds",2026-09-03T07:24:23.556Z,178842026355600
"""player 52 @ 4chnM3wbbk"" posts a big blind of 5",2026-09-03T07:24:21.237Z,178842026123708
"Dead Small Blind",2026-09-03T07:24:21.237Z,178842026123707
"Player stacks: #1 ""player 7 @ O8SRi7DfXR"" (217) | #2 ""player 53 @ LGay7r_Caq"" (900) | #4 ""player 51 @ uewFolxPCK"" (1191) | #10 ""player 52 @ 4chnM3wbbk"" (1392)",2026-09-03T07:24:21.237Z,178842026123702
"-- starting hand #30 (id: azsgpsfg0ltf)  No Limit Texas Hold'em (dealer: ""player 51 @ uewFolxPCK"") --",2026-09-03T07:24:21.237Z,178842026123701
"The player ""player 54 @ BeZA_Cf-pd"" quits the game with a stack of 0.",2026-09-03T07:24:21.237Z,178842026123700
"-- ending hand #29 --",2026-09-03T07:24:15.232Z,178842025523203
"""player 51 @ uewFolxPCK"" collected 4 from pot with Three of a Kind, 10's (combination: J♣, Q♥, 10♣, 10♠, 10♥)",2026-09-03T07:24:15.232Z,178842025523202
"""player 51 @ uewFolxPCK"" collected 120 from pot with Three of a Kind, 10's (combination: J♣, Q♥, 10♣, 10♠, 10♥)",2026-09-03T07:24:15.232Z,178842025523201
"""player 51 @ uewFolxPCK"" shows a 10♣, Q♥.",2026-09-03T07:24:15.232Z,178842025523200
"""player 53 @ LGay7r_Caq"" checks",2026-09-03T07:24:14.412Z,178842025441200
"""player 7 @ O8SRi7DfXR"" checks",2026-09-03T07:24:13.483Z,178842025348300
"""player 52 @ 4chnM3wbbk"" checks",2026-09-03T07:24:12.546Z,178842025254600
"""player 51 @ uewFolxPCK"" checks",2026-09-03T07:24:11.298Z,178842025129800
"River: 10♠, 5♥, 10♥, 4♠ [J♣]",2026-09-03T07:24:10.794Z,178842025079400
"""player 53 @ LGay7r_Caq"" checks",2026-09-03T07:24:09.918Z,178842024991800
"""player 7 @ O8SRi7DfXR"" checks",2026-09-03T07:24:08.989Z,178842024898900
"""player 52 @ 4chnM3wbbk"" checks",2026-09-03T07:24:08.080Z,178842024808000
"""player 51 @ uewFolxPCK"" checks",2026-09-03T07:24:06.638Z,178842024663800
"Turn: 10♠, 5♥, 10♥ [4♠]",2026-09-03T07:24:01.737Z,178842024173700
"""player 53 @ LGay7r_Caq"" checks",2026-09-03T07:24:00.883Z,178842024088300
"""player 7 @ O8SRi7DfXR"" checks",2026-09-03T07:23:59.888Z,178842023988800
"""player 52 @ 4chnM3wbbk"" checks",2026-09-03T07:23:58.592Z,178842023859200
"""player 51 @ uewFolxPCK"" checks",2026-09-03T07:23:57.356Z,178842023735600
"Flop:  [10♠, 5♥, 10♥]",2026-09-03T07:23:54.680Z,178842023468000
"""player 7 @ O8SRi7DfXR"" calls 25",2026-09-03T07:23:53.872Z,178842023387200
"""player 52 @ 4chnM3wbbk"" calls 25",2026-09-03T07:23:52.791Z,178842023279100
"""player 54 @ BeZA_Cf-pd"" calls 24 and go all in",2026-09-03T07:23:48.952Z,178842022895200
"""player 51 @ uewFolxPCK"" calls 25",2026-09-03T07:23:47.085Z,178842022708500
"""player 53 @ LGay7r_Caq"" raises to 25",2026-09-03T07:23:45.653Z,178842022565300
"""player 7 @ O8SRi7DfXR"" calls 5",2026-09-03T07:23:42.966Z,178842022296600
"""player 52 @ 4chnM3wbbk"" calls 5",2026-09-03T07:23:40.112Z,178842022011200
"""player 54 @ BeZA_Cf-pd"" posts a big blind of 5",2026-09-03T07:23:36.377Z,178842021637708
"""player 51 @ uewFolxPCK"" posts a small blind of 2",2026-09-03T07:23:36.377Z,178842021637707
"Your hand is 10♣, Q♥",2026-09-03T07:23:36.377Z,178842021637704
"Player stacks: #1 ""player 7 @ O8SRi7DfXR"" (242) | #2 ""player 53 @ LGay7r_Caq"" (925) | #4 ""player 51 @ uewFolxPCK"" (1092) | #5 ""player 54 @ BeZA_Cf-pd"" (24) | #10 ""player 52 @ 4chnM3wbbk"" (1417)",2026-09-03T07:23:36.377Z,178842021637701
"-- starting hand #29 (id: d20hdx5vnjw9)  No Limit Texas Hold'em (dealer: ""player 53 @ LGay7r_Caq"") --",2026-09-03T07:23:36.377Z,178842021637700
"-- ending hand #28 --",2026-09-03T07:23:30.359Z,178842021035901
"""player 53 @ LGay7r_Caq"" collected 925 from pot with Three of a Kind, Q's (combination: 8♣, A♣, Q♦, Q♣, Q♠)",2026-09-03T07:23:30.359Z,178842021035900
"River: 3♦, 8♣, 4♥, Q♣ [Q♠]",2026-09-03T07:23:26.352Z,178842020635200
"Turn: 3♦, 8♣, 4♥ [Q♣]",2026-09-03T07:23:22.260Z,178842020226000
"""player 54 @ BeZA_Cf-pd"" shows a K♦, K♠.",2026-09-03T07:23:18.247Z,178842019824702
"""player 53 @ LGay7r_Caq"" shows a A♣.",2026-09-03T07:23:18.247Z,178842019824701
"Uncalled bet of 24 returned to ""player 54 @ BeZA_Cf-pd""",2026-09-03T07:23:18.247Z,178842019824700
"""player 53 @ LGay7r_Caq"" shows a Q♦.",2026-09-03T07:23:17.869Z,178842019786900
"Some players choose to not run it twice.",2026-09-03T07:23:17.389Z,178842019738901
"""player 54 @ BeZA_Cf-pd"" chooses to not run it twice.",2026-09-03T07:23:17.389Z,178842019738900
"Remaining players decide whether to run it twice.",2026-09-03T07:23:16.083Z,178842019608301
"""player 53 @ LGay7r_Caq"" calls 200 and go all in",2026-09-03T07:23:16.083Z,178842019608300
"""player 54 @ BeZA_Cf-pd"" bets 224 and go all in",2026-09-03T07:23:10.683Z,178842019068300
"""player 53 @ LGay7r_Caq"" checks",2026-09-03T07:23:08.597Z,178842018859700
"Flop:  [3♦, 8♣, 4♥]",2026-09-03T07:23:06.963Z,178842018696300
"""player 53 @ LGay7r_Caq"" calls 240",2026-09-03T07:23:06.136Z,178842018613600
"""player 7 @ O8SRi7DfXR"" folds",2026-09-03T07:23:04.911Z,178842018491100
"""player 52 @ 4chnM3wbbk"" folds",2026-09-03T07:23:03.999Z,178842018399900
"""player 54 @ BeZA_Cf-pd"" raises to 240",2026-09-03T07:23:02.177Z,178842018217700
"""player 51 @ uewFolxPCK"" folds",2026-09-03T07:22:56.292Z,178842017629200
"""player 53 @ LGay7r_Caq"" raises to 80",2026-09-03T07:22:50.091Z,178842017009100
"""player 7 @ O8SRi7DfXR"" calls 20",2026-09-03T07:22:47.727Z,178842016772700
"""player 52 @ 4chnM3wbbk"" calls 20",2026-09-03T07:22:38.564Z,178842015856400
"""player 54 @ BeZA_Cf-pd"" raises to 20",2026-09-03T07:22:37.320Z,178842015732000
"""player 51 @ uewFolxPCK"" posts a big blind of 5",2026-09-03T07:22:32.359Z,178842015235908
"""player 53 @ LGay7r_Caq"" posts a small blind of 2",2026-09-03T07:22:32.359Z,178842015235907
"Player stacks: #1 ""player 7 @ O8SRi7DfXR"" (262) | #2 ""player 53 @ LGay7r_Caq"" (440) | #4 ""player 51 @ uewFolxPCK"" (1097) | #5 ""player 54 @ BeZA_Cf-pd"" (464) | #10 ""player 52 @ 4chnM3wbbk"" (1437)",2026-09-03T07:22:32.359Z,178842015235901
"-- starting hand #28 (id: 2anzleah4cve)  No Limit Texas Hold'em (dealer: ""player 7 @ O8SRi7DfXR"") --",2026-09-03T07:22:32.359Z,178842015235900
"""player 7 @ O8SRi7DfXR"" shows a 4♥.",2026-09-03T07:22:29.526Z,178842014952600
"Undealt cards: 8♥, 4♠, Q♦, J♥ [6♥]",2026-09-03T07:22:26.035Z,178842014603500
"-- ending hand #27 --",2026-09-03T07:22:25.746Z,178842014574602
"""player 54 @ BeZA_Cf-pd"" collected 46 from pot",2026-09-03T07:22:25.746Z,178842014574601
"Uncalled bet of 40 returned to ""player 54 @ BeZA_Cf-pd""",2026-09-03T07:22:25.746Z,178842014574600
"""player 51 @ uewFolxPCK"" folds",2026-09-03T07:22:24.936Z,178842014493600
"""player 52 @ 4chnM3wbbk"" folds",2026-09-03T07:22:23.998Z,178842014399800
"""player 54 @ BeZA_Cf-pd"" bets 40",2026-09-03T07:22:19.097Z,178842013909700
"""player 51 @ uewFolxPCK"" checks",2026-09-03T07:22:16.624Z,178842013662400
"Turn: 8♥, 4♠, Q♦ [J♥]",2026-09-03T07:22:14.122Z,178842013412200
"""player 52 @ 4chnM3wbbk"" checks",2026-09-03T07:22:13.281Z,178842013328100
"""player 54 @ BeZA_Cf-pd"" checks",2026-09-03T07:22:12.326Z,178842013232600
"""player 51 @ uewFolxPCK"" checks",2026-09-03T07:22:10.533Z,178842013053300
"Flop:  [8♥, 4♠, Q♦]",2026-09-03T07:22:08.505Z,178842012850500
"""player 54 @ BeZA_Cf-pd"" calls 13",2026-09-03T07:22:07.695Z,178842012769500
"""player 51 @ uewFolxPCK"" calls 13",2026-09-03T07:22:06.465Z,178842012646500
"""player 53 @ LGay7r_Caq"" folds",2026-09-03T07:22:05.323Z,178842012532300
"""player 7 @ O8SRi7DfXR"" folds",2026-09-03T07:22:04.328Z,178842012432800
"""player 52 @ 4chnM3wbbk"" raises to 13",2026-09-03T07:21:57.740Z,178842011774000
"""player 54 @ BeZA_Cf-pd"" calls 5",2026-09-03T07:21:54.678Z,178842011467800
"""player 51 @ uewFolxPCK"" calls 5",2026-09-03T07:21:53.419Z,178842011341900
"""player 53 @ LGay7r_Caq"" posts a big blind of 5",2026-09-03T07:21:51.486Z,178842011148608
"""player 7 @ O8SRi7DfXR"" posts a small blind of 2",2026-09-03T07:21:51.486Z,178842011148607
"Player stacks: #1 ""player 7 @ O8SRi7DfXR"" (264) | #2 ""player 53 @ LGay7r_Caq"" (445) | #4 ""player 51 @ uewFolxPCK"" (1110) | #5 ""player 54 @ BeZA_Cf-pd"" (431) | #10 ""player 52 @ 4chnM3wbbk"" (1450)",2026-09-03T07:21:51.486Z,178842011148601
"-- starting hand #27 (id: 6iqoyxyc44fg)  No Limit Texas Hold'em (dealer: ""player 52 @ 4chnM3wbbk"") --",2026-09-03T07:21:51.486Z,178842011148600
"-- ending hand #26 --",2026-09-03T07:21:45.478Z,178842010547802
"""player 51 @ uewFolxPCK"" collected 366 from pot with Straight, Q High (combination: 8♦, 9♦, 10♦, J♦, Q♠)",2026-09-03T07:21:45.478Z,178842010547801
"""player 51 @ uewFolxPCK"" shows a 9♦, 8♦.",2026-09-03T07:21:45.478Z,178842010547800
"""player 7 @ O8SRi7DfXR"" calls 60",2026-09-03T07:21:44.671Z,178842010467100
"""player 52 @ 4chnM3wbbk"" folds",2026-09-03T07:21:28.635Z,178842008863500
"""player 54 @ BeZA_Cf-pd"" folds",2026-09-03T07:21:27.622Z,178842008762200
"""player 51 @ uewFolxPCK"" bets 60",2026-09-03T07:21:23.299Z,178842008329900
"""player 7 @ O8SRi7DfXR"" checks",2026-09-03T07:21:19.673Z,178842007967300
"""player 52 @ 4chnM3wbbk"" checks",2026-09-03T07:21:15.299Z,178842007529900
"River: 10♦, 5♥, Q♠, J♦ [5♣]",2026-09-03T07:21:13.364Z,178842007336400
"""player 7 @ O8SRi7DfXR"" calls 34",2026-09-03T07:21:12.471Z,178842007247100
"""player 52 @ 4chnM3wbbk"" calls 34",2026-09-03T07:21:11.545Z,178842007154500
"""player 54 @ BeZA_Cf-pd"" calls 34",2026-09-03T07:21:10.294Z,178842007029400
"""player 51 @ uewFolxPCK"" raises to 34",2026-09-03T07:21:08.354Z,178842006835400
"""player 53 @ LGay7r_Caq"" folds",2026-09-03T07:21:04.461Z,178842006446100
"""player 7 @ O8SRi7DfXR"" bets 17",2026-09-03T07:21:03.547Z,178842006354700
"""player 52 @ 4chnM3wbbk"" checks",2026-09-03T07:20:59.713Z,178842005971300
"Turn: 10♦, 5♥, Q♠ [J♦]",2026-09-03T07:20:57.591Z,178842005759100
"""player 52 @ 4chnM3wbbk"" calls 7",2026-09-03T07:20:56.779Z,178842005677900
"""player 54 @ BeZA_Cf-pd"" calls 7",2026-09-03T07:20:54.810Z,178842005481000
"""player 51 @ uewFolxPCK"" calls 7",2026-09-03T07:20:52.586Z,178842005258600
"""player 53 @ LGay7r_Caq"" calls 7",2026-09-03T07:20:50.362Z,178842005036200
"""player 7 @ O8SRi7DfXR"" bets 7",2026-09-03T07:20:48.591Z,178842004859100
"""player 52 @ 4chnM3wbbk"" checks",2026-09-03T07:20:41.679Z,178842004167900
"Flop:  [10♦, 5♥, Q♠]",2026-09-03T07:20:38.476Z,178842003847600
"""player 7 @ O8SRi7DfXR"" calls 15",2026-09-03T07:20:37.635Z,178842003763500
"""player 52 @ 4chnM3wbbk"" calls 15",2026-09-03T07:20:34.266Z,178842003426600
"""player 54 @ BeZA_Cf-pd"" calls 15",2026-09-03T07:20:32.925Z,178842003292500
"""player 51 @ uewFolxPCK"" calls 15",2026-09-03T07:20:29.999Z,178842002999900
"""player 53 @ LGay7r_Caq"" raises to 15",2026-09-03T07:20:27.552Z,178842002755200
"""player 7 @ O8SRi7DfXR"" posts a big blind of 5",2026-09-03T07:20:25.613Z,178842002561308
"""player 52 @ 4chnM3wbbk"" posts a small blind of 2",2026-09-03T07:20:25.613Z,178842002561307
"Your hand is 9♦, 8♦",2026-09-03T07:20:25.613Z,178842002561304
"Player stacks: #1 ""player 7 @ O8SRi7DfXR"" (380) | #2 ""player 53 @ LGay7r_Caq"" (467) | #4 ""player 51 @ uewFolxPCK"" (860) | #5 ""player 54 @ BeZA_Cf-pd"" (487) | #10 ""player 52 @ 4chnM3wbbk"" (1506)",2026-09-03T07:20:25.613Z,178842002561301
"-- starting hand #26 (id: aj2ozk0ranea)  No Limit Texas Hold'em (dealer: ""player 54 @ BeZA_Cf-pd"") --",2026-09-03T07:20:25.613Z,178842002561300
"""player 7 @ O8SRi7DfXR"" shows a Q♣.",2026-09-03T07:20:23.151Z,178842002315100
"Undealt cards: 9♦, 7♠, 5♥ [J♥, 7♦]",2026-09-03T07:20:21.993Z,178842002199300
"""player 7 @ O8SRi7DfXR"" shows a J♣.",2026-09-03T07:20:20.788Z,178842002078800
"-- ending hand #25 --",2026-09-03T07:20:19.011Z,178842001901102
"""player 54 @ BeZA_Cf-pd"" collected 285 from pot",2026-09-03T07:20:19.011Z,178842001901101
"Uncalled bet of 202 returned to ""player 54 @ BeZA_Cf-pd""",2026-09-03T07:20:19.011Z,178842001901100
"""player 7 @ O8SRi7DfXR"" folds",2026-09-03T07:20:18.183Z,178842001818300
"""player 54 @ BeZA_Cf-pd"" bets 202 and go all in",2026-09-03T07:20:10.459Z,178842001045900
"Flop:  [9♦, 7♠, 5♥]",2026-09-03T07:20:08.405Z,178842000840500
"""player 51 @ uewFolxPCK"" folds",2026-09-03T07:20:07.598Z,178842000759800
"""player 53 @ LGay7r_Caq"" folds",2026-09-03T07:20:06.280Z,178842000628000
"""player 7 @ O8SRi7DfXR"" calls 120",2026-09-03T07:20:03.075Z,178842000307500
"""player 52 @ 4chnM3wbbk"" folds",2026-09-03T07:19:58.915Z,178841999891500
"""player 54 @ BeZA_Cf-pd"" raises to 120",2026-09-03T07:19:52.561Z,178841999256100
"""player 51 @ uewFolxPCK"" calls 20",2026-09-03T07:19:47.998Z,178841998799800
"""player 53 @ LGay7r_Caq"" raises to 20",2026-09-03T07:19:47.013Z,178841998701300
"""player 7 @ O8SRi7DfXR"" calls 5",2026-09-03T07:19:44.667Z,178841998466700
"""player 52 @ 4chnM3wbbk"" posts a big blind of 5",2026-09-03T07:19:42.608Z,178841998260809
"""player 54 @ BeZA_Cf-pd"" posts a small blind of 2",2026-09-03T07:19:42.608Z,178841998260808
"Player stacks: #1 ""player 7 @ O8SRi7DfXR"" (500) | #2 ""player 53 @ LGay7r_Caq"" (487) | #4 ""player 51 @ uewFolxPCK"" (880) | #5 ""player 54 @ BeZA_Cf-pd"" (322) | #10 ""player 52 @ 4chnM3wbbk"" (1511)",2026-09-03T07:19:42.608Z,178841998260802
"-- starting hand #25 (id: lfy2s2ioj9dm)  No Limit Texas Hold'em (dealer: ""player 51 @ uewFolxPCK"") --",2026-09-03T07:19:42.608Z,178841998260801
"The player ""player 7 @ O8SRi7DfXR"" joined the game with a stack of 500.",2026-09-03T07:19:42.608Z,178841998260800
"Undealt cards: 4♥, 3♠, 7♦, 6♠ [9♠]",2026-09-03T07:19:37.119Z,178841997711900
"-- ending hand #24 --",2026-09-03T07:19:36.682Z,178841997668202
"""player 53 @ LGay7r_Caq"" collected 120 from pot",2026-09-03T07:19:36.682Z,178841997668201
"Uncalled bet of 60 returned to ""player 53 @ LGay7r_Caq""",2026-09-03T07:19:36.682Z,178841997668200
"""player 51 @ uewFolxPCK"" folds",2026-09-03T07:19:35.877Z,178841997587700
"""player 53 @ LGay7r_Caq"" bets 60",2026-09-03T07:19:31.480Z,178841997148000
"""player 51 @ uewFolxPCK"" checks",2026-09-03T07:19:28.952Z,178841996895200
"Turn: 4♥, 3♠, 7♦ [6♠]",2026-09-03T07:19:27.194Z,178841996719400
"""player 52 @ 4chnM3wbbk"" folds",2026-09-03T07:19:26.369Z,178841996636900
"""player 51 @ uewFolxPCK"" calls 20",2026-09-03T07:19:25.394Z,178841996539400
"""player 53 @ LGay7r_Caq"" bets 20",2026-09-03T07:19:23.282Z,178841996328200
"""player 52 @ 4chnM3wbbk"" checks",2026-09-03T07:19:20.137Z,178841996013700
"""player 51 @ uewFolxPCK"" checks",2026-09-03T07:19:18.290Z,178841995829000
"Flop:  [4♥, 3♠, 7♦]",2026-09-03T07:19:16.106Z,178841995610600
"""player 52 @ 4chnM3wbbk"" calls 25",2026-09-03T07:19:15.285Z,178841995528500
"""player 54 @ BeZA_Cf-pd"" folds",2026-09-03T07:19:13.691Z,178841995369100
"""player 51 @ uewFolxPCK"" calls 25",2026-09-03T07:19:12.622Z,178841995262200
"The admin approved the player ""player 7 @ O8SRi7DfXR"" participation with a stack of 500.",2026-09-03T07:19:10.453Z,178841995045300
"""player 53 @ LGay7r_Caq"" raises to 25",2026-09-03T07:19:08.331Z,178841994833100
"The player ""player 7 @ O8SRi7DfXR"" requested a seat.",2026-09-03T07:19:07.239Z,178841994723900
"""player 52 @ 4chnM3wbbk"" raises to 10",2026-09-03T07:19:05.864Z,178841994586400
"""player 54 @ BeZA_Cf-pd"" posts a big blind of 5",2026-09-03T07:19:02.980Z,178841994298008
"""player 51 @ uewFolxPCK"" posts a small blind of 2",2026-09-03T07:19:02.980Z,178841994298007
"Player stacks: #2 ""player 53 @ LGay7r_Caq"" (412) | #4 ""player 51 @ uewFolxPCK"" (925) | #5 ""player 54 @ BeZA_Cf-pd"" (327) | #10 ""player 52 @ 4chnM3wbbk"" (1536)",2026-09-03T07:19:02.980Z,178841994298002
"-- starting hand #24 (id: uvcrgeimw98i)  No Limit Texas Hold'em (dealer: ""player 53 @ LGay7r_Caq"") --",2026-09-03T07:19:02.980Z,178841994298001
"The player ""player 7 @ O8SRi7DfXR"" quits the game with a stack of 0.",2026-09-03T07:19:02.980Z,178841994298000
"-- ending hand #23 --",2026-09-03T07:18:56.956Z,178841993695603
"""player 52 @ 4chnM3wbbk"" collected 1326 from pot with Straight, 6 High (combination: 2♦, 3♣, 4♦, 5♦, 6♦)",2026-09-03T07:18:56.956Z,178841993695602
"""player 52 @ 4chnM3wbbk"" shows a 4♦, 6♦.",2026-09-03T07:18:56.956Z,178841993695601
"""player 7 @ O8SRi7DfXR"" shows a A♣, 4♣.",2026-09-03T07:18:56.956Z,178841993695600
"""player 52 @ 4chnM3wbbk"" calls 576",2026-09-03T07:18:56.063Z,178841993606300
"""player 7 @ O8SRi7DfXR"" raises to 576 and go all in",2026-09-03T07:18:54.480Z,178841993448000
"""player 51 @ uewFolxPCK"" folds",2026-09-03T07:18:52.266Z,178841993226600
"""player 52 @ 4chnM3wbbk"" raises to 221",2026-09-03T07:18:50.486Z,178841993048600
"""player 7 @ O8SRi7DfXR"" bets 67",2026-09-03T07:18:46.424Z,178841992642400
"""player 51 @ uewFolxPCK"" checks",2026-09-03T07:18:40.134Z,178841992013400
"River: K♥, 5♦, J♠, 2♦ [3♣]",2026-09-03T07:18:36.610Z,178841991661000
"""player 52 @ 4chnM3wbbk"" checks",2026-09-03T07:18:35.800Z,178841991580000
"""player 7 @ O8SRi7DfXR"" checks",2026-09-03T07:18:34.381Z,178841991438100
"""player 51 @ uewFolxPCK"" checks",2026-09-03T07:18:28.327Z,178841990832700
"Turn: K♥, 5♦, J♠ [2♦]",2026-09-03T07:18:23.925Z,178841990392500
"""player 52 @ 4chnM3wbbk"" checks",2026-09-03T07:18:23.013Z,178841990301300
"""player 7 @ O8SRi7DfXR"" checks",2026-09-03T07:18:21.280Z,178841990128000
"""player 51 @ uewFolxPCK"" checks",2026-09-03T07:18:18.135Z,178841989813500
"Flop:  [K♥, 5♦, J♠]",2026-09-03T07:18:15.522Z,178841989552200
"""player 53 @ LGay7r_Caq"" folds",2026-09-03T07:18:14.636Z,178841989463600
"""player 52 @ 4chnM3wbbk"" calls 52",2026-09-03T07:18:13.697Z,178841989369700
"""player 7 @ O8SRi7DfXR"" calls 52",2026-09-03T07:18:12.238Z,178841989223800
"""player 54 @ BeZA_Cf-pd"" folds",2026-09-03T07:18:09.340Z,178841988934000
"""player 51 @ uewFolxPCK"" raises to 52",2026-09-03T07:18:07.495Z,178841988749500
"""player 53 @ LGay7r_Caq"" calls 13",2026-09-03T07:18:05.060Z,178841988506000
"""player 52 @ 4chnM3wbbk"" raises to 13",2026-09-03T07:18:02.088Z,178841988208800
"""player 7 @ O8SRi7DfXR"" calls 5",2026-09-03T07:17:58.027Z,178841987802700
"""player 54 @ BeZA_Cf-pd"" calls 5",2026-09-03T07:17:55.243Z,178841987524300
"""player 51 @ uewFolxPCK"" posts a big blind of 5",2026-09-03T07:17:52.651Z,178841987265108
"""player 53 @ LGay7r_Caq"" posts a small blind of 2",2026-09-03T07:17:52.651Z,178841987265107
"Player stacks: #2 ""player 53 @ LGay7r_Caq"" (425) | #4 ""player 51 @ uewFolxPCK"" (977) | #5 ""player 54 @ BeZA_Cf-pd"" (332) | #7 ""player 7 @ O8SRi7DfXR"" (628) | #10 ""player 52 @ 4chnM3wbbk"" (838)",2026-09-03T07:17:52.651Z,178841987265101
"-- starting hand #23 (id: pnw1oqzd1ufb)  No Limit Texas Hold'em (dealer: ""player 52 @ 4chnM3wbbk"") --",2026-09-03T07:17:52.651Z,178841987265100
"""player 53 @ LGay7r_Caq"" shows a A♣, 3♠.",2026-09-03T07:17:47.044Z,178841986704400
"-- ending hand #22 --",2026-09-03T07:17:46.136Z,178841986613602
"""player 52 @ 4chnM3wbbk"" collected 135 from pot with Two Pair, J's & 3's (combination: K♠, 3♥, 3♦, J♥, J♠)",2026-09-03T07:17:46.136Z,178841986613601
"""player 52 @ 4chnM3wbbk"" shows a J♥, 3♥.",2026-09-03T07:17:46.136Z,178841986613600
"""player 53 @ LGay7r_Caq"" calls 30",2026-09-03T07:17:45.278Z,178841986527800
"""player 52 @ 4chnM3wbbk"" bets 30",2026-09-03T07:17:44.297Z,178841986429700
"River: 2♠, J♠, K♠, 3♦ [2♦]",2026-09-03T07:17:40.710Z,178841986071000
"""player 53 @ LGay7r_Caq"" checks",2026-09-03T07:17:39.867Z,178841985986700
"""player 52 @ 4chnM3wbbk"" checks",2026-09-03T07:17:38.531Z,178841985853100
"Turn: 2♠, J♠, K♠ [3♦]",2026-09-03T07:17:36.709Z,178841985670900
"""player 52 @ 4chnM3wbbk"" calls 30",2026-09-03T07:17:35.880Z,178841985588000
"""player 7 @ O8SRi7DfXR"" folds",2026-09-03T07:17:34.919Z,178841985491900
"""player 53 @ LGay7r_Caq"" bets 30",2026-09-03T07:17:31.966Z,178841985196600
"""player 52 @ 4chnM3wbbk"" checks",2026-09-03T07:17:28.947Z,178841984894700
"Flop:  [2♠, J♠, K♠]",2026-09-03T07:17:26.854Z,178841984685400
"""player 53 @ LGay7r_Caq"" checks",2026-09-03T07:17:26.043Z,178841984604300
"""player 52 @ 4chnM3wbbk"" calls 5",2026-09-03T07:17:20.530Z,178841984053000
"""player 7 @ O8SRi7DfXR"" calls 5",2026-09-03T07:17:19.350Z,178841983935000
"""player 54 @ BeZA_Cf-pd"" folds",2026-09-03T07:17:18.303Z,178841983830300
"""player 51 @ uewFolxPCK"" folds",2026-09-03T07:17:15.192Z,178841983519200
"""player 53 @ LGay7r_Caq"" posts a big blind of 5",2026-09-03T07:17:13.490Z,178841983349008
"""player 52 @ 4chnM3wbbk"" posts a small blind of 2",2026-09-03T07:17:13.490Z,178841983349007
"Player stacks: #2 ""player 53 @ LGay7r_Caq"" (490) | #4 ""player 51 @ uewFolxPCK"" (977) | #5 ""player 54 @ BeZA_Cf-pd"" (332) | #7 ""player 7 @ O8SRi7DfXR"" (633) | #10 ""player 52 @ 4chnM3wbbk"" (768)",2026-09-03T07:17:13.490Z,178841983349001
"-- starting hand #22 (id: ybvjytzpds0a)  No Limit Texas Hold'em (dealer: ""player 7 @ O8SRi7DfXR"") --",2026-09-03T07:17:13.490Z,178841983349000
"-- ending hand #21 --",2026-09-03T07:17:07.447Z,178841982744702
"""player 7 @ O8SRi7DfXR"" collected 40 from pot with Two Pair, 10's & 8's (combination: A♦, 8♠, 8♣, 10♣, 10♦)",2026-09-03T07:17:07.447Z,178841982744701
"""player 7 @ O8SRi7DfXR"" shows a 9♥, 8♠.",2026-09-03T07:17:07.447Z,178841982744700
"""player 54 @ BeZA_Cf-pd"" folds",2026-09-03T07:17:06.592Z,178841982659200
"""player 51 @ uewFolxPCK"" checks",2026-09-03T07:17:04.735Z,178841982473500
"""player 52 @ 4chnM3wbbk"" checks",2026-09-03T07:17:03.280Z,178841982328000
"""player 7 @ O8SRi7DfXR"" checks",2026-09-03T07:17:02.270Z,178841982227000
"River: A♦, 4♦, 10♣, 10♦ [8♣]",2026-09-03T07:16:58.593Z,178841981859300
"""player 54 @ BeZA_Cf-pd"" checks",2026-09-03T07:16:57.712Z,178841981771200
"""player 51 @ uewFolxPCK"" checks",2026-09-03T07:16:56.640Z,178841981664000
"""player 52 @ 4chnM3wbbk"" checks",2026-09-03T07:16:55.330Z,178841981533000
"""player 7 @ O8SRi7DfXR"" checks",2026-09-03T07:16:53.700Z,178841981370000
"Turn: A♦, 4♦, 10♣ [10♦]",2026-09-03T07:16:35.180Z,178841979518000
"""player 54 @ BeZA_Cf-pd"" checks",2026-09-03T07:16:34.220Z,178841979422000
"""player 51 @ uewFolxPCK"" checks",2026-09-03T07:16:33.080Z,178841979308000
"""player 52 @ 4chnM3wbbk"" checks",2026-09-03T07:16:32.064Z,178841979206400
"""player 7 @ O8SRi7DfXR"" checks",2026-09-03T07:16:31.082Z,178841979108200
"Flop:  [A♦, 4♦, 10♣]",2026-09-03T07:16:25.767Z,178841978576700
"""player 7 @ O8SRi7DfXR"" calls 10",2026-09-03T07:16:24.914Z,178841978491400
"""player 54 @ BeZA_Cf-pd"" calls 10",2026-09-03T07:16:23.462Z,178841978346200
"""player 51 @ uewFolxPCK"" calls 10",2026-09-03T07:16:22.382Z,178841978238200
"""player 52 @ 4chnM3wbbk"" raises to 10",2026-09-03T07:16:19.975Z,178841977997500
"""player 7 @ O8SRi7DfXR"" calls 5",2026-09-03T07:16:17.996Z,178841977799600
"""player 54 @ BeZA_Cf-pd"" calls 5",2026-09-03T07:16:15.990Z,178841977599000
"""player 51 @ uewFolxPCK"" calls 5",2026-09-03T07:16:14.020Z,178841977402000
"""player 53 @ LGay7r_Caq"" folds",2026-09-03T07:16:11.696Z,178841977169600
"""player 52 @ 4chnM3wbbk"" posts a big blind of 5",2026-09-03T07:16:10.561Z,178841977056108
"""player 7 @ O8SRi7DfXR"" posts a small blind of 2",2026-09-03T07:16:10.561Z,178841977056107
"Player stacks: #2 ""player 53 @ LGay7r_Caq"" (490) | #4 ""player 51 @ uewFolxPCK"" (987) | #5 ""player 54 @ BeZA_Cf-pd"" (342) | #7 ""player 7 @ O8SRi7DfXR"" (603) | #10 ""player 52 @ 4chnM3wbbk"" (778)",2026-09-03T07:16:10.561Z,178841977056101
"-- starting hand #21 (id: cr5zahalkqhp)  No Limit Texas Hold'em (dealer: ""player 54 @ BeZA_Cf-pd"") --",2026-09-03T07:16:10.561Z,178841977056100
"""player 7 @ O8SRi7DfXR"" shows a 3♣.",2026-09-03T07:16:08.295Z,178841976829500
"Undealt cards: 6♣, 10♥, 2♠ [A♥, 3♥]",2026-09-03T07:16:06.376Z,178841976637600
"-- ending hand #20 --",2026-09-03T07:16:03.923Z,178841976392302
"""player 54 @ BeZA_Cf-pd"" collected 140 from pot",2026-09-03T07:16:03.923Z,178841976392301
"Uncalled bet of 202 returned to ""player 54 @ BeZA_Cf-pd""",2026-09-03T07:16:03.923Z,178841976392300
"""player 7 @ O8SRi7DfXR"" folds",2026-09-03T07:16:03.032Z,178841976303200
"""player 54 @ BeZA_Cf-pd"" bets 202 and go all in",2026-09-03T07:16:00.395Z,178841976039500
"Flop:  [6♣, 10♥, 2♠]",2026-09-03T07:15:57.993Z,178841975799300
"""player 51 @ uewFolxPCK"" folds",2026-09-03T07:15:57.180Z,178841975718000
"""player 7 @ O8SRi7DfXR"" calls 60",2026-09-03T07:15:56.224Z,178841975622400
"""player 54 @ BeZA_Cf-pd"" raises to 60",2026-09-03T07:15:54.328Z,178841975432800
"""player 51 @ uewFolxPCK"" raises to 20",2026-09-03T07:15:46.500Z,178841974650000
"""player 53 @ LGay7r_Caq"" folds",2026-09-03T07:15:43.634Z,178841974363400
"""player 52 @ 4chnM3wbbk"" folds",2026-09-03T07:15:42.716Z,178841974271600
"""player 7 @ O8SRi7DfXR"" posts a big blind of 5",2026-09-03T07:15:41.086Z,178841974108608
"""player 54 @ BeZA_Cf-pd"" posts a small blind of 2",2026-09-03T07:15:41.086Z,178841974108607
"Player stacks: #2 ""player 53 @ LGay7r_Caq"" (490) | #4 ""player 51 @ uewFolxPCK"" (1007) | #5 ""player 54 @ BeZA_Cf-pd"" (262) | #7 ""player 7 @ O8SRi7DfXR"" (663) | #10 ""player 52 @ 4chnM3wbbk"" (778)",2026-09-03T07:15:41.086Z,178841974108601
"-- starting hand #20 (id: t9ll40lhn2wc)  No Limit Texas Hold'em (dealer: ""player 51 @ uewFolxPCK"") --",2026-09-03T07:15:41.086Z,178841974108600
"""player 7 @ O8SRi7DfXR"" shows a 3♣.",2026-09-03T07:15:35.335Z,178841973533500
"""player 53 @ LGay7r_Caq"" shows a 6♠.",2026-09-03T07:15:34.930Z,178841973493000
"-- ending hand #19 --",2026-09-03T07:15:34.081Z,178841973408101
"""player 54 @ BeZA_Cf-pd"" collected 262 from pot with Pair, 10's (combination: 6♦, Q♠, K♣, 10♦, 10♣)",2026-09-03T07:15:34.081Z,178841973408100
"River: 3♠, 4♦, 10♣, 6♦ [Q♠]",2026-09-03T07:15:30.078Z,178841973007800
"Turn: 3♠, 4♦, 10♣ [6♦]",2026-09-03T07:15:26.061Z,178841972606100
"""player 52 @ 4chnM3wbbk"" shows a 5♦.",2026-09-03T07:15:22.046Z,178841972204601
"""player 54 @ BeZA_Cf-pd"" shows a 10♦, K♣.",2026-09-03T07:15:22.046Z,178841972204600
"""player 52 @ 4chnM3wbbk"" shows a 6♥.",2026-09-03T07:15:21.586Z,178841972158600
"Some players choose to not run it twice.",2026-09-03T07:15:21.237Z,178841972123701
"""player 54 @ BeZA_Cf-pd"" chooses to not run it twice.",2026-09-03T07:15:21.237Z,178841972123700
"Remaining players decide whether to run it twice.",2026-09-03T07:15:20.012Z,178841972001201
"""player 54 @ BeZA_Cf-pd"" calls 100 and go all in",2026-09-03T07:15:20.012Z,178841972001200
"""player 53 @ LGay7r_Caq"" folds",2026-09-03T07:15:18.758Z,178841971875800
"""player 52 @ 4chnM3wbbk"" raises to 100",2026-09-03T07:15:17.518Z,178841971751800
"""player 7 @ O8SRi7DfXR"" folds",2026-09-03T07:15:14.538Z,178841971453800
"""player 54 @ BeZA_Cf-pd"" bets 30",2026-09-03T07:14:54.557Z,178841969455700
"Flop:  [3♠, 4♦, 10♣]",2026-09-03T07:14:50.974Z,178841969097400
"""player 52 @ 4chnM3wbbk"" calls 15",2026-09-03T07:14:50.120Z,178841969012000
"""player 7 @ O8SRi7DfXR"" calls 15",2026-09-03T07:14:47.863Z,178841968786300
"""player 54 @ BeZA_Cf-pd"" calls 15",2026-09-03T07:14:32.968Z,178841967296800
"""player 51 @ uewFolxPCK"" folds",2026-09-03T07:14:31.756Z,178841967175600
"""player 53 @ LGay7r_Caq"" raises to 15",2026-09-03T07:14:30.805Z,178841967080500
"""player 52 @ 4chnM3wbbk"" calls 5",2026-09-03T07:14:28.897Z,178841966889700
"""player 7 @ O8SRi7DfXR"" calls 5",2026-09-03T07:14:27.915Z,178841966791500
"""player 54 @ BeZA_Cf-pd"" posts a big blind of 5",2026-09-03T07:14:11.101Z,178841965110109
"""player 51 @ uewFolxPCK"" posts a small blind of 2",2026-09-03T07:14:11.101Z,178841965110108
"Player stacks: #2 ""player 53 @ LGay7r_Caq"" (505) | #4 ""player 51 @ uewFolxPCK"" (1009) | #5 ""player 54 @ BeZA_Cf-pd"" (115) | #7 ""player 7 @ O8SRi7DfXR"" (678) | #10 ""player 52 @ 4chnM3wbbk"" (893)",2026-09-03T07:14:11.101Z,178841965110102
"-- starting hand #19 (id: htpj8mq2pvua)  No Limit Texas Hold'em (dealer: ""player 53 @ LGay7r_Caq"") --",2026-09-03T07:14:11.101Z,178841965110101
"Game Config Changes
* Bomb Pot: off » off
* Bomb Pot Probability: off » off
* Bomb Pot BB Quantity: off » off
* 7-2 bounty: off » 30",2026-09-03T07:14:11.101Z,178841965110100
"Undealt cards: 2♣, 7♥, 2♠ [7♣, 10♥]",2026-09-03T07:14:05.981Z,178841964598100
"-- ending hand #18 --",2026-09-03T07:14:05.176Z,178841964517602
"""player 51 @ uewFolxPCK"" collected 17 from pot",2026-09-03T07:14:05.176Z,178841964517601
"Uncalled bet of 27 returned to ""player 51 @ uewFolxPCK""",2026-09-03T07:14:05.176Z,178841964517600
"""player 52 @ 4chnM3wbbk"" folds",2026-09-03T07:14:04.328Z,178841964432800
"""player 7 @ O8SRi7DfXR"" folds",2026-09-03T07:14:03.408Z,178841964340800
"""player 51 @ uewFolxPCK"" bets 27",2026-09-03T07:13:47.470Z,178841962747000
"Flop:  [2♣, 7♥, 2♠]",2026-09-03T07:13:42.880Z,178841962288000
"""player 51 @ uewFolxPCK"" checks",2026-09-03T07:13:42.074Z,178841962207400
"""player 53 @ LGay7r_Caq"" folds",2026-09-03T07:13:33.587Z,178841961358700
"""player 52 @ 4chnM3wbbk"" calls 5",2026-09-03T07:13:32.603Z,178841961260300
"""player 7 @ O8SRi7DfXR"" calls 5",2026-09-03T07:13:30.853Z,178841961085300
"""player 54 @ BeZA_Cf-pd"" folds",2026-09-03T07:13:23.967Z,178841960396700
"""player 51 @ uewFolxPCK"" posts a big blind of 5",2026-09-03T07:13:21.058Z,178841960105808
"""player 53 @ LGay7r_Caq"" posts a small blind of 2",2026-09-03T07:13:21.058Z,178841960105807
"Player stacks: #2 ""player 53 @ LGay7r_Caq"" (507) | #4 ""player 51 @ uewFolxPCK"" (997) | #5 ""player 54 @ BeZA_Cf-pd"" (115) | #7 ""player 7 @ O8SRi7DfXR"" (683) | #10 ""player 52 @ 4chnM3wbbk"" (898)",2026-09-03T07:13:21.058Z,178841960105801
"-- starting hand #18 (id: sx8q16j3vnh9)  No Limit Texas Hold'em (dealer: ""player 52 @ 4chnM3wbbk"") --",2026-09-03T07:13:21.058Z,178841960105800
"""player 51 @ uewFolxPCK"" shows a J♥.",2026-09-03T07:13:17.375Z,178841959737500
"Undealt cards: 10♦, 6♣, 7♠ [8♠, J♦]",2026-09-03T07:13:14.753Z,178841959475300
"-- ending hand #17 --",2026-09-03T07:13:14.454Z,178841959445402
"""player 7 @ O8SRi7DfXR"" collected 80 from pot",2026-09-03T07:13:14.454Z,178841959445401
"Uncalled bet of 67 returned to ""player 7 @ O8SRi7DfXR""",2026-09-03T07:13:14.454Z,178841959445400
"""player 51 @ uewFolxPCK"" folds",2026-09-03T07:13:13.648Z,178841959364800
"""player 53 @ LGay7r_Caq"" folds",2026-09-03T07:13:12.731Z,178841959273100
"""player 52 @ 4chnM3wbbk"" folds",2026-09-03T07:13:11.533Z,178841959153300
"""player 7 @ O8SRi7DfXR"" bets 67",2026-09-03T07:13:10.364Z,178841959036400
"""player 51 @ uewFolxPCK"" checks",2026-09-03T07:12:58.596Z,178841957859600
"""player 53 @ LGay7r_Caq"" checks",2026-09-03T07:12:57.298Z,178841957729800
"""player 52 @ 4chnM3wbbk"" checks",2026-09-03T07:12:55.385Z,178841957538500
"Flop:  [10♦, 6♣, 7♠]",2026-09-03T07:12:53.804Z,178841957380400
"""player 53 @ LGay7r_Caq"" calls 20",2026-09-03T07:12:52.978Z,178841957297800
"""player 52 @ 4chnM3wbbk"" calls 20",2026-09-03T07:12:51.360Z,178841957136000
"""player 7 @ O8SRi7DfXR"" calls 20",2026-09-03T07:12:50.441Z,178841957044100
"""player 54 @ BeZA_Cf-pd"" folds",2026-09-03T07:12:39.103Z,178841955910300
"""player 51 @ uewFolxPCK"" raises to 20",2026-09-03T07:12:36.709Z,178841955670900
"""player 53 @ LGay7r_Caq"" posts a big blind of 5",2026-09-03T07:12:33.987Z,178841955398708
"""player 52 @ 4chnM3wbbk"" posts a small blind of 2",2026-09-03T07:12:33.987Z,178841955398707
"Player stacks: #2 ""player 53 @ LGay7r_Caq"" (527) | #4 ""player 51 @ uewFolxPCK"" (1017) | #5 ""player 54 @ BeZA_Cf-pd"" (115) | #7 ""player 7 @ O8SRi7DfXR"" (623) | #10 ""player 52 @ 4chnM3wbbk"" (918)",2026-09-03T07:12:33.987Z,178841955398701
"-- starting hand #17 (id: f64k1gklpde3)  No Limit Texas Hold'em (dealer: ""player 7 @ O8SRi7DfXR"") --",2026-09-03T07:12:33.987Z,178841955398700
"""player 53 @ LGay7r_Caq"" shows a K♣.",2026-09-03T07:12:30.505Z,178841955050500
"-- ending hand #16 --",2026-09-03T07:12:27.478Z,178841954747802
"""player 51 @ uewFolxPCK"" collected 648 from pot with Full House, Q's over K's (combination: K♦, K♠, Q♥, Q♣, Q♦)",2026-09-03T07:12:27.478Z,178841954747801
"""player 51 @ uewFolxPCK"" shows a K♦, K♠.",2026-09-03T07:12:27.478Z,178841954747800
"""player 54 @ BeZA_Cf-pd"" calls 216",2026-09-03T07:12:26.667Z,178841954666700
"""player 51 @ uewFolxPCK"" bets 216",2026-09-03T07:12:20.258Z,178841954025800
"River: Q♥, 10♣, Q♣, 9♥ [Q♦]",2026-09-03T07:12:13.555Z,178841953355500
"""player 54 @ BeZA_Cf-pd"" calls 52",2026-09-03T07:12:12.746Z,178841953274600
"""player 51 @ uewFolxPCK"" bets 52",2026-09-03T07:12:11.621Z,178841953162100
"Turn: Q♥, 10♣, Q♣ [9♥]",2026-09-03T07:12:07.522Z,178841952752200
"""player 52 @ 4chnM3wbbk"" folds",2026-09-03T07:12:06.674Z,178841952667400
"""player 54 @ BeZA_Cf-pd"" calls 25",2026-09-03T07:12:05.273Z,178841952527300
"""player 51 @ uewFolxPCK"" bets 25",2026-09-03T07:12:03.733Z,178841952373300
"""player 52 @ 4chnM3wbbk"" checks",2026-09-03T07:12:00.610Z,178841952061000
"Flop:  [Q♥, 10♣, Q♣]",2026-09-03T07:11:58.965Z,178841951896500
"""player 52 @ 4chnM3wbbk"" calls 20",2026-09-03T07:11:58.135Z,178841951813500
"""player 7 @ O8SRi7DfXR"" folds",2026-09-03T07:11:57.175Z,178841951717500
"""player 54 @ BeZA_Cf-pd"" calls 20",2026-09-03T07:11:40.385Z,178841950038500
"""player 51 @ uewFolxPCK"" raises to 20",2026-09-03T07:11:39.067Z,178841949906700
"""player 53 @ LGay7r_Caq"" folds",2026-09-03T07:11:36.703Z,178841949670300
"""player 52 @ 4chnM3wbbk"" posts a big blind of 5",2026-09-03T07:11:34.755Z,178841949475508
"""player 7 @ O8SRi7DfXR"" posts a small blind of 2",2026-09-03T07:11:34.755Z,178841949475507
"Your hand is K♦, K♠",2026-09-03T07:11:34.755Z,178841949475503
"Player stacks: #2 ""player 53 @ LGay7r_Caq"" (527) | #4 ""player 51 @ uewFolxPCK"" (682) | #5 ""player 54 @ BeZA_Cf-pd"" (428) | #7 ""player 7 @ O8SRi7DfXR"" (625) | #10 ""player 52 @ 4chnM3wbbk"" (938)",2026-09-03T07:11:34.755Z,178841949475501
"-- starting hand #16 (id: cef3winev8zk)  No Limit Texas Hold'em (dealer: ""player 54 @ BeZA_Cf-pd"") --",2026-09-03T07:11:34.755Z,178841949475500
"-- ending hand #15 --",2026-09-03T07:11:28.703Z,178841948870303
"""player 51 @ uewFolxPCK"" collected 412 from pot with Three of a Kind, A's (combination: J♣, K♦, A♥, A♣, A♦)",2026-09-03T07:11:28.703Z,178841948870302
"""player 51 @ uewFolxPCK"" shows a 6♣, A♥.",2026-09-03T07:11:28.703Z,178841948870301
"""player 52 @ 4chnM3wbbk"" shows a J♠, 6♦.",2026-09-03T07:11:28.703Z,178841948870300
"""player 51 @ uewFolxPCK"" checks",2026-09-03T07:11:27.893Z,178841948789300
"""player 52 @ 4chnM3wbbk"" checks",2026-09-03T07:11:19.522Z,178841947952200
"River: J♣, A♣, A♦, K♦ [10♥]",2026-09-03T07:11:14.018Z,178841947401800
"""player 51 @ uewFolxPCK"" calls 180",2026-09-03T07:11:13.142Z,178841947314200
"""player 52 @ 4chnM3wbbk"" raises to 180",2026-09-03T07:11:11.328Z,178841947132800
"""player 51 @ uewFolxPCK"" raises to 60",2026-09-03T07:11:07.741Z,178841946774100
"""player 53 @ LGay7r_Caq"" folds",2026-09-03T07:11:03.720Z,178841946372000
"""player 52 @ 4chnM3wbbk"" bets 20",2026-09-03T07:11:02.481Z,178841946248100
"Turn: J♣, A♣, A♦ [K♦]",2026-09-03T07:10:58.283Z,178841945828300
"""player 51 @ uewFolxPCK"" checks",2026-09-03T07:10:57.449Z,178841945744900
"""player 53 @ LGay7r_Caq"" checks",2026-09-03T07:10:56.260Z,178841945626000
"""player 52 @ 4chnM3wbbk"" checks",2026-09-03T07:10:54.701Z,178841945470100
"Flop:  [J♣, A♣, A♦]",2026-09-03T07:10:52.746Z,178841945274600
"""player 7 @ O8SRi7DfXR"" folds",2026-09-03T07:10:51.920Z,178841945192000
"""player 54 @ BeZA_Cf-pd"" folds",2026-09-03T07:10:47.295Z,178841944729500
"""player 51 @ uewFolxPCK"" calls 15",2026-09-03T07:10:46.324Z,178841944632400
"""player 53 @ LGay7r_Caq"" calls 15",2026-09-03T07:10:43.651Z,178841944365100
"""player 52 @ 4chnM3wbbk"" raises to 15",2026-09-03T07:10:42.669Z,178841944266900
"""player 7 @ O8SRi7DfXR"" posts a big blind of 5",2026-09-03T07:10:39.538Z,178841943953808
"""player 54 @ BeZA_Cf-pd"" posts a small blind of 2",2026-09-03T07:10:39.538Z,178841943953807
"Your hand is 6♣, A♥",2026-09-03T07:10:39.538Z,178841943953803
"Player stacks: #2 ""player 53 @ LGay7r_Caq"" (542) | #4 ""player 51 @ uewFolxPCK"" (465) | #5 ""player 54 @ BeZA_Cf-pd"" (430) | #7 ""player 7 @ O8SRi7DfXR"" (630) | #10 ""player 52 @ 4chnM3wbbk"" (1133)",2026-09-03T07:10:39.538Z,178841943953801
"-- starting hand #15 (id: lwpii69wgidn)  No Limit Texas Hold'em (dealer: ""player 51 @ uewFolxPCK"") --",2026-09-03T07:10:39.538Z,178841943953800
"Undealt cards: 3♣, 8♥, J♠ [6♣, 5♦]",2026-09-03T07:10:39.331Z,178841943933100
"""player 7 @ O8SRi7DfXR"" shows a 2♥.",2026-09-03T07:10:34.714Z,178841943471400
"""player 53 @ LGay7r_Caq"" shows a 9♦, A♦.",2026-09-03T07:10:34.611Z,178841943461100
"-- ending hand #14 --",2026-09-03T07:10:32.186Z,178841943218602
"""player 7 @ O8SRi7DfXR"" collected 67 from pot",2026-09-03T07:10:32.186Z,178841943218601
"Uncalled bet of 50 returned to ""player 7 @ O8SRi7DfXR""",2026-09-03T07:10:32.186Z,178841943218600
"""player 53 @ LGay7r_Caq"" folds",2026-09-03T07:10:31.384Z,178841943138400
"""player 52 @ 4chnM3wbbk"" folds",2026-09-03T07:10:30.404Z,178841943040400
"""player 7 @ O8SRi7DfXR"" bets 50",2026-09-03T07:10:28.744Z,178841942874400
"Flop:  [3♣, 8♥, J♠]",2026-09-03T07:10:17.446Z,178841941744600
"""player 7 @ O8SRi7DfXR"" calls 20",2026-09-03T07:10:16.604Z,178841941660400
"""player 54 @ BeZA_Cf-pd"" folds",2026-09-03T07:10:10.495Z,178841941049500
"""player 51 @ uewFolxPCK"" folds",2026-09-03T07:10:09.535Z,178841940953500
"""player 53 @ LGay7r_Caq"" calls 20",2026-09-03T07:10:08.588Z,178841940858800
"""player 52 @ 4chnM3wbbk"" raises to 20",2026-09-03T07:10:07.498Z,178841940749800
"""player 7 @ O8SRi7DfXR"" calls 5",2026-09-03T07:10:05.274Z,178841940527400
"""player 54 @ BeZA_Cf-pd"" posts a big blind of 5",2026-09-03T07:10:03.427Z,178841940342708
"""player 51 @ uewFolxPCK"" posts a small blind of 2",2026-09-03T07:10:03.427Z,178841940342707
"Player stacks: #2 ""player 53 @ LGay7r_Caq"" (562) | #4 ""player 51 @ uewFolxPCK"" (467) | #5 ""player 54 @ BeZA_Cf-pd"" (435) | #7 ""player 7 @ O8SRi7DfXR"" (583) | #10 ""player 52 @ 4chnM3wbbk"" (1153)",2026-09-03T07:10:03.427Z,178841940342701
"-- starting hand #14 (id: sj1hdijfbtf4)  No Limit Texas Hold'em (dealer: ""player 53 @ LGay7r_Caq"") --",2026-09-03T07:10:03.427Z,178841940342700
"Undealt cards: J♥, 3♠, 8♠ [A♣, 6♠]",2026-09-03T07:09:57.775Z,178841939777500
"-- ending hand #13 --",2026-09-03T07:09:57.495Z,178841939749502
"""player 7 @ O8SRi7DfXR"" collected 20 from pot",2026-09-03T07:09:57.495Z,178841939749501
"Uncalled bet of 15 returned to ""player 7 @ O8SRi7DfXR""",2026-09-03T07:09:57.495Z,178841939749500
"""player 51 @ uewFolxPCK"" folds",2026-09-03T07:09:56.642Z,178841939664200
"""player 53 @ LGay7r_Caq"" folds",2026-09-03T07:09:53.696Z,178841939369600
"""player 52 @ 4chnM3wbbk"" folds",2026-09-03T07:09:52.737Z,178841939273700
"""player 7 @ O8SRi7DfXR"" bets 15",2026-09-03T07:09:51.379Z,178841939137900
"""player 51 @ uewFolxPCK"" checks",2026-09-03T07:09:48.628Z,178841938862800
"""player 53 @ LGay7r_Caq"" checks",2026-09-03T07:09:43.397Z,178841938339700
"Flop:  [J♥, 3♠, 8♠]",2026-09-03T07:09:41.114Z,178841938111400
"""player 51 @ uewFolxPCK"" checks",2026-09-03T07:09:40.293Z,178841938029300
"""player 53 @ LGay7r_Caq"" calls 5",2026-09-03T07:09:39.358Z,178841937935800
"""player 52 @ 4chnM3wbbk"" calls 5",2026-09-03T07:09:37.676Z,178841937767600
"""player 7 @ O8SRi7DfXR"" calls 5",2026-09-03T07:09:34.750Z,178841937475000
"""player 54 @ BeZA_Cf-pd"" folds",2026-09-03T07:09:29.590Z,178841936959000
"""player 51 @ uewFolxPCK"" posts a big blind of 5",2026-09-03T07:09:27.877Z,178841936787708
"""player 53 @ LGay7r_Caq"" posts a small blind of 2",2026-09-03T07:09:27.877Z,178841936787707
"Player stacks: #2 ""player 53 @ LGay7r_Caq"" (567) | #4 ""player 51 @ uewFolxPCK"" (472) | #5 ""player 54 @ BeZA_Cf-pd"" (435) | #7 ""player 7 @ O8SRi7DfXR"" (568) | #10 ""player 52 @ 4chnM3wbbk"" (1158)",2026-09-03T07:09:27.877Z,178841936787701
"-- starting hand #13 (id: nzoqb7lzriap)  No Limit Texas Hold'em (dealer: ""player 52 @ 4chnM3wbbk"") --",2026-09-03T07:09:27.877Z,178841936787700
"""player 7 @ O8SRi7DfXR"" shows a 6♦, A♣.",2026-09-03T07:09:23.170Z,178841936317000
"-- ending hand #12 --",2026-09-03T07:09:21.293Z,178841936129302
"""player 53 @ LGay7r_Caq"" collected 90 from pot with Two Pair, 8's & 5's (combination: K♦, 5♥, 5♠, 8♦, 8♠)",2026-09-03T07:09:21.293Z,178841936129301
"""player 53 @ LGay7r_Caq"" shows a 8♦, 7♦.",2026-09-03T07:09:21.293Z,178841936129300
"""player 7 @ O8SRi7DfXR"" checks",2026-09-03T07:09:20.482Z,178841936048200
"""player 54 @ BeZA_Cf-pd"" checks",2026-09-03T07:09:19.137Z,178841935913700
"""player 53 @ LGay7r_Caq"" checks",2026-09-03T07:09:17.880Z,178841935788000
"River: 6♠, 5♥, 8♠, K♦ [5♠]",2026-09-03T07:09:15.660Z,178841935566000
"""player 52 @ 4chnM3wbbk"" folds",2026-09-03T07:09:14.783Z,178841935478300
"""player 7 @ O8SRi7DfXR"" calls 10",2026-09-03T07:09:13.763Z,178841935376300
"""player 54 @ BeZA_Cf-pd"" calls 10",2026-09-03T07:09:08.727Z,178841934872700
"""player 53 @ LGay7r_Caq"" bets 10",2026-09-03T07:09:05.821Z,178841934582100
"""player 52 @ 4chnM3wbbk"" checks",2026-09-03T07:09:03.785Z,178841934378500
"Turn: 6♠, 5♥, 8♠ [K♦]",2026-09-03T07:09:02.223Z,178841934222300
"""player 52 @ 4chnM3wbbk"" calls 5",2026-09-03T07:09:01.287Z,178841934128700
"""player 7 @ O8SRi7DfXR"" calls 5",2026-09-03T07:08:59.673Z,178841933967300
"""player 54 @ BeZA_Cf-pd"" calls 5",2026-09-03T07:08:58.745Z,178841933874500
"""player 53 @ LGay7r_Caq"" bets 5",2026-09-03T07:08:57.594Z,178841933759400
"""player 52 @ 4chnM3wbbk"" checks",2026-09-03T07:08:55.227Z,178841933522700
"Flop:  [6♠, 5♥, 8♠]",2026-09-03T07:08:53.643Z,178841933364300
"""player 52 @ 4chnM3wbbk"" calls 10",2026-09-03T07:08:52.793Z,178841933279300
"""player 7 @ O8SRi7DfXR"" calls 10",2026-09-03T07:08:51.873Z,178841933187300
"""player 54 @ BeZA_Cf-pd"" calls 10",2026-09-03T07:08:46.236Z,178841932623600
"""player 53 @ LGay7r_Caq"" raises to 10",2026-09-03T07:08:43.631Z,178841932363100
"""player 52 @ 4chnM3wbbk"" calls 5",2026-09-03T07:08:41.150Z,178841932115000
"""player 7 @ O8SRi7DfXR"" calls 5",2026-09-03T07:08:40.172Z,178841932017200
"""player 54 @ BeZA_Cf-pd"" calls 5",2026-09-03T07:08:39.172Z,178841931917200
"""player 51 @ uewFolxPCK"" folds",2026-09-03T07:08:36.818Z,178841931681800
"""player 53 @ LGay7r_Caq"" posts a big blind of 5",2026-09-03T07:08:35.482Z,178841931548208
"""player 52 @ 4chnM3wbbk"" posts a small blind of 2",2026-09-03T07:08:35.482Z,178841931548207
"Player stacks: #2 ""player 53 @ LGay7r_Caq"" (502) | #4 ""player 51 @ uewFolxPCK"" (472) | #5 ""player 54 @ BeZA_Cf-pd"" (460) | #7 ""player 7 @ O8SRi7DfXR"" (593) | #10 ""player 52 @ 4chnM3wbbk"" (1173)",2026-09-03T07:08:35.482Z,178841931548201
"-- starting hand #12 (id: pez0xwfhz8up)  No Limit Texas Hold'em (dealer: ""player 7 @ O8SRi7DfXR"") --",2026-09-03T07:08:35.482Z,178841931548200
"""player 53 @ LGay7r_Caq"" shows a 7♣, 2♥.",2026-09-03T07:08:32.098Z,178841931209800
"-- ending hand #11 --",2026-09-03T07:08:31.851Z,178841931185102
"""player 53 @ LGay7r_Caq"" collected 97 from pot",2026-09-03T07:08:31.851Z,178841931185101
"Uncalled bet of 95 returned to ""player 53 @ LGay7r_Caq""",2026-09-03T07:08:31.851Z,178841931185100
"""player 54 @ BeZA_Cf-pd"" folds",2026-09-03T07:08:31.040Z,178841931104000
"""player 53 @ LGay7r_Caq"" bets 95",2026-09-03T07:08:19.476Z,178841929947600
"River: 3♣, A♠, Q♠, J♣ [J♦]",2026-09-03T07:08:13.960Z,178841929396000
"""player 52 @ 4chnM3wbbk"" folds",2026-09-03T07:08:13.123Z,178841929312300
"""player 54 @ BeZA_Cf-pd"" calls 25",2026-09-03T07:08:11.772Z,178841929177200
"""player 53 @ LGay7r_Caq"" bets 25",2026-09-03T07:08:10.474Z,178841929047400
"""player 52 @ 4chnM3wbbk"" checks",2026-09-03T07:08:08.198Z,178841928819800
"Turn: 3♣, A♠, Q♠ [J♣]",2026-09-03T07:08:06.723Z,178841928672300
"""player 54 @ BeZA_Cf-pd"" checks",2026-09-03T07:08:05.918Z,178841928591800
"""player 53 @ LGay7r_Caq"" checks",2026-09-03T07:08:04.559Z,178841928455900
"""player 52 @ 4chnM3wbbk"" checks",2026-09-03T07:08:01.829Z,178841928182900
"Flop:  [3♣, A♠, Q♠]",2026-09-03T07:08:00.190Z,178841928019000
"""player 52 @ 4chnM3wbbk"" calls 15",2026-09-03T07:07:59.304Z,178841927930400
"""player 7 @ O8SRi7DfXR"" folds",2026-09-03T07:07:58.107Z,178841927810700
"""player 54 @ BeZA_Cf-pd"" calls 15",2026-09-03T07:07:46.902Z,178841926690200
"""player 51 @ uewFolxPCK"" folds",2026-09-03T07:07:45.772Z,178841926577200
"""player 53 @ LGay7r_Caq"" raises to 15",2026-09-03T07:07:44.020Z,178841926402000
"""player 52 @ 4chnM3wbbk"" posts a big blind of 5",2026-09-03T07:07:41.960Z,178841926196008
"""player 7 @ O8SRi7DfXR"" posts a small blind of 2",2026-09-03T07:07:41.960Z,178841926196007
"Player stacks: #2 ""player 53 @ LGay7r_Caq"" (445) | #4 ""player 51 @ uewFolxPCK"" (472) | #5 ""player 54 @ BeZA_Cf-pd"" (500) | #7 ""player 7 @ O8SRi7DfXR"" (595) | #10 ""player 52 @ 4chnM3wbbk"" (1188)",2026-09-03T07:07:41.960Z,178841926196001
"-- starting hand #11 (id: lwuhprrnpehb)  No Limit Texas Hold'em (dealer: ""player 54 @ BeZA_Cf-pd"") --",2026-09-03T07:07:41.960Z,178841926196000
"""player 7 @ O8SRi7DfXR"" shows a 4♣.",2026-09-03T07:07:40.164Z,178841926016400
"-- ending hand #10 --",2026-09-03T07:07:38.282Z,178841925828202
"""player 7 @ O8SRi7DfXR"" collected 160 from pot",2026-09-03T07:07:38.282Z,178841925828201
"Uncalled bet of 435 returned to ""player 7 @ O8SRi7DfXR""",2026-09-03T07:07:38.282Z,178841925828200
"""player 52 @ 4chnM3wbbk"" folds",2026-09-03T07:07:37.458Z,178841925745800
"""player 7 @ O8SRi7DfXR"" bets 435 and go all in",2026-09-03T07:07:34.120Z,178841925412000
"River: 7♣, K♣, 10♥, Q♥ [4♥]",2026-09-03T07:07:30.153Z,178841925015300
"""player 7 @ O8SRi7DfXR"" calls 50",2026-09-03T07:07:29.343Z,178841924934300
"""player 54 @ BeZA_Cf-pd"" folds",2026-09-03T07:07:28.424Z,178841924842400
"""player 53 @ LGay7r_Caq"" folds",2026-09-03T07:07:27.069Z,178841924706900
"""player 52 @ 4chnM3wbbk"" bets 50",2026-09-03T07:07:18.721Z,178841923872100
"""player 7 @ O8SRi7DfXR"" checks",2026-09-03T07:07:15.708Z,178841923570800
"""player 54 @ BeZA_Cf-pd"" checks",2026-09-03T07:07:14.002Z,178841923400200
"Turn: 7♣, K♣, 10♥ [Q♥]",2026-09-03T07:07:12.508Z,178841923250800
"""player 53 @ LGay7r_Caq"" checks",2026-09-03T07:07:11.662Z,178841923166200
"""player 52 @ 4chnM3wbbk"" checks",2026-09-03T07:07:10.420Z,178841923042000
"""player 7 @ O8SRi7DfXR"" checks",2026-09-03T07:07:09.418Z,178841922941800
"""player 54 @ BeZA_Cf-pd"" checks",2026-09-03T07:07:07.676Z,178841922767600
"Flop:  [7♣, K♣, 10♥]",2026-09-03T07:07:05.987Z,178841922598700
"""player 7 @ O8SRi7DfXR"" calls 15",2026-09-03T07:07:05.146Z,178841922514600
"""player 54 @ BeZA_Cf-pd"" calls 15",2026-09-03T07:07:01.612Z,178841922161200
"""player 51 @ uewFolxPCK"" folds",2026-09-03T07:06:58.795Z,178841921879500
"""player 53 @ LGay7r_Caq"" calls 15",2026-09-03T07:06:56.981Z,178841921698100
"""player 52 @ 4chnM3wbbk"" raises to 15",2026-09-03T07:06:55.995Z,178841921599500
"""player 7 @ O8SRi7DfXR"" posts a big blind of 5",2026-09-03T07:06:49.738Z,178841920973813
"""player 54 @ BeZA_Cf-pd"" posts a small blind of 2",2026-09-03T07:06:49.738Z,178841920973812
"Player stacks: #2 ""player 53 @ LGay7r_Caq"" (460) | #4 ""player 51 @ uewFolxPCK"" (472) | #5 ""player 54 @ BeZA_Cf-pd"" (515) | #7 ""player 7 @ O8SRi7DfXR"" (500) | #10 ""player 52 @ 4chnM3wbbk"" (1253)",2026-09-03T07:06:49.738Z,178841920973806
"The player ""player 52 @ 4chnM3wbbk"" joined the game with a stack of 1253.",2026-09-03T07:06:49.738Z,178841920973805
"The player ""player 7 @ O8SRi7DfXR"" joined the game with a stack of 500.",2026-09-03T07:06:49.738Z,178841920973804
"The player ""player 54 @ BeZA_Cf-pd"" joined the game with a stack of 515.",2026-09-03T07:06:49.738Z,178841920973803
"The player ""player 51 @ uewFolxPCK"" joined the game with a stack of 472.",2026-09-03T07:06:49.738Z,178841920973802
"The player ""player 53 @ LGay7r_Caq"" joined the game with a stack of 460.",2026-09-03T07:06:49.738Z,178841920973801
"-- starting hand #10 (id: tyov3hvgd0jq)  No Limit Texas Hold'em (dealer: ""player 51 @ uewFolxPCK"") --",2026-09-03T07:06:49.738Z,178841920973800
"The admin updated the player ""player 51 @ uewFolxPCK"" stack from 272 to 472.",2026-09-03T07:06:40.486Z,178841920048600
"The admin ""player 51 @ uewFolxPCK"" enqueued the game stop on next hand.",2026-09-03T07:06:39.141Z,178841919914100
"-- ending hand #9 --",2026-09-03T07:06:34.461Z,178841919446103
"""player 52 @ 4chnM3wbbk"" collected 438 from pot with Two Pair, A's & 2's (combination: J♥, 2♠, 2♥, A♦, A♠)",2026-09-03T07:06:34.461Z,178841919446102
"""player 52 @ 4chnM3wbbk"" shows a A♦, 5♥.",2026-09-03T07:06:34.461Z,178841919446101
"""player 53 @ LGay7r_Caq"" shows a K♥, J♦.",2026-09-03T07:06:34.461Z,178841919446100
"""player 52 @ 4chnM3wbbk"" calls 145",2026-09-03T07:06:33.571Z,178841919357100
"""player 53 @ LGay7r_Caq"" bets 145",2026-09-03T07:06:30.934Z,178841919093400
"River: J♥, 2♠, 4♣, A♠ [2♥]",2026-09-03T07:06:26.460Z,178841918646000
"""player 53 @ LGay7r_Caq"" calls 37",2026-09-03T07:06:25.574Z,178841918557400
"""player 54 @ BeZA_Cf-pd"" folds",2026-09-03T07:06:24.581Z,178841918458100
"""player 52 @ 4chnM3wbbk"" bets 37",2026-09-03T07:06:23.191Z,178841918319100
"""player 53 @ LGay7r_Caq"" checks",2026-09-03T07:06:19.665Z,178841917966500
"""player 54 @ BeZA_Cf-pd"" checks",2026-09-03T07:06:18.459Z,178841917845900
"Turn: J♥, 2♠, 4♣ [A♠]",2026-09-03T07:06:16.929Z,178841917692900
"""player 54 @ BeZA_Cf-pd"" calls 10",2026-09-03T07:06:16.121Z,178841917612100
"""player 52 @ 4chnM3wbbk"" calls 10",2026-09-03T07:06:12.456Z,178841917245600
"The admin approved the player ""player 7 @ O8SRi7DfXR"" participation with a stack of 500.",2026-09-03T07:06:11.742Z,178841917174200
"""player 53 @ LGay7r_Caq"" bets 10",2026-09-03T07:06:10.890Z,178841917089000
"""player 54 @ BeZA_Cf-pd"" checks",2026-09-03T07:06:08.794Z,178841916879400
"The player ""player 7 @ O8SRi7DfXR"" requested a seat.",2026-09-03T07:06:08.047Z,178841916804700
"Flop:  [J♥, 2♠, 4♣]",2026-09-03T07:06:06.115Z,178841916611500
"""player 53 @ LGay7r_Caq"" calls 13",2026-09-03T07:06:05.293Z,178841916529300
"""player 51 @ uewFolxPCK"" folds",2026-09-03T07:06:02.002Z,178841916200200
"""player 54 @ BeZA_Cf-pd"" calls 13",2026-09-03T07:05:59.919Z,178841915991900
"""player 52 @ 4chnM3wbbk"" raises to 13",2026-09-03T07:05:53.417Z,178841915341700
"WARNING: the admin queued the stack change for the player ""player 51 @ uewFolxPCK"" adding 200 chips in the next hand.",2026-09-03T07:05:52.445Z,178841915244500
"""player 53 @ LGay7r_Caq"" calls 5",2026-09-03T07:05:45.517Z,178841914551700
"""player 51 @ uewFolxPCK"" posts a big blind of 5",2026-09-03T07:05:43.606Z,178841914360607
"""player 54 @ BeZA_Cf-pd"" posts a small blind of 2",2026-09-03T07:05:43.606Z,178841914360606
"Player stacks: #1 ""player 53 @ LGay7r_Caq"" (665) | #2 ""player 52 @ 4chnM3wbbk"" (1020) | #5 ""player 54 @ BeZA_Cf-pd"" (538) | #8 ""player 51 @ uewFolxPCK"" (277)",2026-09-03T07:05:43.606Z,178841914360601
"-- starting hand #9 (id: 2jk5fq5djahk)  No Limit Texas Hold'em (dealer: ""player 52 @ 4chnM3wbbk"") --",2026-09-03T07:05:43.606Z,178841914360600
"""player 53 @ LGay7r_Caq"" shows a 10♦.",2026-09-03T07:05:40.130Z,178841914013000
"-- ending hand #8 --",2026-09-03T07:05:37.086Z,178841913708602
"""player 52 @ 4chnM3wbbk"" collected 90 from pot with Pair, J's (combination: 6♠, 8♠, 10♥, J♠, J♣)",2026-09-03T07:05:37.086Z,178841913708601
"""player 52 @ 4chnM3wbbk"" shows a J♠, 5♥.",2026-09-03T07:05:37.086Z,178841913708600
"""player 53 @ LGay7r_Caq"" calls 30",2026-09-03T07:05:36.278Z,178841913627800
"""player 54 @ BeZA_Cf-pd"" folds",2026-09-03T07:05:35.323Z,178841913532300
"""player 52 @ 4chnM3wbbk"" bets 30",2026-09-03T07:05:34.256Z,178841913425600
"River: J♣, 8♠, 6♠, 3♥ [10♥]",2026-09-03T07:05:29.963Z,178841912996300
"""player 53 @ LGay7r_Caq"" calls 5",2026-09-03T07:05:29.122Z,178841912912200
"""player 54 @ BeZA_Cf-pd"" calls 5",2026-09-03T07:05:27.862Z,178841912786200
"""player 52 @ 4chnM3wbbk"" bets 5",2026-09-03T07:05:26.374Z,178841912637400
"Turn: J♣, 8♠, 6♠ [3♥]",2026-09-03T07:05:24.055Z,178841912405500
"""player 53 @ LGay7r_Caq"" checks",2026-09-03T07:05:23.248Z,178841912324800
"""player 54 @ BeZA_Cf-pd"" checks",2026-09-03T07:05:22.113Z,178841912211300
"""player 52 @ 4chnM3wbbk"" checks",2026-09-03T07:05:20.493Z,178841912049300
"Flop:  [J♣, 8♠, 6♠]",2026-09-03T07:05:18.959Z,178841911895900
"""player 54 @ BeZA_Cf-pd"" checks",2026-09-03T07:05:18.097Z,178841911809700
"""player 52 @ 4chnM3wbbk"" calls 5",2026-09-03T07:05:15.589Z,178841911558900
"""player 53 @ LGay7r_Caq"" calls 5",2026-09-03T07:05:13.804Z,178841911380400
"""player 51 @ uewFolxPCK"" folds",2026-09-03T07:05:12.825Z,178841911282500
"""player 54 @ BeZA_Cf-pd"" posts a big blind of 5",2026-09-03T07:05:10.649Z,178841911064907
"""player 52 @ 4chnM3wbbk"" posts a small blind of 2",2026-09-03T07:05:10.649Z,178841911064906
"Player stacks: #1 ""player 53 @ LGay7r_Caq"" (705) | #2 ""player 52 @ 4chnM3wbbk"" (970) | #5 ""player 54 @ BeZA_Cf-pd"" (548) | #8 ""player 51 @ uewFolxPCK"" (277)",2026-09-03T07:05:10.649Z,178841911064901
"-- starting hand #8 (id: 6kuypoerznnf)  No Limit Texas Hold'em (dealer: ""player 53 @ LGay7r_Caq"") --",2026-09-03T07:05:10.649Z,178841911064900
"Undealt cards: K♥, 8♣, 6♣ [Q♥, 7♥]",2026-09-03T07:05:05.449Z,178841910544900
"-- ending hand #7 --",2026-09-03T07:05:04.724Z,178841910472402
"""player 52 @ 4chnM3wbbk"" collected 71 from pot",2026-09-03T07:05:04.724Z,178841910472401
"Uncalled bet of 53 returned to ""player 52 @ 4chnM3wbbk""",2026-09-03T07:05:04.724Z,178841910472400
"""player 51 @ uewFolxPCK"" folds",2026-09-03T07:05:03.906Z,178841910390600
"""player 52 @ 4chnM3wbbk"" raises to 70",2026-09-03T07:04:59.666Z,178841909966600
"""player 51 @ uewFolxPCK"" bets 17",2026-09-03T07:04:56.981Z,178841909698100
"""player 52 @ 4chnM3wbbk"" checks",2026-09-03T07:04:53.794Z,178841909379400
"Flop:  [K♥, 8♣, 6♣]",2026-09-03T07:04:51.588Z,178841909158800
"""player 51 @ uewFolxPCK"" calls 15",2026-09-03T07:04:50.697Z,178841909069700
"""player 54 @ BeZA_Cf-pd"" folds",2026-09-03T07:04:49.259Z,178841908925900
"""player 52 @ 4chnM3wbbk"" raises to 15",2026-09-03T07:04:47.657Z,178841908765700
"""player 53 @ LGay7r_Caq"" folds",2026-09-03T07:04:44.781Z,178841908478100
"""player 51 @ uewFolxPCK"" calls 5",2026-09-03T07:04:43.002Z,178841908300200
"""player 54 @ BeZA_Cf-pd"" calls 5",2026-09-03T07:04:40.256Z,178841908025600
"""player 52 @ 4chnM3wbbk"" posts a big blind of 5",2026-09-03T07:04:38.379Z,178841907837907
"""player 53 @ LGay7r_Caq"" posts a small blind of 2",2026-09-03T07:04:38.379Z,178841907837906
"Player stacks: #1 ""player 53 @ LGay7r_Caq"" (707) | #2 ""player 52 @ 4chnM3wbbk"" (931) | #5 ""player 54 @ BeZA_Cf-pd"" (553) | #8 ""player 51 @ uewFolxPCK"" (309)",2026-09-03T07:04:38.379Z,178841907837901
"-- starting hand #7 (id: fez29dmb0zim)  No Limit Texas Hold'em (dealer: ""player 51 @ uewFolxPCK"") --",2026-09-03T07:04:38.379Z,178841907837900
"-- ending hand #6 --",2026-09-03T07:04:32.370Z,178841907237003
"""player 53 @ LGay7r_Caq"" collected 152 from pot with Pair, 9's (combination: 10♦, J♠, K♥, 9♠, 9♣)",2026-09-03T07:04:32.370Z,178841907237002
"""player 53 @ LGay7r_Caq"" shows a K♥, 9♠.",2026-09-03T07:04:32.370Z,178841907237001
"""player 54 @ BeZA_Cf-pd"" shows a 7♠, Q♦.",2026-09-03T07:04:32.370Z,178841907237000
"""player 53 @ LGay7r_Caq"" calls 50",2026-09-03T07:04:31.523Z,178841907152300
"""player 54 @ BeZA_Cf-pd"" bets 50",2026-09-03T07:04:26.154Z,178841906615400
"""player 53 @ LGay7r_Caq"" checks",2026-09-03T07:04:23.797Z,178841906379700
"River: 3♥, 5♣, J♠, 10♦ [9♣]",2026-09-03T07:04:22.364Z,178841906236400
"""player 53 @ LGay7r_Caq"" calls 20",2026-09-03T07:04:21.548Z,178841906154800
"""player 54 @ BeZA_Cf-pd"" raises to 20",2026-09-03T07:04:18.837Z,178841905883700
"""player 53 @ LGay7r_Caq"" bets 5",2026-09-03T07:04:15.683Z,178841905568300
"Turn: 3♥, 5♣, J♠ [10♦]",2026-09-03T07:04:14.576Z,178841905457600
"""player 54 @ BeZA_Cf-pd"" checks",2026-09-03T07:04:13.752Z,178841905375200
"""player 53 @ LGay7r_Caq"" checks",2026-09-03T07:04:12.466Z,178841905246600
"Flop:  [3♥, 5♣, J♠]",2026-09-03T07:04:10.538Z,178841905053800
"""player 53 @ LGay7r_Caq"" checks",2026-09-03T07:04:09.645Z,178841904964500
"""player 51 @ uewFolxPCK"" folds",2026-09-03T07:04:07.873Z,178841904787300
"""player 54 @ BeZA_Cf-pd"" calls 5",2026-09-03T07:04:05.375Z,178841904537500
"""player 52 @ 4chnM3wbbk"" folds",2026-09-03T07:04:03.032Z,178841904303200
"""player 53 @ LGay7r_Caq"" posts a big blind of 5",2026-09-03T07:04:01.122Z,178841904112207
"""player 51 @ uewFolxPCK"" posts a small blind of 2",2026-09-03T07:04:01.122Z,178841904112206
"Player stacks: #1 ""player 53 @ LGay7r_Caq"" (630) | #2 ""player 52 @ 4chnM3wbbk"" (931) | #5 ""player 54 @ BeZA_Cf-pd"" (628) | #8 ""player 51 @ uewFolxPCK"" (311)",2026-09-03T07:04:01.122Z,178841904112201
"-- starting hand #6 (id: z1j9mfutbjln)  No Limit Texas Hold'em (dealer: ""player 54 @ BeZA_Cf-pd"") --",2026-09-03T07:04:01.122Z,178841904112200
"Undealt cards: 7♣, 10♥, 5♠ [7♦, J♣]",2026-09-03T07:03:55.696Z,178841903569600
"-- ending hand #5 --",2026-09-03T07:03:55.178Z,178841903517802
"""player 54 @ BeZA_Cf-pd"" collected 132 from pot",2026-09-03T07:03:55.178Z,178841903517801
"Uncalled bet of 130 returned to ""player 54 @ BeZA_Cf-pd""",2026-09-03T07:03:55.178Z,178841903517800
"""player 52 @ 4chnM3wbbk"" folds",2026-09-03T07:03:54.325Z,178841903432500
"""player 51 @ uewFolxPCK"" folds",2026-09-03T07:03:53.347Z,178841903334700
"""player 54 @ BeZA_Cf-pd"" bets 130",2026-09-03T07:03:51.435Z,178841903143500
"Flop:  [7♣, 10♥, 5♠]",2026-09-03T07:03:47.011Z,178841902701100
"""player 54 @ BeZA_Cf-pd"" calls 44",2026-09-03T07:03:46.179Z,178841902617900
"""player 52 @ 4chnM3wbbk"" calls 44",2026-09-03T07:03:45.147Z,178841902514700
"""player 51 @ uewFolxPCK"" raises to 44",2026-09-03T07:03:41.596Z,178841902159600
"""player 54 @ BeZA_Cf-pd"" calls 11",2026-09-03T07:03:39.065Z,178841901906500
"""player 52 @ 4chnM3wbbk"" raises to 11",2026-09-03T07:03:37.226Z,178841901722600
"""player 53 @ LGay7r_Caq"" folds",2026-09-03T07:03:32.621Z,178841901262100
"""player 51 @ uewFolxPCK"" posts a big blind of 5",2026-09-03T07:03:31.757Z,178841901175707
"""player 54 @ BeZA_Cf-pd"" posts a small blind of 2",2026-09-03T07:03:31.757Z,178841901175706
"Player stacks: #1 ""player 53 @ LGay7r_Caq"" (630) | #2 ""player 52 @ 4chnM3wbbk"" (975) | #5 ""player 54 @ BeZA_Cf-pd"" (540) | #8 ""player 51 @ uewFolxPCK"" (355)",2026-09-03T07:03:31.757Z,178841901175701
"-- starting hand #5 (id: frf96xen6ym8)  No Limit Texas Hold'em (dealer: ""player 52 @ 4chnM3wbbk"") --",2026-09-03T07:03:31.757Z,178841901175700
"""player 53 @ LGay7r_Caq"" shows a 3♠.",2026-09-03T07:03:27.661Z,178841900766100
"-- ending hand #4 --",2026-09-03T07:03:25.153Z,178841900515302
"""player 54 @ BeZA_Cf-pd"" collected 160 from pot with Pair, K's (combination: 6♣, 9♥, J♦, K♦, K♣)",2026-09-03T07:03:25.153Z,178841900515301
"""player 54 @ BeZA_Cf-pd"" shows a K♦, 5♥.",2026-09-03T07:03:25.153Z,178841900515300
"""player 53 @ LGay7r_Caq"" calls 40",2026-09-03T07:03:24.264Z,178841900426400
"""player 54 @ BeZA_Cf-pd"" bets 40",2026-09-03T07:03:23.272Z,178841900327200
"River: K♣, 4♣, J♦, 9♥ [6♣]",2026-09-03T07:03:20.796Z,178841900079600
"""player 53 @ LGay7r_Caq"" checks",2026-09-03T07:03:19.966Z,178841899996600
"""player 54 @ BeZA_Cf-pd"" checks",2026-09-03T07:03:18.341Z,178841899834100
"Turn: K♣, 4♣, J♦ [9♥]",2026-09-03T07:03:16.335Z,178841899633500
"""player 53 @ LGay7r_Caq"" calls 30",2026-09-03T07:03:15.504Z,178841899550400
"""player 51 @ uewFolxPCK"" folds",2026-09-03T07:03:14.587Z,178841899458700
"""player 54 @ BeZA_Cf-pd"" raises to 30",2026-09-03T07:03:13.278Z,178841899327800
"""player 52 @ 4chnM3wbbk"" folds",2026-09-03T07:03:11.148Z,178841899114800
"""player 53 @ LGay7r_Caq"" bets 10",2026-09-03T07:03:09.797Z,178841898979700
"""player 51 @ uewFolxPCK"" checks",2026-09-03T07:03:07.856Z,178841898785600
"""player 54 @ BeZA_Cf-pd"" checks",2026-09-03T07:03:05.791Z,178841898579100
"""player 52 @ 4chnM3wbbk"" checks",2026-09-03T07:03:03.729Z,178841898372900
"Flop:  [K♣, 4♣, J♦]",2026-09-03T07:03:02.125Z,178841898212500
"""player 54 @ BeZA_Cf-pd"" checks",2026-09-03T07:03:01.241Z,178841898124100
"""player 52 @ 4chnM3wbbk"" calls 5",2026-09-03T07:02:59.644Z,178841897964400
"""player 53 @ LGay7r_Caq"" calls 5",2026-09-03T07:02:58.684Z,178841897868400
"""player 51 @ uewFolxPCK"" calls 5",2026-09-03T07:02:57.742Z,178841897774200
"""player 54 @ BeZA_Cf-pd"" posts a big blind of 5",2026-09-03T07:02:54.377Z,178841897437707
"""player 52 @ 4chnM3wbbk"" posts a small blind of 2",2026-09-03T07:02:54.377Z,178841897437706
"Player stacks: #1 ""player 53 @ LGay7r_Caq"" (705) | #2 ""player 52 @ 4chnM3wbbk"" (980) | #5 ""player 54 @ BeZA_Cf-pd"" (455) | #8 ""player 51 @ uewFolxPCK"" (360)",2026-09-03T07:02:54.377Z,178841897437701
"-- starting hand #4 (id: ln6ycyayf0gx)  No Limit Texas Hold'em (dealer: ""player 53 @ LGay7r_Caq"") --",2026-09-03T07:02:54.377Z,178841897437700
"-- ending hand #3 --",2026-09-03T07:02:48.359Z,178841896835902
"""player 53 @ LGay7r_Caq"" collected 300 from pot with Pair, A's (combination: 5♦, 8♠, J♣, A♣, A♠)",2026-09-03T07:02:48.359Z,178841896835901
"""player 53 @ LGay7r_Caq"" shows a 8♠, A♣.",2026-09-03T07:02:48.359Z,178841896835900
"""player 51 @ uewFolxPCK"" checks",2026-09-03T07:02:47.503Z,178841896750300
"""player 53 @ LGay7r_Caq"" checks",2026-09-03T07:02:45.176Z,178841896517600
"River: J♣, 2♦, A♠, 5♦ [3♣]",2026-09-03T07:02:43.481Z,178841896348100
"""player 51 @ uewFolxPCK"" calls 75",2026-09-03T07:02:42.659Z,178841896265900
"""player 54 @ BeZA_Cf-pd"" folds",2026-09-03T07:02:41.209Z,178841896120900
"""player 53 @ LGay7r_Caq"" bets 75",2026-09-03T07:02:29.888Z,178841894988800
"Turn: J♣, 2♦, A♠ [5♦]",2026-09-03T07:02:27.253Z,178841894725300
"""player 52 @ 4chnM3wbbk"" folds",2026-09-03T07:02:26.369Z,178841894636900
"""player 53 @ LGay7r_Caq"" calls 30",2026-09-03T07:02:25.389Z,178841894538900
"""player 51 @ uewFolxPCK"" calls 30",2026-09-03T07:02:23.365Z,178841894336500
"""player 54 @ BeZA_Cf-pd"" bets 30",2026-09-03T07:02:22.009Z,178841894200900
"""player 52 @ 4chnM3wbbk"" checks",2026-09-03T07:02:16.726Z,178841893672600
"""player 53 @ LGay7r_Caq"" checks",2026-09-03T07:02:14.909Z,178841893490900
"Flop:  [J♣, 2♦, A♠]",2026-09-03T07:02:12.938Z,178841893293800
"""player 54 @ BeZA_Cf-pd"" calls 15",2026-09-03T07:02:12.131Z,178841893213100
"""player 52 @ 4chnM3wbbk"" calls 15",2026-09-03T07:02:08.732Z,178841892873200
"""player 53 @ LGay7r_Caq"" calls 15",2026-09-03T07:02:07.282Z,178841892728200
"""player 51 @ uewFolxPCK"" raises to 15",2026-09-03T07:02:05.443Z,178841892544300
"""player 54 @ BeZA_Cf-pd"" calls 5",2026-09-03T07:02:01.429Z,178841892142900
"""player 52 @ 4chnM3wbbk"" posts a big blind of 5",2026-09-03T07:01:59.264Z,178841891926407
"""player 53 @ LGay7r_Caq"" posts a small blind of 2",2026-09-03T07:01:59.264Z,178841891926406
"Player stacks: #1 ""player 53 @ LGay7r_Caq"" (525) | #2 ""player 52 @ 4chnM3wbbk"" (995) | #5 ""player 54 @ BeZA_Cf-pd"" (500) | #8 ""player 51 @ uewFolxPCK"" (480)",2026-09-03T07:01:59.264Z,178841891926401
"-- starting hand #3 (id: v5ean6a86rbk)  No Limit Texas Hold'em (dealer: ""player 51 @ uewFolxPCK"") --",2026-09-03T07:01:59.264Z,178841891926400
"-- ending hand #2 --",2026-09-03T07:01:53.259Z,178841891325902
"""player 53 @ LGay7r_Caq"" collected 40 from pot with Full House, 6's over J's (combination: J♣, J♦, 6♥, 6♠, 6♦)",2026-09-03T07:01:53.259Z,178841891325901
"""player 53 @ LGay7r_Caq"" shows a 5♣, J♣.",2026-09-03T07:01:53.259Z,178841891325900
"""player 51 @ uewFolxPCK"" calls 10",2026-09-03T07:01:52.436Z,178841891243600
"""player 54 @ BeZA_Cf-pd"" folds",2026-09-03T07:01:49.347Z,178841890934700
"""player 52 @ 4chnM3wbbk"" folds",2026-09-03T07:01:45.194Z,178841890519400
"""player 53 @ LGay7r_Caq"" raises to 10",2026-09-03T07:01:44.182Z,178841890418200
"""player 51 @ uewFolxPCK"" bets 5",2026-09-03T07:01:41.629Z,178841890162900
"River: 6♥, 3♦, 6♠, 6♦ [J♦]",2026-09-03T07:01:39.251Z,178841889925100
"""player 54 @ BeZA_Cf-pd"" checks",2026-09-03T07:01:38.423Z,178841889842300
"""player 52 @ 4chnM3wbbk"" checks",2026-09-03T07:01:36.492Z,178841889649200
"""player 53 @ LGay7r_Caq"" checks",2026-09-03T07:01:22.881Z,178841888288100
"""player 51 @ uewFolxPCK"" checks",2026-09-03T07:01:18.817Z,178841887881700
"Turn: 6♥, 3♦, 6♠ [6♦]",2026-09-03T07:01:16.951Z,178841887695100
"""player 54 @ BeZA_Cf-pd"" checks",2026-09-03T07:01:16.120Z,178841887612000
"""player 52 @ 4chnM3wbbk"" checks",2026-09-03T07:01:11.776Z,178841887177600
"""player 53 @ LGay7r_Caq"" checks",2026-09-03T07:01:06.324Z,178841886632400
"""player 51 @ uewFolxPCK"" checks",2026-09-03T07:01:02.722Z,178841886272200
"Flop:  [6♥, 3♦, 6♠]",2026-09-03T07:01:00.643Z,178841886064300
"""player 53 @ LGay7r_Caq"" checks",2026-09-03T07:00:59.824Z,178841885982400
"""player 51 @ uewFolxPCK"" calls 5",2026-09-03T07:00:52.073Z,178841885207300
"""player 54 @ BeZA_Cf-pd"" calls 5",2026-09-03T07:00:50.645Z,178841885064500
"""player 52 @ 4chnM3wbbk"" calls 5",2026-09-03T07:00:47.143Z,178841884714300
"""player 53 @ LGay7r_Caq"" posts a big blind of 5",2026-09-03T07:00:40.701Z,178841884070109
"""player 51 @ uewFolxPCK"" posts a small blind of 2",2026-09-03T07:00:40.701Z,178841884070108
"Player stacks: #1 ""player 53 @ LGay7r_Caq"" (500) | #2 ""player 52 @ 4chnM3wbbk"" (1000) | #5 ""player 54 @ BeZA_Cf-pd"" (505) | #8 ""player 51 @ uewFolxPCK"" (495)",2026-09-03T07:00:40.701Z,178841884070103
"-- starting hand #2 (id: crysrmatljtu)  No Limit Texas Hold'em (dealer: ""player 54 @ BeZA_Cf-pd"") --",2026-09-03T07:00:40.701Z,178841884070102
"The player ""player 52 @ 4chnM3wbbk"" joined the game with a stack of 1000.",2026-09-03T07:00:40.701Z,178841884070101
"The admin updated the player ""player 53 @ LGay7r_Caq"" stack from 1000 to 500.",2026-09-03T07:00:40.701Z,178841884070100
"-- ending hand #1 --",2026-09-03T07:00:34.687Z,178841883468702
"""player 54 @ BeZA_Cf-pd"" collected 10 from pot with Q High (combination: 7♦, 9♦, 10♠, J♥, Q♠)",2026-09-03T07:00:34.687Z,178841883468701
"""player 54 @ BeZA_Cf-pd"" shows a 7♦, 10♠.",2026-09-03T07:00:34.687Z,178841883468700
"""player 51 @ uewFolxPCK"" checks",2026-09-03T07:00:33.870Z,178841883387000
"""player 54 @ BeZA_Cf-pd"" checks",2026-09-03T07:00:32.332Z,178841883233200
"River: Q♠, J♥, 4♣, 9♦ [2♠]",2026-09-03T07:00:30.211Z,178841883021100
"""player 51 @ uewFolxPCK"" checks",2026-09-03T07:00:29.392Z,178841882939200
"""player 54 @ BeZA_Cf-pd"" checks",2026-09-03T07:00:27.682Z,178841882768200
"WARNING: the admin queued the stack change for the player ""player 53 @ LGay7r_Caq"" removing 500 chips in the next hand.",2026-09-03T07:00:27.060Z,178841882706000
"Turn: Q♠, J♥, 4♣ [9♦]",2026-09-03T07:00:22.205Z,178841882220500
"""player 51 @ uewFolxPCK"" checks",2026-09-03T07:00:21.349Z,178841882134900
"""player 54 @ BeZA_Cf-pd"" checks",2026-09-03T07:00:20.234Z,178841882023400
"Flop:  [Q♠, J♥, 4♣]",2026-09-03T07:00:07.797Z,178841880779700
"""player 51 @ uewFolxPCK"" checks",2026-09-03T07:00:06.904Z,178841880690400
"""player 54 @ BeZA_Cf-pd"" calls 5",2026-09-03T07:00:02.215Z,178841880221500
"The admin approved the player ""player 52 @ 4chnM3wbbk"" participation with a stack of 1000.",2026-09-03T06:59:57.901Z,178841879790100
"The player ""player 52 @ 4chnM3wbbk"" requested a seat.",2026-09-03T06:59:54.383Z,178841879438300
"""player 53 @ LGay7r_Caq"" folds",2026-09-03T06:59:49.912Z,178841878991200
"""player 51 @ uewFolxPCK"" posts a big blind of 5",2026-09-03T06:59:46.105Z,178841878610509
"""player 54 @ BeZA_Cf-pd"" posts a small blind of 2",2026-09-03T06:59:46.105Z,178841878610508
"Player stacks: #1 ""player 53 @ LGay7r_Caq"" (1000) | #5 ""player 54 @ BeZA_Cf-pd"" (500) | #8 ""player 51 @ uewFolxPCK"" (500)",2026-09-03T06:59:46.105Z,178841878610504
"The player ""player 51 @ uewFolxPCK"" joined the game with a stack of 500.",2026-09-03T06:59:46.105Z,178841878610503
"The player ""player 54 @ BeZA_Cf-pd"" joined the game with a stack of 500.",2026-09-03T06:59:46.105Z,178841878610502
"The player ""player 53 @ LGay7r_Caq"" joined the game with a stack of 1000.",2026-09-03T06:59:46.105Z,178841878610501
"-- starting hand #1 (id: jk6d0oquclww)  No Limit Texas Hold'em (dealer: ""player 53 @ LGay7r_Caq"") --",2026-09-03T06:59:46.105Z,178841878610500
"The admin approved the player ""player 53 @ LGay7r_Caq"" participation with a stack of 1000.",2026-09-03T06:58:54.300Z,178841873430000
"The player ""player 53 @ LGay7r_Caq"" requested a seat.",2026-09-03T06:58:50.549Z,178841873054900
"The admin approved the player ""player 54 @ BeZA_Cf-pd"" participation with a stack of 500.",2026-09-03T06:58:39.792Z,178841871979200
"The player ""player 54 @ BeZA_Cf-pd"" requested a seat.",2026-09-03T06:58:33.972Z,178841871397200
"The game's big blind was changed from 10 to 5.",2026-09-03T06:58:25.743Z,178841870574302
"The game's small blind was changed from 5 to 2.",2026-09-03T06:58:25.743Z,178841870574301
"Game Config Changes
* Blind Schedule: L1: 5/10 » L1: 2/5
* Restart Blind Schedule at Level: none » 1",2026-09-03T06:58:25.743Z,178841870574300
"The admin updated the player ""player 51 @ uewFolxPCK"" stack from 1000 to 500.",2026-09-03T06:58:21.282Z,178841870128201
"WARNING: the admin queued the stack change for the player ""player 51 @ uewFolxPCK"" removing 500 chips in the next hand.",2026-09-03T06:58:21.282Z,178841870128200
"The admin approved the player ""player 51 @ uewFolxPCK"" participation with a stack of 1000.",2026-09-03T06:57:20.385Z,178841864038501
"The player ""player 51 @ uewFolxPCK"" requested a seat.",2026-09-03T06:57:20.385Z,178841864038500
"The game's ante was changed from 0 to 0.",2026-09-03T06:56:40.088Z,178841860008803
"The game's big blind was changed from 20 to 10.",2026-09-03T06:56:40.088Z,178841860008802
"The game's small blind was changed from 10 to 5.",2026-09-03T06:56:40.088Z,178841860008801
"Game Config Changes
* Nit Minimum Players: off » 3
* Allow Rebuy: off » off
* Blind Schedule: L1: 10/20 » L1: 5/10
* Rabbit Hunt: off » on
* Allow Run it Twice: no » ask players
* Restart Blind Schedule at Level: none » 1",2026-09-03T06:56:40.088Z,178841860008800
