entry,at,order
"The player ""player 20 @ 4chnM3wbbk"" quits the game with a stack of 0.",2026-08-18T06:29:57.074Z,178703459707400
"-- ending hand #270 --",2026-08-18T06:29:49.055Z,178703458905502
"""player 61 @ uewFolxPCK"" collected 1300 from pot with Two Pair, 4's & 3's on the second run  (combination: 5♦, 3♥, 3♠, 4♠, 4♦)",2026-08-18T06:29:49.055Z,178703458905501
"""player 61 @ uewFolxPCK"" collected 1300 from pot with Straight, 7 High (combination: 3♥, 4♠, 5♠, 6♣, 7♣)",2026-08-18T06:29:49.055Z,178703458905500
"River (second run): 2♣, 2♦, 3♠, 5♦ [4♦]",2026-08-18T06:29:45.036Z,178703458503600
"Turn (second run): 2♣, 2♦, 3♠ [5♦]",2026-08-18T06:29:40.896Z,178703458089600
"Flop (second run):  [2♣, 2♦, 3♠]",2026-08-18T06:29:36.892Z,178703457689200
"River: 6♣, 5♣, Q♣, 7♣ [5♠]",2026-08-18T06:29:32.890Z,178703457289000
"Turn: 6♣, 5♣, Q♣ [7♣]",2026-08-18T06:29:28.856Z,178703456885600
"Flop:  [6♣, 5♣, Q♣]",2026-08-18T06:29:24.851Z,178703456485100
"""player 20 @ 4chnM3wbbk"" shows a Q♥, 8♥.",2026-08-18T06:29:20.817Z,178703456081700
"""player 61 @ uewFolxPCK"" shows a 3♥, 4♠.",2026-08-18T06:29:20.437Z,178703456043700
"All players in hand choose to run it twice.",2026-08-18T06:29:19.968Z,178703455996801
"""player 20 @ 4chnM3wbbk"" chooses to  run it twice.",2026-08-18T06:29:19.968Z,178703455996800
"""player 61 @ uewFolxPCK"" chooses to  run it twice.",2026-08-18T06:29:17.864Z,178703455786400
"Remaining players decide whether to run it twice.",2026-08-18T06:29:17.139Z,178703455713901
"""player 61 @ uewFolxPCK"" calls 1300",2026-08-18T06:29:17.139Z,178703455713900
"""player 20 @ 4chnM3wbbk"" raises to 1300 and go all in",2026-08-18T06:29:14.968Z,178703455496800
"""player 61 @ uewFolxPCK"" posts a big blind of 20",2026-08-18T06:29:12.209Z,178703455220905
"""player 20 @ 4chnM3wbbk"" posts a small blind of 10",2026-08-18T06:29:12.209Z,178703455220904
"Your hand is 3♥, 4♠",2026-08-18T06:29:12.209Z,178703455220902
"Player stacks: #1 ""player 61 @ uewFolxPCK"" (5400) | #2 ""player 20 @ 4chnM3wbbk"" (1300)",2026-08-18T06:29:12.209Z,178703455220901
"-- starting hand #270 (id: oqyisxbf9ojd)  No Limit Texas Hold'em (dealer: ""player 20 @ 4chnM3wbbk"") --",2026-08-18T06:29:12.209Z,178703455220900
"-- ending hand #269 --",2026-08-18T06:29:04.202Z,178703454420202
"""player 20 @ 4chnM3wbbk"" collected 1300 from pot with Pair, 3's on the second run  (combination: 9♣, K♠, A♦, 3♥, 3♦)",2026-08-18T06:29:04.202Z,178703454420201
"""player 61 @ uewFolxPCK"" collected 1300 from pot with Pair, 8's (combination: 10♣, J♦, K♥, 8♥, 8♠)",2026-08-18T06:29:04.202Z,178703454420200
"River (second run): A♦, 9♣, 2♦, K♠ [4♦]",2026-08-18T06:29:00.164Z,178703454016400
"Turn (second run): A♦, 9♣, 2♦ [K♠]",2026-08-18T06:28:56.148Z,178703453614800
"Flop (second run):  [A♦, 9♣, 2♦]",2026-08-18T06:28:52.141Z,178703453214100
"River: K♥, 8♠, 10♣, J♦ [6♥]",2026-08-18T06:28:48.074Z,178703452807400
"Turn: K♥, 8♠, 10♣ [J♦]",2026-08-18T06:28:44.071Z,178703452407100
"Flop:  [K♥, 8♠, 10♣]",2026-08-18T06:28:39.978Z,178703451997800
"""player 20 @ 4chnM3wbbk"" shows a 3♥, 3♦.",2026-08-18T06:28:35.954Z,178703451595401
"Uncalled bet of 4100 returned to ""player 61 @ uewFolxPCK""",2026-08-18T06:28:35.954Z,178703451595400
"""player 61 @ uewFolxPCK"" shows a 8♥, 3♣.",2026-08-18T06:28:35.593Z,178703451559300
"All players in hand choose to run it twice.",2026-08-18T06:28:35.131Z,178703451513101
"""player 61 @ uewFolxPCK"" chooses to  run it twice.",2026-08-18T06:28:35.131Z,178703451513100
"""player 20 @ 4chnM3wbbk"" chooses to  run it twice.",2026-08-18T06:28:34.032Z,178703451403200
"Remaining players decide whether to run it twice.",2026-08-18T06:28:30.965Z,178703451096501
"""player 20 @ 4chnM3wbbk"" calls 1300 and go all in",2026-08-18T06:28:30.965Z,178703451096500
"""player 61 @ uewFolxPCK"" raises to 5400 and go all in",2026-08-18T06:28:24.229Z,178703450422900
"""player 20 @ 4chnM3wbbk"" posts a big blind of 20",2026-08-18T06:28:22.931Z,178703450293105
"""player 61 @ uewFolxPCK"" posts a small blind of 10",2026-08-18T06:28:22.931Z,178703450293104
"Your hand is 8♥, 3♣",2026-08-18T06:28:22.931Z,178703450293102
"Player stacks: #1 ""player 61 @ uewFolxPCK"" (5400) | #2 ""player 20 @ 4chnM3wbbk"" (1300)",2026-08-18T06:28:22.931Z,178703450293101
"-- starting hand #269 (id: gifntdtrw6hv)  No Limit Texas Hold'em (dealer: ""player 61 @ uewFolxPCK"") --",2026-08-18T06:28:22.931Z,178703450293100
"-- ending hand #268 --",2026-08-18T06:28:14.925Z,178703449492502
"""player 61 @ uewFolxPCK"" collected 2700 from pot with Pair, 5's on the second run  (combination: 10♠, J♥, K♦, 5♠, 5♦)",2026-08-18T06:28:14.925Z,178703449492501
"""player 61 @ uewFolxPCK"" collected 2700 from pot with Three of a Kind, 5's (combination: J♠, K♠, 5♠, 5♦, 5♣)",2026-08-18T06:28:14.925Z,178703449492500
"River (second run): K♦, J♥, 10♠, 7♦ [3♥]",2026-08-18T06:28:10.845Z,178703449084500
"Turn (second run): K♦, J♥, 10♠ [7♦]",2026-08-18T06:28:06.796Z,178703448679600
"Flop (second run):  [K♦, J♥, 10♠]",2026-08-18T06:28:02.792Z,178703448279200
"River: 5♣, J♠, 6♥, K♠ [2♥]",2026-08-18T06:27:58.783Z,178703447878300
"Turn: 5♣, J♠, 6♥ [K♠]",2026-08-18T06:27:54.778Z,178703447477800
"Flop:  [5♣, J♠, 6♥]",2026-08-18T06:27:50.769Z,178703447076900
"""player 20 @ 4chnM3wbbk"" shows a 8♣, 2♠.",2026-08-18T06:27:46.763Z,178703446676301
"Uncalled bet of 1300 returned to ""player 20 @ 4chnM3wbbk""",2026-08-18T06:27:46.763Z,178703446676300
"""player 61 @ uewFolxPCK"" shows a 5♠, 5♦.",2026-08-18T06:27:46.424Z,178703446642400
"All players in hand choose to run it twice.",2026-08-18T06:27:45.945Z,178703446594501
"""player 20 @ 4chnM3wbbk"" chooses to  run it twice.",2026-08-18T06:27:45.945Z,178703446594500
"""player 61 @ uewFolxPCK"" chooses to  run it twice.",2026-08-18T06:27:44.781Z,178703446478100
"Remaining players decide whether to run it twice.",2026-08-18T06:27:44.287Z,178703446428701
"""player 61 @ uewFolxPCK"" calls 2700 and go all in",2026-08-18T06:27:44.287Z,178703446428700
"""player 20 @ 4chnM3wbbk"" raises to 4000 and go all in",2026-08-18T06:27:43.377Z,178703446337700
"""player 61 @ uewFolxPCK"" posts a big blind of 20",2026-08-18T06:27:40.755Z,178703446075505
"""player 20 @ 4chnM3wbbk"" posts a small blind of 10",2026-08-18T06:27:40.755Z,178703446075504
"Your hand is 5♠, 5♦",2026-08-18T06:27:40.755Z,178703446075502
"Player stacks: #1 ""player 61 @ uewFolxPCK"" (2700) | #2 ""player 20 @ 4chnM3wbbk"" (4000)",2026-08-18T06:27:40.755Z,178703446075501
"-- starting hand #268 (id: ctvywobn77qb)  No Limit Texas Hold'em (dealer: ""player 20 @ 4chnM3wbbk"") --",2026-08-18T06:27:40.755Z,178703446075500
"-- ending hand #267 --",2026-08-18T06:27:32.742Z,178703445274202
"""player 20 @ 4chnM3wbbk"" collected 2700 from pot with Pair, 5's on the second run  (combination: 9♦, Q♥, A♣, 5♠, 5♣)",2026-08-18T06:27:32.742Z,178703445274201
"""player 61 @ uewFolxPCK"" collected 2700 from pot with Straight, K High (combination: 9♠, 10♦, J♠, Q♦, K♠)",2026-08-18T06:27:32.742Z,178703445274200
"River (second run): Q♥, 5♣, 8♦, 9♦ [3♥]",2026-08-18T06:27:28.739Z,178703444873900
"Turn (second run): Q♥, 5♣, 8♦ [9♦]",2026-08-18T06:27:24.736Z,178703444473600
"Flop (second run):  [Q♥, 5♣, 8♦]",2026-08-18T06:27:20.692Z,178703444069200
"River: Q♦, K♠, 6♦, 10♦ [9♠]",2026-08-18T06:27:16.651Z,178703443665100
"Turn: Q♦, K♠, 6♦ [10♦]",2026-08-18T06:27:12.579Z,178703443257900
"Flop:  [Q♦, K♠, 6♦]",2026-08-18T06:27:08.519Z,178703442851900
"""player 20 @ 4chnM3wbbk"" shows a A♣, 5♠.",2026-08-18T06:27:04.514Z,178703442451401
"""player 61 @ uewFolxPCK"" shows a J♠, 4♠.",2026-08-18T06:27:04.514Z,178703442451400
"All players in hand choose to run it twice.",2026-08-18T06:27:03.683Z,178703442368301
"""player 20 @ 4chnM3wbbk"" chooses to  run it twice.",2026-08-18T06:27:03.683Z,178703442368300
"""player 61 @ uewFolxPCK"" chooses to  run it twice.",2026-08-18T06:27:02.392Z,178703442239200
"Remaining players decide whether to run it twice.",2026-08-18T06:27:01.858Z,178703442185801
"""player 20 @ 4chnM3wbbk"" calls 2700",2026-08-18T06:27:01.858Z,178703442185800
"""player 61 @ uewFolxPCK"" raises to 2700 and go all in",2026-08-18T06:27:00.797Z,178703442079700
"""player 20 @ 4chnM3wbbk"" posts a big blind of 20",2026-08-18T06:26:59.652Z,178703441965205
"""player 61 @ uewFolxPCK"" posts a small blind of 10",2026-08-18T06:26:59.652Z,178703441965204
"Your hand is J♠, 4♠",2026-08-18T06:26:59.652Z,178703441965202
"Player stacks: #1 ""player 61 @ uewFolxPCK"" (2700) | #2 ""player 20 @ 4chnM3wbbk"" (4000)",2026-08-18T06:26:59.652Z,178703441965201
"-- starting hand #267 (id: wl98meeflddz)  No Limit Texas Hold'em (dealer: ""player 61 @ uewFolxPCK"") --",2026-08-18T06:26:59.652Z,178703441965200
"-- ending hand #266 --",2026-08-18T06:26:51.643Z,178703441164302
"""player 20 @ 4chnM3wbbk"" collected 2700 from pot with Flush, K High on the second run  (combination: 6♥, 8♥, 9♥, J♥, K♥)",2026-08-18T06:26:51.643Z,178703441164301
"""player 61 @ uewFolxPCK"" collected 2700 from pot with Flush, K High (combination: 5♦, 6♦, 7♦, 10♦, K♦)",2026-08-18T06:26:51.643Z,178703441164300
"River (second run): J♥, 6♥, 10♠, 8♥ [K♥]",2026-08-18T06:26:47.583Z,178703440758300
"Turn (second run): J♥, 6♥, 10♠ [8♥]",2026-08-18T06:26:43.581Z,178703440358100
"Flop (second run):  [J♥, 6♥, 10♠]",2026-08-18T06:26:39.577Z,178703439957700
"River: 7♦, K♦, J♠, 5♦ [6♦]",2026-08-18T06:26:35.525Z,178703439552500
"Turn: 7♦, K♦, J♠ [5♦]",2026-08-18T06:26:31.441Z,178703439144100
"Flop:  [7♦, K♦, J♠]",2026-08-18T06:26:27.436Z,178703438743600
"""player 20 @ 4chnM3wbbk"" shows a 9♥, 3♣.",2026-08-18T06:26:23.399Z,178703438339901
"Uncalled bet of 1300 returned to ""player 20 @ 4chnM3wbbk""",2026-08-18T06:26:23.399Z,178703438339900
"""player 61 @ uewFolxPCK"" shows a 5♥, 10♦.",2026-08-18T06:26:23.069Z,178703438306900
"All players in hand choose to run it twice.",2026-08-18T06:26:22.584Z,178703438258401
"""player 20 @ 4chnM3wbbk"" chooses to  run it twice.",2026-08-18T06:26:22.584Z,178703438258400
"""player 61 @ uewFolxPCK"" chooses to  run it twice.",2026-08-18T06:26:21.647Z,178703438164700
"Remaining players decide whether to run it twice.",2026-08-18T06:26:21.041Z,178703438104101
"""player 61 @ uewFolxPCK"" calls 2700 and go all in",2026-08-18T06:26:21.041Z,178703438104100
"""player 20 @ 4chnM3wbbk"" raises to 4000 and go all in",2026-08-18T06:26:18.975Z,178703437897500
"""player 61 @ uewFolxPCK"" posts a big blind of 20",2026-08-18T06:26:16.348Z,178703437634805
"""player 20 @ 4chnM3wbbk"" posts a small blind of 10",2026-08-18T06:26:16.348Z,178703437634804
"Your hand is 5♥, 10♦",2026-08-18T06:26:16.348Z,178703437634802
"Player stacks: #1 ""player 61 @ uewFolxPCK"" (2700) | #2 ""player 20 @ 4chnM3wbbk"" (4000)",2026-08-18T06:26:16.348Z,178703437634801
"-- starting hand #266 (id: nx34zplwr6me)  No Limit Texas Hold'em (dealer: ""player 20 @ 4chnM3wbbk"") --",2026-08-18T06:26:16.348Z,178703437634800
"-- ending hand #265 --",2026-08-18T06:26:08.300Z,178703436830002
"""player 20 @ 4chnM3wbbk"" collected 2000 from pot with Pair, 2's on the second run  (combination: 8♥, 10♦, A♦, 2♠, 2♥)",2026-08-18T06:26:08.300Z,178703436830001
"""player 20 @ 4chnM3wbbk"" collected 2000 from pot with Three of a Kind, 8's (combination: J♣, A♦, 8♣, 8♠, 8♦)",2026-08-18T06:26:08.300Z,178703436830000
"River (second run): 10♦, 2♠, 7♠, 8♥ [2♥]",2026-08-18T06:26:04.295Z,178703436429500
"Turn (second run): 10♦, 2♠, 7♠ [8♥]",2026-08-18T06:26:00.258Z,178703436025800
"Flop (second run):  [10♦, 2♠, 7♠]",2026-08-18T06:25:56.209Z,178703435620900
"River: 8♣, 9♠, 8♠, 8♦ [J♣]",2026-08-18T06:25:52.202Z,178703435220200
"Turn: 8♣, 9♠, 8♠ [8♦]",2026-08-18T06:25:48.199Z,178703434819900
"Flop:  [8♣, 9♠, 8♠]",2026-08-18T06:25:44.196Z,178703434419600
"""player 20 @ 4chnM3wbbk"" shows a A♦, 3♥.",2026-08-18T06:25:40.156Z,178703434015601
"Uncalled bet of 2700 returned to ""player 61 @ uewFolxPCK""",2026-08-18T06:25:40.156Z,178703434015600
"""player 61 @ uewFolxPCK"" shows a 6♠, Q♣.",2026-08-18T06:25:39.883Z,178703433988300
"All players in hand choose to run it twice.",2026-08-18T06:25:39.282Z,178703433928201
"""player 20 @ 4chnM3wbbk"" chooses to  run it twice.",2026-08-18T06:25:39.282Z,178703433928200
"""player 61 @ uewFolxPCK"" chooses to  run it twice.",2026-08-18T06:25:37.791Z,178703433779100
"Remaining players decide whether to run it twice.",2026-08-18T06:25:36.704Z,178703433670401
"""player 20 @ 4chnM3wbbk"" calls 2000 and go all in",2026-08-18T06:25:36.704Z,178703433670400
"""player 61 @ uewFolxPCK"" raises to 4700 and go all in",2026-08-18T06:25:33.771Z,178703433377100
"""player 20 @ 4chnM3wbbk"" posts a big blind of 20",2026-08-18T06:25:32.302Z,178703433230207
"""player 61 @ uewFolxPCK"" posts a small blind of 10",2026-08-18T06:25:32.302Z,178703433230206
"Your hand is 6♠, Q♣",2026-08-18T06:25:32.302Z,178703433230204
"Player stacks: #1 ""player 61 @ uewFolxPCK"" (4700) | #2 ""player 20 @ 4chnM3wbbk"" (2000)",2026-08-18T06:25:32.302Z,178703433230203
"The player ""player 20 @ 4chnM3wbbk"" joined the game with a stack of 2000.",2026-08-18T06:25:32.302Z,178703433230202
"The player ""player 61 @ uewFolxPCK"" joined the game with a stack of 4700.",2026-08-18T06:25:32.302Z,178703433230201
"-- starting hand #265 (id: omdcyn5zjrlb)  No Limit Texas Hold'em (dealer: ""player 61 @ uewFolxPCK"") --",2026-08-18T06:25:32.302Z,178703433230200
"The admin approved the player ""player 20 @ 4chnM3wbbk"" participation with a stack of 2000.",2026-08-18T06:25:30.654Z,178703433065400
"The player ""player 20 @ 4chnM3wbbk"" requested a seat.",2026-08-18T06:25:25.796Z,178703432579600
"The player ""player 20 @ 4chnM3wbbk"" quits the game with a stack of 0.",2026-08-18T06:24:55.064Z,178703429506400
"-- ending hand #264 --",2026-08-18T06:24:47.052Z,178703428705202
"""player 61 @ uewFolxPCK"" collected 2160 from pot with Two Pair, 5's & 4's on the second run  (combination: 9♣, 4♣, 4♠, 5♦, 5♠)",2026-08-18T06:24:47.052Z,178703428705201
"""player 61 @ uewFolxPCK"" collected 2160 from pot with Two Pair, 7's & 4's (combination: K♠, 4♣, 4♥, 7♠, 7♥)",2026-08-18T06:24:47.052Z,178703428705200
"River (second run): 6♥, 9♣, 4♠, 5♦ [5♠]",2026-08-18T06:24:43.047Z,178703428304700
"Turn (second run): 6♥, 9♣, 4♠ [5♦]",2026-08-18T06:24:39.038Z,178703427903800
"Flop (second run):  [6♥, 9♣, 4♠]",2026-08-18T06:24:34.987Z,178703427498700
"River: 4♥, 7♠, 5♥, 7♥ [K♠]",2026-08-18T06:24:30.948Z,178703427094800
"Turn: 4♥, 7♠, 5♥ [7♥]",2026-08-18T06:24:26.943Z,178703426694300
"Flop:  [4♥, 7♠, 5♥]",2026-08-18T06:24:22.942Z,178703426294200
"""player 20 @ 4chnM3wbbk"" shows a Q♠, 3♥.",2026-08-18T06:24:18.940Z,178703425894001
"Uncalled bet of 380 returned to ""player 61 @ uewFolxPCK""",2026-08-18T06:24:18.940Z,178703425894000
"""player 61 @ uewFolxPCK"" shows a 4♣, 8♦.",2026-08-18T06:24:18.542Z,178703425854200
"All players in hand choose to run it twice.",2026-08-18T06:24:18.081Z,178703425808101
"""player 20 @ 4chnM3wbbk"" chooses to  run it twice.",2026-08-18T06:24:18.081Z,178703425808100
"""player 61 @ uewFolxPCK"" chooses to  run it twice.",2026-08-18T06:24:17.853Z,178703425785300
"Remaining players decide whether to run it twice.",2026-08-18T06:24:16.937Z,178703425693701
"""player 20 @ 4chnM3wbbk"" calls 2160 and go all in",2026-08-18T06:24:16.937Z,178703425693700
"""player 61 @ uewFolxPCK"" raises to 2540 and go all in",2026-08-18T06:24:15.274Z,178703425527400
"""player 20 @ 4chnM3wbbk"" posts a big blind of 20",2026-08-18T06:24:14.022Z,178703425402207
"""player 61 @ uewFolxPCK"" posts a small blind of 10",2026-08-18T06:24:14.022Z,178703425402206
"Your hand is 4♣, 8♦",2026-08-18T06:24:14.022Z,178703425402204
"Player stacks: #1 ""player 61 @ uewFolxPCK"" (2540) | #2 ""player 20 @ 4chnM3wbbk"" (2160)",2026-08-18T06:24:14.022Z,178703425402203
"The player ""player 20 @ 4chnM3wbbk"" joined the game with a stack of 2160.",2026-08-18T06:24:14.022Z,178703425402202
"The player ""player 61 @ uewFolxPCK"" joined the game with a stack of 2540.",2026-08-18T06:24:14.022Z,178703425402201
"-- starting hand #264 (id: n4bc6z0dt84l)  No Limit Texas Hold'em (dealer: ""player 61 @ uewFolxPCK"") --",2026-08-18T06:24:14.022Z,178703425402200
"Undealt cards:  [7♠, 2♦, 4♥, Q♠, 5♦]",2026-08-18T06:23:04.450Z,178703418445000
"-- ending hand #263 --",2026-08-18T06:23:04.151Z,178703418415102
"""player 20 @ 4chnM3wbbk"" collected 360 from pot",2026-08-18T06:23:04.151Z,178703418415101
"Uncalled bet of 1800 returned to ""player 20 @ 4chnM3wbbk""",2026-08-18T06:23:04.151Z,178703418415100
"""player 61 @ uewFolxPCK"" folds",2026-08-18T06:23:03.285Z,178703418328500
"The admin ""player 61 @ uewFolxPCK"" enqueued the game stop on next hand.",2026-08-18T06:23:00.382Z,178703418038200
"""player 20 @ 4chnM3wbbk"" raises to 1980 and go all in",2026-08-18T06:22:35.907Z,178703415590700
"""player 61 @ uewFolxPCK"" raises to 180",2026-08-18T06:22:33.446Z,178703415344600
"""player 20 @ 4chnM3wbbk"" raises to 60",2026-08-18T06:22:28.332Z,178703414833200
"""player 61 @ uewFolxPCK"" posts a big blind of 20",2026-08-18T06:22:26.460Z,178703414646005
"""player 20 @ 4chnM3wbbk"" posts a small blind of 10",2026-08-18T06:22:26.460Z,178703414646004
"Player stacks: #1 ""player 61 @ uewFolxPCK"" (2720) | #2 ""player 20 @ 4chnM3wbbk"" (1980)",2026-08-18T06:22:26.460Z,178703414646001
"-- starting hand #263 (id: hzikclhmnc2q)  No Limit Texas Hold'em (dealer: ""player 20 @ 4chnM3wbbk"") --",2026-08-18T06:22:26.460Z,178703414646000
"Undealt cards:  [10♣, 3♣, 5♥, 2♥, 8♥]",2026-08-18T06:22:20.817Z,178703414081700
"-- ending hand #262 --",2026-08-18T06:22:20.483Z,178703414048302
"""player 20 @ 4chnM3wbbk"" collected 20 from pot",2026-08-18T06:22:20.483Z,178703414048301
"Uncalled bet of 10 returned to ""player 20 @ 4chnM3wbbk""",2026-08-18T06:22:20.483Z,178703414048300
"""player 61 @ uewFolxPCK"" folds",2026-08-18T06:22:19.669Z,178703413966900
"""player 20 @ 4chnM3wbbk"" posts a big blind of 20",2026-08-18T06:22:18.772Z,178703413877205
"""player 61 @ uewFolxPCK"" posts a small blind of 10",2026-08-18T06:22:18.772Z,178703413877204
"Player stacks: #1 ""player 61 @ uewFolxPCK"" (2730) | #2 ""player 20 @ 4chnM3wbbk"" (1970)",2026-08-18T06:22:18.772Z,178703413877201
"-- starting hand #262 (id: bvxah2zx7ly4)  No Limit Texas Hold'em (dealer: ""player 61 @ uewFolxPCK"") --",2026-08-18T06:22:18.772Z,178703413877200
"Undealt cards:  [K♥, 10♥, Q♠, 3♥, A♥]",2026-08-18T06:22:13.931Z,178703413393100
"-- ending hand #261 --",2026-08-18T06:22:12.851Z,178703413285102
"""player 20 @ 4chnM3wbbk"" collected 40 from pot",2026-08-18T06:22:12.851Z,178703413285101
"Uncalled bet of 40 returned to ""player 20 @ 4chnM3wbbk""",2026-08-18T06:22:12.851Z,178703413285100
"""player 61 @ uewFolxPCK"" folds",2026-08-18T06:22:11.970Z,178703413197000
"""player 20 @ 4chnM3wbbk"" raises to 60",2026-08-18T06:22:09.143Z,178703412914300
"""player 61 @ uewFolxPCK"" posts a big blind of 20",2026-08-18T06:22:06.862Z,178703412686205
"""player 20 @ 4chnM3wbbk"" posts a small blind of 10",2026-08-18T06:22:06.862Z,178703412686204
"Player stacks: #1 ""player 61 @ uewFolxPCK"" (2750) | #2 ""player 20 @ 4chnM3wbbk"" (1950)",2026-08-18T06:22:06.862Z,178703412686201
"-- starting hand #261 (id: sgl8fg4hh42u)  No Limit Texas Hold'em (dealer: ""player 20 @ 4chnM3wbbk"") --",2026-08-18T06:22:06.862Z,178703412686200
"Undealt cards:  [9♣, 6♣, 6♦, 7♥, 7♦]",2026-08-18T06:22:01.269Z,178703412126900
"-- ending hand #260 --",2026-08-18T06:22:00.956Z,178703412095602
"""player 20 @ 4chnM3wbbk"" collected 20 from pot",2026-08-18T06:22:00.956Z,178703412095601
"Uncalled bet of 10 returned to ""player 20 @ 4chnM3wbbk""",2026-08-18T06:22:00.956Z,178703412095600
"""player 61 @ uewFolxPCK"" folds",2026-08-18T06:22:00.097Z,178703412009700
"""player 20 @ 4chnM3wbbk"" posts a big blind of 20",2026-08-18T06:21:58.955Z,178703411895505
"""player 61 @ uewFolxPCK"" posts a small blind of 10",2026-08-18T06:21:58.955Z,178703411895504
"Player stacks: #1 ""player 61 @ uewFolxPCK"" (2760) | #2 ""player 20 @ 4chnM3wbbk"" (1940)",2026-08-18T06:21:58.955Z,178703411895501
"-- starting hand #260 (id: alx8bnegdj2l)  No Limit Texas Hold'em (dealer: ""player 61 @ uewFolxPCK"") --",2026-08-18T06:21:58.955Z,178703411895500
"-- ending hand #259 --",2026-08-18T06:21:55.964Z,178703411596402
"""player 20 @ 4chnM3wbbk"" collected 120 from pot",2026-08-18T06:21:55.964Z,178703411596401
"Uncalled bet of 80 returned to ""player 20 @ 4chnM3wbbk""",2026-08-18T06:21:55.964Z,178703411596400
"""player 61 @ uewFolxPCK"" folds",2026-08-18T06:21:55.153Z,178703411515300
"""player 20 @ 4chnM3wbbk"" raises to 120",2026-08-18T06:21:32.022Z,178703409202200
"""player 61 @ uewFolxPCK"" bets 40",2026-08-18T06:21:28.693Z,178703408869300
"River: 8♥, 9♠, 6♥, Q♥ [10♦]",2026-08-18T06:21:26.955Z,178703408695500
"""player 20 @ 4chnM3wbbk"" checks",2026-08-18T06:21:26.116Z,178703408611600
"""player 61 @ uewFolxPCK"" checks",2026-08-18T06:21:24.848Z,178703408484800
"Turn: 8♥, 9♠, 6♥ [Q♥]",2026-08-18T06:21:23.677Z,178703408367700
"""player 20 @ 4chnM3wbbk"" checks",2026-08-18T06:21:22.837Z,178703408283700
"""player 61 @ uewFolxPCK"" checks",2026-08-18T06:21:21.898Z,178703408189800
"Flop:  [8♥, 9♠, 6♥]",2026-08-18T06:21:20.202Z,178703408020200
"""player 61 @ uewFolxPCK"" checks",2026-08-18T06:21:19.364Z,178703407936400
"""player 20 @ 4chnM3wbbk"" calls 20",2026-08-18T06:21:18.442Z,178703407844200
"""player 61 @ uewFolxPCK"" posts a big blind of 20",2026-08-18T06:21:17.138Z,178703407713805
"""player 20 @ 4chnM3wbbk"" posts a small blind of 10",2026-08-18T06:21:17.138Z,178703407713804
"Player stacks: #1 ""player 61 @ uewFolxPCK"" (2820) | #2 ""player 20 @ 4chnM3wbbk"" (1880)",2026-08-18T06:21:17.138Z,178703407713801
"-- starting hand #259 (id: f7deohvw44zx)  No Limit Texas Hold'em (dealer: ""player 20 @ 4chnM3wbbk"") --",2026-08-18T06:21:17.138Z,178703407713800
"-- ending hand #258 --",2026-08-18T06:21:14.203Z,178703407420302
"""player 20 @ 4chnM3wbbk"" collected 40 from pot",2026-08-18T06:21:14.203Z,178703407420301
"Uncalled bet of 20 returned to ""player 20 @ 4chnM3wbbk""",2026-08-18T06:21:14.203Z,178703407420300
"""player 61 @ uewFolxPCK"" folds",2026-08-18T06:21:13.395Z,178703407339500
"""player 20 @ 4chnM3wbbk"" bets 20",2026-08-18T06:21:12.471Z,178703407247100
"River: 6♦, A♣, 6♣, 2♠ [J♠]",2026-08-18T06:21:10.994Z,178703407099400
"""player 61 @ uewFolxPCK"" checks",2026-08-18T06:21:10.158Z,178703407015800
"""player 20 @ 4chnM3wbbk"" checks",2026-08-18T06:21:09.254Z,178703406925400
"Turn: 6♦, A♣, 6♣ [2♠]",2026-08-18T06:21:08.192Z,178703406819200
"""player 61 @ uewFolxPCK"" checks",2026-08-18T06:21:07.368Z,178703406736800
"""player 20 @ 4chnM3wbbk"" checks",2026-08-18T06:21:06.323Z,178703406632300
"Flop:  [6♦, A♣, 6♣]",2026-08-18T06:21:05.059Z,178703406505900
"""player 20 @ 4chnM3wbbk"" checks",2026-08-18T06:21:04.253Z,178703406425300
"""player 61 @ uewFolxPCK"" calls 20",2026-08-18T06:21:01.649Z,178703406164900
"""player 20 @ 4chnM3wbbk"" posts a big blind of 20",2026-08-18T06:21:00.638Z,178703406063807
"""player 61 @ uewFolxPCK"" posts a small blind of 10",2026-08-18T06:21:00.638Z,178703406063806
"Player stacks: #1 ""player 61 @ uewFolxPCK"" (2840) | #2 ""player 20 @ 4chnM3wbbk"" (1860)",2026-08-18T06:21:00.638Z,178703406063803
"The player ""player 20 @ 4chnM3wbbk"" joined the game with a stack of 1860.",2026-08-18T06:21:00.638Z,178703406063802
"The player ""player 61 @ uewFolxPCK"" joined the game with a stack of 2840.",2026-08-18T06:21:00.638Z,178703406063801
"-- starting hand #258 (id: szu8ye3hq5uw)  No Limit Texas Hold'em (dealer: ""player 61 @ uewFolxPCK"") --",2026-08-18T06:21:00.638Z,178703406063800
"The admin ""player 61 @ uewFolxPCK"" enqueued the game stop on next hand.",2026-08-18T06:20:48.322Z,178703404832200
"-- ending hand #257 --",2026-08-18T06:20:42.358Z,178703404235802
"""player 61 @ uewFolxPCK"" collected 1440 from pot with Flush, Q High (combination: 4♣, 5♣, 7♣, 9♣, Q♣)",2026-08-18T06:20:42.358Z,178703404235801
"""player 61 @ uewFolxPCK"" shows a Q♣, K♠.",2026-08-18T06:20:42.358Z,178703404235800
"""player 20 @ 4chnM3wbbk"" checks",2026-08-18T06:20:41.453Z,178703404145300
"""player 61 @ uewFolxPCK"" checks",2026-08-18T06:20:34.336Z,178703403433600
"River: 7♣, 9♥, 5♣, 4♣ [9♣]",2026-08-18T06:20:26.194Z,178703402619400
"""player 61 @ uewFolxPCK"" calls 600",2026-08-18T06:20:25.304Z,178703402530400
"""player 20 @ 4chnM3wbbk"" raises to 600",2026-08-18T06:20:19.238Z,178703401923800
"""player 61 @ uewFolxPCK"" raises to 360",2026-08-18T06:20:10.855Z,178703401085500
"""player 20 @ 4chnM3wbbk"" bets 120",2026-08-18T06:20:07.115Z,178703400711500
"""player 61 @ uewFolxPCK"" checks",2026-08-18T06:20:04.377Z,178703400437700
"Turn: 7♣, 9♥, 5♣ [4♣]",2026-08-18T06:20:01.079Z,178703400107900
"""player 61 @ uewFolxPCK"" calls 60",2026-08-18T06:20:00.244Z,178703400024400
"""player 20 @ 4chnM3wbbk"" bets 60",2026-08-18T06:19:59.067Z,178703399906700
"""player 61 @ uewFolxPCK"" checks",2026-08-18T06:19:56.725Z,178703399672500
"Flop:  [7♣, 9♥, 5♣]",2026-08-18T06:19:55.099Z,178703399509900
"""player 61 @ uewFolxPCK"" calls 60",2026-08-18T06:19:54.297Z,178703399429700
"""player 20 @ 4chnM3wbbk"" raises to 60",2026-08-18T06:19:53.359Z,178703399335900
"""player 61 @ uewFolxPCK"" posts a big blind of 20",2026-08-18T06:19:51.210Z,178703399121005
"""player 20 @ 4chnM3wbbk"" posts a small blind of 10",2026-08-18T06:19:51.210Z,178703399121004
"Your hand is Q♣, K♠",2026-08-18T06:19:51.210Z,178703399121002
"Player stacks: #1 ""player 61 @ uewFolxPCK"" (2120) | #2 ""player 20 @ 4chnM3wbbk"" (2580)",2026-08-18T06:19:51.210Z,178703399121001
"-- starting hand #257 (id: d8srzng0tqeu)  No Limit Texas Hold'em (dealer: ""player 20 @ 4chnM3wbbk"") --",2026-08-18T06:19:51.210Z,178703399121000
"Undealt cards: J♦, 10♦, 8♣ [A♥, A♠]",2026-08-18T06:19:45.525Z,178703398552500
"-- ending hand #256 --",2026-08-18T06:19:45.290Z,178703398529002
"""player 61 @ uewFolxPCK"" collected 120 from pot",2026-08-18T06:19:45.290Z,178703398529001
"Uncalled bet of 40 returned to ""player 61 @ uewFolxPCK""",2026-08-18T06:19:45.290Z,178703398529000
"""player 20 @ 4chnM3wbbk"" folds",2026-08-18T06:19:44.472Z,178703398447200
"""player 61 @ uewFolxPCK"" bets 40",2026-08-18T06:19:42.785Z,178703398278500
"""player 20 @ 4chnM3wbbk"" checks",2026-08-18T06:19:40.687Z,178703398068700
"Flop:  [J♦, 10♦, 8♣]",2026-08-18T06:19:39.199Z,178703397919900
"""player 20 @ 4chnM3wbbk"" calls 60",2026-08-18T06:19:38.351Z,178703397835100
"""player 61 @ uewFolxPCK"" raises to 60",2026-08-18T06:19:37.448Z,178703397744800
"""player 20 @ 4chnM3wbbk"" posts a big blind of 20",2026-08-18T06:19:35.796Z,178703397579605
"""player 61 @ uewFolxPCK"" posts a small blind of 10",2026-08-18T06:19:35.796Z,178703397579604
"Player stacks: #1 ""player 61 @ uewFolxPCK"" (2060) | #2 ""player 20 @ 4chnM3wbbk"" (2640)",2026-08-18T06:19:35.796Z,178703397579601
"-- starting hand #256 (id: s4zs04xdvcif)  No Limit Texas Hold'em (dealer: ""player 61 @ uewFolxPCK"") --",2026-08-18T06:19:35.796Z,178703397579600
"Undealt cards:  [5♦, A♦, A♠, 3♥, 10♠]",2026-08-18T06:19:31.121Z,178703397112100
"-- ending hand #255 --",2026-08-18T06:19:29.860Z,178703396986002
"""player 61 @ uewFolxPCK"" collected 20 from pot",2026-08-18T06:19:29.860Z,178703396986001
"Uncalled bet of 10 returned to ""player 61 @ uewFolxPCK""",2026-08-18T06:19:29.860Z,178703396986000
"""player 20 @ 4chnM3wbbk"" folds",2026-08-18T06:19:29.020Z,178703396902000
"""player 61 @ uewFolxPCK"" posts a big blind of 20",2026-08-18T06:19:27.649Z,178703396764905
"""player 20 @ 4chnM3wbbk"" posts a small blind of 10",2026-08-18T06:19:27.649Z,178703396764904
"Player stacks: #1 ""player 61 @ uewFolxPCK"" (2050) | #2 ""player 20 @ 4chnM3wbbk"" (2650)",2026-08-18T06:19:27.649Z,178703396764901
"-- starting hand #255 (id: edtaycjtehxj)  No Limit Texas Hold'em (dealer: ""player 20 @ 4chnM3wbbk"") --",2026-08-18T06:19:27.649Z,178703396764900
"-- ending hand #254 --",2026-08-18T06:19:24.745Z,178703396474502
"""player 61 @ uewFolxPCK"" collected 360 from pot",2026-08-18T06:19:24.745Z,178703396474501
"Uncalled bet of 240 returned to ""player 61 @ uewFolxPCK""",2026-08-18T06:19:24.745Z,178703396474500
"""player 20 @ 4chnM3wbbk"" folds",2026-08-18T06:19:23.925Z,178703396392500
"""player 61 @ uewFolxPCK"" bets 240",2026-08-18T06:19:21.120Z,178703396112000
"""player 20 @ 4chnM3wbbk"" checks",2026-08-18T06:19:12.025Z,178703395202500
"River: 9♣, 8♦, J♦, J♣ [J♠]",2026-08-18T06:19:09.783Z,178703394978300
"""player 20 @ 4chnM3wbbk"" calls 80",2026-08-18T06:19:08.967Z,178703394896700
"""player 61 @ uewFolxPCK"" bets 80",2026-08-18T06:19:07.922Z,178703394792200
"""player 20 @ 4chnM3wbbk"" checks",2026-08-18T06:19:04.923Z,178703394492300
"Turn: 9♣, 8♦, J♦ [J♣]",2026-08-18T06:19:03.507Z,178703394350700
"""player 20 @ 4chnM3wbbk"" calls 40",2026-08-18T06:19:02.682Z,178703394268200
"""player 61 @ uewFolxPCK"" bets 40",2026-08-18T06:19:01.752Z,178703394175200
"""player 20 @ 4chnM3wbbk"" checks",2026-08-18T06:18:57.273Z,178703393727300
"Flop:  [9♣, 8♦, J♦]",2026-08-18T06:18:55.853Z,178703393585300
"""player 20 @ 4chnM3wbbk"" calls 60",2026-08-18T06:18:55.039Z,178703393503900
"""player 61 @ uewFolxPCK"" raises to 60",2026-08-18T06:18:50.284Z,178703393028400
"""player 20 @ 4chnM3wbbk"" posts a big blind of 20",2026-08-18T06:18:48.756Z,178703392875605
"""player 61 @ uewFolxPCK"" posts a small blind of 10",2026-08-18T06:18:48.756Z,178703392875604
"Player stacks: #1 ""player 61 @ uewFolxPCK"" (1870) | #2 ""player 20 @ 4chnM3wbbk"" (2830)",2026-08-18T06:18:48.756Z,178703392875601
"-- starting hand #254 (id: rsrsxoof4o3g)  No Limit Texas Hold'em (dealer: ""player 61 @ uewFolxPCK"") --",2026-08-18T06:18:48.756Z,178703392875600
"Undealt cards: J♦, K♠, 4♠, 8♦ [A♠]",2026-08-18T06:18:42.982Z,178703392298200
"-- ending hand #253 --",2026-08-18T06:18:42.753Z,178703392275302
"""player 20 @ 4chnM3wbbk"" collected 40 from pot",2026-08-18T06:18:42.753Z,178703392275301
"Uncalled bet of 20 returned to ""player 20 @ 4chnM3wbbk""",2026-08-18T06:18:42.753Z,178703392275300
"""player 61 @ uewFolxPCK"" folds",2026-08-18T06:18:41.929Z,178703392192900
"""player 20 @ 4chnM3wbbk"" bets 20",2026-08-18T06:18:40.958Z,178703392095800
"""player 61 @ uewFolxPCK"" checks",2026-08-18T06:18:39.631Z,178703391963100
"Turn: J♦, K♠, 4♠ [8♦]",2026-08-18T06:18:38.550Z,178703391855000
"""player 20 @ 4chnM3wbbk"" checks",2026-08-18T06:18:37.673Z,178703391767300
"""player 61 @ uewFolxPCK"" checks",2026-08-18T06:18:36.358Z,178703391635800
"Flop:  [J♦, K♠, 4♠]",2026-08-18T06:18:34.709Z,178703391470900
"""player 61 @ uewFolxPCK"" checks",2026-08-18T06:18:33.845Z,178703391384500
"""player 20 @ 4chnM3wbbk"" calls 20",2026-08-18T06:18:32.921Z,178703391292100
"""player 61 @ uewFolxPCK"" posts a big blind of 20",2026-08-18T06:18:31.010Z,178703391101005
"""player 20 @ 4chnM3wbbk"" posts a small blind of 10",2026-08-18T06:18:31.010Z,178703391101004
"Player stacks: #1 ""player 61 @ uewFolxPCK"" (1890) | #2 ""player 20 @ 4chnM3wbbk"" (2810)",2026-08-18T06:18:31.010Z,178703391101001
"-- starting hand #253 (id: cledobhxwgjh)  No Limit Texas Hold'em (dealer: ""player 20 @ 4chnM3wbbk"") --",2026-08-18T06:18:31.010Z,178703391101000
"Undealt cards:  [10♥, 3♥, 5♥, 4♥, 4♣]",2026-08-18T06:18:25.279Z,178703390527900
"-- ending hand #252 --",2026-08-18T06:18:25.083Z,178703390508302
"""player 61 @ uewFolxPCK"" collected 40 from pot",2026-08-18T06:18:25.083Z,178703390508301
"Uncalled bet of 40 returned to ""player 61 @ uewFolxPCK""",2026-08-18T06:18:25.083Z,178703390508300
"""player 20 @ 4chnM3wbbk"" folds",2026-08-18T06:18:24.262Z,178703390426200
"""player 61 @ uewFolxPCK"" raises to 60",2026-08-18T06:18:22.867Z,178703390286700
"""player 20 @ 4chnM3wbbk"" posts a big blind of 20",2026-08-18T06:18:10.668Z,178703389066805
"""player 61 @ uewFolxPCK"" posts a small blind of 10",2026-08-18T06:18:10.668Z,178703389066804
"Player stacks: #1 ""player 61 @ uewFolxPCK"" (1870) | #2 ""player 20 @ 4chnM3wbbk"" (2830)",2026-08-18T06:18:10.668Z,178703389066801
"-- starting hand #252 (id: ncaj3dtxmr5x)  No Limit Texas Hold'em (dealer: ""player 61 @ uewFolxPCK"") --",2026-08-18T06:18:10.668Z,178703389066800
"-- ending hand #251 --",2026-08-18T06:18:04.663Z,178703388466303
"""player 20 @ 4chnM3wbbk"" collected 160 from pot with Pair, 9's (combination: 7♦, 8♥, J♣, 9♦, 9♥)",2026-08-18T06:18:04.663Z,178703388466302
"""player 20 @ 4chnM3wbbk"" shows a 9♦, 9♥.",2026-08-18T06:18:04.663Z,178703388466301
"""player 61 @ uewFolxPCK"" shows a 8♠, Q♦.",2026-08-18T06:18:04.663Z,178703388466300
"""player 20 @ 4chnM3wbbk"" calls 40",2026-08-18T06:18:03.852Z,178703388385200
"""player 61 @ uewFolxPCK"" bets 40",2026-08-18T06:18:02.798Z,178703388279800
"River: J♣, 2♥, 8♥, 7♦ [4♣]",2026-08-18T06:17:59.176Z,178703387917600
"""player 20 @ 4chnM3wbbk"" checks",2026-08-18T06:17:58.354Z,178703387835400
"""player 61 @ uewFolxPCK"" checks",2026-08-18T06:17:55.805Z,178703387580500
"Turn: J♣, 2♥, 8♥ [7♦]",2026-08-18T06:17:54.368Z,178703387436800
"""player 20 @ 4chnM3wbbk"" checks",2026-08-18T06:17:53.511Z,178703387351100
"""player 61 @ uewFolxPCK"" checks",2026-08-18T06:17:52.509Z,178703387250900
"Flop:  [J♣, 2♥, 8♥]",2026-08-18T06:17:50.681Z,178703387068100
"""player 61 @ uewFolxPCK"" calls 40",2026-08-18T06:17:49.865Z,178703386986500
"""player 20 @ 4chnM3wbbk"" raises to 40",2026-08-18T06:17:48.819Z,178703386881900
"""player 61 @ uewFolxPCK"" posts a big blind of 20",2026-08-18T06:17:45.966Z,178703386596605
"""player 20 @ 4chnM3wbbk"" posts a small blind of 10",2026-08-18T06:17:45.966Z,178703386596604
"Your hand is 8♠, Q♦",2026-08-18T06:17:45.966Z,178703386596602
"Player stacks: #1 ""player 61 @ uewFolxPCK"" (1950) | #2 ""player 20 @ 4chnM3wbbk"" (2750)",2026-08-18T06:17:45.966Z,178703386596601
"-- starting hand #251 (id: x7peqdlyi7d5)  No Limit Texas Hold'em (dealer: ""player 20 @ 4chnM3wbbk"") --",2026-08-18T06:17:45.966Z,178703386596600
"Undealt cards:  [4♦, Q♠, 10♥, 7♠, 8♥]",2026-08-18T06:17:40.422Z,178703386042200
"-- ending hand #250 --",2026-08-18T06:17:40.051Z,178703386005102
"""player 20 @ 4chnM3wbbk"" collected 20 from pot",2026-08-18T06:17:40.051Z,178703386005101
"Uncalled bet of 10 returned to ""player 20 @ 4chnM3wbbk""",2026-08-18T06:17:40.051Z,178703386005100
"""player 61 @ uewFolxPCK"" folds",2026-08-18T06:17:39.245Z,178703385924500
"""player 20 @ 4chnM3wbbk"" posts a big blind of 20",2026-08-18T06:17:37.556Z,178703385755605
"""player 61 @ uewFolxPCK"" posts a small blind of 10",2026-08-18T06:17:37.556Z,178703385755604
"Player stacks: #1 ""player 61 @ uewFolxPCK"" (1960) | #2 ""player 20 @ 4chnM3wbbk"" (2740)",2026-08-18T06:17:37.556Z,178703385755601
"-- starting hand #250 (id: vjv5lfj7nh3w)  No Limit Texas Hold'em (dealer: ""player 61 @ uewFolxPCK"") --",2026-08-18T06:17:37.556Z,178703385755600
"Undealt cards:  [A♠, 6♥, J♣, 4♥, 3♠]",2026-08-18T06:17:31.878Z,178703385187800
"-- ending hand #249 --",2026-08-18T06:17:31.632Z,178703385163202
"""player 61 @ uewFolxPCK"" collected 40 from pot",2026-08-18T06:17:31.632Z,178703385163201
"Uncalled bet of 40 returned to ""player 61 @ uewFolxPCK""",2026-08-18T06:17:31.632Z,178703385163200
"""player 20 @ 4chnM3wbbk"" folds",2026-08-18T06:17:30.820Z,178703385082000
"""player 61 @ uewFolxPCK"" raises to 60",2026-08-18T06:17:28.914Z,178703384891400
"""player 20 @ 4chnM3wbbk"" calls 20",2026-08-18T06:17:27.257Z,178703384725700
"""player 61 @ uewFolxPCK"" posts a big blind of 20",2026-08-18T06:17:25.629Z,178703384562905
"""player 20 @ 4chnM3wbbk"" posts a small blind of 10",2026-08-18T06:17:25.629Z,178703384562904
"Player stacks: #1 ""player 61 @ uewFolxPCK"" (1940) | #2 ""player 20 @ 4chnM3wbbk"" (2760)",2026-08-18T06:17:25.629Z,178703384562901
"-- starting hand #249 (id: lrchrf16sved)  No Limit Texas Hold'em (dealer: ""player 20 @ 4chnM3wbbk"") --",2026-08-18T06:17:25.629Z,178703384562900
"Undealt cards:  [4♠, Q♠, 6♠, 10♣, 2♥]",2026-08-18T06:17:20.199Z,178703384019900
"-- ending hand #248 --",2026-08-18T06:17:19.679Z,178703383967902
"""player 20 @ 4chnM3wbbk"" collected 20 from pot",2026-08-18T06:17:19.679Z,178703383967901
"Uncalled bet of 10 returned to ""player 20 @ 4chnM3wbbk""",2026-08-18T06:17:19.679Z,178703383967900
"""player 61 @ uewFolxPCK"" folds",2026-08-18T06:17:18.867Z,178703383886700
"""player 20 @ 4chnM3wbbk"" posts a big blind of 20",2026-08-18T06:17:17.954Z,178703383795405
"""player 61 @ uewFolxPCK"" posts a small blind of 10",2026-08-18T06:17:17.954Z,178703383795404
"Player stacks: #1 ""player 61 @ uewFolxPCK"" (1950) | #2 ""player 20 @ 4chnM3wbbk"" (2750)",2026-08-18T06:17:17.954Z,178703383795401
"-- starting hand #248 (id: 2g80vgl8gkhs)  No Limit Texas Hold'em (dealer: ""player 61 @ uewFolxPCK"") --",2026-08-18T06:17:17.954Z,178703383795400
"-- ending hand #247 --",2026-08-18T06:17:11.951Z,178703383195102
"""player 61 @ uewFolxPCK"" collected 240 from pot with Two Pair, Q's & 10's (combination: 6♠, 10♥, 10♦, Q♦, Q♣)",2026-08-18T06:17:11.951Z,178703383195101
"""player 61 @ uewFolxPCK"" shows a Q♦, 2♦.",2026-08-18T06:17:11.951Z,178703383195100
"""player 20 @ 4chnM3wbbk"" calls 60",2026-08-18T06:17:11.108Z,178703383110800
"""player 61 @ uewFolxPCK"" bets 60",2026-08-18T06:17:10.104Z,178703383010400
"River: 10♥, Q♣, 3♣, 10♦ [6♠]",2026-08-18T06:17:08.352Z,178703382835200
"""player 20 @ 4chnM3wbbk"" checks",2026-08-18T06:17:07.504Z,178703382750400
"""player 61 @ uewFolxPCK"" checks",2026-08-18T06:17:06.212Z,178703382621200
"Turn: 10♥, Q♣, 3♣ [10♦]",2026-08-18T06:17:04.352Z,178703382435200
"""player 20 @ 4chnM3wbbk"" checks",2026-08-18T06:17:03.488Z,178703382348800
"""player 61 @ uewFolxPCK"" checks",2026-08-18T06:17:02.160Z,178703382216000
"Flop:  [10♥, Q♣, 3♣]",2026-08-18T06:17:00.369Z,178703382036900
"""player 61 @ uewFolxPCK"" calls 60",2026-08-18T06:16:59.560Z,178703381956000
"""player 20 @ 4chnM3wbbk"" raises to 60",2026-08-18T06:16:57.628Z,178703381762800
"""player 61 @ uewFolxPCK"" posts a big blind of 20",2026-08-18T06:16:55.489Z,178703381548905
"""player 20 @ 4chnM3wbbk"" posts a small blind of 10",2026-08-18T06:16:55.489Z,178703381548904
"Your hand is Q♦, 2♦",2026-08-18T06:16:55.489Z,178703381548902
"Player stacks: #1 ""player 61 @ uewFolxPCK"" (1830) | #2 ""player 20 @ 4chnM3wbbk"" (2870)",2026-08-18T06:16:55.489Z,178703381548901
"-- starting hand #247 (id: kc1tldqkktjy)  No Limit Texas Hold'em (dealer: ""player 20 @ 4chnM3wbbk"") --",2026-08-18T06:16:55.489Z,178703381548900
"The admin ""player 61 @ uewFolxPCK"" canceled the game stop on next hand.",2026-08-18T06:16:52.052Z,178703381205200
"-- ending hand #246 --",2026-08-18T06:16:49.484Z,178703380948402
"""player 61 @ uewFolxPCK"" collected 280 from pot with Two Pair, Q's & 2's (combination: K♥, 2♦, 2♣, Q♠, Q♦)",2026-08-18T06:16:49.484Z,178703380948401
"""player 61 @ uewFolxPCK"" shows a Q♠, K♥.",2026-08-18T06:16:49.484Z,178703380948400
"""player 20 @ 4chnM3wbbk"" calls 120",2026-08-18T06:16:48.670Z,178703380867000
"""player 61 @ uewFolxPCK"" raises to 120",2026-08-18T06:16:47.440Z,178703380744000
"""player 20 @ 4chnM3wbbk"" bets 20",2026-08-18T06:16:44.085Z,178703380408500
"River: 6♣, 2♦, 2♣, 3♦ [Q♦]",2026-08-18T06:16:39.985Z,178703379998500
"""player 61 @ uewFolxPCK"" checks",2026-08-18T06:16:39.161Z,178703379916100
"""player 20 @ 4chnM3wbbk"" checks",2026-08-18T06:16:38.260Z,178703379826000
"Turn: 6♣, 2♦, 2♣ [3♦]",2026-08-18T06:16:36.960Z,178703379696000
"""player 61 @ uewFolxPCK"" checks",2026-08-18T06:16:36.146Z,178703379614600
"""player 20 @ 4chnM3wbbk"" checks",2026-08-18T06:16:34.209Z,178703379420900
"Flop:  [6♣, 2♦, 2♣]",2026-08-18T06:16:25.978Z,178703378597800
"""player 20 @ 4chnM3wbbk"" checks",2026-08-18T06:16:25.090Z,178703378509000
"""player 61 @ uewFolxPCK"" calls 20",2026-08-18T06:16:18.888Z,178703377888800
"The admin ""player 61 @ uewFolxPCK"" enqueued the game stop on next hand.",2026-08-18T06:16:13.515Z,178703377351500
"""player 20 @ 4chnM3wbbk"" posts a big blind of 20",2026-08-18T06:16:10.888Z,178703377088805
"""player 61 @ uewFolxPCK"" posts a small blind of 10",2026-08-18T06:16:10.888Z,178703377088804
"Your hand is Q♠, K♥",2026-08-18T06:16:10.888Z,178703377088802
"Player stacks: #1 ""player 61 @ uewFolxPCK"" (1690) | #2 ""player 20 @ 4chnM3wbbk"" (3010)",2026-08-18T06:16:10.888Z,178703377088801
"-- starting hand #246 (id: yyxpgsm4luwq)  No Limit Texas Hold'em (dealer: ""player 61 @ uewFolxPCK"") --",2026-08-18T06:16:10.888Z,178703377088800
"-- ending hand #245 --",2026-08-18T06:16:04.833Z,178703376483302
"""player 20 @ 4chnM3wbbk"" collected 160 from pot with Pair, J's (combination: 5♦, 7♠, 8♣, J♦, J♥)",2026-08-18T06:16:04.833Z,178703376483301
"""player 20 @ 4chnM3wbbk"" shows a J♦, 7♠.",2026-08-18T06:16:04.833Z,178703376483300
"""player 61 @ uewFolxPCK"" calls 20",2026-08-18T06:16:04.018Z,178703376401800
"""player 20 @ 4chnM3wbbk"" bets 20",2026-08-18T06:16:02.996Z,178703376299600
"""player 61 @ uewFolxPCK"" checks",2026-08-18T06:15:57.109Z,178703375710900
"River: 4♠, 5♦, 3♠, 8♣ [J♥]",2026-08-18T06:15:55.505Z,178703375550500
"""player 20 @ 4chnM3wbbk"" checks",2026-08-18T06:15:54.694Z,178703375469400
"""player 61 @ uewFolxPCK"" checks",2026-08-18T06:15:52.614Z,178703375261400
"Turn: 4♠, 5♦, 3♠ [8♣]",2026-08-18T06:15:50.998Z,178703375099800
"""player 20 @ 4chnM3wbbk"" checks",2026-08-18T06:15:50.189Z,178703375018900
"""player 61 @ uewFolxPCK"" checks",2026-08-18T06:15:48.509Z,178703374850900
"Flop:  [4♠, 5♦, 3♠]",2026-08-18T06:15:46.690Z,178703374669000
"""player 61 @ uewFolxPCK"" calls 60",2026-08-18T06:15:45.850Z,178703374585000
"""player 20 @ 4chnM3wbbk"" raises to 60",2026-08-18T06:15:35.132Z,178703373513200
"""player 61 @ uewFolxPCK"" posts a big blind of 20",2026-08-18T06:15:30.781Z,178703373078105
"""player 20 @ 4chnM3wbbk"" posts a small blind of 10",2026-08-18T06:15:30.781Z,178703373078104
"Player stacks: #1 ""player 61 @ uewFolxPCK"" (1770) | #2 ""player 20 @ 4chnM3wbbk"" (2930)",2026-08-18T06:15:30.781Z,178703373078101
"-- starting hand #245 (id: xpl5l0ajxas8)  No Limit Texas Hold'em (dealer: ""player 20 @ 4chnM3wbbk"") --",2026-08-18T06:15:30.781Z,178703373078100
"Undealt cards:  [3♥, 10♥, 5♣, 6♥, 3♣]",2026-08-18T06:15:25.098Z,178703372509800
"-- ending hand #244 --",2026-08-18T06:15:24.827Z,178703372482702
"""player 61 @ uewFolxPCK"" collected 40 from pot",2026-08-18T06:15:24.827Z,178703372482701
"Uncalled bet of 40 returned to ""player 61 @ uewFolxPCK""",2026-08-18T06:15:24.827Z,178703372482700
"""player 20 @ 4chnM3wbbk"" folds",2026-08-18T06:15:23.992Z,178703372399200
"""player 61 @ uewFolxPCK"" raises to 60",2026-08-18T06:15:23.009Z,178703372300900
"""player 20 @ 4chnM3wbbk"" posts a big blind of 20",2026-08-18T06:15:21.227Z,178703372122705
"""player 61 @ uewFolxPCK"" posts a small blind of 10",2026-08-18T06:15:21.227Z,178703372122704
"Player stacks: #1 ""player 61 @ uewFolxPCK"" (1750) | #2 ""player 20 @ 4chnM3wbbk"" (2950)",2026-08-18T06:15:21.227Z,178703372122701
"-- starting hand #244 (id: arkwquvvtxxb)  No Limit Texas Hold'em (dealer: ""player 61 @ uewFolxPCK"") --",2026-08-18T06:15:21.227Z,178703372122700
"Undealt cards:  [5♣, 9♦, A♣, 3♠, K♦]",2026-08-18T06:15:16.043Z,178703371604300
"-- ending hand #243 --",2026-08-18T06:15:15.267Z,178703371526702
"""player 61 @ uewFolxPCK"" collected 20 from pot",2026-08-18T06:15:15.267Z,178703371526701
"Uncalled bet of 10 returned to ""player 61 @ uewFolxPCK""",2026-08-18T06:15:15.267Z,178703371526700
"""player 20 @ 4chnM3wbbk"" folds",2026-08-18T06:15:14.425Z,178703371442500
"""player 61 @ uewFolxPCK"" posts a big blind of 20",2026-08-18T06:15:12.958Z,178703371295805
"""player 20 @ 4chnM3wbbk"" posts a small blind of 10",2026-08-18T06:15:12.958Z,178703371295804
"Player stacks: #1 ""player 61 @ uewFolxPCK"" (1740) | #2 ""player 20 @ 4chnM3wbbk"" (2960)",2026-08-18T06:15:12.958Z,178703371295801
"-- starting hand #243 (id: ed4toskbzigj)  No Limit Texas Hold'em (dealer: ""player 20 @ 4chnM3wbbk"") --",2026-08-18T06:15:12.958Z,178703371295800
"-- ending hand #242 --",2026-08-18T06:15:06.952Z,178703370695202
"""player 20 @ 4chnM3wbbk"" collected 360 from pot with Pair, K's (combination: 7♠, 8♦, Q♠, K♥, K♣)",2026-08-18T06:15:06.952Z,178703370695201
"""player 20 @ 4chnM3wbbk"" shows a K♥, Q♠.",2026-08-18T06:15:06.952Z,178703370695200
"""player 61 @ uewFolxPCK"" calls 80",2026-08-18T06:15:06.112Z,178703370611200
"""player 20 @ 4chnM3wbbk"" bets 80",2026-08-18T06:15:04.978Z,178703370497800
"River: 4♦, K♣, 8♦, 7♠ [6♠]",2026-08-18T06:15:02.107Z,178703370210700
"""player 61 @ uewFolxPCK"" calls 40",2026-08-18T06:15:01.290Z,178703370129000
"""player 20 @ 4chnM3wbbk"" bets 40",2026-08-18T06:14:56.389Z,178703369638900
"Turn: 4♦, K♣, 8♦ [7♠]",2026-08-18T06:14:54.556Z,178703369455600
"""player 61 @ uewFolxPCK"" checks",2026-08-18T06:14:53.694Z,178703369369400
"""player 20 @ 4chnM3wbbk"" checks",2026-08-18T06:14:52.424Z,178703369242400
"Flop:  [4♦, K♣, 8♦]",2026-08-18T06:14:50.831Z,178703369083100
"""player 20 @ 4chnM3wbbk"" calls 60",2026-08-18T06:14:50.026Z,178703369002600
"""player 61 @ uewFolxPCK"" raises to 60",2026-08-18T06:14:47.723Z,178703368772300
"""player 20 @ 4chnM3wbbk"" posts a big blind of 20",2026-08-18T06:14:45.739Z,178703368573905
"""player 61 @ uewFolxPCK"" posts a small blind of 10",2026-08-18T06:14:45.739Z,178703368573904
"Player stacks: #1 ""player 61 @ uewFolxPCK"" (1920) | #2 ""player 20 @ 4chnM3wbbk"" (2780)",2026-08-18T06:14:45.739Z,178703368573901
"-- starting hand #242 (id: 2pfxvdohuyze)  No Limit Texas Hold'em (dealer: ""player 61 @ uewFolxPCK"") --",2026-08-18T06:14:45.739Z,178703368573900
"-- ending hand #241 --",2026-08-18T06:14:42.786Z,178703368278602
"""player 20 @ 4chnM3wbbk"" collected 120 from pot",2026-08-18T06:14:42.786Z,178703368278601
"Uncalled bet of 60 returned to ""player 20 @ 4chnM3wbbk""",2026-08-18T06:14:42.786Z,178703368278600
"""player 61 @ uewFolxPCK"" folds",2026-08-18T06:14:41.949Z,178703368194900
"""player 20 @ 4chnM3wbbk"" bets 60",2026-08-18T06:14:32.832Z,178703367283200
"""player 61 @ uewFolxPCK"" checks",2026-08-18T06:14:29.754Z,178703366975400
"River: 7♦, 4♥, Q♣, J♠ [10♠]",2026-08-18T06:14:25.524Z,178703366552400
"""player 20 @ 4chnM3wbbk"" checks",2026-08-18T06:14:24.682Z,178703366468200
"""player 61 @ uewFolxPCK"" checks",2026-08-18T06:14:21.510Z,178703366151000
"Turn: 7♦, 4♥, Q♣ [J♠]",2026-08-18T06:14:19.411Z,178703365941100
"""player 20 @ 4chnM3wbbk"" checks",2026-08-18T06:14:18.606Z,178703365860600
"""player 61 @ uewFolxPCK"" checks",2026-08-18T06:14:17.225Z,178703365722500
"Flop:  [7♦, 4♥, Q♣]",2026-08-18T06:14:15.518Z,178703365551800
"""player 61 @ uewFolxPCK"" calls 60",2026-08-18T06:14:14.716Z,178703365471600
"""player 20 @ 4chnM3wbbk"" raises to 60",2026-08-18T06:14:13.714Z,178703365371400
"""player 61 @ uewFolxPCK"" posts a big blind of 20",2026-08-18T06:14:11.721Z,178703365172105
"""player 20 @ 4chnM3wbbk"" posts a small blind of 10",2026-08-18T06:14:11.721Z,178703365172104
"Player stacks: #1 ""player 61 @ uewFolxPCK"" (1980) | #2 ""player 20 @ 4chnM3wbbk"" (2720)",2026-08-18T06:14:11.721Z,178703365172101
"-- starting hand #241 (id: yxwfoiftpbqz)  No Limit Texas Hold'em (dealer: ""player 20 @ 4chnM3wbbk"") --",2026-08-18T06:14:11.721Z,178703365172100
"Undealt cards:  [10♣, 3♥, 3♠, A♦, 5♦]",2026-08-18T06:14:06.065Z,178703364606500
"-- ending hand #240 --",2026-08-18T06:14:05.803Z,178703364580302
"""player 20 @ 4chnM3wbbk"" collected 20 from pot",2026-08-18T06:14:05.803Z,178703364580301
"Uncalled bet of 10 returned to ""player 20 @ 4chnM3wbbk""",2026-08-18T06:14:05.803Z,178703364580300
"""player 61 @ uewFolxPCK"" folds",2026-08-18T06:14:04.988Z,178703364498800
"""player 20 @ 4chnM3wbbk"" posts a big blind of 20",2026-08-18T06:14:03.979Z,178703364397905
"""player 61 @ uewFolxPCK"" posts a small blind of 10",2026-08-18T06:14:03.979Z,178703364397904
"Player stacks: #1 ""player 61 @ uewFolxPCK"" (1990) | #2 ""player 20 @ 4chnM3wbbk"" (2710)",2026-08-18T06:14:03.979Z,178703364397901
"-- starting hand #240 (id: whtl0od0fyeh)  No Limit Texas Hold'em (dealer: ""player 61 @ uewFolxPCK"") --",2026-08-18T06:14:03.979Z,178703364397900
"Undealt cards:  [10♣, 10♦, 6♠, 2♦, 3♠]",2026-08-18T06:13:58.360Z,178703363836000
"-- ending hand #239 --",2026-08-18T06:13:58.071Z,178703363807102
"""player 20 @ 4chnM3wbbk"" collected 40 from pot",2026-08-18T06:13:58.071Z,178703363807101
"Uncalled bet of 40 returned to ""player 20 @ 4chnM3wbbk""",2026-08-18T06:13:58.071Z,178703363807100
"""player 61 @ uewFolxPCK"" folds",2026-08-18T06:13:57.258Z,178703363725800
"""player 20 @ 4chnM3wbbk"" raises to 60",2026-08-18T06:13:56.169Z,178703363616900
"""player 61 @ uewFolxPCK"" posts a big blind of 20",2026-08-18T06:13:53.069Z,178703363306905
"""player 20 @ 4chnM3wbbk"" posts a small blind of 10",2026-08-18T06:13:53.069Z,178703363306904
"Player stacks: #1 ""player 61 @ uewFolxPCK"" (2010) | #2 ""player 20 @ 4chnM3wbbk"" (2690)",2026-08-18T06:13:53.069Z,178703363306901
"-- starting hand #239 (id: khkq5iebz277)  No Limit Texas Hold'em (dealer: ""player 20 @ 4chnM3wbbk"") --",2026-08-18T06:13:53.069Z,178703363306900
"Undealt cards:  [3♣, Q♣, 2♠, J♥, 5♠]",2026-08-18T06:13:47.430Z,178703362743000
"-- ending hand #238 --",2026-08-18T06:13:47.056Z,178703362705602
"""player 20 @ 4chnM3wbbk"" collected 20 from pot",2026-08-18T06:13:47.056Z,178703362705601
"Uncalled bet of 10 returned to ""player 20 @ 4chnM3wbbk""",2026-08-18T06:13:47.056Z,178703362705600
"""player 61 @ uewFolxPCK"" folds",2026-08-18T06:13:46.139Z,178703362613900
"""player 20 @ 4chnM3wbbk"" posts a big blind of 20",2026-08-18T06:13:45.099Z,178703362509905
"""player 61 @ uewFolxPCK"" posts a small blind of 10",2026-08-18T06:13:45.099Z,178703362509904
"Player stacks: #1 ""player 61 @ uewFolxPCK"" (2020) | #2 ""player 20 @ 4chnM3wbbk"" (2680)",2026-08-18T06:13:45.099Z,178703362509901
"-- starting hand #238 (id: wr7nh9mjgcpa)  No Limit Texas Hold'em (dealer: ""player 61 @ uewFolxPCK"") --",2026-08-18T06:13:45.099Z,178703362509900
"-- ending hand #237 --",2026-08-18T06:13:39.080Z,178703361908003
"""player 20 @ 4chnM3wbbk"" collected 200 from pot with Pair, Q's (combination: 6♠, 9♣, A♦, Q♥, Q♣)",2026-08-18T06:13:39.080Z,178703361908002
"""player 20 @ 4chnM3wbbk"" shows a Q♥, 9♣.",2026-08-18T06:13:39.080Z,178703361908001
"""player 61 @ uewFolxPCK"" shows a 9♠, 9♥.",2026-08-18T06:13:39.080Z,178703361908000
"""player 20 @ 4chnM3wbbk"" checks",2026-08-18T06:13:38.278Z,178703361827800
"""player 61 @ uewFolxPCK"" checks",2026-08-18T06:13:36.742Z,178703361674200
"River: 2♥, Q♣, 6♠, 3♦ [A♦]",2026-08-18T06:13:31.230Z,178703361123000
"""player 20 @ 4chnM3wbbk"" calls 40",2026-08-18T06:13:30.339Z,178703361033900
"""player 61 @ uewFolxPCK"" bets 40",2026-08-18T06:13:29.271Z,178703360927100
"Turn: 2♥, Q♣, 6♠ [3♦]",2026-08-18T06:13:26.894Z,178703360689400
"""player 20 @ 4chnM3wbbk"" checks",2026-08-18T06:13:26.059Z,178703360605900
"""player 61 @ uewFolxPCK"" checks",2026-08-18T06:13:24.806Z,178703360480600
"Flop:  [2♥, Q♣, 6♠]",2026-08-18T06:13:22.689Z,178703360268900
"""player 61 @ uewFolxPCK"" calls 60",2026-08-18T06:13:21.873Z,178703360187300
"""player 20 @ 4chnM3wbbk"" raises to 60",2026-08-18T06:13:19.535Z,178703359953500
"""player 61 @ uewFolxPCK"" posts a big blind of 20",2026-08-18T06:13:17.182Z,178703359718205
"""player 20 @ 4chnM3wbbk"" posts a small blind of 10",2026-08-18T06:13:17.182Z,178703359718204
"Your hand is 9♠, 9♥",2026-08-18T06:13:17.182Z,178703359718202
"Player stacks: #1 ""player 61 @ uewFolxPCK"" (2120) | #2 ""player 20 @ 4chnM3wbbk"" (2580)",2026-08-18T06:13:17.182Z,178703359718201
"-- starting hand #237 (id: wt1mkiilmtgw)  No Limit Texas Hold'em (dealer: ""player 20 @ 4chnM3wbbk"") --",2026-08-18T06:13:17.182Z,178703359718200
"Undealt cards:  [5♦, K♠, Q♣, Q♦, 4♥]",2026-08-18T06:13:12.841Z,178703359284100
"-- ending hand #236 --",2026-08-18T06:13:11.250Z,178703359125002
"""player 61 @ uewFolxPCK"" collected 40 from pot",2026-08-18T06:13:11.250Z,178703359125001
"Uncalled bet of 40 returned to ""player 61 @ uewFolxPCK""",2026-08-18T06:13:11.250Z,178703359125000
"""player 20 @ 4chnM3wbbk"" folds",2026-08-18T06:13:10.404Z,178703359040400
"""player 61 @ uewFolxPCK"" raises to 60",2026-08-18T06:13:08.827Z,178703358882700
"""player 20 @ 4chnM3wbbk"" posts a big blind of 20",2026-08-18T06:13:07.171Z,178703358717105
"""player 61 @ uewFolxPCK"" posts a small blind of 10",2026-08-18T06:13:07.171Z,178703358717104
"Player stacks: #1 ""player 61 @ uewFolxPCK"" (2100) | #2 ""player 20 @ 4chnM3wbbk"" (2600)",2026-08-18T06:13:07.171Z,178703358717101
"-- starting hand #236 (id: 5pmhyqrwfcll)  No Limit Texas Hold'em (dealer: ""player 61 @ uewFolxPCK"") --",2026-08-18T06:13:07.171Z,178703358717100
"Undealt cards: 10♦, K♦, 7♣, 3♣ [Q♦]",2026-08-18T06:13:01.536Z,178703358153600
"-- ending hand #235 --",2026-08-18T06:13:01.185Z,178703358118502
"""player 61 @ uewFolxPCK"" collected 120 from pot",2026-08-18T06:13:01.185Z,178703358118501
"Uncalled bet of 40 returned to ""player 61 @ uewFolxPCK""",2026-08-18T06:13:01.185Z,178703358118500
"""player 20 @ 4chnM3wbbk"" folds",2026-08-18T06:13:00.364Z,178703358036400
"""player 61 @ uewFolxPCK"" bets 40",2026-08-18T06:12:56.873Z,178703357687300
"Turn: 10♦, K♦, 7♣ [3♣]",2026-08-18T06:12:53.030Z,178703357303000
"""player 20 @ 4chnM3wbbk"" checks",2026-08-18T06:12:52.219Z,178703357221900
"""player 61 @ uewFolxPCK"" checks",2026-08-18T06:12:51.021Z,178703357102100
"Flop:  [10♦, K♦, 7♣]",2026-08-18T06:12:49.067Z,178703356906700
"""player 20 @ 4chnM3wbbk"" calls 60",2026-08-18T06:12:48.240Z,178703356824000
"""player 61 @ uewFolxPCK"" raises to 60",2026-08-18T06:12:47.246Z,178703356724600
"""player 20 @ 4chnM3wbbk"" calls 20",2026-08-18T06:12:45.675Z,178703356567500
"""player 61 @ uewFolxPCK"" posts a big blind of 20",2026-08-18T06:12:43.263Z,178703356326305
"""player 20 @ 4chnM3wbbk"" posts a small blind of 10",2026-08-18T06:12:43.263Z,178703356326304
"Player stacks: #1 ""player 61 @ uewFolxPCK"" (2040) | #2 ""player 20 @ 4chnM3wbbk"" (2660)",2026-08-18T06:12:43.263Z,178703356326301
"-- starting hand #235 (id: kaz9nougssks)  No Limit Texas Hold'em (dealer: ""player 20 @ 4chnM3wbbk"") --",2026-08-18T06:12:43.263Z,178703356326300
"Undealt cards:  [7♥, 4♥, 3♠, 10♦, 4♣]",2026-08-18T06:12:37.640Z,178703355764000
"-- ending hand #234 --",2026-08-18T06:12:37.348Z,178703355734802
"""player 61 @ uewFolxPCK"" collected 40 from pot",2026-08-18T06:12:37.348Z,178703355734801
"Uncalled bet of 40 returned to ""player 61 @ uewFolxPCK""",2026-08-18T06:12:37.348Z,178703355734800
"""player 20 @ 4chnM3wbbk"" folds",2026-08-18T06:12:36.519Z,178703355651900
"""player 61 @ uewFolxPCK"" raises to 60",2026-08-18T06:12:35.172Z,178703355517200
"""player 20 @ 4chnM3wbbk"" posts a big blind of 20",2026-08-18T06:12:33.717Z,178703355371705
"""player 61 @ uewFolxPCK"" posts a small blind of 10",2026-08-18T06:12:33.717Z,178703355371704
"Player stacks: #1 ""player 61 @ uewFolxPCK"" (2020) | #2 ""player 20 @ 4chnM3wbbk"" (2680)",2026-08-18T06:12:33.717Z,178703355371701
"-- starting hand #234 (id: hbfcazpwrdgw)  No Limit Texas Hold'em (dealer: ""player 61 @ uewFolxPCK"") --",2026-08-18T06:12:33.717Z,178703355371700
"-- ending hand #233 --",2026-08-18T06:12:30.812Z,178703355081202
"""player 20 @ 4chnM3wbbk"" collected 100 from pot",2026-08-18T06:12:30.812Z,178703355081201
"Uncalled bet of 50 returned to ""player 20 @ 4chnM3wbbk""",2026-08-18T06:12:30.812Z,178703355081200
"""player 61 @ uewFolxPCK"" folds",2026-08-18T06:12:29.972Z,178703354997200
"""player 20 @ 4chnM3wbbk"" bets 50",2026-08-18T06:12:25.043Z,178703354504300
"""player 61 @ uewFolxPCK"" checks",2026-08-18T06:12:22.619Z,178703354261900
"River: K♥, 6♣, 4♦, A♥ [8♠]",2026-08-18T06:12:18.503Z,178703353850300
"""player 20 @ 4chnM3wbbk"" checks",2026-08-18T06:12:17.611Z,178703353761100
"""player 61 @ uewFolxPCK"" checks",2026-08-18T06:12:16.034Z,178703353603400
"Turn: K♥, 6♣, 4♦ [A♥]",2026-08-18T06:12:14.152Z,178703353415200
"""player 20 @ 4chnM3wbbk"" checks",2026-08-18T06:12:13.345Z,178703353334500
"""player 61 @ uewFolxPCK"" checks",2026-08-18T06:12:11.994Z,178703353199400
"Flop:  [K♥, 6♣, 4♦]",2026-08-18T06:12:09.755Z,178703352975500
"""player 61 @ uewFolxPCK"" calls 50",2026-08-18T06:12:08.951Z,178703352895100
"""player 20 @ 4chnM3wbbk"" raises to 50",2026-08-18T06:12:05.914Z,178703352591400
"""player 61 @ uewFolxPCK"" posts a big blind of 20",2026-08-18T06:11:57.070Z,178703351707005
"""player 20 @ 4chnM3wbbk"" posts a small blind of 10",2026-08-18T06:11:57.070Z,178703351707004
"Player stacks: #1 ""player 61 @ uewFolxPCK"" (2070) | #2 ""player 20 @ 4chnM3wbbk"" (2630)",2026-08-18T06:11:57.070Z,178703351707001
"-- starting hand #233 (id: 3kanl4bqnes1)  No Limit Texas Hold'em (dealer: ""player 20 @ 4chnM3wbbk"") --",2026-08-18T06:11:57.070Z,178703351707000
"""player 61 @ uewFolxPCK"" shows a J♠.",2026-08-18T06:11:55.040Z,178703351504000
"-- ending hand #232 --",2026-08-18T06:11:53.459Z,178703351345902
"""player 61 @ uewFolxPCK"" collected 300 from pot",2026-08-18T06:11:53.459Z,178703351345901
"Uncalled bet of 150 returned to ""player 61 @ uewFolxPCK""",2026-08-18T06:11:53.459Z,178703351345900
"""player 20 @ 4chnM3wbbk"" folds",2026-08-18T06:11:52.611Z,178703351261100
"""player 61 @ uewFolxPCK"" raises to 200",2026-08-18T06:11:43.788Z,178703350378800
"""player 20 @ 4chnM3wbbk"" bets 50",2026-08-18T06:11:35.648Z,178703349564800
"River: 10♣, 8♥, 4♠, 7♥ [9♥]",2026-08-18T06:11:33.372Z,178703349337200
"""player 61 @ uewFolxPCK"" calls 40",2026-08-18T06:11:32.560Z,178703349256000
"""player 20 @ 4chnM3wbbk"" bets 40",2026-08-18T06:11:31.296Z,178703349129600
"Turn: 10♣, 8♥, 4♠ [7♥]",2026-08-18T06:11:28.959Z,178703348895900
"""player 61 @ uewFolxPCK"" checks",2026-08-18T06:11:28.128Z,178703348812800
"""player 20 @ 4chnM3wbbk"" checks",2026-08-18T06:11:26.949Z,178703348694900
"Flop:  [10♣, 8♥, 4♠]",2026-08-18T06:11:25.488Z,178703348548800
"""player 20 @ 4chnM3wbbk"" calls 60",2026-08-18T06:11:24.682Z,178703348468200
"""player 61 @ uewFolxPCK"" raises to 60",2026-08-18T06:11:23.683Z,178703348368300
"""player 20 @ 4chnM3wbbk"" posts a big blind of 20",2026-08-18T06:11:22.268Z,178703348226805
"""player 61 @ uewFolxPCK"" posts a small blind of 10",2026-08-18T06:11:22.268Z,178703348226804
"Player stacks: #1 ""player 61 @ uewFolxPCK"" (1920) | #2 ""player 20 @ 4chnM3wbbk"" (2780)",2026-08-18T06:11:22.268Z,178703348226801
"-- starting hand #232 (id: wwkvtn1ulvhr)  No Limit Texas Hold'em (dealer: ""player 61 @ uewFolxPCK"") --",2026-08-18T06:11:22.268Z,178703348226800
"Undealt cards:  [3♦, 2♦, K♠, 8♣, 10♦]",2026-08-18T06:11:16.692Z,178703347669200
"-- ending hand #231 --",2026-08-18T06:11:16.342Z,178703347634202
"""player 20 @ 4chnM3wbbk"" collected 40 from pot",2026-08-18T06:11:16.342Z,178703347634201
"Uncalled bet of 40 returned to ""player 20 @ 4chnM3wbbk""",2026-08-18T06:11:16.342Z,178703347634200
"""player 61 @ uewFolxPCK"" folds",2026-08-18T06:11:15.482Z,178703347548200
"""player 20 @ 4chnM3wbbk"" raises to 60",2026-08-18T06:11:14.299Z,178703347429900
"""player 61 @ uewFolxPCK"" posts a big blind of 20",2026-08-18T06:11:11.343Z,178703347134305
"""player 20 @ 4chnM3wbbk"" posts a small blind of 10",2026-08-18T06:11:11.343Z,178703347134304
"Player stacks: #1 ""player 61 @ uewFolxPCK"" (1940) | #2 ""player 20 @ 4chnM3wbbk"" (2760)",2026-08-18T06:11:11.343Z,178703347134301
"-- starting hand #231 (id: h2amokbhcrbe)  No Limit Texas Hold'em (dealer: ""player 20 @ 4chnM3wbbk"") --",2026-08-18T06:11:11.343Z,178703347134300
"-- ending hand #230 --",2026-08-18T06:11:08.427Z,178703346842702
"""player 20 @ 4chnM3wbbk"" collected 120 from pot",2026-08-18T06:11:08.427Z,178703346842701
"Uncalled bet of 40 returned to ""player 20 @ 4chnM3wbbk""",2026-08-18T06:11:08.427Z,178703346842700
"""player 61 @ uewFolxPCK"" folds",2026-08-18T06:11:07.605Z,178703346760500
"""player 20 @ 4chnM3wbbk"" bets 40",2026-08-18T06:11:06.012Z,178703346601200
"River: Q♦, J♣, 2♠, 3♥ [J♥]",2026-08-18T06:11:01.230Z,178703346123000
"""player 61 @ uewFolxPCK"" checks",2026-08-18T06:11:00.366Z,178703346036600
"""player 20 @ 4chnM3wbbk"" checks",2026-08-18T06:10:59.277Z,178703345927700
"Turn: Q♦, J♣, 2♠ [3♥]",2026-08-18T06:10:57.765Z,178703345776500
"""player 61 @ uewFolxPCK"" checks",2026-08-18T06:10:56.862Z,178703345686200
"""player 20 @ 4chnM3wbbk"" checks",2026-08-18T06:10:54.993Z,178703345499300
"Flop:  [Q♦, J♣, 2♠]",2026-08-18T06:10:53.549Z,178703345354900
"""player 20 @ 4chnM3wbbk"" calls 60",2026-08-18T06:10:52.746Z,178703345274600
"""player 61 @ uewFolxPCK"" raises to 60",2026-08-18T06:10:50.909Z,178703345090900
"""player 20 @ 4chnM3wbbk"" posts a big blind of 20",2026-08-18T06:10:49.757Z,178703344975705
"""player 61 @ uewFolxPCK"" posts a small blind of 10",2026-08-18T06:10:49.757Z,178703344975704
"Player stacks: #1 ""player 61 @ uewFolxPCK"" (2000) | #2 ""player 20 @ 4chnM3wbbk"" (2700)",2026-08-18T06:10:49.757Z,178703344975701
"-- starting hand #230 (id: nc3p7asagszs)  No Limit Texas Hold'em (dealer: ""player 61 @ uewFolxPCK"") --",2026-08-18T06:10:49.757Z,178703344975700
"-- ending hand #229 --",2026-08-18T06:10:43.741Z,178703344374102
"""player 61 @ uewFolxPCK"" collected 120 from pot with Two Pair, 10's & 4's (combination: A♦, 4♥, 4♣, 10♣, 10♠)",2026-08-18T06:10:43.741Z,178703344374101
"""player 61 @ uewFolxPCK"" shows a 10♣, 2♠.",2026-08-18T06:10:43.741Z,178703344374100
"""player 20 @ 4chnM3wbbk"" calls 40",2026-08-18T06:10:42.912Z,178703344291200
"""player 61 @ uewFolxPCK"" bets 40",2026-08-18T06:10:41.865Z,178703344186500
"River: 10♠, A♦, 6♠, 4♥ [4♣]",2026-08-18T06:10:38.980Z,178703343898000
"""player 20 @ 4chnM3wbbk"" checks",2026-08-18T06:10:38.163Z,178703343816300
"""player 61 @ uewFolxPCK"" checks",2026-08-18T06:10:36.695Z,178703343669500
"Turn: 10♠, A♦, 6♠ [4♥]",2026-08-18T06:10:35.151Z,178703343515100
"""player 20 @ 4chnM3wbbk"" checks",2026-08-18T06:10:34.336Z,178703343433600
"""player 61 @ uewFolxPCK"" checks",2026-08-18T06:10:32.650Z,178703343265000
"Flop:  [10♠, A♦, 6♠]",2026-08-18T06:10:30.410Z,178703343041000
"""player 61 @ uewFolxPCK"" checks",2026-08-18T06:10:29.601Z,178703342960100
"""player 20 @ 4chnM3wbbk"" calls 20",2026-08-18T06:10:26.835Z,178703342683500
"""player 61 @ uewFolxPCK"" posts a big blind of 20",2026-08-18T06:10:22.517Z,178703342251705
"""player 20 @ 4chnM3wbbk"" posts a small blind of 10",2026-08-18T06:10:22.517Z,178703342251704
"Your hand is 10♣, 2♠",2026-08-18T06:10:22.517Z,178703342251702
"Player stacks: #1 ""player 61 @ uewFolxPCK"" (1940) | #2 ""player 20 @ 4chnM3wbbk"" (2760)",2026-08-18T06:10:22.517Z,178703342251701
"-- starting hand #229 (id: dpdjqhtqmjph)  No Limit Texas Hold'em (dealer: ""player 20 @ 4chnM3wbbk"") --",2026-08-18T06:10:22.517Z,178703342251700
"Undealt cards:  [7♥, 4♥, 3♦, 6♠, 2♠]",2026-08-18T06:10:17.446Z,178703341744600
"-- ending hand #228 --",2026-08-18T06:10:16.514Z,178703341651402
"""player 20 @ 4chnM3wbbk"" collected 20 from pot",2026-08-18T06:10:16.514Z,178703341651401
"Uncalled bet of 10 returned to ""player 20 @ 4chnM3wbbk""",2026-08-18T06:10:16.514Z,178703341651400
"""player 61 @ uewFolxPCK"" folds",2026-08-18T06:10:15.608Z,178703341560800
"""player 20 @ 4chnM3wbbk"" posts a big blind of 20",2026-08-18T06:10:14.712Z,178703341471205
"""player 61 @ uewFolxPCK"" posts a small blind of 10",2026-08-18T06:10:14.712Z,178703341471204
"Player stacks: #1 ""player 61 @ uewFolxPCK"" (1950) | #2 ""player 20 @ 4chnM3wbbk"" (2750)",2026-08-18T06:10:14.712Z,178703341471201
"-- starting hand #228 (id: nemx79qauuur)  No Limit Texas Hold'em (dealer: ""player 61 @ uewFolxPCK"") --",2026-08-18T06:10:14.712Z,178703341471200
"Undealt cards:  [A♥, 3♥, 7♦, A♠, 4♦]",2026-08-18T06:10:09.227Z,178703340922700
"-- ending hand #227 --",2026-08-18T06:10:08.709Z,178703340870902
"""player 61 @ uewFolxPCK"" collected 20 from pot",2026-08-18T06:10:08.709Z,178703340870901
"Uncalled bet of 10 returned to ""player 61 @ uewFolxPCK""",2026-08-18T06:10:08.709Z,178703340870900
"""player 20 @ 4chnM3wbbk"" folds",2026-08-18T06:10:07.797Z,178703340779700
"""player 61 @ uewFolxPCK"" posts a big blind of 20",2026-08-18T06:10:06.398Z,178703340639805
"""player 20 @ 4chnM3wbbk"" posts a small blind of 10",2026-08-18T06:10:06.398Z,178703340639804
"Player stacks: #1 ""player 61 @ uewFolxPCK"" (1940) | #2 ""player 20 @ 4chnM3wbbk"" (2760)",2026-08-18T06:10:06.398Z,178703340639801
"-- starting hand #227 (id: 8lds9wghwgn4)  No Limit Texas Hold'em (dealer: ""player 20 @ 4chnM3wbbk"") --",2026-08-18T06:10:06.398Z,178703340639800
"Undealt cards:  [10♥, A♠, 2♦, 2♣, 7♥]",2026-08-18T06:10:00.735Z,178703340073500
"-- ending hand #226 --",2026-08-18T06:10:00.464Z,178703340046402
"""player 61 @ uewFolxPCK"" collected 40 from pot",2026-08-18T06:10:00.464Z,178703340046401
"Uncalled bet of 40 returned to ""player 61 @ uewFolxPCK""",2026-08-18T06:10:00.464Z,178703340046400
"""player 20 @ 4chnM3wbbk"" folds",2026-08-18T06:09:59.646Z,178703339964600
"""player 61 @ uewFolxPCK"" raises to 60",2026-08-18T06:09:58.302Z,178703339830200
"""player 20 @ 4chnM3wbbk"" posts a big blind of 20",2026-08-18T06:09:56.171Z,178703339617105
"""player 61 @ uewFolxPCK"" posts a small blind of 10",2026-08-18T06:09:56.171Z,178703339617104
"Player stacks: #1 ""player 61 @ uewFolxPCK"" (1920) | #2 ""player 20 @ 4chnM3wbbk"" (2780)",2026-08-18T06:09:56.171Z,178703339617101
"-- starting hand #226 (id: ghwzqzbdtgar)  No Limit Texas Hold'em (dealer: ""player 61 @ uewFolxPCK"") --",2026-08-18T06:09:56.171Z,178703339617100
"Undealt cards: 5♦, Q♥, 3♣ [7♠, 6♦]",2026-08-18T06:09:50.432Z,178703339043200
"-- ending hand #225 --",2026-08-18T06:09:50.231Z,178703339023102
"""player 61 @ uewFolxPCK"" collected 40 from pot",2026-08-18T06:09:50.231Z,178703339023101
"Uncalled bet of 40 returned to ""player 61 @ uewFolxPCK""",2026-08-18T06:09:50.231Z,178703339023100
"""player 20 @ 4chnM3wbbk"" folds",2026-08-18T06:09:49.422Z,178703338942200
"""player 61 @ uewFolxPCK"" bets 40",2026-08-18T06:09:48.024Z,178703338802400
"Flop:  [5♦, Q♥, 3♣]",2026-08-18T06:09:44.966Z,178703338496600
"""player 61 @ uewFolxPCK"" checks",2026-08-18T06:09:44.130Z,178703338413000
"""player 20 @ 4chnM3wbbk"" calls 20",2026-08-18T06:09:42.722Z,178703338272200
"""player 61 @ uewFolxPCK"" posts a big blind of 20",2026-08-18T06:09:40.766Z,178703338076605
"""player 20 @ 4chnM3wbbk"" posts a small blind of 10",2026-08-18T06:09:40.766Z,178703338076604
"Player stacks: #1 ""player 61 @ uewFolxPCK"" (1900) | #2 ""player 20 @ 4chnM3wbbk"" (2800)",2026-08-18T06:09:40.766Z,178703338076601
"-- starting hand #225 (id: cgesuyzilomm)  No Limit Texas Hold'em (dealer: ""player 20 @ 4chnM3wbbk"") --",2026-08-18T06:09:40.766Z,178703338076600
"Undealt cards:  [10♦, J♥, 2♥, 7♠, K♣]",2026-08-18T06:09:35.540Z,178703337554000
"-- ending hand #224 --",2026-08-18T06:09:34.833Z,178703337483302
"""player 20 @ 4chnM3wbbk"" collected 120 from pot",2026-08-18T06:09:34.833Z,178703337483301
"Uncalled bet of 120 returned to ""player 20 @ 4chnM3wbbk""",2026-08-18T06:09:34.833Z,178703337483300
"""player 61 @ uewFolxPCK"" folds",2026-08-18T06:09:34.029Z,178703337402900
"""player 20 @ 4chnM3wbbk"" raises to 180",2026-08-18T06:09:31.994Z,178703337199400
"""player 61 @ uewFolxPCK"" raises to 60",2026-08-18T06:09:25.161Z,178703336516100
"""player 20 @ 4chnM3wbbk"" posts a big blind of 20",2026-08-18T06:09:23.755Z,178703336375505
"""player 61 @ uewFolxPCK"" posts a small blind of 10",2026-08-18T06:09:23.755Z,178703336375504
"Player stacks: #1 ""player 61 @ uewFolxPCK"" (1960) | #2 ""player 20 @ 4chnM3wbbk"" (2740)",2026-08-18T06:09:23.755Z,178703336375501
"-- starting hand #224 (id: 6jw6gorv5cj2)  No Limit Texas Hold'em (dealer: ""player 61 @ uewFolxPCK"") --",2026-08-18T06:09:23.755Z,178703336375500
"-- ending hand #223 --",2026-08-18T06:09:17.737Z,178703335773702
"""player 61 @ uewFolxPCK"" collected 240 from pot with Two Pair, A's & 2's (combination: Q♣, 2♥, 2♠, A♥, A♦)",2026-08-18T06:09:17.737Z,178703335773701
"""player 61 @ uewFolxPCK"" shows a A♥, Q♣.",2026-08-18T06:09:17.737Z,178703335773700
"""player 20 @ 4chnM3wbbk"" checks",2026-08-18T06:09:16.897Z,178703335689700
"""player 61 @ uewFolxPCK"" checks",2026-08-18T06:09:15.226Z,178703335522600
"River: 2♥, 2♠, A♦, 6♥ [10♦]",2026-08-18T06:09:08.964Z,178703334896400
"""player 20 @ 4chnM3wbbk"" checks",2026-08-18T06:09:08.155Z,178703334815500
"""player 61 @ uewFolxPCK"" checks",2026-08-18T06:09:06.991Z,178703334699100
"Turn: 2♥, 2♠, A♦ [6♥]",2026-08-18T06:09:05.745Z,178703334574500
"""player 20 @ 4chnM3wbbk"" checks",2026-08-18T06:09:04.935Z,178703334493500
"""player 61 @ uewFolxPCK"" checks",2026-08-18T06:09:01.212Z,178703334121200
"Flop:  [2♥, 2♠, A♦]",2026-08-18T06:08:59.522Z,178703333952200
"""player 20 @ 4chnM3wbbk"" calls 120",2026-08-18T06:08:58.711Z,178703333871100
"""player 61 @ uewFolxPCK"" raises to 120",2026-08-18T06:08:57.690Z,178703333769000
"""player 20 @ 4chnM3wbbk"" raises to 40",2026-08-18T06:08:55.298Z,178703333529800
"""player 61 @ uewFolxPCK"" posts a big blind of 20",2026-08-18T06:08:52.117Z,178703333211705
"""player 20 @ 4chnM3wbbk"" posts a small blind of 10",2026-08-18T06:08:52.117Z,178703333211704
"Your hand is A♥, Q♣",2026-08-18T06:08:52.117Z,178703333211702
"Player stacks: #1 ""player 61 @ uewFolxPCK"" (1840) | #2 ""player 20 @ 4chnM3wbbk"" (2860)",2026-08-18T06:08:52.117Z,178703333211701
"-- starting hand #223 (id: lyf8ju3vvgbv)  No Limit Texas Hold'em (dealer: ""player 20 @ 4chnM3wbbk"") --",2026-08-18T06:08:52.117Z,178703333211700
"Undealt cards:  [7♥, 3♥, 6♥, 6♠, 7♠]",2026-08-18T06:08:46.745Z,178703332674500
"-- ending hand #222 --",2026-08-18T06:08:46.211Z,178703332621102
"""player 61 @ uewFolxPCK"" collected 40 from pot",2026-08-18T06:08:46.211Z,178703332621101
"Uncalled bet of 40 returned to ""player 61 @ uewFolxPCK""",2026-08-18T06:08:46.211Z,178703332621100
"""player 20 @ 4chnM3wbbk"" folds",2026-08-18T06:08:45.395Z,178703332539500
"""player 61 @ uewFolxPCK"" raises to 60",2026-08-18T06:08:42.898Z,178703332289800
"""player 20 @ 4chnM3wbbk"" posts a big blind of 20",2026-08-18T06:08:41.207Z,178703332120705
"""player 61 @ uewFolxPCK"" posts a small blind of 10",2026-08-18T06:08:41.207Z,178703332120704
"Player stacks: #1 ""player 61 @ uewFolxPCK"" (1820) | #2 ""player 20 @ 4chnM3wbbk"" (2880)",2026-08-18T06:08:41.207Z,178703332120701
"-- starting hand #222 (id: zlt9tpzjvvjt)  No Limit Texas Hold'em (dealer: ""player 61 @ uewFolxPCK"") --",2026-08-18T06:08:41.207Z,178703332120700
"Undealt cards:  [7♣, A♣, 9♣, 9♦, Q♣]",2026-08-18T06:08:35.723Z,178703331572300
"-- ending hand #221 --",2026-08-18T06:08:35.294Z,178703331529402
"""player 61 @ uewFolxPCK"" collected 20 from pot",2026-08-18T06:08:35.294Z,178703331529401
"Uncalled bet of 10 returned to ""player 61 @ uewFolxPCK""",2026-08-18T06:08:35.294Z,178703331529400
"""player 20 @ 4chnM3wbbk"" folds",2026-08-18T06:08:34.427Z,178703331442700
"""player 61 @ uewFolxPCK"" posts a big blind of 20",2026-08-18T06:08:31.712Z,178703331171205
"""player 20 @ 4chnM3wbbk"" posts a small blind of 10",2026-08-18T06:08:31.712Z,178703331171204
"Player stacks: #1 ""player 61 @ uewFolxPCK"" (1810) | #2 ""player 20 @ 4chnM3wbbk"" (2890)",2026-08-18T06:08:31.712Z,178703331171201
"-- starting hand #221 (id: 2tq01dzqc5v1)  No Limit Texas Hold'em (dealer: ""player 20 @ 4chnM3wbbk"") --",2026-08-18T06:08:31.712Z,178703331171200
"-- ending hand #220 --",2026-08-18T06:08:25.707Z,178703330570703
"""player 20 @ 4chnM3wbbk"" collected 280 from pot with Pair, Q's (combination: 8♣, 9♦, 10♠, Q♣, Q♥)",2026-08-18T06:08:25.707Z,178703330570702
"""player 20 @ 4chnM3wbbk"" shows a 10♠, 9♦.",2026-08-18T06:08:25.707Z,178703330570701
"""player 61 @ uewFolxPCK"" shows a 2♣, 4♣.",2026-08-18T06:08:25.707Z,178703330570700
"""player 20 @ 4chnM3wbbk"" calls 80",2026-08-18T06:08:24.885Z,178703330488500
"""player 61 @ uewFolxPCK"" raises to 80",2026-08-18T06:08:23.929Z,178703330392900
"""player 20 @ 4chnM3wbbk"" bets 20",2026-08-18T06:08:21.646Z,178703330164600
"River: Q♣, 8♣, 7♠, 3♠ [Q♥]",2026-08-18T06:08:20.177Z,178703330017700
"""player 61 @ uewFolxPCK"" checks",2026-08-18T06:08:19.310Z,178703329931000
"""player 20 @ 4chnM3wbbk"" checks",2026-08-18T06:08:17.709Z,178703329770900
"Turn: Q♣, 8♣, 7♠ [3♠]",2026-08-18T06:08:16.675Z,178703329667500
"""player 61 @ uewFolxPCK"" checks",2026-08-18T06:08:15.789Z,178703329578900
"""player 20 @ 4chnM3wbbk"" checks",2026-08-18T06:08:13.759Z,178703329375900
"Flop:  [Q♣, 8♣, 7♠]",2026-08-18T06:08:12.273Z,178703329227300
"""player 20 @ 4chnM3wbbk"" calls 60",2026-08-18T06:08:11.443Z,178703329144300
"""player 61 @ uewFolxPCK"" raises to 60",2026-08-18T06:08:10.206Z,178703329020600
"""player 20 @ 4chnM3wbbk"" posts a big blind of 20",2026-08-18T06:08:08.372Z,178703328837205
"""player 61 @ uewFolxPCK"" posts a small blind of 10",2026-08-18T06:08:08.372Z,178703328837204
"Your hand is 2♣, 4♣",2026-08-18T06:08:08.372Z,178703328837202
"Player stacks: #1 ""player 61 @ uewFolxPCK"" (1950) | #2 ""player 20 @ 4chnM3wbbk"" (2750)",2026-08-18T06:08:08.372Z,178703328837201
"-- starting hand #220 (id: h3jcd6zswmnf)  No Limit Texas Hold'em (dealer: ""player 61 @ uewFolxPCK"") --",2026-08-18T06:08:08.372Z,178703328837200
"Undealt cards:  [8♥, 4♥, 7♦, K♠, Q♠]",2026-08-18T06:08:04.337Z,178703328433700
"-- ending hand #219 --",2026-08-18T06:08:02.450Z,178703328245002
"""player 61 @ uewFolxPCK"" collected 20 from pot",2026-08-18T06:08:02.450Z,178703328245001
"Uncalled bet of 10 returned to ""player 61 @ uewFolxPCK""",2026-08-18T06:08:02.450Z,178703328245000
"""player 20 @ 4chnM3wbbk"" folds",2026-08-18T06:08:01.600Z,178703328160000
"""player 61 @ uewFolxPCK"" posts a big blind of 20",2026-08-18T06:08:00.399Z,178703328039905
"""player 20 @ 4chnM3wbbk"" posts a small blind of 10",2026-08-18T06:08:00.399Z,178703328039904
"Player stacks: #1 ""player 61 @ uewFolxPCK"" (1940) | #2 ""player 20 @ 4chnM3wbbk"" (2760)",2026-08-18T06:08:00.399Z,178703328039901
"-- starting hand #219 (id: sxmlzqeozcit)  No Limit Texas Hold'em (dealer: ""player 20 @ 4chnM3wbbk"") --",2026-08-18T06:08:00.399Z,178703328039900
"-- ending hand #218 --",2026-08-18T06:07:54.393Z,178703327439302
"""player 61 @ uewFolxPCK"" collected 80 from pot with Three of a Kind, J's (combination: K♣, A♥, J♠, J♥, J♣)",2026-08-18T06:07:54.393Z,178703327439301
"""player 61 @ uewFolxPCK"" shows a A♥, 5♣.",2026-08-18T06:07:54.393Z,178703327439300
"""player 20 @ 4chnM3wbbk"" calls 20",2026-08-18T06:07:53.564Z,178703327356400
"""player 61 @ uewFolxPCK"" bets 20",2026-08-18T06:07:52.111Z,178703327211100
"""player 20 @ 4chnM3wbbk"" checks",2026-08-18T06:07:49.297Z,178703326929700
"River: J♠, 8♠, K♣, J♥ [J♣]",2026-08-18T06:07:37.040Z,178703325704000
"""player 61 @ uewFolxPCK"" checks",2026-08-18T06:07:36.234Z,178703325623400
"""player 20 @ 4chnM3wbbk"" checks",2026-08-18T06:07:34.810Z,178703325481000
"Turn: J♠, 8♠, K♣ [J♥]",2026-08-18T06:07:31.959Z,178703325195900
"""player 61 @ uewFolxPCK"" checks",2026-08-18T06:07:31.132Z,178703325113200
"""player 20 @ 4chnM3wbbk"" checks",2026-08-18T06:07:30.147Z,178703325014700
"Flop:  [J♠, 8♠, K♣]",2026-08-18T06:07:24.355Z,178703324435500
"""player 20 @ 4chnM3wbbk"" checks",2026-08-18T06:07:23.479Z,178703324347900
"""player 61 @ uewFolxPCK"" calls 20",2026-08-18T06:07:22.065Z,178703324206500
"""player 20 @ 4chnM3wbbk"" posts a big blind of 20",2026-08-18T06:07:19.953Z,178703323995305
"""player 61 @ uewFolxPCK"" posts a small blind of 10",2026-08-18T06:07:19.953Z,178703323995304
"Your hand is A♥, 5♣",2026-08-18T06:07:19.953Z,178703323995302
"Player stacks: #1 ""player 61 @ uewFolxPCK"" (1900) | #2 ""player 20 @ 4chnM3wbbk"" (2800)",2026-08-18T06:07:19.953Z,178703323995301
"-- starting hand #218 (id: rtj70fshxtsq)  No Limit Texas Hold'em (dealer: ""player 61 @ uewFolxPCK"") --",2026-08-18T06:07:19.953Z,178703323995300
"Undealt cards: 8♦, 9♥, 4♥, 2♦ [J♦]",2026-08-18T06:07:14.322Z,178703323432200
"-- ending hand #217 --",2026-08-18T06:07:14.008Z,178703323400802
"""player 61 @ uewFolxPCK"" collected 40 from pot",2026-08-18T06:07:14.008Z,178703323400801
"Uncalled bet of 20 returned to ""player 61 @ uewFolxPCK""",2026-08-18T06:07:14.008Z,178703323400800
"""player 20 @ 4chnM3wbbk"" folds",2026-08-18T06:07:13.200Z,178703323320000
"""player 61 @ uewFolxPCK"" bets 20",2026-08-18T06:07:11.892Z,178703323189200
"Turn: 8♦, 9♥, 4♥ [2♦]",2026-08-18T06:07:08.977Z,178703322897700
"""player 20 @ 4chnM3wbbk"" checks",2026-08-18T06:07:08.168Z,178703322816800
"""player 61 @ uewFolxPCK"" checks",2026-08-18T06:07:07.226Z,178703322722600
"Flop:  [8♦, 9♥, 4♥]",2026-08-18T06:07:05.515Z,178703322551500
"""player 61 @ uewFolxPCK"" checks",2026-08-18T06:07:04.649Z,178703322464900
"""player 20 @ 4chnM3wbbk"" calls 20",2026-08-18T06:06:53.516Z,178703321351600
"""player 61 @ uewFolxPCK"" posts a big blind of 20",2026-08-18T06:06:49.082Z,178703320908205
"""player 20 @ 4chnM3wbbk"" posts a small blind of 10",2026-08-18T06:06:49.082Z,178703320908204
"Player stacks: #1 ""player 61 @ uewFolxPCK"" (1880) | #2 ""player 20 @ 4chnM3wbbk"" (2820)",2026-08-18T06:06:49.082Z,178703320908201
"-- starting hand #217 (id: tjrlu6pzd0no)  No Limit Texas Hold'em (dealer: ""player 20 @ 4chnM3wbbk"") --",2026-08-18T06:06:49.082Z,178703320908200
"Undealt cards:  [8♥, Q♥, 6♠, 3♦, 3♣]",2026-08-18T06:06:43.397Z,178703320339700
"-- ending hand #216 --",2026-08-18T06:06:43.141Z,178703320314102
"""player 61 @ uewFolxPCK"" collected 40 from pot",2026-08-18T06:06:43.141Z,178703320314101
"Uncalled bet of 40 returned to ""player 61 @ uewFolxPCK""",2026-08-18T06:06:43.141Z,178703320314100
"""player 20 @ 4chnM3wbbk"" folds",2026-08-18T06:06:42.289Z,178703320228900
"""player 61 @ uewFolxPCK"" raises to 60",2026-08-18T06:06:40.683Z,178703320068300
"""player 20 @ 4chnM3wbbk"" posts a big blind of 20",2026-08-18T06:06:39.275Z,178703319927505
"""player 61 @ uewFolxPCK"" posts a small blind of 10",2026-08-18T06:06:39.275Z,178703319927504
"Player stacks: #1 ""player 61 @ uewFolxPCK"" (1860) | #2 ""player 20 @ 4chnM3wbbk"" (2840)",2026-08-18T06:06:39.275Z,178703319927501
"-- starting hand #216 (id: m0m5yew58mrz)  No Limit Texas Hold'em (dealer: ""player 61 @ uewFolxPCK"") --",2026-08-18T06:06:39.275Z,178703319927500
"Undealt cards:  [8♦, A♦, 4♥, 6♦, 10♠]",2026-08-18T06:06:33.665Z,178703319366500
"-- ending hand #215 --",2026-08-18T06:06:33.322Z,178703319332202
"""player 61 @ uewFolxPCK"" collected 20 from pot",2026-08-18T06:06:33.322Z,178703319332201
"Uncalled bet of 10 returned to ""player 61 @ uewFolxPCK""",2026-08-18T06:06:33.322Z,178703319332200
"""player 20 @ 4chnM3wbbk"" folds",2026-08-18T06:06:32.508Z,178703319250800
"""player 61 @ uewFolxPCK"" posts a big blind of 20",2026-08-18T06:06:31.072Z,178703319107205
"""player 20 @ 4chnM3wbbk"" posts a small blind of 10",2026-08-18T06:06:31.072Z,178703319107204
"Player stacks: #1 ""player 61 @ uewFolxPCK"" (1850) | #2 ""player 20 @ 4chnM3wbbk"" (2850)",2026-08-18T06:06:31.072Z,178703319107201
"-- starting hand #215 (id: zvr4bdiwrys0)  No Limit Texas Hold'em (dealer: ""player 20 @ 4chnM3wbbk"") --",2026-08-18T06:06:31.072Z,178703319107200
"Undealt cards:  [5♠, K♥, 6♦, 2♣, 5♦]",2026-08-18T06:06:25.421Z,178703318542100
"-- ending hand #214 --",2026-08-18T06:06:25.068Z,178703318506802
"""player 61 @ uewFolxPCK"" collected 40 from pot",2026-08-18T06:06:25.068Z,178703318506801
"Uncalled bet of 40 returned to ""player 61 @ uewFolxPCK""",2026-08-18T06:06:25.068Z,178703318506800
"""player 20 @ 4chnM3wbbk"" folds",2026-08-18T06:06:24.243Z,178703318424300
"""player 61 @ uewFolxPCK"" raises to 60",2026-08-18T06:06:23.172Z,178703318317200
"""player 20 @ 4chnM3wbbk"" posts a big blind of 20",2026-08-18T06:06:21.865Z,178703318186505
"""player 61 @ uewFolxPCK"" posts a small blind of 10",2026-08-18T06:06:21.865Z,178703318186504
"Player stacks: #1 ""player 61 @ uewFolxPCK"" (1830) | #2 ""player 20 @ 4chnM3wbbk"" (2870)",2026-08-18T06:06:21.865Z,178703318186501
"-- starting hand #214 (id: rofpgk0eyi8z)  No Limit Texas Hold'em (dealer: ""player 61 @ uewFolxPCK"") --",2026-08-18T06:06:21.865Z,178703318186500
"Undealt cards:  [7♦, Q♥, 3♠, Q♣, A♠]",2026-08-18T06:06:16.552Z,178703317655200
"-- ending hand #213 --",2026-08-18T06:06:15.904Z,178703317590402
"""player 61 @ uewFolxPCK"" collected 20 from pot",2026-08-18T06:06:15.904Z,178703317590401
"Uncalled bet of 10 returned to ""player 61 @ uewFolxPCK""",2026-08-18T06:06:15.904Z,178703317590400
"""player 20 @ 4chnM3wbbk"" folds",2026-08-18T06:06:15.099Z,178703317509900
"""player 61 @ uewFolxPCK"" posts a big blind of 20",2026-08-18T06:06:13.650Z,178703317365005
"""player 20 @ 4chnM3wbbk"" posts a small blind of 10",2026-08-18T06:06:13.650Z,178703317365004
"Player stacks: #1 ""player 61 @ uewFolxPCK"" (1820) | #2 ""player 20 @ 4chnM3wbbk"" (2880)",2026-08-18T06:06:13.650Z,178703317365001
"-- starting hand #213 (id: hox8iib11nqu)  No Limit Texas Hold'em (dealer: ""player 20 @ 4chnM3wbbk"") --",2026-08-18T06:06:13.650Z,178703317365000
"Undealt cards:  [9♦, 6♠, J♥, 7♣, 3♦]",2026-08-18T06:06:08.371Z,178703316837100
"-- ending hand #212 --",2026-08-18T06:06:07.617Z,178703316761702
"""player 20 @ 4chnM3wbbk"" collected 20 from pot",2026-08-18T06:06:07.617Z,178703316761701
"Uncalled bet of 10 returned to ""player 20 @ 4chnM3wbbk""",2026-08-18T06:06:07.617Z,178703316761700
"""player 61 @ uewFolxPCK"" folds",2026-08-18T06:06:06.708Z,178703316670800
"""player 20 @ 4chnM3wbbk"" posts a big blind of 20",2026-08-18T06:06:05.816Z,178703316581605
"""player 61 @ uewFolxPCK"" posts a small blind of 10",2026-08-18T06:06:05.816Z,178703316581604
"Player stacks: #1 ""player 61 @ uewFolxPCK"" (1830) | #2 ""player 20 @ 4chnM3wbbk"" (2870)",2026-08-18T06:06:05.816Z,178703316581601
"-- starting hand #212 (id: 3zhhskpcpiam)  No Limit Texas Hold'em (dealer: ""player 61 @ uewFolxPCK"") --",2026-08-18T06:06:05.816Z,178703316581600
"""player 61 @ uewFolxPCK"" shows a 6♠.",2026-08-18T06:06:03.350Z,178703316335000
"Undealt cards:  [7♠, 10♠, 2♠, 10♥, 8♠]",2026-08-18T06:05:59.645Z,178703315964500
"-- ending hand #211 --",2026-08-18T06:05:59.130Z,178703315913002
"""player 61 @ uewFolxPCK"" collected 40 from pot",2026-08-18T06:05:59.130Z,178703315913001
"Uncalled bet of 40 returned to ""player 61 @ uewFolxPCK""",2026-08-18T06:05:59.130Z,178703315913000
"""player 20 @ 4chnM3wbbk"" folds",2026-08-18T06:05:58.306Z,178703315830600
"""player 61 @ uewFolxPCK"" raises to 60",2026-08-18T06:05:55.214Z,178703315521400
"""player 20 @ 4chnM3wbbk"" calls 20",2026-08-18T06:05:52.972Z,178703315297200
"""player 61 @ uewFolxPCK"" posts a big blind of 20",2026-08-18T06:05:51.000Z,178703315100005
"""player 20 @ 4chnM3wbbk"" posts a small blind of 10",2026-08-18T06:05:51.000Z,178703315100004
"Player stacks: #1 ""player 61 @ uewFolxPCK"" (1810) | #2 ""player 20 @ 4chnM3wbbk"" (2890)",2026-08-18T06:05:51.000Z,178703315100001
"-- starting hand #211 (id: ounvjuidyazy)  No Limit Texas Hold'em (dealer: ""player 20 @ 4chnM3wbbk"") --",2026-08-18T06:05:51.000Z,178703315100000
"Undealt cards: K♣, A♣, J♣ [4♠, Q♦]",2026-08-18T06:05:45.335Z,178703314533500
"-- ending hand #210 --",2026-08-18T06:05:45.075Z,178703314507502
"""player 20 @ 4chnM3wbbk"" collected 120 from pot",2026-08-18T06:05:45.075Z,178703314507501
"Uncalled bet of 50 returned to ""player 20 @ 4chnM3wbbk""",2026-08-18T06:05:45.075Z,178703314507500
"""player 61 @ uewFolxPCK"" folds",2026-08-18T06:05:44.191Z,178703314419100
"""player 20 @ 4chnM3wbbk"" bets 50",2026-08-18T06:05:42.764Z,178703314276400
"Flop:  [K♣, A♣, J♣]",2026-08-18T06:05:38.766Z,178703313876600
"""player 20 @ 4chnM3wbbk"" calls 60",2026-08-18T06:05:37.911Z,178703313791100
"""player 61 @ uewFolxPCK"" raises to 60",2026-08-18T06:05:36.762Z,178703313676200
"""player 20 @ 4chnM3wbbk"" posts a big blind of 20",2026-08-18T06:05:35.165Z,178703313516505
"""player 61 @ uewFolxPCK"" posts a small blind of 10",2026-08-18T06:05:35.165Z,178703313516504
"Player stacks: #1 ""player 61 @ uewFolxPCK"" (1870) | #2 ""player 20 @ 4chnM3wbbk"" (2830)",2026-08-18T06:05:35.165Z,178703313516501
"-- starting hand #210 (id: 5jmnajwa2okt)  No Limit Texas Hold'em (dealer: ""player 61 @ uewFolxPCK"") --",2026-08-18T06:05:35.165Z,178703313516500
"Undealt cards:  [K♦, 2♣, Q♠, A♥, 10♣]",2026-08-18T06:05:30.944Z,178703313094400
"-- ending hand #209 --",2026-08-18T06:05:29.254Z,178703312925402
"""player 61 @ uewFolxPCK"" collected 20 from pot",2026-08-18T06:05:29.254Z,178703312925401
"Uncalled bet of 10 returned to ""player 61 @ uewFolxPCK""",2026-08-18T06:05:29.254Z,178703312925400
"""player 20 @ 4chnM3wbbk"" folds",2026-08-18T06:05:28.381Z,178703312838100
"""player 61 @ uewFolxPCK"" posts a big blind of 20",2026-08-18T06:05:26.648Z,178703312664805
"""player 20 @ 4chnM3wbbk"" posts a small blind of 10",2026-08-18T06:05:26.648Z,178703312664804
"Player stacks: #1 ""player 61 @ uewFolxPCK"" (1860) | #2 ""player 20 @ 4chnM3wbbk"" (2840)",2026-08-18T06:05:26.648Z,178703312664801
"-- starting hand #209 (id: t4ukyhdocenr)  No Limit Texas Hold'em (dealer: ""player 20 @ 4chnM3wbbk"") --",2026-08-18T06:05:26.648Z,178703312664800
"-- ending hand #208 --",2026-08-18T06:05:20.643Z,178703312064304
"""player 20 @ 4chnM3wbbk"" collected 40 from pot with A High (combination: 6♣, 7♣, J♠, K♦, A♦)",2026-08-18T06:05:20.643Z,178703312064303
"""player 61 @ uewFolxPCK"" collected 40 from pot with A High (combination: 6♣, 7♠, J♠, K♣, A♦)",2026-08-18T06:05:20.643Z,178703312064302
"""player 61 @ uewFolxPCK"" shows a 7♠, K♣.",2026-08-18T06:05:20.643Z,178703312064301
"""player 20 @ 4chnM3wbbk"" shows a 7♣, K♦.",2026-08-18T06:05:20.643Z,178703312064300
"""player 61 @ uewFolxPCK"" calls 20",2026-08-18T06:05:19.781Z,178703311978100
"""player 20 @ 4chnM3wbbk"" bets 20",2026-08-18T06:05:18.885Z,178703311888500
"River: 3♠, A♦, 6♣, 4♣ [J♠]",2026-08-18T06:05:17.643Z,178703311764300
"""player 61 @ uewFolxPCK"" checks",2026-08-18T06:05:16.774Z,178703311677400
"""player 20 @ 4chnM3wbbk"" checks",2026-08-18T06:05:15.707Z,178703311570700
"Turn: 3♠, A♦, 6♣ [4♣]",2026-08-18T06:05:14.843Z,178703311484300
"""player 61 @ uewFolxPCK"" checks",2026-08-18T06:05:14.013Z,178703311401300
"""player 20 @ 4chnM3wbbk"" checks",2026-08-18T06:05:13.054Z,178703311305400
"Flop:  [3♠, A♦, 6♣]",2026-08-18T06:05:11.868Z,178703311186800
"""player 20 @ 4chnM3wbbk"" checks",2026-08-18T06:05:11.013Z,178703311101300
"""player 61 @ uewFolxPCK"" calls 20",2026-08-18T06:05:08.726Z,178703310872600
"""player 20 @ 4chnM3wbbk"" posts a big blind of 20",2026-08-18T06:04:59.990Z,178703309999005
"""player 61 @ uewFolxPCK"" posts a small blind of 10",2026-08-18T06:04:59.990Z,178703309999004
"Your hand is 7♠, K♣",2026-08-18T06:04:59.990Z,178703309999002
"Player stacks: #1 ""player 61 @ uewFolxPCK"" (1860) | #2 ""player 20 @ 4chnM3wbbk"" (2840)",2026-08-18T06:04:59.990Z,178703309999001
"-- starting hand #208 (id: zro8urw9dsgm)  No Limit Texas Hold'em (dealer: ""player 61 @ uewFolxPCK"") --",2026-08-18T06:04:59.990Z,178703309999000
"-- ending hand #207 --",2026-08-18T06:04:53.961Z,178703309396102
"""player 61 @ uewFolxPCK"" collected 280 from pot with Two Pair, A's & 10's (combination: Q♣, 10♣, 10♥, A♣, A♦)",2026-08-18T06:04:53.961Z,178703309396101
"""player 61 @ uewFolxPCK"" shows a Q♣, A♣.",2026-08-18T06:04:53.961Z,178703309396100
"""player 20 @ 4chnM3wbbk"" calls 80",2026-08-18T06:04:53.133Z,178703309313300
"""player 61 @ uewFolxPCK"" raises to 80",2026-08-18T06:04:51.733Z,178703309173300
"""player 20 @ 4chnM3wbbk"" bets 20",2026-08-18T06:04:43.975Z,178703308397500
"""player 61 @ uewFolxPCK"" checks",2026-08-18T06:04:41.327Z,178703308132700
"River: 10♣, 3♦, 5♥, 10♥ [A♦]",2026-08-18T06:04:38.950Z,178703307895000
"""player 20 @ 4chnM3wbbk"" checks",2026-08-18T06:04:38.115Z,178703307811500
"""player 61 @ uewFolxPCK"" checks",2026-08-18T06:04:36.654Z,178703307665400
"Turn: 10♣, 3♦, 5♥ [10♥]",2026-08-18T06:04:34.850Z,178703307485000
"""player 20 @ 4chnM3wbbk"" checks",2026-08-18T06:04:33.964Z,178703307396400
"""player 61 @ uewFolxPCK"" checks",2026-08-18T06:04:32.733Z,178703307273300
"Flop:  [10♣, 3♦, 5♥]",2026-08-18T06:04:28.738Z,178703306873800
"""player 20 @ 4chnM3wbbk"" calls 60",2026-08-18T06:04:27.886Z,178703306788600
"""player 61 @ uewFolxPCK"" raises to 60",2026-08-18T06:04:26.547Z,178703306654700
"""player 20 @ 4chnM3wbbk"" calls 20",2026-08-18T06:04:24.834Z,178703306483400
"""player 61 @ uewFolxPCK"" posts a big blind of 20",2026-08-18T06:04:23.431Z,178703306343105
"""player 20 @ 4chnM3wbbk"" posts a small blind of 10",2026-08-18T06:04:23.431Z,178703306343104
"Your hand is Q♣, A♣",2026-08-18T06:04:23.431Z,178703306343102
"Player stacks: #1 ""player 61 @ uewFolxPCK"" (1720) | #2 ""player 20 @ 4chnM3wbbk"" (2980)",2026-08-18T06:04:23.431Z,178703306343101
"-- starting hand #207 (id: jrygfcmhnxlu)  No Limit Texas Hold'em (dealer: ""player 20 @ 4chnM3wbbk"") --",2026-08-18T06:04:23.431Z,178703306343100
"Undealt cards:  [J♥, 8♠, 8♣, 4♠, 2♥]",2026-08-18T06:04:22.157Z,178703306215700
"-- ending hand #206 --",2026-08-18T06:04:17.523Z,178703305752302
"""player 20 @ 4chnM3wbbk"" collected 20 from pot",2026-08-18T06:04:17.523Z,178703305752301
"Uncalled bet of 10 returned to ""player 20 @ 4chnM3wbbk""",2026-08-18T06:04:17.523Z,178703305752300
"""player 61 @ uewFolxPCK"" folds",2026-08-18T06:04:16.718Z,178703305671800
"""player 20 @ 4chnM3wbbk"" posts a big blind of 20",2026-08-18T06:04:15.249Z,178703305524905
"""player 61 @ uewFolxPCK"" posts a small blind of 10",2026-08-18T06:04:15.249Z,178703305524904
"Player stacks: #1 ""player 61 @ uewFolxPCK"" (1730) | #2 ""player 20 @ 4chnM3wbbk"" (2970)",2026-08-18T06:04:15.249Z,178703305524901
"-- starting hand #206 (id: vwyiahhylj3s)  No Limit Texas Hold'em (dealer: ""player 61 @ uewFolxPCK"") --",2026-08-18T06:04:15.249Z,178703305524900
"-- ending hand #205 --",2026-08-18T06:04:12.318Z,178703305231802
"""player 20 @ 4chnM3wbbk"" collected 40 from pot",2026-08-18T06:04:12.318Z,178703305231801
"Uncalled bet of 30 returned to ""player 20 @ 4chnM3wbbk""",2026-08-18T06:04:12.318Z,178703305231800
"""player 61 @ uewFolxPCK"" folds",2026-08-18T06:04:11.499Z,178703305149900
"""player 20 @ 4chnM3wbbk"" bets 30",2026-08-18T06:04:06.151Z,178703304615100
"""player 61 @ uewFolxPCK"" checks",2026-08-18T06:04:03.644Z,178703304364400
"River: 7♦, 9♠, 5♠, K♣ [K♦]",2026-08-18T06:04:01.875Z,178703304187500
"""player 20 @ 4chnM3wbbk"" checks",2026-08-18T06:04:01.012Z,178703304101200
"""player 61 @ uewFolxPCK"" checks",2026-08-18T06:03:59.945Z,178703303994500
"Turn: 7♦, 9♠, 5♠ [K♣]",2026-08-18T06:03:58.971Z,178703303897100
"""player 20 @ 4chnM3wbbk"" checks",2026-08-18T06:03:58.153Z,178703303815300
"""player 61 @ uewFolxPCK"" checks",2026-08-18T06:03:56.263Z,178703303626300
"Flop:  [7♦, 9♠, 5♠]",2026-08-18T06:03:56.099Z,178703303609900
"""player 61 @ uewFolxPCK"" checks",2026-08-18T06:03:55.259Z,178703303525900
"""player 20 @ 4chnM3wbbk"" calls 20",2026-08-18T06:03:54.351Z,178703303435100
"""player 61 @ uewFolxPCK"" posts a big blind of 20",2026-08-18T06:03:52.780Z,178703303278005
"""player 20 @ 4chnM3wbbk"" posts a small blind of 10",2026-08-18T06:03:52.780Z,178703303278004
"Player stacks: #1 ""player 61 @ uewFolxPCK"" (1750) | #2 ""player 20 @ 4chnM3wbbk"" (2950)",2026-08-18T06:03:52.780Z,178703303278001
"-- starting hand #205 (id: cvy73lbu6rek)  No Limit Texas Hold'em (dealer: ""player 20 @ 4chnM3wbbk"") --",2026-08-18T06:03:52.780Z,178703303278000
"-- ending hand #204 --",2026-08-18T06:03:49.858Z,178703302985802
"""player 20 @ 4chnM3wbbk"" collected 40 from pot",2026-08-18T06:03:49.858Z,178703302985801
"Uncalled bet of 20 returned to ""player 20 @ 4chnM3wbbk""",2026-08-18T06:03:49.858Z,178703302985800
"""player 61 @ uewFolxPCK"" folds",2026-08-18T06:03:48.996Z,178703302899600
"""player 20 @ 4chnM3wbbk"" bets 20",2026-08-18T06:03:44.905Z,178703302490500
"River: 7♣, K♠, K♣, 6♣ [9♥]",2026-08-18T06:03:43.255Z,178703302325500
"""player 61 @ uewFolxPCK"" checks",2026-08-18T06:03:42.395Z,178703302239500
"""player 20 @ 4chnM3wbbk"" checks",2026-08-18T06:03:41.383Z,178703302138300
"Turn: 7♣, K♠, K♣ [6♣]",2026-08-18T06:03:40.253Z,178703302025300
"""player 61 @ uewFolxPCK"" checks",2026-08-18T06:03:39.368Z,178703301936800
"""player 20 @ 4chnM3wbbk"" checks",2026-08-18T06:03:38.213Z,178703301821300
"Flop:  [7♣, K♠, K♣]",2026-08-18T06:03:36.257Z,178703301625700
"""player 20 @ 4chnM3wbbk"" checks",2026-08-18T06:03:35.431Z,178703301543100
"""player 61 @ uewFolxPCK"" calls 20",2026-08-18T06:03:33.770Z,178703301377000
"""player 20 @ 4chnM3wbbk"" posts a big blind of 20",2026-08-18T06:03:31.548Z,178703301154805
"""player 61 @ uewFolxPCK"" posts a small blind of 10",2026-08-18T06:03:31.548Z,178703301154804
"Player stacks: #1 ""player 61 @ uewFolxPCK"" (1770) | #2 ""player 20 @ 4chnM3wbbk"" (2930)",2026-08-18T06:03:31.548Z,178703301154801
"-- starting hand #204 (id: gi6ph29wtsuv)  No Limit Texas Hold'em (dealer: ""player 61 @ uewFolxPCK"") --",2026-08-18T06:03:31.548Z,178703301154800
"Undealt cards:  [J♠, 4♠, K♠, K♣, 3♠]",2026-08-18T06:03:26.210Z,178703300621000
"-- ending hand #203 --",2026-08-18T06:03:25.645Z,178703300564502
"""player 61 @ uewFolxPCK"" collected 20 from pot",2026-08-18T06:03:25.645Z,178703300564501
"Uncalled bet of 10 returned to ""player 61 @ uewFolxPCK""",2026-08-18T06:03:25.645Z,178703300564500
"""player 20 @ 4chnM3wbbk"" folds",2026-08-18T06:03:24.799Z,178703300479900
"""player 61 @ uewFolxPCK"" posts a big blind of 20",2026-08-18T06:03:23.246Z,178703300324605
"""player 20 @ 4chnM3wbbk"" posts a small blind of 10",2026-08-18T06:03:23.246Z,178703300324604
"Player stacks: #1 ""player 61 @ uewFolxPCK"" (1760) | #2 ""player 20 @ 4chnM3wbbk"" (2940)",2026-08-18T06:03:23.246Z,178703300324601
"-- starting hand #203 (id: uonptbcin8fh)  No Limit Texas Hold'em (dealer: ""player 20 @ 4chnM3wbbk"") --",2026-08-18T06:03:23.246Z,178703300324600
"Undealt cards:  [K♠, 2♦, 9♠, 9♥, 3♠]",2026-08-18T06:03:17.772Z,178703299777200
"-- ending hand #202 --",2026-08-18T06:03:17.240Z,178703299724002
"""player 20 @ 4chnM3wbbk"" collected 20 from pot",2026-08-18T06:03:17.240Z,178703299724001
"Uncalled bet of 10 returned to ""player 20 @ 4chnM3wbbk""",2026-08-18T06:03:17.240Z,178703299724000
"""player 61 @ uewFolxPCK"" folds",2026-08-18T06:03:16.414Z,178703299641400
"""player 20 @ 4chnM3wbbk"" posts a big blind of 20",2026-08-18T06:03:15.117Z,178703299511705
"""player 61 @ uewFolxPCK"" posts a small blind of 10",2026-08-18T06:03:15.117Z,178703299511704
"Player stacks: #1 ""player 61 @ uewFolxPCK"" (1770) | #2 ""player 20 @ 4chnM3wbbk"" (2930)",2026-08-18T06:03:15.117Z,178703299511701
"-- starting hand #202 (id: se3xto77ov9k)  No Limit Texas Hold'em (dealer: ""player 61 @ uewFolxPCK"") --",2026-08-18T06:03:15.117Z,178703299511700
"Undealt cards: 10♣, 6♠, 9♠ [A♠, 4♣]",2026-08-18T06:03:09.418Z,178703298941800
"-- ending hand #201 --",2026-08-18T06:03:09.196Z,178703298919602
"""player 20 @ 4chnM3wbbk"" collected 80 from pot",2026-08-18T06:03:09.196Z,178703298919601
"Uncalled bet of 50 returned to ""player 20 @ 4chnM3wbbk""",2026-08-18T06:03:09.196Z,178703298919600
"""player 61 @ uewFolxPCK"" folds",2026-08-18T06:03:08.377Z,178703298837700
"""player 20 @ 4chnM3wbbk"" bets 50",2026-08-18T06:03:02.583Z,178703298258300
"""player 61 @ uewFolxPCK"" checks",2026-08-18T06:02:57.680Z,178703297768000
"Flop:  [10♣, 6♠, 9♠]",2026-08-18T06:02:56.181Z,178703297618100
"""player 61 @ uewFolxPCK"" calls 40",2026-08-18T06:02:55.365Z,178703297536500
"""player 20 @ 4chnM3wbbk"" raises to 40",2026-08-18T06:02:54.373Z,178703297437300
"""player 61 @ uewFolxPCK"" posts a big blind of 20",2026-08-18T06:02:50.774Z,178703297077405
"""player 20 @ 4chnM3wbbk"" posts a small blind of 10",2026-08-18T06:02:50.774Z,178703297077404
"Player stacks: #1 ""player 61 @ uewFolxPCK"" (1810) | #2 ""player 20 @ 4chnM3wbbk"" (2890)",2026-08-18T06:02:50.774Z,178703297077401
"-- starting hand #201 (id: w9cghr15knzo)  No Limit Texas Hold'em (dealer: ""player 20 @ 4chnM3wbbk"") --",2026-08-18T06:02:50.774Z,178703297077400
"-- ending hand #200 --",2026-08-18T06:02:44.770Z,178703296477002
"""player 20 @ 4chnM3wbbk"" collected 360 from pot with Full House, K's over 8's (combination: 8♦, 8♣, K♥, K♠, K♣)",2026-08-18T06:02:44.770Z,178703296477001
"""player 20 @ 4chnM3wbbk"" shows a K♥, J♠.",2026-08-18T06:02:44.770Z,178703296477000
"""player 61 @ uewFolxPCK"" checks",2026-08-18T06:02:43.953Z,178703296395300
"""player 20 @ 4chnM3wbbk"" checks",2026-08-18T06:02:39.332Z,178703295933200
"River: Q♠, 8♦, 8♣, K♠ [K♣]",2026-08-18T06:02:37.053Z,178703295705300
"""player 20 @ 4chnM3wbbk"" calls 80",2026-08-18T06:02:36.214Z,178703295621400
"""player 61 @ uewFolxPCK"" bets 80",2026-08-18T06:02:35.073Z,178703295507300
"""player 20 @ 4chnM3wbbk"" checks",2026-08-18T06:02:31.582Z,178703295158200
"Turn: Q♠, 8♦, 8♣ [K♠]",2026-08-18T06:02:30.361Z,178703295036100
"""player 20 @ 4chnM3wbbk"" calls 40",2026-08-18T06:02:29.499Z,178703294949900
"""player 61 @ uewFolxPCK"" bets 40",2026-08-18T06:02:25.852Z,178703294585200
"""player 20 @ 4chnM3wbbk"" checks",2026-08-18T06:02:23.951Z,178703294395100
"Flop:  [Q♠, 8♦, 8♣]",2026-08-18T06:02:22.637Z,178703294263700
"""player 20 @ 4chnM3wbbk"" calls 60",2026-08-18T06:02:21.755Z,178703294175500
"""player 61 @ uewFolxPCK"" raises to 60",2026-08-18T06:02:20.779Z,178703294077900
"""player 20 @ 4chnM3wbbk"" posts a big blind of 20",2026-08-18T06:02:18.635Z,178703293863505
"""player 61 @ uewFolxPCK"" posts a small blind of 10",2026-08-18T06:02:18.635Z,178703293863504
"Player stacks: #1 ""player 61 @ uewFolxPCK"" (1990) | #2 ""player 20 @ 4chnM3wbbk"" (2710)",2026-08-18T06:02:18.635Z,178703293863501
"-- starting hand #200 (id: mqdo2rlrawy5)  No Limit Texas Hold'em (dealer: ""player 61 @ uewFolxPCK"") --",2026-08-18T06:02:18.635Z,178703293863500
"-- ending hand #199 --",2026-08-18T06:02:15.694Z,178703293569402
"""player 20 @ 4chnM3wbbk"" collected 40 from pot",2026-08-18T06:02:15.694Z,178703293569401
"Uncalled bet of 20 returned to ""player 20 @ 4chnM3wbbk""",2026-08-18T06:02:15.694Z,178703293569400
"""player 61 @ uewFolxPCK"" folds",2026-08-18T06:02:14.866Z,178703293486600
"""player 20 @ 4chnM3wbbk"" bets 20",2026-08-18T06:02:13.738Z,178703293373800
"""player 61 @ uewFolxPCK"" checks",2026-08-18T06:02:11.051Z,178703293105100
"River: 6♦, 6♠, Q♣, 4♥ [J♣]",2026-08-18T06:02:09.003Z,178703292900300
"""player 20 @ 4chnM3wbbk"" checks",2026-08-18T06:02:08.136Z,178703292813600
"""player 61 @ uewFolxPCK"" checks",2026-08-18T06:02:07.134Z,178703292713400
"Turn: 6♦, 6♠, Q♣ [4♥]",2026-08-18T06:02:05.684Z,178703292568400
"""player 20 @ 4chnM3wbbk"" checks",2026-08-18T06:02:04.845Z,178703292484500
"""player 61 @ uewFolxPCK"" checks",2026-08-18T06:02:03.714Z,178703292371400
"Flop:  [6♦, 6♠, Q♣]",2026-08-18T06:02:02.311Z,178703292231100
"""player 61 @ uewFolxPCK"" checks",2026-08-18T06:02:01.406Z,178703292140600
"""player 20 @ 4chnM3wbbk"" calls 20",2026-08-18T06:02:00.448Z,178703292044800
"""player 61 @ uewFolxPCK"" posts a big blind of 20",2026-08-18T06:01:58.863Z,178703291886305
"""player 20 @ 4chnM3wbbk"" posts a small blind of 10",2026-08-18T06:01:58.863Z,178703291886304
"Player stacks: #1 ""player 61 @ uewFolxPCK"" (2010) | #2 ""player 20 @ 4chnM3wbbk"" (2690)",2026-08-18T06:01:58.863Z,178703291886301
"-- starting hand #199 (id: egottpgcyhpq)  No Limit Texas Hold'em (dealer: ""player 20 @ 4chnM3wbbk"") --",2026-08-18T06:01:58.863Z,178703291886300
"Undealt cards:  [10♥, Q♠, J♥, 7♠, 5♠]",2026-08-18T06:01:53.344Z,178703291334400
"-- ending hand #198 --",2026-08-18T06:01:52.941Z,178703291294102
"""player 20 @ 4chnM3wbbk"" collected 20 from pot",2026-08-18T06:01:52.941Z,178703291294101
"Uncalled bet of 10 returned to ""player 20 @ 4chnM3wbbk""",2026-08-18T06:01:52.941Z,178703291294100
"""player 61 @ uewFolxPCK"" folds",2026-08-18T06:01:52.120Z,178703291212000
"""player 20 @ 4chnM3wbbk"" posts a big blind of 20",2026-08-18T06:01:51.361Z,178703291136107
"""player 61 @ uewFolxPCK"" posts a small blind of 10",2026-08-18T06:01:51.361Z,178703291136106
"Player stacks: #1 ""player 61 @ uewFolxPCK"" (2020) | #2 ""player 20 @ 4chnM3wbbk"" (2680)",2026-08-18T06:01:51.361Z,178703291136103
"The player ""player 20 @ 4chnM3wbbk"" joined the game with a stack of 2680.",2026-08-18T06:01:51.361Z,178703291136102
"The player ""player 61 @ uewFolxPCK"" joined the game with a stack of 2020.",2026-08-18T06:01:51.361Z,178703291136101
"-- starting hand #198 (id: prrx9ialmbfx)  No Limit Texas Hold'em (dealer: ""player 61 @ uewFolxPCK"") --",2026-08-18T06:01:51.361Z,178703291136100
"Undealt cards: 5♠, J♣, 9♦, 10♦ [7♦]",2026-08-18T06:01:14.069Z,178703287406900
"-- ending hand #197 --",2026-08-18T06:01:13.786Z,178703287378602
"""player 61 @ uewFolxPCK"" collected 120 from pot",2026-08-18T06:01:13.786Z,178703287378601
"Uncalled bet of 40 returned to ""player 61 @ uewFolxPCK""",2026-08-18T06:01:13.786Z,178703287378600
"""player 20 @ 4chnM3wbbk"" folds",2026-08-18T06:01:12.967Z,178703287296700
"""player 61 @ uewFolxPCK"" bets 40",2026-08-18T06:01:11.408Z,178703287140800
"""player 20 @ 4chnM3wbbk"" checks",2026-08-18T06:01:09.550Z,178703286955000
"Turn: 5♠, J♣, 9♦ [10♦]",2026-08-18T06:01:08.538Z,178703286853800
"""player 61 @ uewFolxPCK"" checks",2026-08-18T06:01:07.719Z,178703286771900
"""player 20 @ 4chnM3wbbk"" checks",2026-08-18T06:01:06.627Z,178703286662700
"Flop:  [5♠, J♣, 9♦]",2026-08-18T06:01:02.528Z,178703286252800
"""player 20 @ 4chnM3wbbk"" calls 60",2026-08-18T06:01:01.682Z,178703286168200
"""player 61 @ uewFolxPCK"" raises to 60",2026-08-18T06:00:53.982Z,178703285398200
"The admin ""player 61 @ uewFolxPCK"" enqueued the game stop on next hand.",2026-08-18T06:00:52.729Z,178703285272900
"""player 20 @ 4chnM3wbbk"" posts a big blind of 20",2026-08-18T06:00:47.769Z,178703284776905
"""player 61 @ uewFolxPCK"" posts a small blind of 10",2026-08-18T06:00:47.769Z,178703284776904
"Player stacks: #1 ""player 61 @ uewFolxPCK"" (1960) | #2 ""player 20 @ 4chnM3wbbk"" (2740)",2026-08-18T06:00:47.769Z,178703284776901
"-- starting hand #197 (id: nf2qcxe68p8j)  No Limit Texas Hold'em (dealer: ""player 61 @ uewFolxPCK"") --",2026-08-18T06:00:47.769Z,178703284776900
"""player 61 @ uewFolxPCK"" shows a 10♥.",2026-08-18T06:00:42.817Z,178703284281700
"-- ending hand #196 --",2026-08-18T06:00:41.215Z,178703284121502
"""player 20 @ 4chnM3wbbk"" collected 520 from pot with Three of a Kind, 7's (combination: 10♠, Q♦, 7♣, 7♥, 7♠)",2026-08-18T06:00:41.215Z,178703284121501
"""player 20 @ 4chnM3wbbk"" shows a 7♣, 7♥.",2026-08-18T06:00:41.215Z,178703284121500
"""player 61 @ uewFolxPCK"" calls 130",2026-08-18T06:00:40.385Z,178703284038500
"""player 20 @ 4chnM3wbbk"" bets 130",2026-08-18T06:00:39.472Z,178703283947200
"""player 61 @ uewFolxPCK"" checks",2026-08-18T06:00:35.939Z,178703283593900
"River: Q♦, 7♠, 8♥, 2♥ [10♠]",2026-08-18T06:00:34.098Z,178703283409800
"""player 61 @ uewFolxPCK"" calls 40",2026-08-18T06:00:33.255Z,178703283325500
"""player 20 @ 4chnM3wbbk"" bets 40",2026-08-18T06:00:31.468Z,178703283146800
"""player 61 @ uewFolxPCK"" checks",2026-08-18T06:00:28.444Z,178703282844400
"Turn: Q♦, 7♠, 8♥ [2♥]",2026-08-18T06:00:26.493Z,178703282649300
"""player 20 @ 4chnM3wbbk"" calls 40",2026-08-18T06:00:25.664Z,178703282566400
"""player 61 @ uewFolxPCK"" bets 40",2026-08-18T06:00:23.333Z,178703282333300
"Flop:  [Q♦, 7♠, 8♥]",2026-08-18T06:00:19.747Z,178703281974700
"""player 61 @ uewFolxPCK"" calls 50",2026-08-18T06:00:18.936Z,178703281893600
"""player 20 @ 4chnM3wbbk"" raises to 50",2026-08-18T06:00:17.373Z,178703281737300
"""player 61 @ uewFolxPCK"" posts a big blind of 20",2026-08-18T06:00:13.628Z,178703281362805
"""player 20 @ 4chnM3wbbk"" posts a small blind of 10",2026-08-18T06:00:13.628Z,178703281362804
"Player stacks: #1 ""player 61 @ uewFolxPCK"" (2220) | #2 ""player 20 @ 4chnM3wbbk"" (2480)",2026-08-18T06:00:13.628Z,178703281362801
"-- starting hand #196 (id: 7zaapyqdkbvk)  No Limit Texas Hold'em (dealer: ""player 20 @ 4chnM3wbbk"") --",2026-08-18T06:00:13.628Z,178703281362800
"Undealt cards:  [J♣, 10♦, 3♦, 7♠, A♠]",2026-08-18T06:00:08.772Z,178703280877200
"-- ending hand #195 --",2026-08-18T06:00:07.708Z,178703280770802
"""player 20 @ 4chnM3wbbk"" collected 20 from pot",2026-08-18T06:00:07.708Z,178703280770801
"Uncalled bet of 10 returned to ""player 20 @ 4chnM3wbbk""",2026-08-18T06:00:07.708Z,178703280770800
"""player 61 @ uewFolxPCK"" folds",2026-08-18T06:00:06.796Z,178703280679600
"""player 20 @ 4chnM3wbbk"" posts a big blind of 20",2026-08-18T06:00:05.463Z,178703280546305
"""player 61 @ uewFolxPCK"" posts a small blind of 10",2026-08-18T06:00:05.463Z,178703280546304
"Player stacks: #1 ""player 61 @ uewFolxPCK"" (2230) | #2 ""player 20 @ 4chnM3wbbk"" (2470)",2026-08-18T06:00:05.463Z,178703280546301
"-- starting hand #195 (id: h0giz4oifart)  No Limit Texas Hold'em (dealer: ""player 61 @ uewFolxPCK"") --",2026-08-18T06:00:05.463Z,178703280546300
"Undealt cards:  [Q♥, Q♦, K♠, A♦, 5♥]",2026-08-18T05:59:59.765Z,178703279976500
"-- ending hand #194 --",2026-08-18T05:59:59.539Z,178703279953902
"""player 20 @ 4chnM3wbbk"" collected 40 from pot",2026-08-18T05:59:59.539Z,178703279953901
"Uncalled bet of 30 returned to ""player 20 @ 4chnM3wbbk""",2026-08-18T05:59:59.539Z,178703279953900
"""player 61 @ uewFolxPCK"" folds",2026-08-18T05:59:58.731Z,178703279873100
"""player 20 @ 4chnM3wbbk"" raises to 50",2026-08-18T05:59:56.901Z,178703279690100
"""player 61 @ uewFolxPCK"" posts a big blind of 20",2026-08-18T05:59:52.687Z,178703279268705
"""player 20 @ 4chnM3wbbk"" posts a small blind of 10",2026-08-18T05:59:52.687Z,178703279268704
"Player stacks: #1 ""player 61 @ uewFolxPCK"" (2250) | #2 ""player 20 @ 4chnM3wbbk"" (2450)",2026-08-18T05:59:52.687Z,178703279268701
"-- starting hand #194 (id: rtfitvyj1vpa)  No Limit Texas Hold'em (dealer: ""player 20 @ 4chnM3wbbk"") --",2026-08-18T05:59:52.687Z,178703279268700
"-- ending hand #193 --",2026-08-18T05:59:49.686Z,178703278968602
"""player 61 @ uewFolxPCK"" collected 40 from pot",2026-08-18T05:59:49.686Z,178703278968601
"Uncalled bet of 40 returned to ""player 61 @ uewFolxPCK""",2026-08-18T05:59:49.686Z,178703278968600
"""player 20 @ 4chnM3wbbk"" folds",2026-08-18T05:59:48.785Z,178703278878500
"""player 61 @ uewFolxPCK"" raises to 60",2026-08-18T05:59:43.472Z,178703278347200
"""player 20 @ 4chnM3wbbk"" posts a big blind of 20",2026-08-18T05:59:42.290Z,178703278229005
"""player 61 @ uewFolxPCK"" posts a small blind of 10",2026-08-18T05:59:42.290Z,178703278229004
"Player stacks: #1 ""player 61 @ uewFolxPCK"" (2230) | #2 ""player 20 @ 4chnM3wbbk"" (2470)",2026-08-18T05:59:42.290Z,178703278229001
"-- starting hand #193 (id: ek3iuwrmnwph)  No Limit Texas Hold'em (dealer: ""player 61 @ uewFolxPCK"") --",2026-08-18T05:59:42.290Z,178703278229000
"Undealt cards:  [9♦, 10♦, 3♦, 8♦, K♠]",2026-08-18T05:59:37.457Z,178703277745700
"-- ending hand #192 --",2026-08-18T05:59:36.374Z,178703277637402
"""player 20 @ 4chnM3wbbk"" collected 40 from pot",2026-08-18T05:59:36.374Z,178703277637401
"Uncalled bet of 40 returned to ""player 20 @ 4chnM3wbbk""",2026-08-18T05:59:36.374Z,178703277637400
"""player 61 @ uewFolxPCK"" folds",2026-08-18T05:59:35.548Z,178703277554800
"""player 20 @ 4chnM3wbbk"" raises to 60",2026-08-18T05:59:31.635Z,178703277163500
"""player 61 @ uewFolxPCK"" posts a big blind of 20",2026-08-18T05:59:29.472Z,178703276947205
"""player 20 @ 4chnM3wbbk"" posts a small blind of 10",2026-08-18T05:59:29.472Z,178703276947204
"Player stacks: #1 ""player 61 @ uewFolxPCK"" (2250) | #2 ""player 20 @ 4chnM3wbbk"" (2450)",2026-08-18T05:59:29.472Z,178703276947201
"-- starting hand #192 (id: r6bsc7byucga)  No Limit Texas Hold'em (dealer: ""player 20 @ 4chnM3wbbk"") --",2026-08-18T05:59:29.472Z,178703276947200
"Undealt cards:  [J♥, 5♦, 4♣, 2♦, 10♠]",2026-08-18T05:59:24.729Z,178703276472900
"-- ending hand #191 --",2026-08-18T05:59:23.540Z,178703276354002
"""player 20 @ 4chnM3wbbk"" collected 40 from pot",2026-08-18T05:59:23.540Z,178703276354001
"Uncalled bet of 40 returned to ""player 20 @ 4chnM3wbbk""",2026-08-18T05:59:23.540Z,178703276354000
"""player 61 @ uewFolxPCK"" folds",2026-08-18T05:59:22.689Z,178703276268900
"""player 20 @ 4chnM3wbbk"" raises to 60",2026-08-18T05:59:19.249Z,178703275924900
"""player 61 @ uewFolxPCK"" calls 20",2026-08-18T05:59:16.706Z,178703275670600
"""player 20 @ 4chnM3wbbk"" posts a big blind of 20",2026-08-18T05:59:10.454Z,178703275045405
"""player 61 @ uewFolxPCK"" posts a small blind of 10",2026-08-18T05:59:10.454Z,178703275045404
"Player stacks: #1 ""player 61 @ uewFolxPCK"" (2270) | #2 ""player 20 @ 4chnM3wbbk"" (2430)",2026-08-18T05:59:10.454Z,178703275045401
"-- starting hand #191 (id: uhddfugbpjvj)  No Limit Texas Hold'em (dealer: ""player 61 @ uewFolxPCK"") --",2026-08-18T05:59:10.454Z,178703275045400
"Undealt cards:  [2♦, J♣, 4♣, 8♥, 7♥]",2026-08-18T05:59:05.539Z,178703274553900
"-- ending hand #190 --",2026-08-18T05:59:04.528Z,178703274452802
"""player 61 @ uewFolxPCK"" collected 20 from pot",2026-08-18T05:59:04.528Z,178703274452801
"Uncalled bet of 10 returned to ""player 61 @ uewFolxPCK""",2026-08-18T05:59:04.528Z,178703274452800
"""player 20 @ 4chnM3wbbk"" folds",2026-08-18T05:59:03.723Z,178703274372300
"""player 61 @ uewFolxPCK"" posts a big blind of 20",2026-08-18T05:59:02.048Z,178703274204805
"""player 20 @ 4chnM3wbbk"" posts a small blind of 10",2026-08-18T05:59:02.048Z,178703274204804
"Player stacks: #1 ""player 61 @ uewFolxPCK"" (2260) | #2 ""player 20 @ 4chnM3wbbk"" (2440)",2026-08-18T05:59:02.048Z,178703274204801
"-- starting hand #190 (id: rsiu0jvmgj7r)  No Limit Texas Hold'em (dealer: ""player 20 @ 4chnM3wbbk"") --",2026-08-18T05:59:02.048Z,178703274204800
"-- ending hand #189 --",2026-08-18T05:58:56.023Z,178703273602303
"""player 61 @ uewFolxPCK"" collected 120 from pot with Pair, 8's (combination: 7♠, J♣, A♠, 8♦, 8♠)",2026-08-18T05:58:56.023Z,178703273602302
"""player 61 @ uewFolxPCK"" shows a 6♦, A♠.",2026-08-18T05:58:56.023Z,178703273602301
"""player 20 @ 4chnM3wbbk"" shows a 9♥, 4♥.",2026-08-18T05:58:56.023Z,178703273602300
"""player 61 @ uewFolxPCK"" checks",2026-08-18T05:58:55.156Z,178703273515600
"""player 20 @ 4chnM3wbbk"" checks",2026-08-18T05:58:54.049Z,178703273404900
"River: 8♦, J♣, 8♠, 5♣ [7♠]",2026-08-18T05:58:52.871Z,178703273287100
"""player 61 @ uewFolxPCK"" checks",2026-08-18T05:58:52.035Z,178703273203500
"""player 20 @ 4chnM3wbbk"" checks",2026-08-18T05:58:50.985Z,178703273098500
"Turn: 8♦, J♣, 8♠ [5♣]",2026-08-18T05:58:49.215Z,178703272921500
"""player 61 @ uewFolxPCK"" checks",2026-08-18T05:58:48.394Z,178703272839400
"""player 20 @ 4chnM3wbbk"" checks",2026-08-18T05:58:47.258Z,178703272725800
"Flop:  [8♦, J♣, 8♠]",2026-08-18T05:58:45.814Z,178703272581400
"""player 20 @ 4chnM3wbbk"" calls 60",2026-08-18T05:58:44.967Z,178703272496700
"""player 61 @ uewFolxPCK"" raises to 60",2026-08-18T05:58:43.239Z,178703272323900
"""player 20 @ 4chnM3wbbk"" posts a big blind of 20",2026-08-18T05:58:41.820Z,178703272182005
"""player 61 @ uewFolxPCK"" posts a small blind of 10",2026-08-18T05:58:41.820Z,178703272182004
"Your hand is 6♦, A♠",2026-08-18T05:58:41.820Z,178703272182002
"Player stacks: #1 ""player 61 @ uewFolxPCK"" (2200) | #2 ""player 20 @ 4chnM3wbbk"" (2500)",2026-08-18T05:58:41.820Z,178703272182001
"-- starting hand #189 (id: o7zqiimiwuwn)  No Limit Texas Hold'em (dealer: ""player 61 @ uewFolxPCK"") --",2026-08-18T05:58:41.820Z,178703272182000
"-- ending hand #188 --",2026-08-18T05:58:35.799Z,178703271579902
"""player 61 @ uewFolxPCK"" collected 120 from pot with Pair, 8's (combination: Q♠, K♣, A♥, 8♣, 8♠)",2026-08-18T05:58:35.799Z,178703271579901
"""player 61 @ uewFolxPCK"" shows a 8♣, K♣.",2026-08-18T05:58:35.799Z,178703271579900
"""player 20 @ 4chnM3wbbk"" checks",2026-08-18T05:58:34.897Z,178703271489700
"""player 61 @ uewFolxPCK"" checks",2026-08-18T05:58:33.411Z,178703271341100
"River: 6♣, 10♥, Q♠, 8♠ [A♥]",2026-08-18T05:58:32.398Z,178703271239800
"""player 20 @ 4chnM3wbbk"" checks",2026-08-18T05:58:31.516Z,178703271151600
"""player 61 @ uewFolxPCK"" checks",2026-08-18T05:58:30.361Z,178703271036100
"Turn: 6♣, 10♥, Q♠ [8♠]",2026-08-18T05:58:28.798Z,178703270879800
"""player 20 @ 4chnM3wbbk"" checks",2026-08-18T05:58:27.894Z,178703270789400
"""player 61 @ uewFolxPCK"" checks",2026-08-18T05:58:24.683Z,178703270468300
"Flop:  [6♣, 10♥, Q♠]",2026-08-18T05:58:13.393Z,178703269339300
"""player 20 @ 4chnM3wbbk"" calls 60",2026-08-18T05:58:12.545Z,178703269254500
"""player 61 @ uewFolxPCK"" raises to 60",2026-08-18T05:58:10.132Z,178703269013200
"""player 20 @ 4chnM3wbbk"" calls 20",2026-08-18T05:58:04.848Z,178703268484800
"""player 61 @ uewFolxPCK"" posts a big blind of 20",2026-08-18T05:57:48.966Z,178703266896605
"""player 20 @ 4chnM3wbbk"" posts a small blind of 10",2026-08-18T05:57:48.966Z,178703266896604
"Your hand is 8♣, K♣",2026-08-18T05:57:48.966Z,178703266896602
"Player stacks: #1 ""player 61 @ uewFolxPCK"" (2140) | #2 ""player 20 @ 4chnM3wbbk"" (2560)",2026-08-18T05:57:48.966Z,178703266896601
"-- starting hand #188 (id: 1klxfszoxtu4)  No Limit Texas Hold'em (dealer: ""player 20 @ 4chnM3wbbk"") --",2026-08-18T05:57:48.966Z,178703266896600
"Undealt cards:  [7♣, 6♦, 10♦, 3♠, A♠]",2026-08-18T05:57:43.321Z,178703266332100
"-- ending hand #187 --",2026-08-18T05:57:43.009Z,178703266300902
"""player 61 @ uewFolxPCK"" collected 40 from pot",2026-08-18T05:57:43.009Z,178703266300901
"Uncalled bet of 40 returned to ""player 61 @ uewFolxPCK""",2026-08-18T05:57:43.009Z,178703266300900
"""player 20 @ 4chnM3wbbk"" folds",2026-08-18T05:57:42.193Z,178703266219300
"""player 61 @ uewFolxPCK"" raises to 60",2026-08-18T05:57:40.532Z,178703266053200
"""player 20 @ 4chnM3wbbk"" posts a big blind of 20",2026-08-18T05:57:38.549Z,178703265854905
"""player 61 @ uewFolxPCK"" posts a small blind of 10",2026-08-18T05:57:38.549Z,178703265854904
"Player stacks: #1 ""player 61 @ uewFolxPCK"" (2120) | #2 ""player 20 @ 4chnM3wbbk"" (2580)",2026-08-18T05:57:38.549Z,178703265854901
"-- starting hand #187 (id: w23llm4ymawu)  No Limit Texas Hold'em (dealer: ""player 61 @ uewFolxPCK"") --",2026-08-18T05:57:38.549Z,178703265854900
"Undealt cards:  [6♠, 7♠, 4♣, K♣, 2♥]",2026-08-18T05:57:33.298Z,178703265329800
"-- ending hand #186 --",2026-08-18T05:57:32.544Z,178703265254402
"""player 20 @ 4chnM3wbbk"" collected 40 from pot",2026-08-18T05:57:32.544Z,178703265254401
"Uncalled bet of 40 returned to ""player 20 @ 4chnM3wbbk""",2026-08-18T05:57:32.544Z,178703265254400
"""player 61 @ uewFolxPCK"" folds",2026-08-18T05:57:31.707Z,178703265170700
"""player 20 @ 4chnM3wbbk"" raises to 60",2026-08-18T05:57:30.476Z,178703265047600
"""player 61 @ uewFolxPCK"" posts a big blind of 20",2026-08-18T05:57:16.667Z,178703263666705
"""player 20 @ 4chnM3wbbk"" posts a small blind of 10",2026-08-18T05:57:16.667Z,178703263666704
"Player stacks: #1 ""player 61 @ uewFolxPCK"" (2140) | #2 ""player 20 @ 4chnM3wbbk"" (2560)",2026-08-18T05:57:16.667Z,178703263666701
"-- starting hand #186 (id: dhkplxvbrtyz)  No Limit Texas Hold'em (dealer: ""player 20 @ 4chnM3wbbk"") --",2026-08-18T05:57:16.667Z,178703263666700
"Undealt cards:  [J♦, Q♣, J♥, 9♥, 7♥]",2026-08-18T05:57:11.498Z,178703263149800
"-- ending hand #185 --",2026-08-18T05:57:10.739Z,178703263073902
"""player 61 @ uewFolxPCK"" collected 40 from pot",2026-08-18T05:57:10.739Z,178703263073901
"Uncalled bet of 40 returned to ""player 61 @ uewFolxPCK""",2026-08-18T05:57:10.739Z,178703263073900
"""player 20 @ 4chnM3wbbk"" folds",2026-08-18T05:57:09.903Z,178703262990300
"""player 61 @ uewFolxPCK"" raises to 60",2026-08-18T05:56:50.430Z,178703261043000
"""player 20 @ 4chnM3wbbk"" posts a big blind of 20",2026-08-18T05:56:47.374Z,178703260737405
"""player 61 @ uewFolxPCK"" posts a small blind of 10",2026-08-18T05:56:47.374Z,178703260737404
"Player stacks: #1 ""player 61 @ uewFolxPCK"" (2120) | #2 ""player 20 @ 4chnM3wbbk"" (2580)",2026-08-18T05:56:47.374Z,178703260737401
"-- starting hand #185 (id: 2wveocplubef)  No Limit Texas Hold'em (dealer: ""player 61 @ uewFolxPCK"") --",2026-08-18T05:56:47.374Z,178703260737400
"-- ending hand #184 --",2026-08-18T05:56:41.359Z,178703260135902
"""player 20 @ 4chnM3wbbk"" collected 240 from pot with Pair, A's (combination: 6♥, 7♥, K♠, A♦, A♣)",2026-08-18T05:56:41.359Z,178703260135901
"""player 20 @ 4chnM3wbbk"" shows a 6♥, A♦.",2026-08-18T05:56:41.359Z,178703260135900
"""player 61 @ uewFolxPCK"" calls 60",2026-08-18T05:56:40.493Z,178703260049300
"""player 20 @ 4chnM3wbbk"" bets 60",2026-08-18T05:56:34.662Z,178703259466200
"""player 61 @ uewFolxPCK"" checks",2026-08-18T05:56:30.786Z,178703259078600
"River: K♠, 4♠, A♣, 7♥ [2♦]",2026-08-18T05:56:27.552Z,178703258755200
"""player 20 @ 4chnM3wbbk"" checks",2026-08-18T05:56:26.653Z,178703258665300
"""player 61 @ uewFolxPCK"" checks",2026-08-18T05:56:10.240Z,178703257024000
"Turn: K♠, 4♠, A♣ [7♥]",2026-08-18T05:56:07.147Z,178703256714700
"""player 20 @ 4chnM3wbbk"" checks",2026-08-18T05:56:06.343Z,178703256634300
"""player 61 @ uewFolxPCK"" checks",2026-08-18T05:55:50.081Z,178703255008100
"Flop:  [K♠, 4♠, A♣]",2026-08-18T05:55:48.072Z,178703254807200
"""player 61 @ uewFolxPCK"" calls 60",2026-08-18T05:55:47.241Z,178703254724100
"""player 20 @ 4chnM3wbbk"" raises to 60",2026-08-18T05:55:43.532Z,178703254353200
"""player 61 @ uewFolxPCK"" posts a big blind of 20",2026-08-18T05:55:41.271Z,178703254127105
"""player 20 @ 4chnM3wbbk"" posts a small blind of 10",2026-08-18T05:55:41.271Z,178703254127104
"Player stacks: #1 ""player 61 @ uewFolxPCK"" (2240) | #2 ""player 20 @ 4chnM3wbbk"" (2460)",2026-08-18T05:55:41.271Z,178703254127101
"-- starting hand #184 (id: yvzrgbtpc8eb)  No Limit Texas Hold'em (dealer: ""player 20 @ 4chnM3wbbk"") --",2026-08-18T05:55:41.271Z,178703254127100
"Undealt cards:  [10♦, 3♣, J♦, 3♦, Q♦]",2026-08-18T05:55:38.523Z,178703253852300
"-- ending hand #183 --",2026-08-18T05:55:35.259Z,178703253525902
"""player 61 @ uewFolxPCK"" collected 40 from pot",2026-08-18T05:55:35.259Z,178703253525901
"Uncalled bet of 40 returned to ""player 61 @ uewFolxPCK""",2026-08-18T05:55:35.259Z,178703253525900
"""player 20 @ 4chnM3wbbk"" folds",2026-08-18T05:55:34.343Z,178703253434300
"""player 61 @ uewFolxPCK"" raises to 60",2026-08-18T05:55:09.113Z,178703250911300
"""player 20 @ 4chnM3wbbk"" posts a big blind of 20",2026-08-18T05:55:07.591Z,178703250759105
"""player 61 @ uewFolxPCK"" posts a small blind of 10",2026-08-18T05:55:07.591Z,178703250759104
"Player stacks: #1 ""player 61 @ uewFolxPCK"" (2220) | #2 ""player 20 @ 4chnM3wbbk"" (2480)",2026-08-18T05:55:07.591Z,178703250759101
"-- starting hand #183 (id: tzow6pqoaggp)  No Limit Texas Hold'em (dealer: ""player 61 @ uewFolxPCK"") --",2026-08-18T05:55:07.591Z,178703250759100
"Undealt cards:  [7♠, 5♦, K♣, 2♣, A♠]",2026-08-18T05:55:02.054Z,178703250205400
"-- ending hand #182 --",2026-08-18T05:55:01.629Z,178703250162902
"""player 61 @ uewFolxPCK"" collected 20 from pot",2026-08-18T05:55:01.629Z,178703250162901
"Uncalled bet of 10 returned to ""player 61 @ uewFolxPCK""",2026-08-18T05:55:01.629Z,178703250162900
"""player 20 @ 4chnM3wbbk"" folds",2026-08-18T05:55:00.769Z,178703250076900
"""player 61 @ uewFolxPCK"" posts a big blind of 20",2026-08-18T05:54:59.079Z,178703249907905
"""player 20 @ 4chnM3wbbk"" posts a small blind of 10",2026-08-18T05:54:59.079Z,178703249907904
"Player stacks: #1 ""player 61 @ uewFolxPCK"" (2210) | #2 ""player 20 @ 4chnM3wbbk"" (2490)",2026-08-18T05:54:59.079Z,178703249907901
"-- starting hand #182 (id: wsxs9w6ofcz1)  No Limit Texas Hold'em (dealer: ""player 20 @ 4chnM3wbbk"") --",2026-08-18T05:54:59.079Z,178703249907900
"Undealt cards:  [2♣, 9♣, K♣, 5♣, 10♥]",2026-08-18T05:54:55.346Z,178703249534600
"-- ending hand #181 --",2026-08-18T05:54:53.164Z,178703249316402
"""player 20 @ 4chnM3wbbk"" collected 20 from pot",2026-08-18T05:54:53.164Z,178703249316401
"Uncalled bet of 10 returned to ""player 20 @ 4chnM3wbbk""",2026-08-18T05:54:53.164Z,178703249316400
"""player 61 @ uewFolxPCK"" folds",2026-08-18T05:54:52.340Z,178703249234000
"""player 20 @ 4chnM3wbbk"" posts a big blind of 20",2026-08-18T05:54:51.262Z,178703249126205
"""player 61 @ uewFolxPCK"" posts a small blind of 10",2026-08-18T05:54:51.262Z,178703249126204
"Player stacks: #1 ""player 61 @ uewFolxPCK"" (2220) | #2 ""player 20 @ 4chnM3wbbk"" (2480)",2026-08-18T05:54:51.262Z,178703249126201
"-- starting hand #181 (id: k2hf0sp06iy8)  No Limit Texas Hold'em (dealer: ""player 61 @ uewFolxPCK"") --",2026-08-18T05:54:51.262Z,178703249126200
"-- ending hand #180 --",2026-08-18T05:54:45.259Z,178703248525903
"""player 20 @ 4chnM3wbbk"" collected 40 from pot with Pair, 9's (combination: J♥, K♦, A♠, 9♦, 9♠)",2026-08-18T05:54:45.259Z,178703248525902
"""player 20 @ 4chnM3wbbk"" shows a 6♠, K♦.",2026-08-18T05:54:45.259Z,178703248525901
"""player 61 @ uewFolxPCK"" shows a 3♥, 6♣.",2026-08-18T05:54:45.259Z,178703248525900
"""player 20 @ 4chnM3wbbk"" checks",2026-08-18T05:54:44.441Z,178703248444100
"""player 61 @ uewFolxPCK"" checks",2026-08-18T05:54:43.421Z,178703248342100
"River: A♠, 9♦, J♥, 5♣ [9♠]",2026-08-18T05:54:41.854Z,178703248185400
"""player 20 @ 4chnM3wbbk"" checks",2026-08-18T05:54:41.036Z,178703248103600
"""player 61 @ uewFolxPCK"" checks",2026-08-18T05:54:39.433Z,178703247943300
"Turn: A♠, 9♦, J♥ [5♣]",2026-08-18T05:54:37.511Z,178703247751100
"""player 20 @ 4chnM3wbbk"" checks",2026-08-18T05:54:36.649Z,178703247664900
"""player 61 @ uewFolxPCK"" checks",2026-08-18T05:54:35.357Z,178703247535700
"Flop:  [A♠, 9♦, J♥]",2026-08-18T05:54:33.508Z,178703247350800
"""player 61 @ uewFolxPCK"" checks",2026-08-18T05:54:32.647Z,178703247264700
"""player 20 @ 4chnM3wbbk"" calls 20",2026-08-18T05:54:30.621Z,178703247062100
"""player 61 @ uewFolxPCK"" posts a big blind of 20",2026-08-18T05:54:02.011Z,178703244201105
"""player 20 @ 4chnM3wbbk"" posts a small blind of 10",2026-08-18T05:54:02.011Z,178703244201104
"Your hand is 3♥, 6♣",2026-08-18T05:54:02.011Z,178703244201102
"Player stacks: #1 ""player 61 @ uewFolxPCK"" (2240) | #2 ""player 20 @ 4chnM3wbbk"" (2460)",2026-08-18T05:54:02.011Z,178703244201101
"-- starting hand #180 (id: qfcxyyvtpn18)  No Limit Texas Hold'em (dealer: ""player 20 @ 4chnM3wbbk"") --",2026-08-18T05:54:02.011Z,178703244201100
"Undealt cards:  [9♦, 2♠, Q♠, Q♥, 2♥]",2026-08-18T05:53:56.237Z,178703243623700
"-- ending hand #179 --",2026-08-18T05:53:56.016Z,178703243601602
"""player 20 @ 4chnM3wbbk"" collected 20 from pot",2026-08-18T05:53:56.016Z,178703243601601
"Uncalled bet of 10 returned to ""player 20 @ 4chnM3wbbk""",2026-08-18T05:53:56.016Z,178703243601600
"""player 61 @ uewFolxPCK"" folds",2026-08-18T05:53:55.190Z,178703243519000
"""player 20 @ 4chnM3wbbk"" posts a big blind of 20",2026-08-18T05:53:53.373Z,178703243337305
"""player 61 @ uewFolxPCK"" posts a small blind of 10",2026-08-18T05:53:53.373Z,178703243337304
"Player stacks: #1 ""player 61 @ uewFolxPCK"" (2250) | #2 ""player 20 @ 4chnM3wbbk"" (2450)",2026-08-18T05:53:53.373Z,178703243337301
"-- starting hand #179 (id: 1wuohunmypos)  No Limit Texas Hold'em (dealer: ""player 61 @ uewFolxPCK"") --",2026-08-18T05:53:53.373Z,178703243337300
"-- ending hand #178 --",2026-08-18T05:53:47.365Z,178703242736502
"""player 20 @ 4chnM3wbbk"" collected 240 from pot with Straight, J High (combination: 7♣, 8♠, 9♦, 10♣, J♠)",2026-08-18T05:53:47.365Z,178703242736501
"""player 20 @ 4chnM3wbbk"" shows a 8♠, A♠.",2026-08-18T05:53:47.365Z,178703242736500
"""player 61 @ uewFolxPCK"" calls 60",2026-08-18T05:53:46.497Z,178703242649700
"""player 20 @ 4chnM3wbbk"" bets 60",2026-08-18T05:53:44.430Z,178703242443000
"""player 61 @ uewFolxPCK"" checks",2026-08-18T05:53:41.370Z,178703242137000
"River: 9♦, 7♣, 10♣, 6♦ [J♠]",2026-08-18T05:53:39.458Z,178703241945800
"""player 20 @ 4chnM3wbbk"" checks",2026-08-18T05:53:38.620Z,178703241862000
"""player 61 @ uewFolxPCK"" checks",2026-08-18T05:53:37.189Z,178703241718900
"Turn: 9♦, 7♣, 10♣ [6♦]",2026-08-18T05:53:34.051Z,178703241405100
"""player 20 @ 4chnM3wbbk"" checks",2026-08-18T05:53:33.221Z,178703241322100
"""player 61 @ uewFolxPCK"" checks",2026-08-18T05:53:21.750Z,178703240175000
"Flop:  [9♦, 7♣, 10♣]",2026-08-18T05:53:19.796Z,178703239979600
"""player 61 @ uewFolxPCK"" calls 60",2026-08-18T05:53:18.966Z,178703239896600
"""player 20 @ 4chnM3wbbk"" raises to 60",2026-08-18T05:53:17.868Z,178703239786800
"""player 61 @ uewFolxPCK"" posts a big blind of 20",2026-08-18T05:53:13.815Z,178703239381505
"""player 20 @ 4chnM3wbbk"" posts a small blind of 10",2026-08-18T05:53:13.815Z,178703239381504
"Player stacks: #1 ""player 61 @ uewFolxPCK"" (2370) | #2 ""player 20 @ 4chnM3wbbk"" (2330)",2026-08-18T05:53:13.815Z,178703239381501
"-- starting hand #178 (id: d2mzwz5up99d)  No Limit Texas Hold'em (dealer: ""player 20 @ 4chnM3wbbk"") --",2026-08-18T05:53:13.815Z,178703239381500
"Undealt cards:  [5♦, 8♣, 9♦, 7♣, A♦]",2026-08-18T05:53:08.153Z,178703238815300
"-- ending hand #177 --",2026-08-18T05:53:07.911Z,178703238791102
"""player 61 @ uewFolxPCK"" collected 40 from pot",2026-08-18T05:53:07.911Z,178703238791101
"Uncalled bet of 40 returned to ""player 61 @ uewFolxPCK""",2026-08-18T05:53:07.911Z,178703238791100
"""player 20 @ 4chnM3wbbk"" folds",2026-08-18T05:53:07.065Z,178703238706500
"""player 61 @ uewFolxPCK"" raises to 60",2026-08-18T05:53:06.002Z,178703238600200
"""player 20 @ 4chnM3wbbk"" posts a big blind of 20",2026-08-18T05:53:04.310Z,178703238431005
"""player 61 @ uewFolxPCK"" posts a small blind of 10",2026-08-18T05:53:04.310Z,178703238431004
"Player stacks: #1 ""player 61 @ uewFolxPCK"" (2350) | #2 ""player 20 @ 4chnM3wbbk"" (2350)",2026-08-18T05:53:04.310Z,178703238431001
"-- starting hand #177 (id: ehmdltbkudx6)  No Limit Texas Hold'em (dealer: ""player 61 @ uewFolxPCK"") --",2026-08-18T05:53:04.310Z,178703238431000
"-- ending hand #176 --",2026-08-18T05:52:58.296Z,178703237829604
"""player 20 @ 4chnM3wbbk"" collected 60 from pot with Two Pair, 10's & 2's (combination: K♠, 2♣, 2♠, 10♠, 10♦)",2026-08-18T05:52:58.296Z,178703237829603
"""player 61 @ uewFolxPCK"" collected 60 from pot with Two Pair, 10's & 2's (combination: K♠, 2♣, 2♠, 10♥, 10♦)",2026-08-18T05:52:58.296Z,178703237829602
"""player 20 @ 4chnM3wbbk"" shows a 10♠, 5♠.",2026-08-18T05:52:58.296Z,178703237829601
"""player 61 @ uewFolxPCK"" shows a 3♠, 10♥.",2026-08-18T05:52:58.296Z,178703237829600
"""player 20 @ 4chnM3wbbk"" calls 40",2026-08-18T05:52:57.402Z,178703237740200
"""player 61 @ uewFolxPCK"" bets 40",2026-08-18T05:52:56.324Z,178703237632400
"River: K♠, 2♣, 10♦, 2♠ [7♥]",2026-08-18T05:52:54.892Z,178703237489200
"""player 20 @ 4chnM3wbbk"" checks",2026-08-18T05:52:54.069Z,178703237406900
"""player 61 @ uewFolxPCK"" checks",2026-08-18T05:52:53.018Z,178703237301800
"Turn: K♠, 2♣, 10♦ [2♠]",2026-08-18T05:52:51.489Z,178703237148900
"""player 20 @ 4chnM3wbbk"" checks",2026-08-18T05:52:50.672Z,178703237067200
"""player 61 @ uewFolxPCK"" checks",2026-08-18T05:52:49.252Z,178703236925200
"Flop:  [K♠, 2♣, 10♦]",2026-08-18T05:52:47.886Z,178703236788600
"""player 61 @ uewFolxPCK"" checks",2026-08-18T05:52:46.982Z,178703236698200
"""player 20 @ 4chnM3wbbk"" calls 20",2026-08-18T05:52:39.085Z,178703235908500
"""player 61 @ uewFolxPCK"" posts a big blind of 20",2026-08-18T05:52:37.324Z,178703235732405
"""player 20 @ 4chnM3wbbk"" posts a small blind of 10",2026-08-18T05:52:37.324Z,178703235732404
"Your hand is 3♠, 10♥",2026-08-18T05:52:37.324Z,178703235732402
"Player stacks: #1 ""player 61 @ uewFolxPCK"" (2350) | #2 ""player 20 @ 4chnM3wbbk"" (2350)",2026-08-18T05:52:37.324Z,178703235732401
"-- starting hand #176 (id: bbwloaicse9z)  No Limit Texas Hold'em (dealer: ""player 20 @ 4chnM3wbbk"") --",2026-08-18T05:52:37.324Z,178703235732400
"""player 20 @ 4chnM3wbbk"" shows a 2♣, 7♠.",2026-08-18T05:52:31.802Z,178703235180200
"Undealt cards:  [5♦, 10♣, 6♠, 3♦, 9♥]",2026-08-18T05:52:31.184Z,178703235118400
"-- ending hand #175 --",2026-08-18T05:52:30.721Z,178703235072102
"""player 20 @ 4chnM3wbbk"" collected 20 from pot",2026-08-18T05:52:30.721Z,178703235072101
"Uncalled bet of 10 returned to ""player 20 @ 4chnM3wbbk""",2026-08-18T05:52:30.721Z,178703235072100
"""player 61 @ uewFolxPCK"" folds",2026-08-18T05:52:29.918Z,178703234991800
"""player 20 @ 4chnM3wbbk"" posts a big blind of 20",2026-08-18T05:52:29.078Z,178703234907805
"""player 61 @ uewFolxPCK"" posts a small blind of 10",2026-08-18T05:52:29.078Z,178703234907804
"Player stacks: #1 ""player 61 @ uewFolxPCK"" (2360) | #2 ""player 20 @ 4chnM3wbbk"" (2340)",2026-08-18T05:52:29.078Z,178703234907801
"-- starting hand #175 (id: qorm1ejvsjjf)  No Limit Texas Hold'em (dealer: ""player 61 @ uewFolxPCK"") --",2026-08-18T05:52:29.078Z,178703234907800
"-- ending hand #174 --",2026-08-18T05:52:26.064Z,178703234606402
"""player 20 @ 4chnM3wbbk"" collected 40 from pot",2026-08-18T05:52:26.064Z,178703234606401
"Uncalled bet of 20 returned to ""player 20 @ 4chnM3wbbk""",2026-08-18T05:52:26.064Z,178703234606400
"""player 61 @ uewFolxPCK"" folds",2026-08-18T05:52:25.159Z,178703234515900
"""player 20 @ 4chnM3wbbk"" bets 20",2026-08-18T05:52:23.534Z,178703234353400
"""player 61 @ uewFolxPCK"" checks",2026-08-18T05:52:19.501Z,178703233950100
"River: 7♦, J♦, 2♣, J♥ [3♦]",2026-08-18T05:52:16.227Z,178703233622700
"""player 20 @ 4chnM3wbbk"" checks",2026-08-18T05:52:15.356Z,178703233535600
"""player 61 @ uewFolxPCK"" checks",2026-08-18T05:52:01.755Z,178703232175500
"Turn: 7♦, J♦, 2♣ [J♥]",2026-08-18T05:51:59.971Z,178703231997100
"""player 20 @ 4chnM3wbbk"" checks",2026-08-18T05:51:59.083Z,178703231908300
"""player 61 @ uewFolxPCK"" checks",2026-08-18T05:51:56.813Z,178703231681300
"Flop:  [7♦, J♦, 2♣]",2026-08-18T05:51:52.598Z,178703231259800
"""player 61 @ uewFolxPCK"" checks",2026-08-18T05:51:51.791Z,178703231179100
"""player 20 @ 4chnM3wbbk"" calls 20",2026-08-18T05:51:49.931Z,178703230993100
"""player 61 @ uewFolxPCK"" posts a big blind of 20",2026-08-18T05:51:45.828Z,178703230582805
"""player 20 @ 4chnM3wbbk"" posts a small blind of 10",2026-08-18T05:51:45.828Z,178703230582804
"Player stacks: #1 ""player 61 @ uewFolxPCK"" (2380) | #2 ""player 20 @ 4chnM3wbbk"" (2320)",2026-08-18T05:51:45.828Z,178703230582801
"-- starting hand #174 (id: sofbvazd9ilz)  No Limit Texas Hold'em (dealer: ""player 20 @ 4chnM3wbbk"") --",2026-08-18T05:51:45.828Z,178703230582800
"Undealt cards:  [9♥, 8♦, 6♠, 8♥, 3♦]",2026-08-18T05:51:40.176Z,178703230017600
"-- ending hand #173 --",2026-08-18T05:51:39.879Z,178703229987902
"""player 20 @ 4chnM3wbbk"" collected 20 from pot",2026-08-18T05:51:39.879Z,178703229987901
"Uncalled bet of 10 returned to ""player 20 @ 4chnM3wbbk""",2026-08-18T05:51:39.879Z,178703229987900
"""player 61 @ uewFolxPCK"" folds",2026-08-18T05:51:39.063Z,178703229906300
"""player 20 @ 4chnM3wbbk"" posts a big blind of 20",2026-08-18T05:51:38.277Z,178703229827705
"""player 61 @ uewFolxPCK"" posts a small blind of 10",2026-08-18T05:51:38.277Z,178703229827704
"Player stacks: #1 ""player 61 @ uewFolxPCK"" (2390) | #2 ""player 20 @ 4chnM3wbbk"" (2310)",2026-08-18T05:51:38.277Z,178703229827701
"-- starting hand #173 (id: ianmymsdsnc2)  No Limit Texas Hold'em (dealer: ""player 61 @ uewFolxPCK"") --",2026-08-18T05:51:38.277Z,178703229827700
"Undealt cards:  [5♦, 6♠, Q♦, K♣, 6♥]",2026-08-18T05:51:32.974Z,178703229297400
"-- ending hand #172 --",2026-08-18T05:51:32.357Z,178703229235702
"""player 20 @ 4chnM3wbbk"" collected 40 from pot",2026-08-18T05:51:32.357Z,178703229235701
"Uncalled bet of 40 returned to ""player 20 @ 4chnM3wbbk""",2026-08-18T05:51:32.357Z,178703229235700
"""player 61 @ uewFolxPCK"" folds",2026-08-18T05:51:31.521Z,178703229152100
"""player 20 @ 4chnM3wbbk"" raises to 60",2026-08-18T05:51:30.008Z,178703229000800
"""player 61 @ uewFolxPCK"" posts a big blind of 20",2026-08-18T05:51:27.408Z,178703228740805
"""player 20 @ 4chnM3wbbk"" posts a small blind of 10",2026-08-18T05:51:27.408Z,178703228740804
"Player stacks: #1 ""player 61 @ uewFolxPCK"" (2410) | #2 ""player 20 @ 4chnM3wbbk"" (2290)",2026-08-18T05:51:27.408Z,178703228740801
"-- starting hand #172 (id: 9wxattjqegfk)  No Limit Texas Hold'em (dealer: ""player 20 @ 4chnM3wbbk"") --",2026-08-18T05:51:27.408Z,178703228740800
"Undealt cards: 6♥, 4♠, J♣ [3♥, A♣]",2026-08-18T05:51:22.028Z,178703228202800
"-- ending hand #171 --",2026-08-18T05:51:21.472Z,178703228147202
"""player 61 @ uewFolxPCK"" collected 120 from pot",2026-08-18T05:51:21.472Z,178703228147201
"Uncalled bet of 40 returned to ""player 61 @ uewFolxPCK""",2026-08-18T05:51:21.472Z,178703228147200
"""player 20 @ 4chnM3wbbk"" folds",2026-08-18T05:51:20.607Z,178703228060700
"""player 61 @ uewFolxPCK"" bets 40",2026-08-18T05:51:02.981Z,178703226298100
"""player 20 @ 4chnM3wbbk"" checks",2026-08-18T05:51:00.606Z,178703226060600
"Flop:  [6♥, 4♠, J♣]",2026-08-18T05:50:40.423Z,178703224042300
"""player 20 @ 4chnM3wbbk"" calls 60",2026-08-18T05:50:39.589Z,178703223958900
"""player 61 @ uewFolxPCK"" raises to 60",2026-08-18T05:50:36.279Z,178703223627900
"""player 20 @ 4chnM3wbbk"" posts a big blind of 20",2026-08-18T05:50:35.221Z,178703223522105
"""player 61 @ uewFolxPCK"" posts a small blind of 10",2026-08-18T05:50:35.221Z,178703223522104
"Player stacks: #1 ""player 61 @ uewFolxPCK"" (2350) | #2 ""player 20 @ 4chnM3wbbk"" (2350)",2026-08-18T05:50:35.221Z,178703223522101
"-- starting hand #171 (id: xv4qocyuf0gr)  No Limit Texas Hold'em (dealer: ""player 61 @ uewFolxPCK"") --",2026-08-18T05:50:35.221Z,178703223522100
"-- ending hand #170 --",2026-08-18T05:50:29.185Z,178703222918502
"""player 61 @ uewFolxPCK"" collected 120 from pot with Pair, 5's (combination: 10♥, Q♣, A♠, 5♠, 5♦)",2026-08-18T05:50:29.185Z,178703222918501
"""player 61 @ uewFolxPCK"" shows a 5♠, 7♠.",2026-08-18T05:50:29.185Z,178703222918500
"""player 20 @ 4chnM3wbbk"" checks",2026-08-18T05:50:28.371Z,178703222837100
"""player 61 @ uewFolxPCK"" checks",2026-08-18T05:50:13.675Z,178703221367500
"River: 10♥, Q♣, A♠, 5♦ [2♥]",2026-08-18T05:50:05.723Z,178703220572300
"""player 20 @ 4chnM3wbbk"" checks",2026-08-18T05:50:04.907Z,178703220490700
"""player 61 @ uewFolxPCK"" checks",2026-08-18T05:49:58.022Z,178703219802200
"Turn: 10♥, Q♣, A♠ [5♦]",2026-08-18T05:49:54.783Z,178703219478300
"""player 20 @ 4chnM3wbbk"" checks",2026-08-18T05:49:53.957Z,178703219395700
"""player 61 @ uewFolxPCK"" checks",2026-08-18T05:49:48.359Z,178703218835900
"Flop:  [10♥, Q♣, A♠]",2026-08-18T05:49:45.082Z,178703218508200
"""player 61 @ uewFolxPCK"" calls 60",2026-08-18T05:49:44.249Z,178703218424900
"""player 20 @ 4chnM3wbbk"" raises to 60",2026-08-18T05:49:42.274Z,178703218227400
"""player 61 @ uewFolxPCK"" posts a big blind of 20",2026-08-18T05:49:37.875Z,178703217787505
"""player 20 @ 4chnM3wbbk"" posts a small blind of 10",2026-08-18T05:49:37.875Z,178703217787504
"Your hand is 5♠, 7♠",2026-08-18T05:49:37.875Z,178703217787502
"Player stacks: #1 ""player 61 @ uewFolxPCK"" (2290) | #2 ""player 20 @ 4chnM3wbbk"" (2410)",2026-08-18T05:49:37.875Z,178703217787501
"-- starting hand #170 (id: vf3cypdwuc9m)  No Limit Texas Hold'em (dealer: ""player 20 @ 4chnM3wbbk"") --",2026-08-18T05:49:37.875Z,178703217787500
"-- ending hand #169 --",2026-08-18T05:49:34.945Z,178703217494502
"""player 20 @ 4chnM3wbbk"" collected 20 from pot",2026-08-18T05:49:34.945Z,178703217494501
"Uncalled bet of 10 returned to ""player 20 @ 4chnM3wbbk""",2026-08-18T05:49:34.945Z,178703217494500
"""player 61 @ uewFolxPCK"" folds",2026-08-18T05:49:34.100Z,178703217410000
"""player 20 @ 4chnM3wbbk"" posts a big blind of 20",2026-08-18T05:49:33.187Z,178703217318705
"""player 61 @ uewFolxPCK"" posts a small blind of 10",2026-08-18T05:49:33.187Z,178703217318704
"Player stacks: #1 ""player 61 @ uewFolxPCK"" (2300) | #2 ""player 20 @ 4chnM3wbbk"" (2400)",2026-08-18T05:49:33.187Z,178703217318701
"-- starting hand #169 (id: 6ar96ejkgggg)  No Limit Texas Hold'em (dealer: ""player 61 @ uewFolxPCK"") --",2026-08-18T05:49:33.187Z,178703217318700
"Undealt cards:  [10♠, 2♠, 9♠, 7♦, 3♣]",2026-08-18T05:49:27.643Z,178703216764300
"-- ending hand #168 --",2026-08-18T05:49:27.271Z,178703216727102
"""player 61 @ uewFolxPCK"" collected 20 from pot",2026-08-18T05:49:27.271Z,178703216727101
"Uncalled bet of 10 returned to ""player 61 @ uewFolxPCK""",2026-08-18T05:49:27.271Z,178703216727100
"""player 20 @ 4chnM3wbbk"" folds",2026-08-18T05:49:26.461Z,178703216646100
"""player 61 @ uewFolxPCK"" posts a big blind of 20",2026-08-18T05:49:19.666Z,178703215966605
"""player 20 @ 4chnM3wbbk"" posts a small blind of 10",2026-08-18T05:49:19.666Z,178703215966604
"Player stacks: #1 ""player 61 @ uewFolxPCK"" (2290) | #2 ""player 20 @ 4chnM3wbbk"" (2410)",2026-08-18T05:49:19.666Z,178703215966601
"-- starting hand #168 (id: uk2a8pdtiduj)  No Limit Texas Hold'em (dealer: ""player 20 @ 4chnM3wbbk"") --",2026-08-18T05:49:19.666Z,178703215966600
"-- ending hand #167 --",2026-08-18T05:49:16.716Z,178703215671602
"""player 61 @ uewFolxPCK"" collected 40 from pot",2026-08-18T05:49:16.716Z,178703215671601
"Uncalled bet of 40 returned to ""player 61 @ uewFolxPCK""",2026-08-18T05:49:16.716Z,178703215671600
"""player 20 @ 4chnM3wbbk"" folds",2026-08-18T05:49:15.893Z,178703215589300
"""player 61 @ uewFolxPCK"" raises to 60",2026-08-18T05:49:13.448Z,178703215344800
"""player 20 @ 4chnM3wbbk"" posts a big blind of 20",2026-08-18T05:49:12.179Z,178703215217905
"""player 61 @ uewFolxPCK"" posts a small blind of 10",2026-08-18T05:49:12.179Z,178703215217904
"Player stacks: #1 ""player 61 @ uewFolxPCK"" (2270) | #2 ""player 20 @ 4chnM3wbbk"" (2430)",2026-08-18T05:49:12.179Z,178703215217901
"-- starting hand #167 (id: smr7m4tc88ol)  No Limit Texas Hold'em (dealer: ""player 61 @ uewFolxPCK"") --",2026-08-18T05:49:12.179Z,178703215217900
"Undealt cards: 7♥, 6♣, 10♠ [8♦, 4♥]",2026-08-18T05:49:06.544Z,178703214654400
"-- ending hand #166 --",2026-08-18T05:49:06.263Z,178703214626302
"""player 61 @ uewFolxPCK"" collected 40 from pot",2026-08-18T05:49:06.263Z,178703214626301
"Uncalled bet of 40 returned to ""player 61 @ uewFolxPCK""",2026-08-18T05:49:06.263Z,178703214626300
"""player 20 @ 4chnM3wbbk"" folds",2026-08-18T05:49:05.392Z,178703214539200
"""player 61 @ uewFolxPCK"" bets 40",2026-08-18T05:49:01.629Z,178703214162900
"Flop:  [7♥, 6♣, 10♠]",2026-08-18T05:48:59.654Z,178703213965400
"""player 61 @ uewFolxPCK"" checks",2026-08-18T05:48:58.810Z,178703213881000
"""player 20 @ 4chnM3wbbk"" calls 20",2026-08-18T05:48:56.456Z,178703213645600
"""player 61 @ uewFolxPCK"" posts a big blind of 20",2026-08-18T05:48:54.877Z,178703213487705
"""player 20 @ 4chnM3wbbk"" posts a small blind of 10",2026-08-18T05:48:54.877Z,178703213487704
"Player stacks: #1 ""player 61 @ uewFolxPCK"" (2250) | #2 ""player 20 @ 4chnM3wbbk"" (2450)",2026-08-18T05:48:54.877Z,178703213487701
"-- starting hand #166 (id: owjzgbejhovm)  No Limit Texas Hold'em (dealer: ""player 20 @ 4chnM3wbbk"") --",2026-08-18T05:48:54.877Z,178703213487700
"-- ending hand #165 --",2026-08-18T05:48:48.875Z,178703212887502
"""player 20 @ 4chnM3wbbk"" collected 240 from pot with Full House, 2's over 4's (combination: 4♠, 4♥, 2♦, 2♠, 2♥)",2026-08-18T05:48:48.875Z,178703212887501
"""player 20 @ 4chnM3wbbk"" shows a 2♦, 2♠.",2026-08-18T05:48:48.875Z,178703212887500
"""player 61 @ uewFolxPCK"" calls 60",2026-08-18T05:48:48.058Z,178703212805800
"""player 20 @ 4chnM3wbbk"" bets 60",2026-08-18T05:48:47.127Z,178703212712700
"River: J♣, 3♣, 4♠, 4♥ [2♥]",2026-08-18T05:48:40.199Z,178703212019900
"""player 61 @ uewFolxPCK"" checks",2026-08-18T05:48:39.336Z,178703211933600
"""player 20 @ 4chnM3wbbk"" checks",2026-08-18T05:48:38.260Z,178703211826000
"Turn: J♣, 3♣, 4♠ [4♥]",2026-08-18T05:48:36.558Z,178703211655800
"""player 61 @ uewFolxPCK"" checks",2026-08-18T05:48:35.732Z,178703211573200
"""player 20 @ 4chnM3wbbk"" checks",2026-08-18T05:48:33.700Z,178703211370000
"Flop:  [J♣, 3♣, 4♠]",2026-08-18T05:48:32.243Z,178703211224300
"""player 20 @ 4chnM3wbbk"" calls 60",2026-08-18T05:48:31.364Z,178703211136400
"""player 61 @ uewFolxPCK"" raises to 60",2026-08-18T05:48:26.338Z,178703210633800
"""player 20 @ 4chnM3wbbk"" posts a big blind of 20",2026-08-18T05:48:19.905Z,178703209990505
"""player 61 @ uewFolxPCK"" posts a small blind of 10",2026-08-18T05:48:19.905Z,178703209990504
"Player stacks: #1 ""player 61 @ uewFolxPCK"" (2370) | #2 ""player 20 @ 4chnM3wbbk"" (2330)",2026-08-18T05:48:19.905Z,178703209990501
"-- starting hand #165 (id: p4s8icrxapyz)  No Limit Texas Hold'em (dealer: ""player 61 @ uewFolxPCK"") --",2026-08-18T05:48:19.905Z,178703209990500
"Undealt cards:  [Q♠, K♣, 7♠, 4♦, 7♦]",2026-08-18T05:48:14.184Z,178703209418400
"-- ending hand #164 --",2026-08-18T05:48:13.900Z,178703209390002
"""player 20 @ 4chnM3wbbk"" collected 40 from pot",2026-08-18T05:48:13.900Z,178703209390001
"Uncalled bet of 40 returned to ""player 20 @ 4chnM3wbbk""",2026-08-18T05:48:13.900Z,178703209390000
"""player 61 @ uewFolxPCK"" folds",2026-08-18T05:48:13.079Z,178703209307900
"""player 20 @ 4chnM3wbbk"" raises to 60",2026-08-18T05:48:10.902Z,178703209090200
"""player 61 @ uewFolxPCK"" posts a big blind of 20",2026-08-18T05:47:57.182Z,178703207718205
"""player 20 @ 4chnM3wbbk"" posts a small blind of 10",2026-08-18T05:47:57.182Z,178703207718204
"Player stacks: #1 ""player 61 @ uewFolxPCK"" (2390) | #2 ""player 20 @ 4chnM3wbbk"" (2310)",2026-08-18T05:47:57.182Z,178703207718201
"-- starting hand #164 (id: grscttunpux5)  No Limit Texas Hold'em (dealer: ""player 20 @ 4chnM3wbbk"") --",2026-08-18T05:47:57.182Z,178703207718200
"-- ending hand #163 --",2026-08-18T05:47:54.266Z,178703207426602
"""player 61 @ uewFolxPCK"" collected 320 from pot",2026-08-18T05:47:54.266Z,178703207426601
"Uncalled bet of 120 returned to ""player 61 @ uewFolxPCK""",2026-08-18T05:47:54.266Z,178703207426600
"""player 20 @ 4chnM3wbbk"" folds",2026-08-18T05:47:53.443Z,178703207344300
"""player 61 @ uewFolxPCK"" bets 120",2026-08-18T05:47:43.227Z,178703206322700
"""player 20 @ 4chnM3wbbk"" checks",2026-08-18T05:47:37.505Z,178703205750500
"River: A♠, K♣, 9♦, 9♣ [7♣]",2026-08-18T05:47:24.602Z,178703204460200
"""player 20 @ 4chnM3wbbk"" calls 60",2026-08-18T05:47:23.744Z,178703204374400
"""player 61 @ uewFolxPCK"" bets 60",2026-08-18T05:47:05.069Z,178703202506900
"""player 20 @ 4chnM3wbbk"" checks",2026-08-18T05:47:03.133Z,178703202313300
"Turn: A♠, K♣, 9♦ [9♣]",2026-08-18T05:47:01.927Z,178703202192700
"""player 61 @ uewFolxPCK"" checks",2026-08-18T05:47:01.055Z,178703202105500
"""player 20 @ 4chnM3wbbk"" checks",2026-08-18T05:46:59.745Z,178703201974500
"Flop:  [A♠, K♣, 9♦]",2026-08-18T05:46:58.085Z,178703201808500
"""player 61 @ uewFolxPCK"" calls 100",2026-08-18T05:46:57.254Z,178703201725400
"""player 20 @ 4chnM3wbbk"" raises to 100",2026-08-18T05:46:55.499Z,178703201549900
"""player 61 @ uewFolxPCK"" raises to 60",2026-08-18T05:46:38.027Z,178703199802700
"""player 20 @ 4chnM3wbbk"" posts a big blind of 20",2026-08-18T05:46:36.660Z,178703199666005
"""player 61 @ uewFolxPCK"" posts a small blind of 10",2026-08-18T05:46:36.660Z,178703199666004
"Player stacks: #1 ""player 61 @ uewFolxPCK"" (2230) | #2 ""player 20 @ 4chnM3wbbk"" (2470)",2026-08-18T05:46:36.660Z,178703199666001
"-- starting hand #163 (id: ldkngboms42t)  No Limit Texas Hold'em (dealer: ""player 61 @ uewFolxPCK"") --",2026-08-18T05:46:36.660Z,178703199666000
"Undealt cards:  [Q♥, 7♥, 10♦, 2♦, 5♦]",2026-08-18T05:46:31.161Z,178703199116100
"-- ending hand #162 --",2026-08-18T05:46:30.723Z,178703199072302
"""player 61 @ uewFolxPCK"" collected 20 from pot",2026-08-18T05:46:30.723Z,178703199072301
"Uncalled bet of 10 returned to ""player 61 @ uewFolxPCK""",2026-08-18T05:46:30.723Z,178703199072300
"""player 20 @ 4chnM3wbbk"" folds",2026-08-18T05:46:29.888Z,178703198988800
"""player 61 @ uewFolxPCK"" posts a big blind of 20",2026-08-18T05:46:28.645Z,178703198864505
"""player 20 @ 4chnM3wbbk"" posts a small blind of 10",2026-08-18T05:46:28.645Z,178703198864504
"Player stacks: #1 ""player 61 @ uewFolxPCK"" (2220) | #2 ""player 20 @ 4chnM3wbbk"" (2480)",2026-08-18T05:46:28.645Z,178703198864501
"-- starting hand #162 (id: bzbs0s0wtgl6)  No Limit Texas Hold'em (dealer: ""player 20 @ 4chnM3wbbk"") --",2026-08-18T05:46:28.645Z,178703198864500
"Undealt cards:  [K♥, 5♥, 6♥, 7♣, 10♥]",2026-08-18T05:46:23.746Z,178703198374600
"-- ending hand #161 --",2026-08-18T05:46:22.724Z,178703198272402
"""player 20 @ 4chnM3wbbk"" collected 20 from pot",2026-08-18T05:46:22.724Z,178703198272401
"Uncalled bet of 10 returned to ""player 20 @ 4chnM3wbbk""",2026-08-18T05:46:22.724Z,178703198272400
"""player 61 @ uewFolxPCK"" folds",2026-08-18T05:46:21.889Z,178703198188900
"""player 20 @ 4chnM3wbbk"" posts a big blind of 20",2026-08-18T05:46:21.122Z,178703198112205
"""player 61 @ uewFolxPCK"" posts a small blind of 10",2026-08-18T05:46:21.122Z,178703198112204
"Player stacks: #1 ""player 61 @ uewFolxPCK"" (2230) | #2 ""player 20 @ 4chnM3wbbk"" (2470)",2026-08-18T05:46:21.122Z,178703198112201
"-- starting hand #161 (id: 76g1duapcnxp)  No Limit Texas Hold'em (dealer: ""player 61 @ uewFolxPCK"") --",2026-08-18T05:46:21.122Z,178703198112200
"Undealt cards:  [2♥, 2♣, 8♣, 8♥, 6♣]",2026-08-18T05:46:15.401Z,178703197540100
"-- ending hand #160 --",2026-08-18T05:46:15.154Z,178703197515402
"""player 61 @ uewFolxPCK"" collected 40 from pot",2026-08-18T05:46:15.154Z,178703197515401
"Uncalled bet of 40 returned to ""player 61 @ uewFolxPCK""",2026-08-18T05:46:15.154Z,178703197515400
"""player 20 @ 4chnM3wbbk"" folds",2026-08-18T05:46:14.345Z,178703197434500
"""player 61 @ uewFolxPCK"" raises to 60",2026-08-18T05:46:06.879Z,178703196687900
"""player 20 @ 4chnM3wbbk"" calls 20",2026-08-18T05:46:05.160Z,178703196516000
"""player 61 @ uewFolxPCK"" posts a big blind of 20",2026-08-18T05:46:03.603Z,178703196360305
"""player 20 @ 4chnM3wbbk"" posts a small blind of 10",2026-08-18T05:46:03.603Z,178703196360304
"Player stacks: #1 ""player 61 @ uewFolxPCK"" (2210) | #2 ""player 20 @ 4chnM3wbbk"" (2490)",2026-08-18T05:46:03.603Z,178703196360301
"-- starting hand #160 (id: hfnt2gehokq0)  No Limit Texas Hold'em (dealer: ""player 20 @ 4chnM3wbbk"") --",2026-08-18T05:46:03.603Z,178703196360300
"Undealt cards:  [6♦, K♠, 3♠, 9♥, J♠]",2026-08-18T05:45:58.542Z,178703195854200
"-- ending hand #159 --",2026-08-18T05:45:57.678Z,178703195767802
"""player 20 @ 4chnM3wbbk"" collected 20 from pot",2026-08-18T05:45:57.678Z,178703195767801
"Uncalled bet of 10 returned to ""player 20 @ 4chnM3wbbk""",2026-08-18T05:45:57.678Z,178703195767800
"""player 61 @ uewFolxPCK"" folds",2026-08-18T05:45:56.777Z,178703195677700
"""player 20 @ 4chnM3wbbk"" posts a big blind of 20",2026-08-18T05:45:55.879Z,178703195587905
"""player 61 @ uewFolxPCK"" posts a small blind of 10",2026-08-18T05:45:55.879Z,178703195587904
"Player stacks: #1 ""player 61 @ uewFolxPCK"" (2220) | #2 ""player 20 @ 4chnM3wbbk"" (2480)",2026-08-18T05:45:55.879Z,178703195587901
"-- starting hand #159 (id: tbfems6nar9u)  No Limit Texas Hold'em (dealer: ""player 61 @ uewFolxPCK"") --",2026-08-18T05:45:55.879Z,178703195587900
"-- ending hand #158 --",2026-08-18T05:45:52.972Z,178703195297202
"""player 20 @ 4chnM3wbbk"" collected 80 from pot",2026-08-18T05:45:52.972Z,178703195297201
"Uncalled bet of 40 returned to ""player 20 @ 4chnM3wbbk""",2026-08-18T05:45:52.972Z,178703195297200
"""player 61 @ uewFolxPCK"" folds",2026-08-18T05:45:52.167Z,178703195216700
"""player 20 @ 4chnM3wbbk"" bets 40",2026-08-18T05:45:49.164Z,178703194916400
"""player 61 @ uewFolxPCK"" checks",2026-08-18T05:45:45.963Z,178703194596300
"River: 7♦, 3♠, 4♠, Q♥ [5♦]",2026-08-18T05:45:43.891Z,178703194389100
"""player 20 @ 4chnM3wbbk"" checks",2026-08-18T05:45:43.062Z,178703194306200
"""player 61 @ uewFolxPCK"" checks",2026-08-18T05:45:41.209Z,178703194120900
"Turn: 7♦, 3♠, 4♠ [Q♥]",2026-08-18T05:45:38.562Z,178703193856200
"""player 20 @ 4chnM3wbbk"" checks",2026-08-18T05:45:37.713Z,178703193771300
"""player 61 @ uewFolxPCK"" checks",2026-08-18T05:45:32.239Z,178703193223900
"Flop:  [7♦, 3♠, 4♠]",2026-08-18T05:45:30.559Z,178703193055900
"""player 61 @ uewFolxPCK"" calls 40",2026-08-18T05:45:29.751Z,178703192975100
"""player 20 @ 4chnM3wbbk"" raises to 40",2026-08-18T05:45:28.596Z,178703192859600
"""player 61 @ uewFolxPCK"" posts a big blind of 20",2026-08-18T05:45:25.056Z,178703192505605
"""player 20 @ 4chnM3wbbk"" posts a small blind of 10",2026-08-18T05:45:25.056Z,178703192505604
"Player stacks: #1 ""player 61 @ uewFolxPCK"" (2260) | #2 ""player 20 @ 4chnM3wbbk"" (2440)",2026-08-18T05:45:25.056Z,178703192505601
"-- starting hand #158 (id: f9xjgikdr75c)  No Limit Texas Hold'em (dealer: ""player 20 @ 4chnM3wbbk"") --",2026-08-18T05:45:25.056Z,178703192505600
"Undealt cards: J♣, 7♥, A♦, 8♣ [9♠]",2026-08-18T05:45:19.319Z,178703191931900
"-- ending hand #157 --",2026-08-18T05:45:19.137Z,178703191913702
"""player 61 @ uewFolxPCK"" collected 200 from pot",2026-08-18T05:45:19.137Z,178703191913701
"Uncalled bet of 100 returned to ""player 61 @ uewFolxPCK""",2026-08-18T05:45:19.137Z,178703191913700
"""player 20 @ 4chnM3wbbk"" folds",2026-08-18T05:45:18.310Z,178703191831000
"""player 61 @ uewFolxPCK"" bets 100",2026-08-18T05:45:16.930Z,178703191693000
"""player 20 @ 4chnM3wbbk"" checks",2026-08-18T05:45:14.410Z,178703191441000
"Turn: J♣, 7♥, A♦ [8♣]",2026-08-18T05:45:02.219Z,178703190221900
"""player 20 @ 4chnM3wbbk"" calls 40",2026-08-18T05:45:01.323Z,178703190132300
"""player 61 @ uewFolxPCK"" bets 40",2026-08-18T05:45:00.185Z,178703190018500
"""player 20 @ 4chnM3wbbk"" checks",2026-08-18T05:44:58.423Z,178703189842300
"Flop:  [J♣, 7♥, A♦]",2026-08-18T05:44:57.184Z,178703189718400
"""player 20 @ 4chnM3wbbk"" calls 60",2026-08-18T05:44:56.340Z,178703189634000
"""player 61 @ uewFolxPCK"" raises to 60",2026-08-18T05:44:55.055Z,178703189505500
"""player 20 @ 4chnM3wbbk"" posts a big blind of 20",2026-08-18T05:44:53.497Z,178703189349705
"""player 61 @ uewFolxPCK"" posts a small blind of 10",2026-08-18T05:44:53.497Z,178703189349704
"Player stacks: #1 ""player 61 @ uewFolxPCK"" (2160) | #2 ""player 20 @ 4chnM3wbbk"" (2540)",2026-08-18T05:44:53.497Z,178703189349701
"-- starting hand #157 (id: h0ajezi9kfms)  No Limit Texas Hold'em (dealer: ""player 61 @ uewFolxPCK"") --",2026-08-18T05:44:53.497Z,178703189349700
"Undealt cards:  [3♠, 7♣, K♣, Q♦, Q♣]",2026-08-18T05:44:47.844Z,178703188784400
"-- ending hand #156 --",2026-08-18T05:44:47.581Z,178703188758102
"""player 61 @ uewFolxPCK"" collected 20 from pot",2026-08-18T05:44:47.581Z,178703188758101
"Uncalled bet of 10 returned to ""player 61 @ uewFolxPCK""",2026-08-18T05:44:47.581Z,178703188758100
"""player 20 @ 4chnM3wbbk"" folds",2026-08-18T05:44:46.692Z,178703188669200
"""player 61 @ uewFolxPCK"" posts a big blind of 20",2026-08-18T05:44:45.290Z,178703188529008
"""player 20 @ 4chnM3wbbk"" posts a small blind of 10",2026-08-18T05:44:45.290Z,178703188529007
"Player stacks: #1 ""player 61 @ uewFolxPCK"" (2150) | #2 ""player 20 @ 4chnM3wbbk"" (2550)",2026-08-18T05:44:45.290Z,178703188529004
"-- starting hand #156 (id: eifnlxb7iraf)  No Limit Texas Hold'em (dealer: ""player 20 @ 4chnM3wbbk"") --",2026-08-18T05:44:45.290Z,178703188529003
"The game's big blind was changed from 10 to 20.",2026-08-18T05:44:45.290Z,178703188529002
"The game's small blind was changed from 5 to 10.",2026-08-18T05:44:45.290Z,178703188529001
"Game Config Changes
* Blind Schedule: L1: 5/10 » L1: 10/20
* Restart Blind Schedule at Level: none » 1",2026-08-18T05:44:45.290Z,178703188529000
"Undealt cards: 3♦, J♠, K♠ [A♦, 5♦]",2026-08-18T05:44:43.321Z,178703188332100
"-- ending hand #155 --",2026-08-18T05:44:39.378Z,178703187937802
"""player 61 @ uewFolxPCK"" collected 60 from pot",2026-08-18T05:44:39.378Z,178703187937801
"Uncalled bet of 30 returned to ""player 61 @ uewFolxPCK""",2026-08-18T05:44:39.378Z,178703187937800
"""player 20 @ 4chnM3wbbk"" folds",2026-08-18T05:44:38.525Z,178703187852500
"""player 61 @ uewFolxPCK"" bets 30",2026-08-18T05:44:32.813Z,178703187281300
"""player 20 @ 4chnM3wbbk"" checks",2026-08-18T05:44:28.061Z,178703186806100
"Flop:  [3♦, J♠, K♠]",2026-08-18T05:44:26.184Z,178703186618400
"""player 20 @ 4chnM3wbbk"" calls 30",2026-08-18T05:44:25.366Z,178703186536600
"""player 61 @ uewFolxPCK"" raises to 30",2026-08-18T05:44:24.365Z,178703186436500
"""player 20 @ 4chnM3wbbk"" posts a big blind of 10",2026-08-18T05:44:23.074Z,178703186307405
"""player 61 @ uewFolxPCK"" posts a small blind of 5",2026-08-18T05:44:23.074Z,178703186307404
"Player stacks: #1 ""player 61 @ uewFolxPCK"" (2120) | #2 ""player 20 @ 4chnM3wbbk"" (2580)",2026-08-18T05:44:23.074Z,178703186307401
"-- starting hand #155 (id: 6lhlqdzmdzk1)  No Limit Texas Hold'em (dealer: ""player 61 @ uewFolxPCK"") --",2026-08-18T05:44:23.074Z,178703186307400
"-- ending hand #154 --",2026-08-18T05:44:17.058Z,178703185705803
"""player 20 @ 4chnM3wbbk"" collected 100 from pot with Two Pair, 9's & 8's (combination: J♠, 8♣, 8♦, 9♦, 9♣)",2026-08-18T05:44:17.058Z,178703185705802
"""player 20 @ 4chnM3wbbk"" shows a 3♦, 9♦.",2026-08-18T05:44:17.058Z,178703185705801
"""player 61 @ uewFolxPCK"" shows a 6♣, 5♠.",2026-08-18T05:44:17.058Z,178703185705800
"""player 20 @ 4chnM3wbbk"" calls 20",2026-08-18T05:44:16.247Z,178703185624700
"""player 61 @ uewFolxPCK"" bets 20",2026-08-18T05:44:15.325Z,178703185532500
"River: 8♣, 9♣, 8♦, J♠ [5♣]",2026-08-18T05:44:12.955Z,178703185295500
"""player 20 @ 4chnM3wbbk"" checks",2026-08-18T05:44:12.138Z,178703185213800
"""player 61 @ uewFolxPCK"" checks",2026-08-18T05:44:11.161Z,178703185116100
"Turn: 8♣, 9♣, 8♦ [J♠]",2026-08-18T05:44:09.548Z,178703184954800
"""player 20 @ 4chnM3wbbk"" checks",2026-08-18T05:44:08.725Z,178703184872500
"""player 61 @ uewFolxPCK"" checks",2026-08-18T05:44:07.265Z,178703184726500
"Flop:  [8♣, 9♣, 8♦]",2026-08-18T05:44:05.256Z,178703184525600
"""player 20 @ 4chnM3wbbk"" calls 30",2026-08-18T05:44:04.407Z,178703184440700
"""player 61 @ uewFolxPCK"" raises to 30",2026-08-18T05:43:59.193Z,178703183919300
"""player 20 @ 4chnM3wbbk"" calls 10",2026-08-18T05:43:57.146Z,178703183714600
"""player 61 @ uewFolxPCK"" posts a big blind of 10",2026-08-18T05:43:55.704Z,178703183570405
"""player 20 @ 4chnM3wbbk"" posts a small blind of 5",2026-08-18T05:43:55.704Z,178703183570404
"Your hand is 6♣, 5♠",2026-08-18T05:43:55.704Z,178703183570402
"Player stacks: #1 ""player 61 @ uewFolxPCK"" (2170) | #2 ""player 20 @ 4chnM3wbbk"" (2530)",2026-08-18T05:43:55.704Z,178703183570401
"-- starting hand #154 (id: wqpxtrjlyi8c)  No Limit Texas Hold'em (dealer: ""player 20 @ 4chnM3wbbk"") --",2026-08-18T05:43:55.704Z,178703183570400
"Undealt cards: 10♠, A♠, 9♠, 3♥ [8♦]",2026-08-18T05:43:50.018Z,178703183001800
"-- ending hand #153 --",2026-08-18T05:43:49.767Z,178703182976702
"""player 20 @ 4chnM3wbbk"" collected 480 from pot",2026-08-18T05:43:49.767Z,178703182976701
"Uncalled bet of 300 returned to ""player 20 @ 4chnM3wbbk""",2026-08-18T05:43:49.767Z,178703182976700
"""player 61 @ uewFolxPCK"" folds",2026-08-18T05:43:48.957Z,178703182895700
"""player 20 @ 4chnM3wbbk"" bets 300",2026-08-18T05:43:37.104Z,178703181710400
"Turn: 10♠, A♠, 9♠ [3♥]",2026-08-18T05:43:34.806Z,178703181480600
"""player 20 @ 4chnM3wbbk"" calls 150",2026-08-18T05:43:33.989Z,178703181398900
"""player 61 @ uewFolxPCK"" raises to 150",2026-08-18T05:43:32.959Z,178703181295900
"""player 20 @ 4chnM3wbbk"" bets 50",2026-08-18T05:43:25.944Z,178703180594400
"Flop:  [10♠, A♠, 9♠]",2026-08-18T05:43:21.395Z,178703180139500
"""player 61 @ uewFolxPCK"" calls 90",2026-08-18T05:43:20.569Z,178703180056900
"""player 20 @ 4chnM3wbbk"" raises to 90",2026-08-18T05:43:18.873Z,178703179887300
"""player 61 @ uewFolxPCK"" raises to 30",2026-08-18T05:43:14.755Z,178703179475500
"""player 20 @ 4chnM3wbbk"" posts a big blind of 10",2026-08-18T05:43:13.293Z,178703179329305
"""player 61 @ uewFolxPCK"" posts a small blind of 5",2026-08-18T05:43:13.293Z,178703179329304
"Player stacks: #1 ""player 61 @ uewFolxPCK"" (2410) | #2 ""player 20 @ 4chnM3wbbk"" (2290)",2026-08-18T05:43:13.293Z,178703179329301
"-- starting hand #153 (id: oja0hscusmgr)  No Limit Texas Hold'em (dealer: ""player 61 @ uewFolxPCK"") --",2026-08-18T05:43:13.293Z,178703179329300
"-- ending hand #152 --",2026-08-18T05:43:07.274Z,178703178727403
"""player 20 @ 4chnM3wbbk"" collected 60 from pot with Pair, K's (combination: 5♥, 7♦, 10♣, K♠, K♦)",2026-08-18T05:43:07.274Z,178703178727402
"""player 20 @ 4chnM3wbbk"" shows a K♠, 7♦.",2026-08-18T05:43:07.274Z,178703178727401
"""player 61 @ uewFolxPCK"" shows a 3♦, A♦.",2026-08-18T05:43:07.274Z,178703178727400
"""player 20 @ 4chnM3wbbk"" checks",2026-08-18T05:43:06.454Z,178703178645400
"""player 61 @ uewFolxPCK"" checks",2026-08-18T05:43:01.022Z,178703178102200
"River: 10♣, 3♠, K♦, 5♥ [2♠]",2026-08-18T05:42:58.983Z,178703177898300
"""player 20 @ 4chnM3wbbk"" checks",2026-08-18T05:42:58.137Z,178703177813700
"""player 61 @ uewFolxPCK"" checks",2026-08-18T05:42:53.862Z,178703177386200
"Turn: 10♣, 3♠, K♦ [5♥]",2026-08-18T05:42:52.382Z,178703177238200
"""player 20 @ 4chnM3wbbk"" checks",2026-08-18T05:42:51.549Z,178703177154900
"""player 61 @ uewFolxPCK"" checks",2026-08-18T05:42:43.746Z,178703176374600
"Flop:  [10♣, 3♠, K♦]",2026-08-18T05:42:41.800Z,178703176180000
"""player 61 @ uewFolxPCK"" calls 30",2026-08-18T05:42:40.984Z,178703176098400
"""player 20 @ 4chnM3wbbk"" raises to 30",2026-08-18T05:42:39.981Z,178703175998100
"""player 61 @ uewFolxPCK"" posts a big blind of 10",2026-08-18T05:42:36.968Z,178703175696805
"""player 20 @ 4chnM3wbbk"" posts a small blind of 5",2026-08-18T05:42:36.968Z,178703175696804
"Your hand is 3♦, A♦",2026-08-18T05:42:36.968Z,178703175696802
"Player stacks: #1 ""player 61 @ uewFolxPCK"" (2440) | #2 ""player 20 @ 4chnM3wbbk"" (2260)",2026-08-18T05:42:36.968Z,178703175696801
"-- starting hand #152 (id: lgonkjbhfpx5)  No Limit Texas Hold'em (dealer: ""player 20 @ 4chnM3wbbk"") --",2026-08-18T05:42:36.968Z,178703175696800
"-- ending hand #151 --",2026-08-18T05:42:34.051Z,178703175405102
"""player 20 @ 4chnM3wbbk"" collected 10 from pot",2026-08-18T05:42:34.051Z,178703175405101
"Uncalled bet of 5 returned to ""player 20 @ 4chnM3wbbk""",2026-08-18T05:42:34.051Z,178703175405100
"""player 61 @ uewFolxPCK"" folds",2026-08-18T05:42:33.207Z,178703175320700
"""player 20 @ 4chnM3wbbk"" posts a big blind of 10",2026-08-18T05:42:32.363Z,178703175236305
"""player 61 @ uewFolxPCK"" posts a small blind of 5",2026-08-18T05:42:32.363Z,178703175236304
"Player stacks: #1 ""player 61 @ uewFolxPCK"" (2445) | #2 ""player 20 @ 4chnM3wbbk"" (2255)",2026-08-18T05:42:32.363Z,178703175236301
"-- starting hand #151 (id: aqnjerf2xqll)  No Limit Texas Hold'em (dealer: ""player 61 @ uewFolxPCK"") --",2026-08-18T05:42:32.363Z,178703175236300
"Undealt cards:  [9♦, 9♠, A♦, K♦, 3♣]",2026-08-18T05:42:26.692Z,178703174669200
"-- ending hand #150 --",2026-08-18T05:42:26.361Z,178703174636102
"""player 61 @ uewFolxPCK"" collected 10 from pot",2026-08-18T05:42:26.361Z,178703174636101
"Uncalled bet of 5 returned to ""player 61 @ uewFolxPCK""",2026-08-18T05:42:26.361Z,178703174636100
"""player 20 @ 4chnM3wbbk"" folds",2026-08-18T05:42:25.459Z,178703174545900
"""player 61 @ uewFolxPCK"" posts a big blind of 10",2026-08-18T05:42:23.561Z,178703174356105
"""player 20 @ 4chnM3wbbk"" posts a small blind of 5",2026-08-18T05:42:23.561Z,178703174356104
"Player stacks: #1 ""player 61 @ uewFolxPCK"" (2440) | #2 ""player 20 @ 4chnM3wbbk"" (2260)",2026-08-18T05:42:23.561Z,178703174356101
"-- starting hand #150 (id: dx3uniskuewx)  No Limit Texas Hold'em (dealer: ""player 20 @ 4chnM3wbbk"") --",2026-08-18T05:42:23.561Z,178703174356100
"-- ending hand #149 --",2026-08-18T05:42:17.557Z,178703173755702
"""player 61 @ uewFolxPCK"" collected 140 from pot with Full House, 10's over A's (combination: A♠, A♥, 10♣, 10♥, 10♦)",2026-08-18T05:42:17.557Z,178703173755701
"""player 61 @ uewFolxPCK"" shows a A♠, 7♠.",2026-08-18T05:42:17.557Z,178703173755700
"""player 20 @ 4chnM3wbbk"" calls 40",2026-08-18T05:42:16.678Z,178703173667800
"""player 61 @ uewFolxPCK"" bets 40",2026-08-18T05:42:14.852Z,178703173485200
"""player 20 @ 4chnM3wbbk"" checks",2026-08-18T05:42:12.463Z,178703173246300
"River: 10♣, A♥, 10♥, 4♦ [10♦]",2026-08-18T05:42:06.950Z,178703172695000
"""player 61 @ uewFolxPCK"" checks",2026-08-18T05:42:06.031Z,178703172603100
"""player 20 @ 4chnM3wbbk"" checks",2026-08-18T05:42:04.814Z,178703172481400
"Turn: 10♣, A♥, 10♥ [4♦]",2026-08-18T05:42:03.331Z,178703172333100
"""player 61 @ uewFolxPCK"" checks",2026-08-18T05:42:02.487Z,178703172248700
"""player 20 @ 4chnM3wbbk"" checks",2026-08-18T05:42:01.187Z,178703172118700
"Flop:  [10♣, A♥, 10♥]",2026-08-18T05:41:57.763Z,178703171776300
"""player 20 @ 4chnM3wbbk"" calls 30",2026-08-18T05:41:56.841Z,178703171684100
"""player 61 @ uewFolxPCK"" raises to 30",2026-08-18T05:41:54.670Z,178703171467000
"""player 20 @ 4chnM3wbbk"" posts a big blind of 10",2026-08-18T05:41:52.964Z,178703171296405
"""player 61 @ uewFolxPCK"" posts a small blind of 5",2026-08-18T05:41:52.964Z,178703171296404
"Your hand is A♠, 7♠",2026-08-18T05:41:52.964Z,178703171296402
"Player stacks: #1 ""player 61 @ uewFolxPCK"" (2370) | #2 ""player 20 @ 4chnM3wbbk"" (2330)",2026-08-18T05:41:52.964Z,178703171296401
"-- starting hand #149 (id: uzk7szbq8sio)  No Limit Texas Hold'em (dealer: ""player 61 @ uewFolxPCK"") --",2026-08-18T05:41:52.964Z,178703171296400
"Undealt cards:  [4♣, 3♥, 2♥, 8♠, K♦]",2026-08-18T05:41:47.392Z,178703170739200
"-- ending hand #148 --",2026-08-18T05:41:47.012Z,178703170701202
"""player 61 @ uewFolxPCK"" collected 10 from pot",2026-08-18T05:41:47.012Z,178703170701201
"Uncalled bet of 5 returned to ""player 61 @ uewFolxPCK""",2026-08-18T05:41:47.012Z,178703170701200
"""player 20 @ 4chnM3wbbk"" folds",2026-08-18T05:41:46.201Z,178703170620100
"""player 61 @ uewFolxPCK"" posts a big blind of 10",2026-08-18T05:41:38.349Z,178703169834905
"""player 20 @ 4chnM3wbbk"" posts a small blind of 5",2026-08-18T05:41:38.349Z,178703169834904
"Player stacks: #1 ""player 61 @ uewFolxPCK"" (2365) | #2 ""player 20 @ 4chnM3wbbk"" (2335)",2026-08-18T05:41:38.349Z,178703169834901
"-- starting hand #148 (id: xcjshyzdtnzm)  No Limit Texas Hold'em (dealer: ""player 20 @ 4chnM3wbbk"") --",2026-08-18T05:41:38.349Z,178703169834900
"-- ending hand #147 --",2026-08-18T05:41:35.341Z,178703169534102
"""player 20 @ 4chnM3wbbk"" collected 10 from pot",2026-08-18T05:41:35.341Z,178703169534101
"Uncalled bet of 5 returned to ""player 20 @ 4chnM3wbbk""",2026-08-18T05:41:35.341Z,178703169534100
"""player 61 @ uewFolxPCK"" folds",2026-08-18T05:41:34.460Z,178703169446000
"""player 20 @ 4chnM3wbbk"" posts a big blind of 10",2026-08-18T05:41:32.506Z,178703169250605
"""player 61 @ uewFolxPCK"" posts a small blind of 5",2026-08-18T05:41:32.506Z,178703169250604
"Player stacks: #1 ""player 61 @ uewFolxPCK"" (2370) | #2 ""player 20 @ 4chnM3wbbk"" (2330)",2026-08-18T05:41:32.506Z,178703169250601
"-- starting hand #147 (id: uj9uj8xn2uhq)  No Limit Texas Hold'em (dealer: ""player 61 @ uewFolxPCK"") --",2026-08-18T05:41:32.506Z,178703169250600
"Undealt cards:  [7♠, 9♥, 3♦, 2♦, 2♣]",2026-08-18T05:41:27.022Z,178703168702200
"-- ending hand #146 --",2026-08-18T05:41:26.503Z,178703168650302
"""player 61 @ uewFolxPCK"" collected 10 from pot",2026-08-18T05:41:26.503Z,178703168650301
"Uncalled bet of 5 returned to ""player 61 @ uewFolxPCK""",2026-08-18T05:41:26.503Z,178703168650300
"""player 20 @ 4chnM3wbbk"" folds",2026-08-18T05:41:25.678Z,178703168567800
"""player 61 @ uewFolxPCK"" posts a big blind of 10",2026-08-18T05:41:24.138Z,178703168413805
"""player 20 @ 4chnM3wbbk"" posts a small blind of 5",2026-08-18T05:41:24.138Z,178703168413804
"Player stacks: #1 ""player 61 @ uewFolxPCK"" (2365) | #2 ""player 20 @ 4chnM3wbbk"" (2335)",2026-08-18T05:41:24.138Z,178703168413801
"-- starting hand #146 (id: kvsdlhzd8zxh)  No Limit Texas Hold'em (dealer: ""player 20 @ 4chnM3wbbk"") --",2026-08-18T05:41:24.138Z,178703168413800
"Undealt cards:  [7♦, 4♥, Q♠, 8♠, J♠]",2026-08-18T05:41:19.133Z,178703167913300
"-- ending hand #145 --",2026-08-18T05:41:18.199Z,178703167819902
"""player 61 @ uewFolxPCK"" collected 20 from pot",2026-08-18T05:41:18.199Z,178703167819901
"Uncalled bet of 20 returned to ""player 61 @ uewFolxPCK""",2026-08-18T05:41:18.199Z,178703167819900
"""player 20 @ 4chnM3wbbk"" folds",2026-08-18T05:41:17.390Z,178703167739000
"""player 61 @ uewFolxPCK"" raises to 30",2026-08-18T05:41:03.760Z,178703166376000
"""player 20 @ 4chnM3wbbk"" posts a big blind of 10",2026-08-18T05:41:02.189Z,178703166218905
"""player 61 @ uewFolxPCK"" posts a small blind of 5",2026-08-18T05:41:02.189Z,178703166218904
"Player stacks: #1 ""player 61 @ uewFolxPCK"" (2355) | #2 ""player 20 @ 4chnM3wbbk"" (2345)",2026-08-18T05:41:02.189Z,178703166218901
"-- starting hand #145 (id: yhujbt5euzhx)  No Limit Texas Hold'em (dealer: ""player 61 @ uewFolxPCK"") --",2026-08-18T05:41:02.189Z,178703166218900
"-- ending hand #144 --",2026-08-18T05:40:56.089Z,178703165608903
"""player 20 @ 4chnM3wbbk"" collected 100 from pot with A High (combination: 8♦, 9♥, 10♦, K♥, A♣)",2026-08-18T05:40:56.089Z,178703165608902
"""player 20 @ 4chnM3wbbk"" shows a 9♥, 10♦.",2026-08-18T05:40:56.089Z,178703165608901
"""player 61 @ uewFolxPCK"" shows a 10♣, 7♦.",2026-08-18T05:40:56.089Z,178703165608900
"""player 20 @ 4chnM3wbbk"" checks",2026-08-18T05:40:55.268Z,178703165526800
"""player 61 @ uewFolxPCK"" checks",2026-08-18T05:40:53.633Z,178703165363300
"River: A♣, 2♠, 8♦, K♥ [4♥]",2026-08-18T05:40:49.635Z,178703164963500
"""player 20 @ 4chnM3wbbk"" calls 20",2026-08-18T05:40:48.822Z,178703164882200
"""player 61 @ uewFolxPCK"" bets 20",2026-08-18T05:40:47.100Z,178703164710000
"Turn: A♣, 2♠, 8♦ [K♥]",2026-08-18T05:40:44.592Z,178703164459200
"""player 20 @ 4chnM3wbbk"" checks",2026-08-18T05:40:43.693Z,178703164369300
"""player 61 @ uewFolxPCK"" checks",2026-08-18T05:40:42.275Z,178703164227500
"Flop:  [A♣, 2♠, 8♦]",2026-08-18T05:40:39.989Z,178703163998900
"""player 61 @ uewFolxPCK"" calls 30",2026-08-18T05:40:39.159Z,178703163915900
"""player 20 @ 4chnM3wbbk"" raises to 30",2026-08-18T05:40:37.712Z,178703163771200
"""player 61 @ uewFolxPCK"" posts a big blind of 10",2026-08-18T05:40:30.574Z,178703163057405
"""player 20 @ 4chnM3wbbk"" posts a small blind of 5",2026-08-18T05:40:30.574Z,178703163057404
"Your hand is 10♣, 7♦",2026-08-18T05:40:30.574Z,178703163057402
"Player stacks: #1 ""player 61 @ uewFolxPCK"" (2405) | #2 ""player 20 @ 4chnM3wbbk"" (2295)",2026-08-18T05:40:30.574Z,178703163057401
"-- starting hand #144 (id: pujmpy06an6w)  No Limit Texas Hold'em (dealer: ""player 20 @ 4chnM3wbbk"") --",2026-08-18T05:40:30.574Z,178703163057400
"Undealt cards: J♣, 7♥, J♥ [K♥, Q♦]",2026-08-18T05:40:24.856Z,178703162485600
"-- ending hand #143 --",2026-08-18T05:40:24.570Z,178703162457002
"""player 61 @ uewFolxPCK"" collected 180 from pot",2026-08-18T05:40:24.570Z,178703162457001
"Uncalled bet of 60 returned to ""player 61 @ uewFolxPCK""",2026-08-18T05:40:24.570Z,178703162457000
"""player 20 @ 4chnM3wbbk"" folds",2026-08-18T05:40:23.764Z,178703162376400
"""player 61 @ uewFolxPCK"" bets 60",2026-08-18T05:39:54.968Z,178703159496800
"""player 20 @ 4chnM3wbbk"" checks",2026-08-18T05:39:46.465Z,178703158646500
"Flop:  [J♣, 7♥, J♥]",2026-08-18T05:39:34.343Z,178703157434300
"""player 61 @ uewFolxPCK"" calls 90",2026-08-18T05:39:33.514Z,178703157351400
"""player 20 @ 4chnM3wbbk"" raises to 90",2026-08-18T05:39:31.617Z,178703157161700
"""player 61 @ uewFolxPCK"" raises to 30",2026-08-18T05:39:13.269Z,178703155326900
"""player 20 @ 4chnM3wbbk"" posts a big blind of 10",2026-08-18T05:39:11.027Z,178703155102705
"""player 61 @ uewFolxPCK"" posts a small blind of 5",2026-08-18T05:39:11.027Z,178703155102704
"Player stacks: #1 ""player 61 @ uewFolxPCK"" (2315) | #2 ""player 20 @ 4chnM3wbbk"" (2385)",2026-08-18T05:39:11.027Z,178703155102701
"-- starting hand #143 (id: eabf8ggcuxbf)  No Limit Texas Hold'em (dealer: ""player 61 @ uewFolxPCK"") --",2026-08-18T05:39:11.027Z,178703155102700
"-- ending hand #142 --",2026-08-18T05:39:08.094Z,178703154809402
"""player 61 @ uewFolxPCK"" collected 10 from pot",2026-08-18T05:39:08.094Z,178703154809401
"Uncalled bet of 5 returned to ""player 61 @ uewFolxPCK""",2026-08-18T05:39:08.094Z,178703154809400
"""player 20 @ 4chnM3wbbk"" folds",2026-08-18T05:39:07.281Z,178703154728100
"""player 61 @ uewFolxPCK"" posts a big blind of 10",2026-08-18T05:38:46.529Z,178703152652905
"""player 20 @ 4chnM3wbbk"" posts a small blind of 5",2026-08-18T05:38:46.529Z,178703152652904
"Player stacks: #1 ""player 61 @ uewFolxPCK"" (2310) | #2 ""player 20 @ 4chnM3wbbk"" (2390)",2026-08-18T05:38:46.529Z,178703152652901
"-- starting hand #142 (id: mv7qgrvl66o2)  No Limit Texas Hold'em (dealer: ""player 20 @ 4chnM3wbbk"") --",2026-08-18T05:38:46.529Z,178703152652900
"Undealt cards: A♠, A♥, K♥, 3♠ [9♥]",2026-08-18T05:38:40.828Z,178703152082800
"-- ending hand #141 --",2026-08-18T05:38:40.603Z,178703152060302
"""player 61 @ uewFolxPCK"" collected 300 from pot",2026-08-18T05:38:40.603Z,178703152060301
"Uncalled bet of 150 returned to ""player 61 @ uewFolxPCK""",2026-08-18T05:38:40.603Z,178703152060300
"""player 20 @ 4chnM3wbbk"" folds",2026-08-18T05:38:39.762Z,178703151976200
"""player 61 @ uewFolxPCK"" bets 150",2026-08-18T05:38:35.010Z,178703151501000
"""player 20 @ 4chnM3wbbk"" checks",2026-08-18T05:38:26.094Z,178703150609400
"Turn: A♠, A♥, K♥ [3♠]",2026-08-18T05:38:24.741Z,178703150474100
"""player 20 @ 4chnM3wbbk"" calls 60",2026-08-18T05:38:23.931Z,178703150393100
"""player 61 @ uewFolxPCK"" bets 60",2026-08-18T05:38:22.174Z,178703150217400
"""player 20 @ 4chnM3wbbk"" checks",2026-08-18T05:38:15.398Z,178703149539800
"Flop:  [A♠, A♥, K♥]",2026-08-18T05:38:04.486Z,178703148448600
"""player 61 @ uewFolxPCK"" calls 90",2026-08-18T05:38:03.666Z,178703148366600
"""player 20 @ 4chnM3wbbk"" raises to 90",2026-08-18T05:38:00.697Z,178703148069700
"""player 61 @ uewFolxPCK"" raises to 30",2026-08-18T05:37:58.242Z,178703147824200
"""player 20 @ 4chnM3wbbk"" posts a big blind of 10",2026-08-18T05:37:57.002Z,178703147700205
"""player 61 @ uewFolxPCK"" posts a small blind of 5",2026-08-18T05:37:57.002Z,178703147700204
"Player stacks: #1 ""player 61 @ uewFolxPCK"" (2160) | #2 ""player 20 @ 4chnM3wbbk"" (2540)",2026-08-18T05:37:57.002Z,178703147700201
"-- starting hand #141 (id: 11yudpqrmxug)  No Limit Texas Hold'em (dealer: ""player 61 @ uewFolxPCK"") --",2026-08-18T05:37:57.002Z,178703147700200
"-- ending hand #140 --",2026-08-18T05:37:50.999Z,178703147099902
"""player 20 @ 4chnM3wbbk"" collected 360 from pot with Two Pair, A's & 7's (combination: 8♠, 7♠, 7♣, A♣, A♥)",2026-08-18T05:37:50.999Z,178703147099901
"""player 20 @ 4chnM3wbbk"" shows a 7♠, A♣.",2026-08-18T05:37:50.999Z,178703147099900
"""player 61 @ uewFolxPCK"" calls 150",2026-08-18T05:37:50.185Z,178703147018500
"""player 20 @ 4chnM3wbbk"" raises to 150",2026-08-18T05:37:47.578Z,178703146757800
"""player 61 @ uewFolxPCK"" bets 60",2026-08-18T05:37:44.246Z,178703146424600
"River: A♥, 8♠, 7♣, 5♦ [4♦]",2026-08-18T05:37:41.171Z,178703146117100
"""player 20 @ 4chnM3wbbk"" checks",2026-08-18T05:37:40.315Z,178703146031500
"""player 61 @ uewFolxPCK"" checks",2026-08-18T05:37:39.089Z,178703145908900
"Turn: A♥, 8♠, 7♣ [5♦]",2026-08-18T05:37:37.068Z,178703145706800
"""player 20 @ 4chnM3wbbk"" checks",2026-08-18T05:37:36.256Z,178703145625600
"""player 61 @ uewFolxPCK"" checks",2026-08-18T05:37:23.310Z,178703144331000
"Flop:  [A♥, 8♠, 7♣]",2026-08-18T05:37:21.650Z,178703144165000
"""player 61 @ uewFolxPCK"" calls 30",2026-08-18T05:37:20.791Z,178703144079100
"""player 20 @ 4chnM3wbbk"" raises to 30",2026-08-18T05:37:18.925Z,178703143892500
"""player 61 @ uewFolxPCK"" posts a big blind of 10",2026-08-18T05:36:54.598Z,178703141459805
"""player 20 @ 4chnM3wbbk"" posts a small blind of 5",2026-08-18T05:36:54.598Z,178703141459804
"Player stacks: #1 ""player 61 @ uewFolxPCK"" (2340) | #2 ""player 20 @ 4chnM3wbbk"" (2360)",2026-08-18T05:36:54.598Z,178703141459801
"-- starting hand #140 (id: mr9jqvauv8cv)  No Limit Texas Hold'em (dealer: ""player 20 @ 4chnM3wbbk"") --",2026-08-18T05:36:54.598Z,178703141459800
"-- ending hand #139 --",2026-08-18T05:36:48.593Z,178703140859303
"""player 61 @ uewFolxPCK"" collected 60 from pot with Pair, 6's (combination: 9♦, J♠, A♥, 6♦, 6♣)",2026-08-18T05:36:48.593Z,178703140859302
"""player 61 @ uewFolxPCK"" shows a A♥, 4♣.",2026-08-18T05:36:48.593Z,178703140859301
"""player 20 @ 4chnM3wbbk"" shows a Q♥, 4♥.",2026-08-18T05:36:48.593Z,178703140859300
"""player 61 @ uewFolxPCK"" checks",2026-08-18T05:36:47.764Z,178703140776400
"""player 20 @ 4chnM3wbbk"" checks",2026-08-18T05:36:46.830Z,178703140683000
"River: 6♦, 6♣, 9♦, J♠ [2♦]",2026-08-18T05:36:45.076Z,178703140507600
"""player 61 @ uewFolxPCK"" checks",2026-08-18T05:36:44.197Z,178703140419700
"""player 20 @ 4chnM3wbbk"" checks",2026-08-18T05:36:43.020Z,178703140302000
"Turn: 6♦, 6♣, 9♦ [J♠]",2026-08-18T05:36:42.151Z,178703140215100
"""player 61 @ uewFolxPCK"" checks",2026-08-18T05:36:41.309Z,178703140130900
"""player 20 @ 4chnM3wbbk"" checks",2026-08-18T05:36:40.231Z,178703140023100
"Flop:  [6♦, 6♣, 9♦]",2026-08-18T05:36:38.583Z,178703139858300
"""player 20 @ 4chnM3wbbk"" calls 30",2026-08-18T05:36:37.760Z,178703139776000
"""player 61 @ uewFolxPCK"" raises to 30",2026-08-18T05:36:36.712Z,178703139671200
"""player 20 @ 4chnM3wbbk"" posts a big blind of 10",2026-08-18T05:36:35.049Z,178703139504905
"""player 61 @ uewFolxPCK"" posts a small blind of 5",2026-08-18T05:36:35.049Z,178703139504904
"Your hand is A♥, 4♣",2026-08-18T05:36:35.049Z,178703139504902
"Player stacks: #1 ""player 61 @ uewFolxPCK"" (2310) | #2 ""player 20 @ 4chnM3wbbk"" (2390)",2026-08-18T05:36:35.049Z,178703139504901
"-- starting hand #139 (id: qyznbtngf3yf)  No Limit Texas Hold'em (dealer: ""player 61 @ uewFolxPCK"") --",2026-08-18T05:36:35.049Z,178703139504900
"Undealt cards:  [2♣, 8♣, 6♥, 6♠, J♠]",2026-08-18T05:36:29.273Z,178703138927300
"-- ending hand #138 --",2026-08-18T05:36:29.092Z,178703138909202
"""player 20 @ 4chnM3wbbk"" collected 20 from pot",2026-08-18T05:36:29.092Z,178703138909201
"Uncalled bet of 20 returned to ""player 20 @ 4chnM3wbbk""",2026-08-18T05:36:29.092Z,178703138909200
"""player 61 @ uewFolxPCK"" folds",2026-08-18T05:36:28.260Z,178703138826000
"""player 20 @ 4chnM3wbbk"" raises to 30",2026-08-18T05:36:27.353Z,178703138735300
"""player 61 @ uewFolxPCK"" posts a big blind of 10",2026-08-18T05:36:22.770Z,178703138277005
"""player 20 @ 4chnM3wbbk"" posts a small blind of 5",2026-08-18T05:36:22.770Z,178703138277004
"Player stacks: #1 ""player 61 @ uewFolxPCK"" (2320) | #2 ""player 20 @ 4chnM3wbbk"" (2380)",2026-08-18T05:36:22.770Z,178703138277001
"-- starting hand #138 (id: xiw9miprclxn)  No Limit Texas Hold'em (dealer: ""player 20 @ 4chnM3wbbk"") --",2026-08-18T05:36:22.770Z,178703138277000
"-- ending hand #137 --",2026-08-18T05:36:16.768Z,178703137676802
"""player 20 @ 4chnM3wbbk"" collected 60 from pot with Pair, 4's (combination: 6♠, 8♣, 9♠, 4♣, 4♥)",2026-08-18T05:36:16.768Z,178703137676801
"""player 20 @ 4chnM3wbbk"" shows a 4♣, 4♥.",2026-08-18T05:36:16.768Z,178703137676800
"""player 61 @ uewFolxPCK"" checks",2026-08-18T05:36:15.911Z,178703137591100
"""player 20 @ 4chnM3wbbk"" checks",2026-08-18T05:36:14.978Z,178703137497800
"River: 2♠, 3♠, 8♣, 9♠ [6♠]",2026-08-18T05:36:13.885Z,178703137388500
"""player 61 @ uewFolxPCK"" checks",2026-08-18T05:36:13.069Z,178703137306900
"""player 20 @ 4chnM3wbbk"" checks",2026-08-18T05:36:11.882Z,178703137188200
"Turn: 2♠, 3♠, 8♣ [9♠]",2026-08-18T05:36:10.684Z,178703137068400
"""player 61 @ uewFolxPCK"" checks",2026-08-18T05:36:09.855Z,178703136985500
"""player 20 @ 4chnM3wbbk"" checks",2026-08-18T05:36:08.685Z,178703136868500
"Flop:  [2♠, 3♠, 8♣]",2026-08-18T05:36:07.083Z,178703136708300
"""player 20 @ 4chnM3wbbk"" calls 30",2026-08-18T05:36:06.261Z,178703136626100
"""player 61 @ uewFolxPCK"" raises to 30",2026-08-18T05:36:04.957Z,178703136495700
"""player 20 @ 4chnM3wbbk"" posts a big blind of 10",2026-08-18T05:36:03.481Z,178703136348105
"""player 61 @ uewFolxPCK"" posts a small blind of 5",2026-08-18T05:36:03.481Z,178703136348104
"Player stacks: #1 ""player 61 @ uewFolxPCK"" (2350) | #2 ""player 20 @ 4chnM3wbbk"" (2350)",2026-08-18T05:36:03.481Z,178703136348101
"-- starting hand #137 (id: oj32uygtfrsx)  No Limit Texas Hold'em (dealer: ""player 61 @ uewFolxPCK"") --",2026-08-18T05:36:03.481Z,178703136348100
"Undealt cards:  [Q♦, A♥, 10♠, Q♣, 8♣]",2026-08-18T05:35:57.918Z,178703135791800
"-- ending hand #136 --",2026-08-18T05:35:57.558Z,178703135755802
"""player 61 @ uewFolxPCK"" collected 10 from pot",2026-08-18T05:35:57.558Z,178703135755801
"Uncalled bet of 5 returned to ""player 61 @ uewFolxPCK""",2026-08-18T05:35:57.558Z,178703135755800
"""player 20 @ 4chnM3wbbk"" folds",2026-08-18T05:35:56.727Z,178703135672700
"""player 61 @ uewFolxPCK"" posts a big blind of 10",2026-08-18T05:35:55.203Z,178703135520305
"""player 20 @ 4chnM3wbbk"" posts a small blind of 5",2026-08-18T05:35:55.203Z,178703135520304
"Player stacks: #1 ""player 61 @ uewFolxPCK"" (2345) | #2 ""player 20 @ 4chnM3wbbk"" (2355)",2026-08-18T05:35:55.203Z,178703135520301
"-- starting hand #136 (id: qrxqygddqsxi)  No Limit Texas Hold'em (dealer: ""player 20 @ 4chnM3wbbk"") --",2026-08-18T05:35:55.203Z,178703135520300
"-- ending hand #135 --",2026-08-18T05:35:52.286Z,178703135228602
"""player 61 @ uewFolxPCK"" collected 140 from pot",2026-08-18T05:35:52.286Z,178703135228601
"Uncalled bet of 100 returned to ""player 61 @ uewFolxPCK""",2026-08-18T05:35:52.286Z,178703135228600
"""player 20 @ 4chnM3wbbk"" folds",2026-08-18T05:35:51.484Z,178703135148400
"""player 61 @ uewFolxPCK"" bets 100",2026-08-18T05:35:50.068Z,178703135006800
"""player 20 @ 4chnM3wbbk"" checks",2026-08-18T05:35:45.183Z,178703134518300
"River: 7♠, 8♦, Q♥, 4♥ [10♣]",2026-08-18T05:35:43.313Z,178703134331300
"""player 20 @ 4chnM3wbbk"" calls 40",2026-08-18T05:35:42.480Z,178703134248000
"""player 61 @ uewFolxPCK"" bets 40",2026-08-18T05:35:40.612Z,178703134061200
"""player 20 @ 4chnM3wbbk"" checks",2026-08-18T05:35:38.169Z,178703133816900
"Turn: 7♠, 8♦, Q♥ [4♥]",2026-08-18T05:35:32.711Z,178703133271100
"""player 61 @ uewFolxPCK"" checks",2026-08-18T05:35:31.884Z,178703133188400
"""player 20 @ 4chnM3wbbk"" checks",2026-08-18T05:35:30.649Z,178703133064900
"Flop:  [7♠, 8♦, Q♥]",2026-08-18T05:35:29.128Z,178703132912800
"""player 20 @ 4chnM3wbbk"" calls 30",2026-08-18T05:35:28.318Z,178703132831800
"""player 61 @ uewFolxPCK"" raises to 30",2026-08-18T05:35:26.629Z,178703132662900
"""player 20 @ 4chnM3wbbk"" posts a big blind of 10",2026-08-18T05:35:24.867Z,178703132486705
"""player 61 @ uewFolxPCK"" posts a small blind of 5",2026-08-18T05:35:24.867Z,178703132486704
"Player stacks: #1 ""player 61 @ uewFolxPCK"" (2275) | #2 ""player 20 @ 4chnM3wbbk"" (2425)",2026-08-18T05:35:24.867Z,178703132486701
"-- starting hand #135 (id: hnwu9syvyzqi)  No Limit Texas Hold'em (dealer: ""player 61 @ uewFolxPCK"") --",2026-08-18T05:35:24.867Z,178703132486700
"Undealt cards:  [9♥, 3♦, J♥, 10♦, 5♥]",2026-08-18T05:35:20.688Z,178703132068800
"-- ending hand #134 --",2026-08-18T05:35:18.907Z,178703131890702
"""player 61 @ uewFolxPCK"" collected 10 from pot",2026-08-18T05:35:18.907Z,178703131890701
"Uncalled bet of 5 returned to ""player 61 @ uewFolxPCK""",2026-08-18T05:35:18.907Z,178703131890700
"""player 20 @ 4chnM3wbbk"" folds",2026-08-18T05:35:18.099Z,178703131809900
"""player 61 @ uewFolxPCK"" posts a big blind of 10",2026-08-18T05:35:07.855Z,178703130785505
"""player 20 @ 4chnM3wbbk"" posts a small blind of 5",2026-08-18T05:35:07.855Z,178703130785504
"Player stacks: #1 ""player 61 @ uewFolxPCK"" (2270) | #2 ""player 20 @ 4chnM3wbbk"" (2430)",2026-08-18T05:35:07.855Z,178703130785501
"-- starting hand #134 (id: oljljvt0myw3)  No Limit Texas Hold'em (dealer: ""player 20 @ 4chnM3wbbk"") --",2026-08-18T05:35:07.855Z,178703130785500
"-- ending hand #133 --",2026-08-18T05:35:04.901Z,178703130490102
"""player 20 @ 4chnM3wbbk"" collected 10 from pot",2026-08-18T05:35:04.901Z,178703130490101
"Uncalled bet of 5 returned to ""player 20 @ 4chnM3wbbk""",2026-08-18T05:35:04.901Z,178703130490100
"""player 61 @ uewFolxPCK"" folds",2026-08-18T05:35:04.084Z,178703130408400
"""player 20 @ 4chnM3wbbk"" posts a big blind of 10",2026-08-18T05:35:01.793Z,178703130179305
"""player 61 @ uewFolxPCK"" posts a small blind of 5",2026-08-18T05:35:01.793Z,178703130179304
"Player stacks: #1 ""player 61 @ uewFolxPCK"" (2275) | #2 ""player 20 @ 4chnM3wbbk"" (2425)",2026-08-18T05:35:01.793Z,178703130179301
"-- starting hand #133 (id: 1yjbrcpzbsjk)  No Limit Texas Hold'em (dealer: ""player 61 @ uewFolxPCK"") --",2026-08-18T05:35:01.793Z,178703130179300
"-- ending hand #132 --",2026-08-18T05:34:58.799Z,178703129879902
"""player 20 @ 4chnM3wbbk"" collected 20 from pot",2026-08-18T05:34:58.799Z,178703129879901
"Uncalled bet of 25 returned to ""player 20 @ 4chnM3wbbk""",2026-08-18T05:34:58.799Z,178703129879900
"""player 61 @ uewFolxPCK"" folds",2026-08-18T05:34:57.914Z,178703129791400
"""player 20 @ 4chnM3wbbk"" raises to 35",2026-08-18T05:34:55.114Z,178703129511400
"""player 61 @ uewFolxPCK"" posts a big blind of 10",2026-08-18T05:34:36.288Z,178703127628805
"""player 20 @ 4chnM3wbbk"" posts a small blind of 5",2026-08-18T05:34:36.288Z,178703127628804
"Player stacks: #1 ""player 61 @ uewFolxPCK"" (2285) | #2 ""player 20 @ 4chnM3wbbk"" (2415)",2026-08-18T05:34:36.288Z,178703127628801
"-- starting hand #132 (id: auysijyttyra)  No Limit Texas Hold'em (dealer: ""player 20 @ 4chnM3wbbk"") --",2026-08-18T05:34:36.288Z,178703127628800
"-- ending hand #131 --",2026-08-18T05:34:33.375Z,178703127337502
"""player 61 @ uewFolxPCK"" collected 20 from pot",2026-08-18T05:34:33.375Z,178703127337501
"Uncalled bet of 20 returned to ""player 61 @ uewFolxPCK""",2026-08-18T05:34:33.375Z,178703127337500
"""player 20 @ 4chnM3wbbk"" folds",2026-08-18T05:34:32.519Z,178703127251900
"""player 61 @ uewFolxPCK"" raises to 30",2026-08-18T05:34:16.291Z,178703125629100
"""player 20 @ 4chnM3wbbk"" posts a big blind of 10",2026-08-18T05:34:14.962Z,178703125496205
"""player 61 @ uewFolxPCK"" posts a small blind of 5",2026-08-18T05:34:14.962Z,178703125496204
"Player stacks: #1 ""player 61 @ uewFolxPCK"" (2275) | #2 ""player 20 @ 4chnM3wbbk"" (2425)",2026-08-18T05:34:14.962Z,178703125496201
"-- starting hand #131 (id: hfvl0lnx8rhu)  No Limit Texas Hold'em (dealer: ""player 61 @ uewFolxPCK"") --",2026-08-18T05:34:14.962Z,178703125496200
"Undealt cards:  [10♥, K♥, 6♥, 4♦, 7♥]",2026-08-18T05:34:09.357Z,178703124935700
"-- ending hand #130 --",2026-08-18T05:34:08.995Z,178703124899502
"""player 61 @ uewFolxPCK"" collected 10 from pot",2026-08-18T05:34:08.995Z,178703124899501
"Uncalled bet of 5 returned to ""player 61 @ uewFolxPCK""",2026-08-18T05:34:08.995Z,178703124899500
"""player 20 @ 4chnM3wbbk"" folds",2026-08-18T05:34:08.163Z,178703124816300
"""player 61 @ uewFolxPCK"" posts a big blind of 10",2026-08-18T05:34:06.757Z,178703124675705
"""player 20 @ 4chnM3wbbk"" posts a small blind of 5",2026-08-18T05:34:06.757Z,178703124675704
"Player stacks: #1 ""player 61 @ uewFolxPCK"" (2270) | #2 ""player 20 @ 4chnM3wbbk"" (2430)",2026-08-18T05:34:06.757Z,178703124675701
"-- starting hand #130 (id: 2akdbzql5zyh)  No Limit Texas Hold'em (dealer: ""player 20 @ 4chnM3wbbk"") --",2026-08-18T05:34:06.757Z,178703124675700
"Undealt cards: K♣, 9♦, 2♥ [J♠, 3♥]",2026-08-18T05:34:01.061Z,178703124106100
"-- ending hand #129 --",2026-08-18T05:34:00.764Z,178703124076402
"""player 61 @ uewFolxPCK"" collected 60 from pot",2026-08-18T05:34:00.764Z,178703124076401
"Uncalled bet of 20 returned to ""player 61 @ uewFolxPCK""",2026-08-18T05:34:00.764Z,178703124076400
"""player 20 @ 4chnM3wbbk"" folds",2026-08-18T05:33:59.948Z,178703123994800
"""player 61 @ uewFolxPCK"" bets 20",2026-08-18T05:33:58.364Z,178703123836400
"""player 20 @ 4chnM3wbbk"" checks",2026-08-18T05:33:56.536Z,178703123653600
"Flop:  [K♣, 9♦, 2♥]",2026-08-18T05:33:54.761Z,178703123476100
"""player 20 @ 4chnM3wbbk"" calls 30",2026-08-18T05:33:53.935Z,178703123393500
"""player 61 @ uewFolxPCK"" raises to 30",2026-08-18T05:33:52.343Z,178703123234300
"""player 20 @ 4chnM3wbbk"" posts a big blind of 10",2026-08-18T05:33:48.905Z,178703122890505
"""player 61 @ uewFolxPCK"" posts a small blind of 5",2026-08-18T05:33:48.905Z,178703122890504
"Player stacks: #1 ""player 61 @ uewFolxPCK"" (2240) | #2 ""player 20 @ 4chnM3wbbk"" (2460)",2026-08-18T05:33:48.905Z,178703122890501
"-- starting hand #129 (id: x1nraexobxn3)  No Limit Texas Hold'em (dealer: ""player 61 @ uewFolxPCK"") --",2026-08-18T05:33:48.905Z,178703122890500
"Undealt cards:  [3♠, Q♦, 8♣, 7♣, 8♦]",2026-08-18T05:33:43.359Z,178703122335900
"-- ending hand #128 --",2026-08-18T05:33:42.957Z,178703122295702
"""player 20 @ 4chnM3wbbk"" collected 20 from pot",2026-08-18T05:33:42.957Z,178703122295701
"Uncalled bet of 20 returned to ""player 20 @ 4chnM3wbbk""",2026-08-18T05:33:42.957Z,178703122295700
"""player 61 @ uewFolxPCK"" folds",2026-08-18T05:33:42.126Z,178703122212600
"""player 20 @ 4chnM3wbbk"" raises to 30",2026-08-18T05:33:41.193Z,178703122119300
"""player 61 @ uewFolxPCK"" posts a big blind of 10",2026-08-18T05:33:38.097Z,178703121809705
"""player 20 @ 4chnM3wbbk"" posts a small blind of 5",2026-08-18T05:33:38.097Z,178703121809704
"Player stacks: #1 ""player 61 @ uewFolxPCK"" (2250) | #2 ""player 20 @ 4chnM3wbbk"" (2450)",2026-08-18T05:33:38.097Z,178703121809701
"-- starting hand #128 (id: yyhq6cwchu9w)  No Limit Texas Hold'em (dealer: ""player 20 @ 4chnM3wbbk"") --",2026-08-18T05:33:38.097Z,178703121809700
"-- ending hand #127 --",2026-08-18T05:33:35.154Z,178703121515402
"""player 20 @ 4chnM3wbbk"" collected 60 from pot",2026-08-18T05:33:35.154Z,178703121515401
"Uncalled bet of 30 returned to ""player 20 @ 4chnM3wbbk""",2026-08-18T05:33:35.154Z,178703121515400
"""player 61 @ uewFolxPCK"" folds",2026-08-18T05:33:34.345Z,178703121434500
"""player 20 @ 4chnM3wbbk"" bets 30",2026-08-18T05:33:25.773Z,178703120577300
"River: 4♣, 2♠, 2♦, 4♥ [7♣]",2026-08-18T05:33:23.480Z,178703120348000
"""player 61 @ uewFolxPCK"" checks",2026-08-18T05:33:22.603Z,178703120260300
"""player 20 @ 4chnM3wbbk"" checks",2026-08-18T05:33:21.359Z,178703120135900
"Turn: 4♣, 2♠, 2♦ [4♥]",2026-08-18T05:33:19.903Z,178703119990300
"""player 61 @ uewFolxPCK"" checks",2026-08-18T05:33:19.078Z,178703119907800
"""player 20 @ 4chnM3wbbk"" checks",2026-08-18T05:33:18.062Z,178703119806200
"Flop:  [4♣, 2♠, 2♦]",2026-08-18T05:33:16.194Z,178703119619400
"""player 20 @ 4chnM3wbbk"" calls 30",2026-08-18T05:33:15.370Z,178703119537000
"""player 61 @ uewFolxPCK"" raises to 30",2026-08-18T05:33:08.781Z,178703118878100
"""player 20 @ 4chnM3wbbk"" posts a big blind of 10",2026-08-18T05:33:06.898Z,178703118689805
"""player 61 @ uewFolxPCK"" posts a small blind of 5",2026-08-18T05:33:06.898Z,178703118689804
"Player stacks: #1 ""player 61 @ uewFolxPCK"" (2280) | #2 ""player 20 @ 4chnM3wbbk"" (2420)",2026-08-18T05:33:06.898Z,178703118689801
"-- starting hand #127 (id: e0vpbegmnvr1)  No Limit Texas Hold'em (dealer: ""player 61 @ uewFolxPCK"") --",2026-08-18T05:33:06.898Z,178703118689800
"Undealt cards:  [9♠, J♦, 2♣, Q♣, 6♦]",2026-08-18T05:33:01.432Z,178703118143200
"-- ending hand #126 --",2026-08-18T05:33:00.982Z,178703118098202
"""player 61 @ uewFolxPCK"" collected 10 from pot",2026-08-18T05:33:00.982Z,178703118098201
"Uncalled bet of 5 returned to ""player 61 @ uewFolxPCK""",2026-08-18T05:33:00.982Z,178703118098200
"""player 20 @ 4chnM3wbbk"" folds",2026-08-18T05:33:00.172Z,178703118017200
"""player 61 @ uewFolxPCK"" posts a big blind of 10",2026-08-18T05:32:53.178Z,178703117317805
"""player 20 @ 4chnM3wbbk"" posts a small blind of 5",2026-08-18T05:32:53.178Z,178703117317804
"Player stacks: #1 ""player 61 @ uewFolxPCK"" (2275) | #2 ""player 20 @ 4chnM3wbbk"" (2425)",2026-08-18T05:32:53.178Z,178703117317801
"-- starting hand #126 (id: uvvbze0ncwqu)  No Limit Texas Hold'em (dealer: ""player 20 @ 4chnM3wbbk"") --",2026-08-18T05:32:53.178Z,178703117317800
"""player 61 @ uewFolxPCK"" shows a 2♠.",2026-08-18T05:32:49.957Z,178703116995700
"Undealt cards:  [6♥, 2♦, 2♥, J♣, 2♣]",2026-08-18T05:32:47.977Z,178703116797700
"-- ending hand #125 --",2026-08-18T05:32:46.572Z,178703116657202
"""player 20 @ 4chnM3wbbk"" collected 10 from pot",2026-08-18T05:32:46.572Z,178703116657201
"Uncalled bet of 5 returned to ""player 20 @ 4chnM3wbbk""",2026-08-18T05:32:46.572Z,178703116657200
"""player 61 @ uewFolxPCK"" folds",2026-08-18T05:32:45.720Z,178703116572000
"""player 20 @ 4chnM3wbbk"" posts a big blind of 10",2026-08-18T05:32:44.769Z,178703116476905
"""player 61 @ uewFolxPCK"" posts a small blind of 5",2026-08-18T05:32:44.769Z,178703116476904
"Player stacks: #1 ""player 61 @ uewFolxPCK"" (2280) | #2 ""player 20 @ 4chnM3wbbk"" (2420)",2026-08-18T05:32:44.769Z,178703116476901
"-- starting hand #125 (id: ngfqwksel3oy)  No Limit Texas Hold'em (dealer: ""player 61 @ uewFolxPCK"") --",2026-08-18T05:32:44.769Z,178703116476900
"-- ending hand #124 --",2026-08-18T05:32:41.802Z,178703116180202
"""player 20 @ 4chnM3wbbk"" collected 90 from pot",2026-08-18T05:32:41.802Z,178703116180201
"Uncalled bet of 45 returned to ""player 20 @ 4chnM3wbbk""",2026-08-18T05:32:41.802Z,178703116180200
"""player 61 @ uewFolxPCK"" folds",2026-08-18T05:32:40.979Z,178703116097900
"""player 20 @ 4chnM3wbbk"" bets 45",2026-08-18T05:32:35.181Z,178703115518100
"""player 61 @ uewFolxPCK"" checks",2026-08-18T05:32:31.697Z,178703115169700
"River: 3♦, K♠, J♥, Q♠ [8♥]",2026-08-18T05:32:30.198Z,178703115019800
"""player 61 @ uewFolxPCK"" calls 15",2026-08-18T05:32:29.366Z,178703114936600
"""player 20 @ 4chnM3wbbk"" bets 15",2026-08-18T05:32:28.445Z,178703114844500
"""player 61 @ uewFolxPCK"" checks",2026-08-18T05:32:25.798Z,178703114579800
"Turn: 3♦, K♠, J♥ [Q♠]",2026-08-18T05:32:24.154Z,178703114415400
"""player 20 @ 4chnM3wbbk"" checks",2026-08-18T05:32:23.278Z,178703114327800
"""player 61 @ uewFolxPCK"" checks",2026-08-18T05:32:22.141Z,178703114214100
"Flop:  [3♦, K♠, J♥]",2026-08-18T05:32:20.453Z,178703114045300
"""player 61 @ uewFolxPCK"" calls 30",2026-08-18T05:32:19.603Z,178703113960300
"""player 20 @ 4chnM3wbbk"" raises to 30",2026-08-18T05:32:18.538Z,178703113853800
"""player 61 @ uewFolxPCK"" posts a big blind of 10",2026-08-18T05:32:15.514Z,178703113551405
"""player 20 @ 4chnM3wbbk"" posts a small blind of 5",2026-08-18T05:32:15.514Z,178703113551404
"Player stacks: #1 ""player 61 @ uewFolxPCK"" (2325) | #2 ""player 20 @ 4chnM3wbbk"" (2375)",2026-08-18T05:32:15.514Z,178703113551401
"-- starting hand #124 (id: vsferdatsbfa)  No Limit Texas Hold'em (dealer: ""player 20 @ 4chnM3wbbk"") --",2026-08-18T05:32:15.514Z,178703113551400
"Undealt cards:  [2♣, A♦, J♦, 9♦, 10♦]",2026-08-18T05:32:12.085Z,178703113208500
"-- ending hand #123 --",2026-08-18T05:32:09.587Z,178703112958702
"""player 20 @ 4chnM3wbbk"" collected 10 from pot",2026-08-18T05:32:09.587Z,178703112958701
"Uncalled bet of 5 returned to ""player 20 @ 4chnM3wbbk""",2026-08-18T05:32:09.587Z,178703112958700
"""player 61 @ uewFolxPCK"" folds",2026-08-18T05:32:08.755Z,178703112875500
"""player 20 @ 4chnM3wbbk"" posts a big blind of 10",2026-08-18T05:32:07.914Z,178703112791405
"""player 61 @ uewFolxPCK"" posts a small blind of 5",2026-08-18T05:32:07.914Z,178703112791404
"Player stacks: #1 ""player 61 @ uewFolxPCK"" (2330) | #2 ""player 20 @ 4chnM3wbbk"" (2370)",2026-08-18T05:32:07.914Z,178703112791401
"-- starting hand #123 (id: smcgdrjzs2ph)  No Limit Texas Hold'em (dealer: ""player 61 @ uewFolxPCK"") --",2026-08-18T05:32:07.914Z,178703112791400
"-- ending hand #122 --",2026-08-18T05:32:01.839Z,178703112183903
"""player 20 @ 4chnM3wbbk"" collected 180 from pot with Two Pair, K's & 9's (combination: Q♥, 9♥, 9♦, K♠, K♥)",2026-08-18T05:32:01.839Z,178703112183902
"""player 20 @ 4chnM3wbbk"" shows a Q♥, 9♥.",2026-08-18T05:32:01.839Z,178703112183901
"""player 61 @ uewFolxPCK"" shows a 9♠, 8♣.",2026-08-18T05:32:01.839Z,178703112183900
"""player 20 @ 4chnM3wbbk"" checks",2026-08-18T05:32:00.984Z,178703112098400
"""player 61 @ uewFolxPCK"" checks",2026-08-18T05:31:58.862Z,178703111886200
"River: K♠, 3♠, 9♦, J♣ [K♥]",2026-08-18T05:31:57.419Z,178703111741900
"""player 61 @ uewFolxPCK"" calls 30",2026-08-18T05:31:56.578Z,178703111657800
"""player 20 @ 4chnM3wbbk"" bets 30",2026-08-18T05:31:55.420Z,178703111542000
"""player 61 @ uewFolxPCK"" checks",2026-08-18T05:31:52.787Z,178703111278700
"Turn: K♠, 3♠, 9♦ [J♣]",2026-08-18T05:31:51.680Z,178703111168000
"""player 61 @ uewFolxPCK"" calls 30",2026-08-18T05:31:50.846Z,178703111084600
"""player 20 @ 4chnM3wbbk"" bets 30",2026-08-18T05:31:49.336Z,178703110933600
"""player 61 @ uewFolxPCK"" checks",2026-08-18T05:31:37.853Z,178703109785300
"Flop:  [K♠, 3♠, 9♦]",2026-08-18T05:31:36.309Z,178703109630900
"""player 61 @ uewFolxPCK"" calls 30",2026-08-18T05:31:35.469Z,178703109546900
"""player 20 @ 4chnM3wbbk"" raises to 30",2026-08-18T05:31:34.553Z,178703109455300
"""player 61 @ uewFolxPCK"" posts a big blind of 10",2026-08-18T05:31:32.504Z,178703109250405
"""player 20 @ 4chnM3wbbk"" posts a small blind of 5",2026-08-18T05:31:32.504Z,178703109250404
"Your hand is 9♠, 8♣",2026-08-18T05:31:32.504Z,178703109250402
"Player stacks: #1 ""player 61 @ uewFolxPCK"" (2420) | #2 ""player 20 @ 4chnM3wbbk"" (2280)",2026-08-18T05:31:32.504Z,178703109250401
"-- starting hand #122 (id: 4zsmmq00cxx0)  No Limit Texas Hold'em (dealer: ""player 20 @ 4chnM3wbbk"") --",2026-08-18T05:31:32.504Z,178703109250400
"Undealt cards:  [10♣, 9♠, 6♥, 6♣, 3♠]",2026-08-18T05:31:26.844Z,178703108684400
"-- ending hand #121 --",2026-08-18T05:31:26.578Z,178703108657802
"""player 61 @ uewFolxPCK"" collected 20 from pot",2026-08-18T05:31:26.578Z,178703108657801
"Uncalled bet of 20 returned to ""player 61 @ uewFolxPCK""",2026-08-18T05:31:26.578Z,178703108657800
"""player 20 @ 4chnM3wbbk"" folds",2026-08-18T05:31:25.763Z,178703108576300
"""player 61 @ uewFolxPCK"" raises to 30",2026-08-18T05:31:24.700Z,178703108470000
"""player 20 @ 4chnM3wbbk"" posts a big blind of 10",2026-08-18T05:31:22.703Z,178703108270305
"""player 61 @ uewFolxPCK"" posts a small blind of 5",2026-08-18T05:31:22.703Z,178703108270304
"Player stacks: #1 ""player 61 @ uewFolxPCK"" (2410) | #2 ""player 20 @ 4chnM3wbbk"" (2290)",2026-08-18T05:31:22.703Z,178703108270301
"-- starting hand #121 (id: bcdwbfriccph)  No Limit Texas Hold'em (dealer: ""player 61 @ uewFolxPCK"") --",2026-08-18T05:31:22.703Z,178703108270300
"Undealt cards:  [J♥, 2♥, 3♦, A♠, 3♠]",2026-08-18T05:31:17.081Z,178703107708100
"-- ending hand #120 --",2026-08-18T05:31:16.794Z,178703107679402
"""player 20 @ 4chnM3wbbk"" collected 20 from pot",2026-08-18T05:31:16.794Z,178703107679401
"Uncalled bet of 30 returned to ""player 20 @ 4chnM3wbbk""",2026-08-18T05:31:16.794Z,178703107679400
"""player 61 @ uewFolxPCK"" folds",2026-08-18T05:31:15.963Z,178703107596300
"""player 20 @ 4chnM3wbbk"" raises to 40",2026-08-18T05:31:14.968Z,178703107496800
"""player 61 @ uewFolxPCK"" posts a big blind of 10",2026-08-18T05:31:05.585Z,178703106558505
"""player 20 @ 4chnM3wbbk"" posts a small blind of 5",2026-08-18T05:31:05.585Z,178703106558504
"Player stacks: #1 ""player 61 @ uewFolxPCK"" (2420) | #2 ""player 20 @ 4chnM3wbbk"" (2280)",2026-08-18T05:31:05.585Z,178703106558501
"-- starting hand #120 (id: iulshkek5pso)  No Limit Texas Hold'em (dealer: ""player 20 @ 4chnM3wbbk"") --",2026-08-18T05:31:05.585Z,178703106558500
"Undealt cards:  [A♦, 4♦, J♥, 6♦, 10♠]",2026-08-18T05:30:59.936Z,178703105993600
"-- ending hand #119 --",2026-08-18T05:30:59.663Z,178703105966302
"""player 61 @ uewFolxPCK"" collected 20 from pot",2026-08-18T05:30:59.663Z,178703105966301
"Uncalled bet of 20 returned to ""player 61 @ uewFolxPCK""",2026-08-18T05:30:59.663Z,178703105966300
"""player 20 @ 4chnM3wbbk"" folds",2026-08-18T05:30:58.829Z,178703105882900
"""player 61 @ uewFolxPCK"" raises to 30",2026-08-18T05:30:57.905Z,178703105790500
"""player 20 @ 4chnM3wbbk"" posts a big blind of 10",2026-08-18T05:30:56.262Z,178703105626205
"""player 61 @ uewFolxPCK"" posts a small blind of 5",2026-08-18T05:30:56.262Z,178703105626204
"Player stacks: #1 ""player 61 @ uewFolxPCK"" (2410) | #2 ""player 20 @ 4chnM3wbbk"" (2290)",2026-08-18T05:30:56.262Z,178703105626201
"-- starting hand #119 (id: mbvo6pcloltf)  No Limit Texas Hold'em (dealer: ""player 61 @ uewFolxPCK"") --",2026-08-18T05:30:56.262Z,178703105626200
"Undealt cards:  [A♦, 4♥, 9♣, 8♠, 6♠]",2026-08-18T05:30:50.709Z,178703105070900
"-- ending hand #118 --",2026-08-18T05:30:50.308Z,178703105030802
"""player 61 @ uewFolxPCK"" collected 10 from pot",2026-08-18T05:30:50.308Z,178703105030801
"Uncalled bet of 5 returned to ""player 61 @ uewFolxPCK""",2026-08-18T05:30:50.308Z,178703105030800
"""player 20 @ 4chnM3wbbk"" folds",2026-08-18T05:30:49.496Z,178703104949600
"""player 61 @ uewFolxPCK"" posts a big blind of 10",2026-08-18T05:30:48.063Z,178703104806305
"""player 20 @ 4chnM3wbbk"" posts a small blind of 5",2026-08-18T05:30:48.063Z,178703104806304
"Player stacks: #1 ""player 61 @ uewFolxPCK"" (2405) | #2 ""player 20 @ 4chnM3wbbk"" (2295)",2026-08-18T05:30:48.063Z,178703104806301
"-- starting hand #118 (id: 0ao9odly80ab)  No Limit Texas Hold'em (dealer: ""player 20 @ 4chnM3wbbk"") --",2026-08-18T05:30:48.063Z,178703104806300
"Undealt cards: 2♠, 4♥, J♣, 10♥ [7♥]",2026-08-18T05:30:42.323Z,178703104232300
"-- ending hand #117 --",2026-08-18T05:30:42.143Z,178703104214302
"""player 20 @ 4chnM3wbbk"" collected 60 from pot",2026-08-18T05:30:42.143Z,178703104214301
"Uncalled bet of 10 returned to ""player 20 @ 4chnM3wbbk""",2026-08-18T05:30:42.143Z,178703104214300
"""player 61 @ uewFolxPCK"" folds",2026-08-18T05:30:41.311Z,178703104131100
"""player 20 @ 4chnM3wbbk"" bets 10",2026-08-18T05:30:39.417Z,178703103941700
"Turn: 2♠, 4♥, J♣ [10♥]",2026-08-18T05:30:37.934Z,178703103793400
"""player 61 @ uewFolxPCK"" checks",2026-08-18T05:30:37.129Z,178703103712900
"""player 20 @ 4chnM3wbbk"" checks",2026-08-18T05:30:36.205Z,178703103620500
"Flop:  [2♠, 4♥, J♣]",2026-08-18T05:30:34.734Z,178703103473400
"""player 20 @ 4chnM3wbbk"" calls 30",2026-08-18T05:30:33.922Z,178703103392200
"""player 61 @ uewFolxPCK"" raises to 30",2026-08-18T05:30:32.941Z,178703103294100
"""player 20 @ 4chnM3wbbk"" posts a big blind of 10",2026-08-18T05:30:31.529Z,178703103152905
"""player 61 @ uewFolxPCK"" posts a small blind of 5",2026-08-18T05:30:31.529Z,178703103152904
"Player stacks: #1 ""player 61 @ uewFolxPCK"" (2435) | #2 ""player 20 @ 4chnM3wbbk"" (2265)",2026-08-18T05:30:31.529Z,178703103152901
"-- starting hand #117 (id: fhhigj99aqej)  No Limit Texas Hold'em (dealer: ""player 61 @ uewFolxPCK"") --",2026-08-18T05:30:31.529Z,178703103152900
"-- ending hand #116 --",2026-08-18T05:30:23.526Z,178703102352602
"""player 61 @ uewFolxPCK"" collected 2265 from pot with Flush, A High on the second run  (combination: 2♥, 5♥, 9♥, J♥, A♥)",2026-08-18T05:30:23.526Z,178703102352601
"""player 20 @ 4chnM3wbbk"" collected 2265 from pot with Full House, 5's over 8's (combination: 8♣, 8♦, 5♣, 5♥, 5♠)",2026-08-18T05:30:23.526Z,178703102352600
"River (second run): 5♥, 9♥, 8♦, J♥ [4♣]",2026-08-18T05:30:19.493Z,178703101949300
"Turn (second run): 5♥, 9♥, 8♦ [J♥]",2026-08-18T05:30:15.478Z,178703101547800
"River: 5♥, 9♥, 8♦, 7♣ [5♠]",2026-08-18T05:30:11.411Z,178703101141100
"Turn: 5♥, 9♥, 8♦ [7♣]",2026-08-18T05:30:07.403Z,178703100740300
"""player 20 @ 4chnM3wbbk"" shows a 5♣, 8♣.",2026-08-18T05:30:03.343Z,178703100334300
"""player 61 @ uewFolxPCK"" shows a A♥, 2♥.",2026-08-18T05:30:03.005Z,178703100300500
"All players in hand choose to run it twice.",2026-08-18T05:30:01.783Z,178703100178301
"""player 20 @ 4chnM3wbbk"" chooses to  run it twice.",2026-08-18T05:30:01.783Z,178703100178300
"""player 61 @ uewFolxPCK"" chooses to  run it twice.",2026-08-18T05:30:01.011Z,178703100101100
"Remaining players decide whether to run it twice.",2026-08-18T05:30:00.430Z,178703100043001
"""player 61 @ uewFolxPCK"" calls 2235",2026-08-18T05:30:00.430Z,178703100043000
"""player 20 @ 4chnM3wbbk"" raises to 2235 and go all in",2026-08-18T05:29:41.425Z,178703098142500
"""player 61 @ uewFolxPCK"" raises to 200",2026-08-18T05:29:38.572Z,178703097857200
"""player 20 @ 4chnM3wbbk"" raises to 50",2026-08-18T05:29:34.184Z,178703097418400
"""player 61 @ uewFolxPCK"" bets 20",2026-08-18T05:29:31.141Z,178703097114100
"Flop:  [5♥, 9♥, 8♦]",2026-08-18T05:29:28.961Z,178703096896100
"""player 20 @ 4chnM3wbbk"" calls 30",2026-08-18T05:29:28.086Z,178703096808600
"""player 61 @ uewFolxPCK"" raises to 30",2026-08-18T05:29:27.152Z,178703096715200
"""player 20 @ 4chnM3wbbk"" calls 10",2026-08-18T05:29:25.132Z,178703096513200
"""player 61 @ uewFolxPCK"" posts a big blind of 10",2026-08-18T05:29:23.267Z,178703096326705
"""player 20 @ 4chnM3wbbk"" posts a small blind of 5",2026-08-18T05:29:23.267Z,178703096326704
"Your hand is A♥, 2♥",2026-08-18T05:29:23.267Z,178703096326702
"Player stacks: #1 ""player 61 @ uewFolxPCK"" (2435) | #2 ""player 20 @ 4chnM3wbbk"" (2265)",2026-08-18T05:29:23.267Z,178703096326701
"-- starting hand #116 (id: ob5bwx3stkbh)  No Limit Texas Hold'em (dealer: ""player 20 @ 4chnM3wbbk"") --",2026-08-18T05:29:23.267Z,178703096326700
"-- ending hand #115 --",2026-08-18T05:29:17.253Z,178703095725302
"""player 61 @ uewFolxPCK"" collected 620 from pot with Full House, 5's over 4's (combination: 4♣, 4♦, 5♥, 5♠, 5♣)",2026-08-18T05:29:17.253Z,178703095725301
"""player 61 @ uewFolxPCK"" shows a 5♥, 5♠.",2026-08-18T05:29:17.253Z,178703095725300
"""player 20 @ 4chnM3wbbk"" calls 250",2026-08-18T05:29:16.426Z,178703095642600
"""player 61 @ uewFolxPCK"" raises to 250",2026-08-18T05:29:15.361Z,178703095536100
"""player 20 @ 4chnM3wbbk"" bets 50",2026-08-18T05:29:11.281Z,178703095128100
"River: 7♣, 4♣, 4♦, 5♣ [K♦]",2026-08-18T05:29:09.308Z,178703094930800
"""player 20 @ 4chnM3wbbk"" calls 30",2026-08-18T05:29:08.502Z,178703094850200
"""player 61 @ uewFolxPCK"" bets 30",2026-08-18T05:29:07.519Z,178703094751900
"""player 20 @ 4chnM3wbbk"" checks",2026-08-18T05:29:05.147Z,178703094514700
"Turn: 7♣, 4♣, 4♦ [5♣]",2026-08-18T05:29:04.016Z,178703094401600
"""player 61 @ uewFolxPCK"" checks",2026-08-18T05:29:03.186Z,178703094318600
"""player 20 @ 4chnM3wbbk"" checks",2026-08-18T05:29:02.197Z,178703094219700
"Flop:  [7♣, 4♣, 4♦]",2026-08-18T05:29:00.760Z,178703094076000
"""player 20 @ 4chnM3wbbk"" calls 30",2026-08-18T05:28:59.955Z,178703093995500
"""player 61 @ uewFolxPCK"" raises to 30",2026-08-18T05:28:57.783Z,178703093778300
"""player 20 @ 4chnM3wbbk"" posts a big blind of 10",2026-08-18T05:28:55.869Z,178703093586906
"""player 61 @ uewFolxPCK"" posts a small blind of 5",2026-08-18T05:28:55.869Z,178703093586905
"Your hand is 5♥, 5♠",2026-08-18T05:28:55.869Z,178703093586903
"Player stacks: #1 ""player 61 @ uewFolxPCK"" (2125) | #2 ""player 20 @ 4chnM3wbbk"" (2575)",2026-08-18T05:28:55.869Z,178703093586902
"-- starting hand #115 (id: c3wit45vtytf)  No Limit Texas Hold'em (dealer: ""player 61 @ uewFolxPCK"") --",2026-08-18T05:28:55.869Z,178703093586901
"The player ""player 62 @ LGay7r_Caq"" quits the game with a stack of 0.",2026-08-18T05:28:55.869Z,178703093586900
"-- ending hand #114 --",2026-08-18T05:28:49.865Z,178703092986504
"""player 62 @ LGay7r_Caq"" shows a J♥, Q♦.",2026-08-18T05:28:49.865Z,178703092986503
"""player 61 @ uewFolxPCK"" collected 1310 from pot with Three of a Kind, Q's (combination: K♣, A♣, Q♥, Q♠, Q♣)",2026-08-18T05:28:49.865Z,178703092986502
"""player 61 @ uewFolxPCK"" shows a A♣, Q♥.",2026-08-18T05:28:49.865Z,178703092986501
"Uncalled bet of 815 returned to ""player 61 @ uewFolxPCK""",2026-08-18T05:28:49.865Z,178703092986500
"""player 62 @ LGay7r_Caq"" calls 565 and go all in",2026-08-18T05:28:49.036Z,178703092903600
"""player 61 @ uewFolxPCK"" raises to 1380 and go all in",2026-08-18T05:28:47.971Z,178703092797100
"""player 62 @ LGay7r_Caq"" raises to 240",2026-08-18T05:28:43.509Z,178703092350900
"""player 61 @ uewFolxPCK"" bets 60",2026-08-18T05:28:33.224Z,178703091322400
"""player 62 @ LGay7r_Caq"" checks",2026-08-18T05:28:29.473Z,178703090947300
"River: K♣, 6♥, Q♠, 3♠ [Q♣]",2026-08-18T05:28:28.052Z,178703090805200
"""player 61 @ uewFolxPCK"" checks",2026-08-18T05:28:27.211Z,178703090721100
"""player 62 @ LGay7r_Caq"" checks",2026-08-18T05:28:25.954Z,178703090595400
"Turn: K♣, 6♥, Q♠ [3♠]",2026-08-18T05:28:25.083Z,178703090508300
"""player 61 @ uewFolxPCK"" checks",2026-08-18T05:28:24.270Z,178703090427000
"""player 62 @ LGay7r_Caq"" checks",2026-08-18T05:28:23.300Z,178703090330000
"Flop:  [K♣, 6♥, Q♠]",2026-08-18T05:28:21.076Z,178703090107600
"""player 62 @ LGay7r_Caq"" calls 90",2026-08-18T05:28:20.254Z,178703090025400
"""player 61 @ uewFolxPCK"" raises to 90",2026-08-18T05:28:18.573Z,178703089857300
"""player 62 @ LGay7r_Caq"" raises to 30",2026-08-18T05:28:12.164Z,178703089216400
"""player 20 @ 4chnM3wbbk"" folds",2026-08-18T05:28:09.902Z,178703088990200
"""player 61 @ uewFolxPCK"" posts a big blind of 10",2026-08-18T05:28:08.065Z,178703088806506
"""player 62 @ LGay7r_Caq"" posts a small blind of 5",2026-08-18T05:28:08.065Z,178703088806505
"Your hand is A♣, Q♥",2026-08-18T05:28:08.065Z,178703088806502
"Player stacks: #1 ""player 61 @ uewFolxPCK"" (1470) | #2 ""player 20 @ 4chnM3wbbk"" (2575) | #10 ""player 62 @ LGay7r_Caq"" (655)",2026-08-18T05:28:08.065Z,178703088806501
"-- starting hand #114 (id: qicddjj4ch2z)  No Limit Texas Hold'em (dealer: ""player 20 @ 4chnM3wbbk"") --",2026-08-18T05:28:08.065Z,178703088806500
"-- ending hand #113 --",2026-08-18T05:28:05.163Z,178703088516301
"""player 62 @ LGay7r_Caq"" collected 20 from pot",2026-08-18T05:28:05.163Z,178703088516300
"""player 20 @ 4chnM3wbbk"" folds",2026-08-18T05:28:04.268Z,178703088426800
"River: K♥, 6♣, 6♥, 7♦ [9♣]",2026-08-18T05:28:00.946Z,178703088094600
"""player 62 @ LGay7r_Caq"" checks",2026-08-18T05:28:00.080Z,178703088008000
"""player 20 @ 4chnM3wbbk"" checks",2026-08-18T05:27:58.751Z,178703087875100
"Turn: K♥, 6♣, 6♥ [7♦]",2026-08-18T05:27:57.940Z,178703087794000
"""player 62 @ LGay7r_Caq"" checks",2026-08-18T05:27:57.118Z,178703087711800
"""player 20 @ 4chnM3wbbk"" checks",2026-08-18T05:27:55.872Z,178703087587200
"Flop:  [K♥, 6♣, 6♥]",2026-08-18T05:27:53.969Z,178703087396900
"""player 62 @ LGay7r_Caq"" checks",2026-08-18T05:27:53.117Z,178703087311700
"""player 20 @ 4chnM3wbbk"" calls 10",2026-08-18T05:27:51.733Z,178703087173300
"""player 61 @ uewFolxPCK"" folds",2026-08-18T05:27:50.618Z,178703087061800
"""player 62 @ LGay7r_Caq"" posts a big blind of 10",2026-08-18T05:27:49.790Z,178703086979006
"""player 20 @ 4chnM3wbbk"" posts a small blind of 5",2026-08-18T05:27:49.790Z,178703086979005
"Player stacks: #1 ""player 61 @ uewFolxPCK"" (1470) | #2 ""player 20 @ 4chnM3wbbk"" (2585) | #10 ""player 62 @ LGay7r_Caq"" (645)",2026-08-18T05:27:49.790Z,178703086979001
"-- starting hand #113 (id: zs8po2bm7obw)  No Limit Texas Hold'em (dealer: ""player 61 @ uewFolxPCK"") --",2026-08-18T05:27:49.790Z,178703086979000
"""player 62 @ LGay7r_Caq"" shows a 8♥, K♠.",2026-08-18T05:27:46.639Z,178703086663900
"-- ending hand #112 --",2026-08-18T05:27:43.285Z,178703086328502
"""player 61 @ uewFolxPCK"" collected 150 from pot with Pair, 10's (combination: J♠, Q♦, K♦, 10♣, 10♦)",2026-08-18T05:27:43.285Z,178703086328501
"""player 61 @ uewFolxPCK"" shows a K♦, Q♦.",2026-08-18T05:27:43.285Z,178703086328500
"""player 62 @ LGay7r_Caq"" checks",2026-08-18T05:27:42.447Z,178703086244700
"""player 61 @ uewFolxPCK"" checks",2026-08-18T05:27:41.085Z,178703086108500
"River: 10♣, J♠, 6♠, 7♥ [10♦]",2026-08-18T05:27:39.680Z,178703085968000
"""player 62 @ LGay7r_Caq"" checks",2026-08-18T05:27:38.864Z,178703085886400
"""player 61 @ uewFolxPCK"" checks",2026-08-18T05:27:37.577Z,178703085757700
"Turn: 10♣, J♠, 6♠ [7♥]",2026-08-18T05:27:35.960Z,178703085596000
"""player 62 @ LGay7r_Caq"" calls 30",2026-08-18T05:27:35.108Z,178703085510800
"""player 20 @ 4chnM3wbbk"" folds",2026-08-18T05:27:33.905Z,178703085390500
"""player 61 @ uewFolxPCK"" bets 30",2026-08-18T05:27:32.940Z,178703085294000
"Flop:  [10♣, J♠, 6♠]",2026-08-18T05:27:30.266Z,178703085026600
"""player 62 @ LGay7r_Caq"" calls 30",2026-08-18T05:27:29.405Z,178703084940500
"""player 20 @ 4chnM3wbbk"" calls 30",2026-08-18T05:27:28.086Z,178703084808600
"""player 61 @ uewFolxPCK"" raises to 30",2026-08-18T05:27:26.794Z,178703084679400
"""player 62 @ LGay7r_Caq"" calls 10",2026-08-18T05:27:17.126Z,178703083712600
"""player 20 @ 4chnM3wbbk"" posts a big blind of 10",2026-08-18T05:27:15.867Z,178703083586706
"""player 61 @ uewFolxPCK"" posts a small blind of 5",2026-08-18T05:27:15.867Z,178703083586705
"Your hand is K♦, Q♦",2026-08-18T05:27:15.867Z,178703083586702
"Player stacks: #1 ""player 61 @ uewFolxPCK"" (1380) | #2 ""player 20 @ 4chnM3wbbk"" (2615) | #10 ""player 62 @ LGay7r_Caq"" (705)",2026-08-18T05:27:15.867Z,178703083586701
"-- starting hand #112 (id: ebpyqz1o76zh)  No Limit Texas Hold'em (dealer: ""player 62 @ LGay7r_Caq"") --",2026-08-18T05:27:15.867Z,178703083586700
"-- ending hand #111 --",2026-08-18T05:27:09.850Z,178703082985003
"""player 20 @ 4chnM3wbbk"" collected 535 from pot with Pair, K's (combination: 8♦, 9♦, J♦, K♣, K♦)",2026-08-18T05:27:09.850Z,178703082985002
"""player 20 @ 4chnM3wbbk"" shows a K♣, K♦.",2026-08-18T05:27:09.850Z,178703082985001
"""player 61 @ uewFolxPCK"" shows a J♥, 10♥.",2026-08-18T05:27:09.850Z,178703082985000
"""player 20 @ 4chnM3wbbk"" calls 90",2026-08-18T05:27:09.019Z,178703082901900
"""player 61 @ uewFolxPCK"" bets 90",2026-08-18T05:27:07.158Z,178703082715800
"River: J♦, 2♥, 9♦, 6♥ [8♦]",2026-08-18T05:26:57.000Z,178703081700000
"""player 20 @ 4chnM3wbbk"" calls 60",2026-08-18T05:26:56.190Z,178703081619000
"""player 61 @ uewFolxPCK"" bets 60",2026-08-18T05:26:54.620Z,178703081462000
"Turn: J♦, 2♥, 9♦ [6♥]",2026-08-18T05:26:51.106Z,178703081110600
"""player 20 @ 4chnM3wbbk"" calls 80",2026-08-18T05:26:50.300Z,178703081030000
"""player 61 @ uewFolxPCK"" raises to 80",2026-08-18T05:26:48.879Z,178703080887900
"""player 20 @ 4chnM3wbbk"" bets 20",2026-08-18T05:26:40.737Z,178703080073700
"""player 61 @ uewFolxPCK"" checks",2026-08-18T05:26:37.436Z,178703079743600
"Flop:  [J♦, 2♥, 9♦]",2026-08-18T05:26:34.485Z,178703079448500
"""player 61 @ uewFolxPCK"" calls 35",2026-08-18T05:26:33.670Z,178703079367000
"""player 62 @ LGay7r_Caq"" folds",2026-08-18T05:26:32.742Z,178703079274200
"""player 20 @ 4chnM3wbbk"" raises to 35",2026-08-18T05:26:31.537Z,178703079153700
"""player 61 @ uewFolxPCK"" posts a big blind of 10",2026-08-18T05:26:26.777Z,178703078677706
"""player 62 @ LGay7r_Caq"" posts a small blind of 5",2026-08-18T05:26:26.777Z,178703078677705
"Your hand is J♥, 10♥",2026-08-18T05:26:26.777Z,178703078677702
"Player stacks: #1 ""player 61 @ uewFolxPCK"" (1645) | #2 ""player 20 @ 4chnM3wbbk"" (2345) | #10 ""player 62 @ LGay7r_Caq"" (710)",2026-08-18T05:26:26.777Z,178703078677701
"-- starting hand #111 (id: gm1nykul0t4g)  No Limit Texas Hold'em (dealer: ""player 20 @ 4chnM3wbbk"") --",2026-08-18T05:26:26.777Z,178703078677700
"Undealt cards:  [4♣, 3♦, 10♣, A♦, A♣]",2026-08-18T05:26:26.082Z,178703078608200
"-- ending hand #110 --",2026-08-18T05:26:20.777Z,178703078077702
"""player 62 @ LGay7r_Caq"" collected 10 from pot",2026-08-18T05:26:20.777Z,178703078077701
"Uncalled bet of 5 returned to ""player 62 @ LGay7r_Caq""",2026-08-18T05:26:20.777Z,178703078077700
"""player 20 @ 4chnM3wbbk"" folds",2026-08-18T05:26:19.938Z,178703077993800
"""player 61 @ uewFolxPCK"" folds",2026-08-18T05:26:18.547Z,178703077854700
"""player 62 @ LGay7r_Caq"" posts a big blind of 10",2026-08-18T05:26:17.254Z,178703077725406
"""player 20 @ 4chnM3wbbk"" posts a small blind of 5",2026-08-18T05:26:17.254Z,178703077725405
"Player stacks: #1 ""player 61 @ uewFolxPCK"" (1645) | #2 ""player 20 @ 4chnM3wbbk"" (2350) | #10 ""player 62 @ LGay7r_Caq"" (705)",2026-08-18T05:26:17.254Z,178703077725401
"-- starting hand #110 (id: vp74lhfeea7n)  No Limit Texas Hold'em (dealer: ""player 61 @ uewFolxPCK"") --",2026-08-18T05:26:17.254Z,178703077725400
"-- ending hand #109 --",2026-08-18T05:26:11.243Z,178703077124302
"""player 20 @ 4chnM3wbbk"" collected 45 from pot with Pair, 2's (combination: 8♥, 10♥, A♥, 2♣, 2♠)",2026-08-18T05:26:11.243Z,178703077124301
"""player 20 @ 4chnM3wbbk"" shows a 10♥, 2♣.",2026-08-18T05:26:11.243Z,178703077124300
"""player 62 @ LGay7r_Caq"" calls 10",2026-08-18T05:26:10.429Z,178703077042900
"""player 20 @ 4chnM3wbbk"" bets 10",2026-08-18T05:26:08.770Z,178703076877000
"River: 8♥, 2♠, 7♣, 6♦ [A♥]",2026-08-18T05:26:07.419Z,178703076741900
"""player 62 @ LGay7r_Caq"" checks",2026-08-18T05:26:06.612Z,178703076661200
"""player 20 @ 4chnM3wbbk"" checks",2026-08-18T05:26:05.703Z,178703076570300
"Turn: 8♥, 2♠, 7♣ [6♦]",2026-08-18T05:26:04.316Z,178703076431600
"""player 62 @ LGay7r_Caq"" checks",2026-08-18T05:26:03.445Z,178703076344500
"""player 20 @ 4chnM3wbbk"" checks",2026-08-18T05:26:02.276Z,178703076227600
"Flop:  [8♥, 2♠, 7♣]",2026-08-18T05:26:00.781Z,178703076078100
"""player 20 @ 4chnM3wbbk"" checks",2026-08-18T05:25:59.973Z,178703075997300
"""player 61 @ uewFolxPCK"" folds",2026-08-18T05:25:45.447Z,178703074544700
"""player 62 @ LGay7r_Caq"" calls 10",2026-08-18T05:25:44.506Z,178703074450600
"""player 20 @ 4chnM3wbbk"" posts a big blind of 10",2026-08-18T05:25:43.275Z,178703074327506
"""player 61 @ uewFolxPCK"" posts a small blind of 5",2026-08-18T05:25:43.275Z,178703074327505
"Player stacks: #1 ""player 61 @ uewFolxPCK"" (1650) | #2 ""player 20 @ 4chnM3wbbk"" (2325) | #10 ""player 62 @ LGay7r_Caq"" (725)",2026-08-18T05:25:43.275Z,178703074327501
"-- starting hand #109 (id: yi83xipsjszi)  No Limit Texas Hold'em (dealer: ""player 62 @ LGay7r_Caq"") --",2026-08-18T05:25:43.275Z,178703074327500
"-- ending hand #108 --",2026-08-18T05:25:37.268Z,178703073726802
"""player 62 @ LGay7r_Caq"" collected 60 from pot with Two Pair, J's & 8's (combination: K♣, 8♦, 8♥, J♠, J♥)",2026-08-18T05:25:37.268Z,178703073726801
"""player 62 @ LGay7r_Caq"" shows a 7♥, K♣.",2026-08-18T05:25:37.268Z,178703073726800
"""player 61 @ uewFolxPCK"" checks",2026-08-18T05:25:36.449Z,178703073644900
"""player 62 @ LGay7r_Caq"" checks",2026-08-18T05:25:35.220Z,178703073522000
"River: J♠, J♥, 3♥, 8♦ [8♥]",2026-08-18T05:25:34.120Z,178703073412000
"""player 61 @ uewFolxPCK"" checks",2026-08-18T05:25:33.315Z,178703073331500
"""player 62 @ LGay7r_Caq"" checks",2026-08-18T05:25:32.275Z,178703073227500
"Turn: J♠, J♥, 3♥ [8♦]",2026-08-18T05:25:31.784Z,178703073178400
"""player 61 @ uewFolxPCK"" checks",2026-08-18T05:25:30.958Z,178703073095800
"""player 62 @ LGay7r_Caq"" checks",2026-08-18T05:25:30.048Z,178703073004800
"Flop:  [J♠, J♥, 3♥]",2026-08-18T05:25:28.463Z,178703072846300
"""player 62 @ LGay7r_Caq"" calls 30",2026-08-18T05:25:27.610Z,178703072761000
"""player 61 @ uewFolxPCK"" raises to 30",2026-08-18T05:25:26.706Z,178703072670600
"""player 62 @ LGay7r_Caq"" calls 10",2026-08-18T05:25:23.757Z,178703072375700
"""player 20 @ 4chnM3wbbk"" folds",2026-08-18T05:25:22.852Z,178703072285200
"""player 61 @ uewFolxPCK"" posts a big blind of 10",2026-08-18T05:25:20.102Z,178703072010206
"""player 62 @ LGay7r_Caq"" posts a small blind of 5",2026-08-18T05:25:20.102Z,178703072010205
"Player stacks: #1 ""player 61 @ uewFolxPCK"" (1680) | #2 ""player 20 @ 4chnM3wbbk"" (2325) | #10 ""player 62 @ LGay7r_Caq"" (695)",2026-08-18T05:25:20.102Z,178703072010201
"-- starting hand #108 (id: mhowdyw7o2js)  No Limit Texas Hold'em (dealer: ""player 20 @ 4chnM3wbbk"") --",2026-08-18T05:25:20.102Z,178703072010200
"Undealt cards:  [6♦, A♥, K♥, K♣, 10♣]",2026-08-18T05:25:15.047Z,178703071504700
"-- ending hand #107 --",2026-08-18T05:25:14.175Z,178703071417502
"""player 20 @ 4chnM3wbbk"" collected 20 from pot",2026-08-18T05:25:14.175Z,178703071417501
"Uncalled bet of 40 returned to ""player 20 @ 4chnM3wbbk""",2026-08-18T05:25:14.175Z,178703071417500
"""player 62 @ LGay7r_Caq"" folds",2026-08-18T05:25:13.325Z,178703071332500
"""player 20 @ 4chnM3wbbk"" raises to 50",2026-08-18T05:25:12.162Z,178703071216200
"""player 61 @ uewFolxPCK"" folds",2026-08-18T05:24:58.661Z,178703069866100
"""player 62 @ LGay7r_Caq"" posts a big blind of 10",2026-08-18T05:24:57.715Z,178703069771506
"""player 20 @ 4chnM3wbbk"" posts a small blind of 5",2026-08-18T05:24:57.715Z,178703069771505
"Player stacks: #1 ""player 61 @ uewFolxPCK"" (1680) | #2 ""player 20 @ 4chnM3wbbk"" (2315) | #10 ""player 62 @ LGay7r_Caq"" (705)",2026-08-18T05:24:57.715Z,178703069771501
"-- starting hand #107 (id: aeaca7kbjeva)  No Limit Texas Hold'em (dealer: ""player 61 @ uewFolxPCK"") --",2026-08-18T05:24:57.715Z,178703069771500
"-- ending hand #106 --",2026-08-18T05:24:51.678Z,178703069167803
"""player 62 @ LGay7r_Caq"" collected 450 from pot with Two Pair, K's & 9's (combination: 8♦, 9♠, 9♥, K♥, K♦)",2026-08-18T05:24:51.678Z,178703069167802
"""player 62 @ LGay7r_Caq"" shows a 9♠, 7♠.",2026-08-18T05:24:51.678Z,178703069167801
"""player 61 @ uewFolxPCK"" shows a Q♦, A♣.",2026-08-18T05:24:51.678Z,178703069167800
"""player 62 @ LGay7r_Caq"" checks",2026-08-18T05:24:50.828Z,178703069082800
"""player 61 @ uewFolxPCK"" checks",2026-08-18T05:24:49.677Z,178703068967700
"River: 9♥, K♥, 8♦, 7♣ [K♦]",2026-08-18T05:24:42.699Z,178703068269900
"""player 61 @ uewFolxPCK"" calls 90",2026-08-18T05:24:41.889Z,178703068188900
"""player 62 @ LGay7r_Caq"" bets 90",2026-08-18T05:24:26.963Z,178703066696300
"""player 61 @ uewFolxPCK"" checks",2026-08-18T05:24:24.836Z,178703066483600
"Turn: 9♥, K♥, 8♦ [7♣]",2026-08-18T05:24:23.462Z,178703066346200
"""player 62 @ LGay7r_Caq"" calls 40",2026-08-18T05:24:22.558Z,178703066255800
"""player 61 @ uewFolxPCK"" bets 40",2026-08-18T05:24:21.583Z,178703066158300
"Flop:  [9♥, K♥, 8♦]",2026-08-18T05:24:18.259Z,178703065825900
"""player 62 @ LGay7r_Caq"" calls 90",2026-08-18T05:24:17.443Z,178703065744300
"""player 20 @ 4chnM3wbbk"" folds",2026-08-18T05:24:16.519Z,178703065651900
"""player 61 @ uewFolxPCK"" raises to 90",2026-08-18T05:24:02.229Z,178703064222900
"""player 62 @ LGay7r_Caq"" raises to 30",2026-08-18T05:23:59.965Z,178703063996500
"""player 20 @ 4chnM3wbbk"" posts a big blind of 10",2026-08-18T05:23:58.283Z,178703063828306
"""player 61 @ uewFolxPCK"" posts a small blind of 5",2026-08-18T05:23:58.283Z,178703063828305
"Your hand is Q♦, A♣",2026-08-18T05:23:58.283Z,178703063828302
"Player stacks: #1 ""player 61 @ uewFolxPCK"" (1900) | #2 ""player 20 @ 4chnM3wbbk"" (2325) | #10 ""player 62 @ LGay7r_Caq"" (475)",2026-08-18T05:23:58.283Z,178703063828301
"-- starting hand #106 (id: bieqy2hdvzl0)  No Limit Texas Hold'em (dealer: ""player 62 @ LGay7r_Caq"") --",2026-08-18T05:23:58.283Z,178703063828300
"Undealt cards:  [3♦, J♥, 10♥, 6♥, K♥]",2026-08-18T05:23:52.583Z,178703063258300
"-- ending hand #105 --",2026-08-18T05:23:52.357Z,178703063235702
"""player 62 @ LGay7r_Caq"" collected 20 from pot",2026-08-18T05:23:52.357Z,178703063235701
"Uncalled bet of 20 returned to ""player 62 @ LGay7r_Caq""",2026-08-18T05:23:52.357Z,178703063235700
"""player 61 @ uewFolxPCK"" folds",2026-08-18T05:23:51.522Z,178703063152200
"""player 62 @ LGay7r_Caq"" raises to 30",2026-08-18T05:23:50.572Z,178703063057200
"""player 20 @ 4chnM3wbbk"" folds",2026-08-18T05:23:48.742Z,178703062874200
"""player 61 @ uewFolxPCK"" posts a big blind of 10",2026-08-18T05:23:47.049Z,178703062704906
"""player 62 @ LGay7r_Caq"" posts a small blind of 5",2026-08-18T05:23:47.049Z,178703062704905
"Player stacks: #1 ""player 61 @ uewFolxPCK"" (1910) | #2 ""player 20 @ 4chnM3wbbk"" (2325) | #10 ""player 62 @ LGay7r_Caq"" (465)",2026-08-18T05:23:47.049Z,178703062704901
"-- starting hand #105 (id: fegshbnyc9nb)  No Limit Texas Hold'em (dealer: ""player 20 @ 4chnM3wbbk"") --",2026-08-18T05:23:47.049Z,178703062704900
"-- ending hand #104 --",2026-08-18T05:23:41.042Z,178703062104202
"""player 20 @ 4chnM3wbbk"" collected 130 from pot with Pair, J's (combination: 9♦, Q♣, K♣, J♠, J♥)",2026-08-18T05:23:41.042Z,178703062104201
"""player 20 @ 4chnM3wbbk"" shows a J♠, 9♦.",2026-08-18T05:23:41.042Z,178703062104200
"""player 61 @ uewFolxPCK"" calls 10",2026-08-18T05:23:40.234Z,178703062023400
"""player 20 @ 4chnM3wbbk"" bets 10",2026-08-18T05:23:33.143Z,178703061314300
"River: K♣, 5♣, 3♦, Q♣ [J♥]",2026-08-18T05:23:31.601Z,178703061160100
"""player 61 @ uewFolxPCK"" checks",2026-08-18T05:23:30.795Z,178703061079500
"""player 20 @ 4chnM3wbbk"" checks",2026-08-18T05:23:28.393Z,178703060839300
"Turn: K♣, 5♣, 3♦ [Q♣]",2026-08-18T05:23:21.176Z,178703060117600
"""player 20 @ 4chnM3wbbk"" calls 20",2026-08-18T05:23:20.291Z,178703060029100
"""player 61 @ uewFolxPCK"" bets 20",2026-08-18T05:23:04.009Z,178703058400900
"""player 20 @ 4chnM3wbbk"" checks",2026-08-18T05:23:01.638Z,178703058163800
"Flop:  [K♣, 5♣, 3♦]",2026-08-18T05:22:59.001Z,178703057900100
"""player 62 @ LGay7r_Caq"" folds",2026-08-18T05:22:58.161Z,178703057816100
"""player 20 @ 4chnM3wbbk"" calls 30",2026-08-18T05:22:56.991Z,178703057699100
"""player 61 @ uewFolxPCK"" raises to 30",2026-08-18T05:22:49.927Z,178703056992700
"""player 62 @ LGay7r_Caq"" posts a big blind of 10",2026-08-18T05:22:48.446Z,178703056844606
"""player 20 @ 4chnM3wbbk"" posts a small blind of 5",2026-08-18T05:22:48.446Z,178703056844605
"Player stacks: #1 ""player 61 @ uewFolxPCK"" (1970) | #2 ""player 20 @ 4chnM3wbbk"" (2255) | #10 ""player 62 @ LGay7r_Caq"" (475)",2026-08-18T05:22:48.446Z,178703056844601
"-- starting hand #104 (id: qazupgg66lqb)  No Limit Texas Hold'em (dealer: ""player 61 @ uewFolxPCK"") --",2026-08-18T05:22:48.446Z,178703056844600
"-- ending hand #103 --",2026-08-18T05:22:42.443Z,178703056244302
"""player 20 @ 4chnM3wbbk"" collected 180 from pot with Two Pair, A's & 9's (combination: J♦, 9♦, 9♠, A♣, A♦)",2026-08-18T05:22:42.443Z,178703056244301
"""player 20 @ 4chnM3wbbk"" shows a 9♦, 8♥.",2026-08-18T05:22:42.443Z,178703056244300
"""player 61 @ uewFolxPCK"" calls 30",2026-08-18T05:22:41.621Z,178703056162100
"""player 62 @ LGay7r_Caq"" folds",2026-08-18T05:22:40.684Z,178703056068400
"""player 20 @ 4chnM3wbbk"" bets 30",2026-08-18T05:22:37.815Z,178703055781500
"""player 61 @ uewFolxPCK"" checks",2026-08-18T05:22:35.962Z,178703055596200
"River: A♣, J♦, A♦, 9♠ [6♥]",2026-08-18T05:22:34.531Z,178703055453100
"""player 61 @ uewFolxPCK"" calls 10",2026-08-18T05:22:33.722Z,178703055372200
"""player 62 @ LGay7r_Caq"" calls 10",2026-08-18T05:22:32.688Z,178703055268800
"""player 20 @ 4chnM3wbbk"" bets 10",2026-08-18T05:22:31.741Z,178703055174100
"""player 61 @ uewFolxPCK"" checks",2026-08-18T05:22:30.099Z,178703055009900
"Turn: A♣, J♦, A♦ [9♠]",2026-08-18T05:22:28.788Z,178703054878800
"""player 62 @ LGay7r_Caq"" checks",2026-08-18T05:22:27.937Z,178703054793700
"""player 20 @ 4chnM3wbbk"" checks",2026-08-18T05:22:27.018Z,178703054701800
"""player 61 @ uewFolxPCK"" checks",2026-08-18T05:22:17.177Z,178703053717700
"Flop:  [A♣, J♦, A♦]",2026-08-18T05:22:15.412Z,178703053541200
"""player 20 @ 4chnM3wbbk"" calls 30",2026-08-18T05:22:14.584Z,178703053458400
"""player 61 @ uewFolxPCK"" calls 30",2026-08-18T05:22:09.714Z,178703052971400
"""player 62 @ LGay7r_Caq"" raises to 30",2026-08-18T05:22:08.368Z,178703052836800
"""player 20 @ 4chnM3wbbk"" posts a big blind of 10",2026-08-18T05:22:05.778Z,178703052577806
"""player 61 @ uewFolxPCK"" posts a small blind of 5",2026-08-18T05:22:05.778Z,178703052577805
"Player stacks: #1 ""player 61 @ uewFolxPCK"" (2040) | #2 ""player 20 @ 4chnM3wbbk"" (2145) | #10 ""player 62 @ LGay7r_Caq"" (515)",2026-08-18T05:22:05.778Z,178703052577801
"-- starting hand #103 (id: ifflwjgte7tv)  No Limit Texas Hold'em (dealer: ""player 62 @ LGay7r_Caq"") --",2026-08-18T05:22:05.778Z,178703052577800
"-- ending hand #102 --",2026-08-18T05:21:59.768Z,178703051976802
"""player 61 @ uewFolxPCK"" collected 25 from pot with Pair, 4's (combination: Q♠, K♠, A♦, 4♣, 4♦)",2026-08-18T05:21:59.768Z,178703051976801
"""player 61 @ uewFolxPCK"" shows a 5♠, Q♠.",2026-08-18T05:21:59.768Z,178703051976800
"""player 20 @ 4chnM3wbbk"" checks",2026-08-18T05:21:58.941Z,178703051894100
"""player 61 @ uewFolxPCK"" checks",2026-08-18T05:21:48.429Z,178703050842900
"River: 4♣, A♦, 4♦, K♠ [3♠]",2026-08-18T05:21:47.089Z,178703050708900
"""player 20 @ 4chnM3wbbk"" checks",2026-08-18T05:21:46.276Z,178703050627600
"""player 61 @ uewFolxPCK"" checks",2026-08-18T05:21:42.761Z,178703050276100
"Turn: 4♣, A♦, 4♦ [K♠]",2026-08-18T05:21:41.556Z,178703050155600
"""player 20 @ 4chnM3wbbk"" checks",2026-08-18T05:21:40.721Z,178703050072100
"""player 61 @ uewFolxPCK"" checks",2026-08-18T05:21:35.122Z,178703049512200
"Flop:  [4♣, A♦, 4♦]",2026-08-18T05:21:33.849Z,178703049384900
"""player 61 @ uewFolxPCK"" checks",2026-08-18T05:21:33.039Z,178703049303900
"""player 62 @ LGay7r_Caq"" folds",2026-08-18T05:21:32.141Z,178703049214100
"""player 20 @ 4chnM3wbbk"" calls 10",2026-08-18T05:21:31.159Z,178703049115900
"""player 61 @ uewFolxPCK"" posts a big blind of 10",2026-08-18T05:21:19.844Z,178703047984406
"""player 62 @ LGay7r_Caq"" posts a small blind of 5",2026-08-18T05:21:19.844Z,178703047984405
"Your hand is 5♠, Q♠",2026-08-18T05:21:19.844Z,178703047984402
"Player stacks: #1 ""player 61 @ uewFolxPCK"" (2025) | #2 ""player 20 @ 4chnM3wbbk"" (2155) | #10 ""player 62 @ LGay7r_Caq"" (520)",2026-08-18T05:21:19.844Z,178703047984401
"-- starting hand #102 (id: snfme42bbgcj)  No Limit Texas Hold'em (dealer: ""player 20 @ 4chnM3wbbk"") --",2026-08-18T05:21:19.844Z,178703047984400
"-- ending hand #101 --",2026-08-18T05:21:16.841Z,178703047684102
"""player 20 @ 4chnM3wbbk"" collected 210 from pot",2026-08-18T05:21:16.841Z,178703047684101
"Uncalled bet of 100 returned to ""player 20 @ 4chnM3wbbk""",2026-08-18T05:21:16.841Z,178703047684100
"""player 62 @ LGay7r_Caq"" folds",2026-08-18T05:21:16.017Z,178703047601700
"""player 20 @ 4chnM3wbbk"" bets 100",2026-08-18T05:21:15.071Z,178703047507100
"River: 9♦, 9♠, A♥, 2♦ [5♦]",2026-08-18T05:21:11.517Z,178703047151700
"""player 62 @ LGay7r_Caq"" checks",2026-08-18T05:21:10.703Z,178703047070300
"""player 20 @ 4chnM3wbbk"" checks",2026-08-18T05:21:09.738Z,178703046973800
"Turn: 9♦, 9♠, A♥ [2♦]",2026-08-18T05:21:00.205Z,178703046020500
"""player 62 @ LGay7r_Caq"" checks",2026-08-18T05:20:59.387Z,178703045938700
"""player 20 @ 4chnM3wbbk"" checks",2026-08-18T05:20:58.457Z,178703045845700
"Flop:  [9♦, 9♠, A♥]",2026-08-18T05:20:56.970Z,178703045697000
"""player 61 @ uewFolxPCK"" folds",2026-08-18T05:20:56.136Z,178703045613600
"""player 62 @ LGay7r_Caq"" calls 90",2026-08-18T05:20:54.769Z,178703045476900
"""player 20 @ 4chnM3wbbk"" raises to 90",2026-08-18T05:20:53.855Z,178703045385500
"""player 61 @ uewFolxPCK"" raises to 30",2026-08-18T05:20:51.400Z,178703045140000
"""player 62 @ LGay7r_Caq"" posts a big blind of 10",2026-08-18T05:20:50.188Z,178703045018806
"""player 20 @ 4chnM3wbbk"" posts a small blind of 5",2026-08-18T05:20:50.188Z,178703045018805
"Player stacks: #1 ""player 61 @ uewFolxPCK"" (2055) | #2 ""player 20 @ 4chnM3wbbk"" (2035) | #10 ""player 62 @ LGay7r_Caq"" (610)",2026-08-18T05:20:50.188Z,178703045018801
"-- starting hand #101 (id: fqzhcnekbvek)  No Limit Texas Hold'em (dealer: ""player 61 @ uewFolxPCK"") --",2026-08-18T05:20:50.188Z,178703045018800
"""player 61 @ uewFolxPCK"" shows a 9♠, J♦.",2026-08-18T05:20:46.003Z,178703044600300
"""player 20 @ 4chnM3wbbk"" shows a 2♥, 7♣.",2026-08-18T05:20:43.874Z,178703044387400
"Undealt cards:  [Q♣, 5♦, 5♣, 7♦, 10♥]",2026-08-18T05:20:43.400Z,178703044340000
"-- ending hand #100 --",2026-08-18T05:20:42.874Z,178703044287402
"""player 20 @ 4chnM3wbbk"" collected 30 from pot",2026-08-18T05:20:42.874Z,178703044287401
"Uncalled bet of 40 returned to ""player 20 @ 4chnM3wbbk""",2026-08-18T05:20:42.874Z,178703044287400
"""player 61 @ uewFolxPCK"" folds",2026-08-18T05:20:42.066Z,178703044206600
"""player 62 @ LGay7r_Caq"" folds",2026-08-18T05:20:41.161Z,178703044116100
"""player 20 @ 4chnM3wbbk"" raises to 50",2026-08-18T05:20:39.667Z,178703043966700
"""player 61 @ uewFolxPCK"" calls 10",2026-08-18T05:20:36.534Z,178703043653400
"""player 62 @ LGay7r_Caq"" calls 10",2026-08-18T05:20:35.615Z,178703043561500
"""player 20 @ 4chnM3wbbk"" posts a big blind of 10",2026-08-18T05:20:34.046Z,178703043404606
"""player 61 @ uewFolxPCK"" posts a small blind of 5",2026-08-18T05:20:34.046Z,178703043404605
"Your hand is 9♠, J♦",2026-08-18T05:20:34.046Z,178703043404602
"Player stacks: #1 ""player 61 @ uewFolxPCK"" (2065) | #2 ""player 20 @ 4chnM3wbbk"" (2015) | #10 ""player 62 @ LGay7r_Caq"" (620)",2026-08-18T05:20:34.046Z,178703043404601
"-- starting hand #100 (id: xyu3e6kykhta)  No Limit Texas Hold'em (dealer: ""player 62 @ LGay7r_Caq"") --",2026-08-18T05:20:34.046Z,178703043404600
"""player 62 @ LGay7r_Caq"" shows a 2♦, 7♦.",2026-08-18T05:20:30.552Z,178703043055200
"""player 61 @ uewFolxPCK"" shows a 9♦.",2026-08-18T05:20:29.283Z,178703042928300
"Undealt cards: 3♦, J♦, Q♥ [10♠, 3♣]",2026-08-18T05:20:27.031Z,178703042703100
"-- ending hand #99 --",2026-08-18T05:20:26.742Z,178703042674202
"""player 62 @ LGay7r_Caq"" collected 20 from pot",2026-08-18T05:20:26.742Z,178703042674201
"Uncalled bet of 30 returned to ""player 62 @ LGay7r_Caq""",2026-08-18T05:20:26.742Z,178703042674200
"""player 61 @ uewFolxPCK"" folds",2026-08-18T05:20:25.922Z,178703042592200
"""player 62 @ LGay7r_Caq"" bets 30",2026-08-18T05:20:25.007Z,178703042500700
"Flop:  [3♦, J♦, Q♥]",2026-08-18T05:20:21.939Z,178703042193900
"""player 61 @ uewFolxPCK"" checks",2026-08-18T05:20:21.077Z,178703042107700
"""player 62 @ LGay7r_Caq"" calls 10",2026-08-18T05:20:20.173Z,178703042017300
"""player 20 @ 4chnM3wbbk"" folds",2026-08-18T05:20:19.156Z,178703041915600
"""player 61 @ uewFolxPCK"" posts a big blind of 10",2026-08-18T05:20:16.962Z,178703041696206
"""player 62 @ LGay7r_Caq"" posts a small blind of 5",2026-08-18T05:20:16.962Z,178703041696205
"Player stacks: #1 ""player 61 @ uewFolxPCK"" (2075) | #2 ""player 20 @ 4chnM3wbbk"" (2015) | #10 ""player 62 @ LGay7r_Caq"" (610)",2026-08-18T05:20:16.962Z,178703041696201
"-- starting hand #99 (id: gngnapyvfc4u)  No Limit Texas Hold'em (dealer: ""player 20 @ 4chnM3wbbk"") --",2026-08-18T05:20:16.962Z,178703041696200
"-- ending hand #98 --",2026-08-18T05:20:14.041Z,178703041404102
"""player 62 @ LGay7r_Caq"" collected 105 from pot",2026-08-18T05:20:14.041Z,178703041404101
"Uncalled bet of 10 returned to ""player 62 @ LGay7r_Caq""",2026-08-18T05:20:14.041Z,178703041404100
"""player 61 @ uewFolxPCK"" folds",2026-08-18T05:20:13.207Z,178703041320700
"""player 62 @ LGay7r_Caq"" bets 10",2026-08-18T05:20:12.318Z,178703041231800
"River: 2♦, 7♦, 6♠, 3♣ [6♦]",2026-08-18T05:20:11.934Z,178703041193400
"""player 61 @ uewFolxPCK"" calls 10",2026-08-18T05:20:11.130Z,178703041113000
"""player 62 @ LGay7r_Caq"" bets 10",2026-08-18T05:20:10.193Z,178703041019300
"Turn: 2♦, 7♦, 6♠ [3♣]",2026-08-18T05:20:09.920Z,178703040992000
"""player 61 @ uewFolxPCK"" calls 10",2026-08-18T05:20:09.023Z,178703040902300
"""player 62 @ LGay7r_Caq"" bets 10",2026-08-18T05:20:08.041Z,178703040804100
"Flop:  [2♦, 7♦, 6♠]",2026-08-18T05:20:05.920Z,178703040592000
"""player 62 @ LGay7r_Caq"" calls 30",2026-08-18T05:20:05.085Z,178703040508500
"""player 20 @ 4chnM3wbbk"" folds",2026-08-18T05:20:04.122Z,178703040412200
"""player 61 @ uewFolxPCK"" raises to 30",2026-08-18T05:20:02.162Z,178703040216200
"""player 62 @ LGay7r_Caq"" posts a big blind of 10",2026-08-18T05:20:00.790Z,178703040079006
"""player 20 @ 4chnM3wbbk"" posts a small blind of 5",2026-08-18T05:20:00.790Z,178703040079005
"Player stacks: #1 ""player 61 @ uewFolxPCK"" (2125) | #2 ""player 20 @ 4chnM3wbbk"" (2020) | #10 ""player 62 @ LGay7r_Caq"" (555)",2026-08-18T05:20:00.790Z,178703040079001
"-- starting hand #98 (id: tzrheosckehn)  No Limit Texas Hold'em (dealer: ""player 61 @ uewFolxPCK"") --",2026-08-18T05:20:00.790Z,178703040079000
"Undealt cards: 3♦, A♦, 6♠, 7♥ [K♦]",2026-08-18T05:19:55.457Z,178703039545700
"-- ending hand #97 --",2026-08-18T05:19:54.882Z,178703039488202
"""player 61 @ uewFolxPCK"" collected 70 from pot",2026-08-18T05:19:54.882Z,178703039488201
"Uncalled bet of 40 returned to ""player 61 @ uewFolxPCK""",2026-08-18T05:19:54.882Z,178703039488200
"""player 62 @ LGay7r_Caq"" folds",2026-08-18T05:19:54.072Z,178703039407200
"""player 61 @ uewFolxPCK"" bets 40",2026-08-18T05:19:53.140Z,178703039314000
"Turn: 3♦, A♦, 6♠ [7♥]",2026-08-18T05:19:50.368Z,178703039036800
"""player 62 @ LGay7r_Caq"" calls 20",2026-08-18T05:19:49.484Z,178703038948400
"""player 20 @ 4chnM3wbbk"" folds",2026-08-18T05:19:47.423Z,178703038742300
"""player 61 @ uewFolxPCK"" bets 20",2026-08-18T05:19:45.895Z,178703038589500
"Flop:  [3♦, A♦, 6♠]",2026-08-18T05:19:42.845Z,178703038284500
"""player 20 @ 4chnM3wbbk"" checks",2026-08-18T05:19:41.990Z,178703038199000
"""player 61 @ uewFolxPCK"" calls 10",2026-08-18T05:19:40.376Z,178703038037600
"""player 62 @ LGay7r_Caq"" calls 10",2026-08-18T05:19:39.380Z,178703037938000
"""player 20 @ 4chnM3wbbk"" posts a big blind of 10",2026-08-18T05:19:37.964Z,178703037796406
"""player 61 @ uewFolxPCK"" posts a small blind of 5",2026-08-18T05:19:37.964Z,178703037796405
"Player stacks: #1 ""player 61 @ uewFolxPCK"" (2085) | #2 ""player 20 @ 4chnM3wbbk"" (2030) | #10 ""player 62 @ LGay7r_Caq"" (585)",2026-08-18T05:19:37.964Z,178703037796401
"-- starting hand #97 (id: acidwjnerwul)  No Limit Texas Hold'em (dealer: ""player 62 @ LGay7r_Caq"") --",2026-08-18T05:19:37.964Z,178703037796400
"""player 62 @ LGay7r_Caq"" shows a A♣, Q♣.",2026-08-18T05:19:33.933Z,178703037393300
"-- ending hand #96 --",2026-08-18T05:19:31.357Z,178703037135702
"""player 61 @ uewFolxPCK"" collected 1140 from pot with Full House, 9's over Q's (combination: Q♦, Q♠, 9♠, 9♣, 9♦)",2026-08-18T05:19:31.357Z,178703037135701
"""player 61 @ uewFolxPCK"" shows a 9♠, Q♦.",2026-08-18T05:19:31.357Z,178703037135700
"""player 62 @ LGay7r_Caq"" calls 480",2026-08-18T05:19:30.463Z,178703037046300
"""player 61 @ uewFolxPCK"" raises to 480",2026-08-18T05:19:21.720Z,178703036172000
"""player 62 @ LGay7r_Caq"" raises to 120",2026-08-18T05:19:09.314Z,178703034931400
"""player 20 @ 4chnM3wbbk"" folds",2026-08-18T05:19:06.261Z,178703034626100
"""player 61 @ uewFolxPCK"" bets 60",2026-08-18T05:19:02.181Z,178703034218100
"""player 62 @ LGay7r_Caq"" checks",2026-08-18T05:18:59.570Z,178703033957000
"River: 5♠, Q♠, 9♣, 9♦ [3♦]",2026-08-18T05:18:58.264Z,178703033826400
"""player 20 @ 4chnM3wbbk"" calls 30",2026-08-18T05:18:57.457Z,178703033745700
"""player 61 @ uewFolxPCK"" calls 30",2026-08-18T05:18:56.142Z,178703033614200
"""player 62 @ LGay7r_Caq"" bets 30",2026-08-18T05:18:54.021Z,178703033402100
"Turn: 5♠, Q♠, 9♣ [9♦]",2026-08-18T05:18:50.769Z,178703033076900
"""player 20 @ 4chnM3wbbk"" checks",2026-08-18T05:18:49.937Z,178703032993700
"""player 61 @ uewFolxPCK"" checks",2026-08-18T05:18:45.213Z,178703032521300
"""player 62 @ LGay7r_Caq"" checks",2026-08-18T05:18:43.920Z,178703032392000
"Flop:  [5♠, Q♠, 9♣]",2026-08-18T05:18:42.562Z,178703032256200
"""player 20 @ 4chnM3wbbk"" calls 30",2026-08-18T05:18:41.690Z,178703032169000
"""player 61 @ uewFolxPCK"" calls 30",2026-08-18T05:18:40.746Z,178703032074600
"""player 62 @ LGay7r_Caq"" raises to 30",2026-08-18T05:18:39.691Z,178703031969100
"""player 20 @ 4chnM3wbbk"" calls 10",2026-08-18T05:18:37.764Z,178703031776400
"""player 61 @ uewFolxPCK"" posts a big blind of 10",2026-08-18T05:18:36.360Z,178703031636006
"""player 62 @ LGay7r_Caq"" posts a small blind of 5",2026-08-18T05:18:36.360Z,178703031636005
"Your hand is 9♠, Q♦",2026-08-18T05:18:36.360Z,178703031636002
"Player stacks: #1 ""player 61 @ uewFolxPCK"" (1485) | #2 ""player 20 @ 4chnM3wbbk"" (2090) | #10 ""player 62 @ LGay7r_Caq"" (1125)",2026-08-18T05:18:36.360Z,178703031636001
"-- starting hand #96 (id: lnhlafrau5wq)  No Limit Texas Hold'em (dealer: ""player 20 @ 4chnM3wbbk"") --",2026-08-18T05:18:36.360Z,178703031636000
"-- ending hand #95 --",2026-08-18T05:18:30.354Z,178703031035403
"""player 61 @ uewFolxPCK"" collected 105 from pot with Two Pair, J's & 9's (combination: Q♥, 9♥, 9♦, J♥, J♣)",2026-08-18T05:18:30.354Z,178703031035402
"""player 61 @ uewFolxPCK"" shows a J♥, J♣.",2026-08-18T05:18:30.354Z,178703031035401
"""player 62 @ LGay7r_Caq"" shows a K♣, 10♣.",2026-08-18T05:18:30.354Z,178703031035400
"""player 61 @ uewFolxPCK"" calls 10",2026-08-18T05:18:29.504Z,178703030950400
"""player 62 @ LGay7r_Caq"" bets 10",2026-08-18T05:18:28.426Z,178703030842600
"River: 6♣, 9♥, Q♥, 9♦ [10♠]",2026-08-18T05:18:27.167Z,178703030716700
"""player 61 @ uewFolxPCK"" calls 10",2026-08-18T05:18:26.365Z,178703030636500
"""player 62 @ LGay7r_Caq"" bets 10",2026-08-18T05:18:24.532Z,178703030453200
"Turn: 6♣, 9♥, Q♥ [9♦]",2026-08-18T05:18:22.541Z,178703030254100
"""player 61 @ uewFolxPCK"" checks",2026-08-18T05:18:21.705Z,178703030170500
"""player 62 @ LGay7r_Caq"" checks",2026-08-18T05:18:20.471Z,178703030047100
"Flop:  [6♣, 9♥, Q♥]",2026-08-18T05:18:19.140Z,178703029914000
"""player 62 @ LGay7r_Caq"" calls 30",2026-08-18T05:18:18.325Z,178703029832500
"""player 20 @ 4chnM3wbbk"" folds",2026-08-18T05:18:17.108Z,178703029710800
"""player 61 @ uewFolxPCK"" raises to 30",2026-08-18T05:18:16.147Z,178703029614700
"""player 62 @ LGay7r_Caq"" posts a big blind of 10",2026-08-18T05:18:14.794Z,178703029479407
"""player 20 @ 4chnM3wbbk"" posts a small blind of 5",2026-08-18T05:18:14.794Z,178703029479406
"Your hand is J♥, J♣",2026-08-18T05:18:14.794Z,178703029479403
"Player stacks: #1 ""player 61 @ uewFolxPCK"" (1430) | #2 ""player 20 @ 4chnM3wbbk"" (2095) | #10 ""player 62 @ LGay7r_Caq"" (1175)",2026-08-18T05:18:14.794Z,178703029479402
"-- starting hand #95 (id: smvyuxyyppn3)  No Limit Texas Hold'em (dealer: ""player 61 @ uewFolxPCK"") --",2026-08-18T05:18:14.794Z,178703029479401
"The admin updated the player ""player 62 @ LGay7r_Caq"" stack from 175 to 1175.",2026-08-18T05:18:14.794Z,178703029479400
"-- ending hand #94 --",2026-08-18T05:18:08.789Z,178703028878903
"""player 20 @ 4chnM3wbbk"" collected 130 from pot with Two Pair, Q's & J's (combination: A♣, J♦, J♣, Q♦, Q♠)",2026-08-18T05:18:08.789Z,178703028878902
"""player 20 @ 4chnM3wbbk"" shows a A♣, K♣.",2026-08-18T05:18:08.789Z,178703028878901
"""player 61 @ uewFolxPCK"" shows a 4♦, 3♦.",2026-08-18T05:18:08.789Z,178703028878900
"""player 20 @ 4chnM3wbbk"" calls 30",2026-08-18T05:18:07.953Z,178703028795300
"""player 61 @ uewFolxPCK"" bets 30",2026-08-18T05:18:06.946Z,178703028694600
"River: J♦, Q♦, 7♣, Q♠ [J♣]",2026-08-18T05:18:04.528Z,178703028452800
"""player 20 @ 4chnM3wbbk"" checks",2026-08-18T05:18:03.704Z,178703028370400
"""player 61 @ uewFolxPCK"" checks",2026-08-18T05:18:02.358Z,178703028235800
"Turn: J♦, Q♦, 7♣ [Q♠]",2026-08-18T05:18:00.911Z,178703028091100
"""player 20 @ 4chnM3wbbk"" checks",2026-08-18T05:18:00.080Z,178703028008000
"""player 61 @ uewFolxPCK"" checks",2026-08-18T05:17:57.722Z,178703027772200
"WARNING: the admin queued the stack change for the player ""player 62 @ LGay7r_Caq"" adding 1000 chips in the next hand.",2026-08-18T05:17:55.892Z,178703027589200
"Flop:  [J♦, Q♦, 7♣]",2026-08-18T05:17:47.167Z,178703026716700
"""player 61 @ uewFolxPCK"" calls 35",2026-08-18T05:17:46.303Z,178703026630300
"""player 20 @ 4chnM3wbbk"" raises to 35",2026-08-18T05:17:42.296Z,178703026229600
"""player 61 @ uewFolxPCK"" calls 10",2026-08-18T05:17:30.578Z,178703025057800
"""player 62 @ LGay7r_Caq"" folds",2026-08-18T05:17:29.524Z,178703024952400
"""player 20 @ 4chnM3wbbk"" posts a big blind of 10",2026-08-18T05:17:28.352Z,178703024835206
"""player 61 @ uewFolxPCK"" posts a small blind of 5",2026-08-18T05:17:28.352Z,178703024835205
"Your hand is 4♦, 3♦",2026-08-18T05:17:28.352Z,178703024835202
"Player stacks: #1 ""player 61 @ uewFolxPCK"" (1495) | #2 ""player 20 @ 4chnM3wbbk"" (2030) | #10 ""player 62 @ LGay7r_Caq"" (175)",2026-08-18T05:17:28.352Z,178703024835201
"-- starting hand #94 (id: klvvw3evxedy)  No Limit Texas Hold'em (dealer: ""player 62 @ LGay7r_Caq"") --",2026-08-18T05:17:28.352Z,178703024835200
"""player 62 @ LGay7r_Caq"" shows a 6♥.",2026-08-18T05:17:24.426Z,178703024442600
"""player 62 @ LGay7r_Caq"" shows a 7♦.",2026-08-18T05:17:23.799Z,178703024379900
"-- ending hand #93 --",2026-08-18T05:17:21.815Z,178703024181502
"""player 61 @ uewFolxPCK"" collected 180 from pot with Two Pair, 9's & 7's (combination: A♥, 7♠, 7♣, 9♦, 9♣)",2026-08-18T05:17:21.815Z,178703024181501
"""player 61 @ uewFolxPCK"" shows a 7♠, 9♦.",2026-08-18T05:17:21.815Z,178703024181500
"""player 62 @ LGay7r_Caq"" calls 60",2026-08-18T05:17:20.971Z,178703024097100
"""player 61 @ uewFolxPCK"" raises to 60",2026-08-18T05:17:19.878Z,178703023987800
"""player 62 @ LGay7r_Caq"" bets 10",2026-08-18T05:17:14.811Z,178703023481100
"River: A♥, 7♣, 10♥, 2♦ [9♣]",2026-08-18T05:17:14.537Z,178703023453700
"""player 61 @ uewFolxPCK"" calls 10",2026-08-18T05:17:13.687Z,178703023368700
"""player 62 @ LGay7r_Caq"" bets 10",2026-08-18T05:17:12.539Z,178703023253900
"Turn: A♥, 7♣, 10♥ [2♦]",2026-08-18T05:17:11.737Z,178703023173700
"""player 61 @ uewFolxPCK"" calls 10",2026-08-18T05:17:10.905Z,178703023090500
"""player 62 @ LGay7r_Caq"" bets 10",2026-08-18T05:17:08.722Z,178703022872200
"Flop:  [A♥, 7♣, 10♥]",2026-08-18T05:17:07.336Z,178703022733600
"""player 61 @ uewFolxPCK"" checks",2026-08-18T05:17:06.489Z,178703022648900
"""player 62 @ LGay7r_Caq"" calls 10",2026-08-18T05:17:02.881Z,178703022288100
"""player 20 @ 4chnM3wbbk"" folds",2026-08-18T05:17:01.139Z,178703022113900
"""player 61 @ uewFolxPCK"" posts a big blind of 10",2026-08-18T05:16:59.550Z,178703021955006
"""player 62 @ LGay7r_Caq"" posts a small blind of 5",2026-08-18T05:16:59.550Z,178703021955005
"Your hand is 7♠, 9♦",2026-08-18T05:16:59.550Z,178703021955002
"Player stacks: #1 ""player 61 @ uewFolxPCK"" (1405) | #2 ""player 20 @ 4chnM3wbbk"" (2030) | #10 ""player 62 @ LGay7r_Caq"" (265)",2026-08-18T05:16:59.550Z,178703021955001
"-- starting hand #93 (id: hpehi9jwfeqv)  No Limit Texas Hold'em (dealer: ""player 20 @ 4chnM3wbbk"") --",2026-08-18T05:16:59.550Z,178703021955000
"-- ending hand #92 --",2026-08-18T05:16:56.550Z,178703021655002
"""player 20 @ 4chnM3wbbk"" collected 60 from pot",2026-08-18T05:16:56.550Z,178703021655001
"Uncalled bet of 60 returned to ""player 20 @ 4chnM3wbbk""",2026-08-18T05:16:56.550Z,178703021655000
"""player 62 @ LGay7r_Caq"" folds",2026-08-18T05:16:55.660Z,178703021566000
"""player 20 @ 4chnM3wbbk"" bets 60",2026-08-18T05:16:54.566Z,178703021456600
"River: A♦, A♠, K♣, 8♥ [5♠]",2026-08-18T05:16:50.949Z,178703021094900
"""player 62 @ LGay7r_Caq"" checks",2026-08-18T05:16:50.086Z,178703021008600
"""player 20 @ 4chnM3wbbk"" checks",2026-08-18T05:16:48.743Z,178703020874300
"Turn: A♦, A♠, K♣ [8♥]",2026-08-18T05:16:47.543Z,178703020754300
"""player 62 @ LGay7r_Caq"" checks",2026-08-18T05:16:46.642Z,178703020664200
"""player 20 @ 4chnM3wbbk"" checks",2026-08-18T05:16:45.658Z,178703020565800
"Flop:  [A♦, A♠, K♣]",2026-08-18T05:16:37.933Z,178703019793300
"""player 62 @ LGay7r_Caq"" calls 30",2026-08-18T05:16:37.040Z,178703019704000
"""player 20 @ 4chnM3wbbk"" raises to 30",2026-08-18T05:16:36.055Z,178703019605500
"""player 61 @ uewFolxPCK"" folds",2026-08-18T05:16:30.806Z,178703019080600
"""player 62 @ LGay7r_Caq"" posts a big blind of 10",2026-08-18T05:16:28.995Z,178703018899506
"""player 20 @ 4chnM3wbbk"" posts a small blind of 5",2026-08-18T05:16:28.995Z,178703018899505
"Player stacks: #1 ""player 61 @ uewFolxPCK"" (1405) | #2 ""player 20 @ 4chnM3wbbk"" (2000) | #10 ""player 62 @ LGay7r_Caq"" (295)",2026-08-18T05:16:28.995Z,178703018899501
"-- starting hand #92 (id: ywlrcpiumlcc)  No Limit Texas Hold'em (dealer: ""player 61 @ uewFolxPCK"") --",2026-08-18T05:16:28.995Z,178703018899500
"-- ending hand #91 --",2026-08-18T05:16:22.987Z,178703018298702
"""player 20 @ 4chnM3wbbk"" collected 150 from pot with Pair, A's (combination: 6♦, 7♦, 10♥, A♣, A♦)",2026-08-18T05:16:22.987Z,178703018298701
"""player 20 @ 4chnM3wbbk"" shows a A♣, 6♦.",2026-08-18T05:16:22.987Z,178703018298700
"""player 61 @ uewFolxPCK"" calls 30",2026-08-18T05:16:22.166Z,178703018216600
"""player 62 @ LGay7r_Caq"" folds",2026-08-18T05:16:21.256Z,178703018125600
"""player 20 @ 4chnM3wbbk"" bets 30",2026-08-18T05:16:20.030Z,178703018003000
"""player 61 @ uewFolxPCK"" checks",2026-08-18T05:16:18.031Z,178703017803100
"River: 10♥, 2♠, 4♣, A♦ [7♦]",2026-08-18T05:16:16.384Z,178703017638400
"""player 62 @ LGay7r_Caq"" checks",2026-08-18T05:16:15.562Z,178703017556200
"""player 20 @ 4chnM3wbbk"" checks",2026-08-18T05:16:14.611Z,178703017461100
"""player 61 @ uewFolxPCK"" checks",2026-08-18T05:16:12.251Z,178703017225100
"Turn: 10♥, 2♠, 4♣ [A♦]",2026-08-18T05:16:10.756Z,178703017075600
"""player 62 @ LGay7r_Caq"" checks",2026-08-18T05:16:09.939Z,178703016993900
"""player 20 @ 4chnM3wbbk"" checks",2026-08-18T05:16:08.823Z,178703016882300
"""player 61 @ uewFolxPCK"" checks",2026-08-18T05:15:58.894Z,178703015889400
"Flop:  [10♥, 2♠, 4♣]",2026-08-18T05:15:57.284Z,178703015728400
"""player 62 @ LGay7r_Caq"" calls 30",2026-08-18T05:15:56.379Z,178703015637900
"""player 20 @ 4chnM3wbbk"" calls 30",2026-08-18T05:15:55.422Z,178703015542200
"""player 61 @ uewFolxPCK"" raises to 30",2026-08-18T05:15:54.194Z,178703015419400
"""player 62 @ LGay7r_Caq"" calls 10",2026-08-18T05:15:52.447Z,178703015244700
"""player 20 @ 4chnM3wbbk"" posts a big blind of 10",2026-08-18T05:15:51.278Z,178703015127806
"""player 61 @ uewFolxPCK"" posts a small blind of 5",2026-08-18T05:15:51.278Z,178703015127805
"Player stacks: #1 ""player 61 @ uewFolxPCK"" (1465) | #2 ""player 20 @ 4chnM3wbbk"" (1910) | #10 ""player 62 @ LGay7r_Caq"" (325)",2026-08-18T05:15:51.278Z,178703015127801
"-- starting hand #91 (id: 6qodfnbsdnl9)  No Limit Texas Hold'em (dealer: ""player 62 @ LGay7r_Caq"") --",2026-08-18T05:15:51.278Z,178703015127800
"-- ending hand #90 --",2026-08-18T05:15:48.279Z,178703014827902
"""player 61 @ uewFolxPCK"" collected 395 from pot",2026-08-18T05:15:48.279Z,178703014827901
"Uncalled bet of 395 returned to ""player 61 @ uewFolxPCK""",2026-08-18T05:15:48.279Z,178703014827900
"""player 20 @ 4chnM3wbbk"" folds",2026-08-18T05:15:47.459Z,178703014745900
"""player 61 @ uewFolxPCK"" bets 395",2026-08-18T05:15:44.034Z,178703014403400
"River: 4♣, Q♥, K♣, 9♥ [8♥]",2026-08-18T05:15:41.074Z,178703014107400
"""player 20 @ 4chnM3wbbk"" calls 90",2026-08-18T05:15:40.212Z,178703014021200
"""player 61 @ uewFolxPCK"" bets 90",2026-08-18T05:15:38.363Z,178703013836300
"Turn: 4♣, Q♥, K♣ [9♥]",2026-08-18T05:15:29.554Z,178703012955400
"""player 20 @ 4chnM3wbbk"" calls 40",2026-08-18T05:15:28.712Z,178703012871200
"""player 61 @ uewFolxPCK"" bets 40",2026-08-18T05:15:25.661Z,178703012566100
"""player 62 @ LGay7r_Caq"" folds",2026-08-18T05:15:23.008Z,178703012300800
"Flop:  [4♣, Q♥, K♣]",2026-08-18T05:15:21.451Z,178703012145100
"""player 61 @ uewFolxPCK"" calls 45",2026-08-18T05:15:20.626Z,178703012062600
"""player 62 @ LGay7r_Caq"" calls 45",2026-08-18T05:15:19.699Z,178703011969900
"""player 20 @ 4chnM3wbbk"" raises to 45",2026-08-18T05:15:17.270Z,178703011727000
"""player 61 @ uewFolxPCK"" posts a big blind of 10",2026-08-18T05:15:14.337Z,178703011433706
"""player 62 @ LGay7r_Caq"" posts a small blind of 5",2026-08-18T05:15:14.337Z,178703011433705
"Player stacks: #1 ""player 61 @ uewFolxPCK"" (1245) | #2 ""player 20 @ 4chnM3wbbk"" (2085) | #10 ""player 62 @ LGay7r_Caq"" (370)",2026-08-18T05:15:14.337Z,178703011433701
"-- starting hand #90 (id: dv7rit9luvga)  No Limit Texas Hold'em (dealer: ""player 20 @ 4chnM3wbbk"") --",2026-08-18T05:15:14.337Z,178703011433700
"-- ending hand #89 --",2026-08-18T05:15:08.333Z,178703010833303
"""player 20 @ 4chnM3wbbk"" shows a 8♥, J♣.",2026-08-18T05:15:08.333Z,178703010833302
"""player 62 @ LGay7r_Caq"" collected 370 from pot with Three of a Kind, 3's (combination: 8♠, Q♠, 3♣, 3♦, 3♥)",2026-08-18T05:15:08.333Z,178703010833301
"""player 62 @ LGay7r_Caq"" shows a 3♣, 8♠.",2026-08-18T05:15:08.333Z,178703010833300
"""player 20 @ 4chnM3wbbk"" calls 80",2026-08-18T05:15:07.501Z,178703010750100
"""player 62 @ LGay7r_Caq"" raises to 80 and go all in",2026-08-18T05:15:03.880Z,178703010388000
"""player 20 @ 4chnM3wbbk"" bets 50",2026-08-18T05:14:59.929Z,178703009992900
"River: 3♦, 4♠, 3♥, Q♠ [5♦]",2026-08-18T05:14:57.686Z,178703009768600
"""player 20 @ 4chnM3wbbk"" calls 60",2026-08-18T05:14:56.864Z,178703009686400
"""player 61 @ uewFolxPCK"" folds",2026-08-18T05:14:54.969Z,178703009496900
"""player 62 @ LGay7r_Caq"" raises to 60",2026-08-18T05:14:54.042Z,178703009404200
"""player 20 @ 4chnM3wbbk"" bets 30",2026-08-18T05:14:47.842Z,178703008784200
"Turn: 3♦, 4♠, 3♥ [Q♠]",2026-08-18T05:14:45.478Z,178703008547800
"""player 61 @ uewFolxPCK"" checks",2026-08-18T05:14:44.630Z,178703008463000
"""player 62 @ LGay7r_Caq"" checks",2026-08-18T05:14:43.706Z,178703008370600
"""player 20 @ 4chnM3wbbk"" checks",2026-08-18T05:14:40.687Z,178703008068700
"Flop:  [3♦, 4♠, 3♥]",2026-08-18T05:14:39.168Z,178703007916800
"""player 62 @ LGay7r_Caq"" calls 30",2026-08-18T05:14:38.345Z,178703007834500
"""player 20 @ 4chnM3wbbk"" calls 30",2026-08-18T05:14:36.995Z,178703007699500
"""player 61 @ uewFolxPCK"" raises to 30",2026-08-18T05:14:35.996Z,178703007599600
"""player 62 @ LGay7r_Caq"" posts a big blind of 10",2026-08-18T05:14:34.471Z,178703007447106
"""player 20 @ 4chnM3wbbk"" posts a small blind of 5",2026-08-18T05:14:34.471Z,178703007447105
"Player stacks: #1 ""player 61 @ uewFolxPCK"" (1275) | #2 ""player 20 @ 4chnM3wbbk"" (2255) | #10 ""player 62 @ LGay7r_Caq"" (170)",2026-08-18T05:14:34.471Z,178703007447101
"-- starting hand #89 (id: uaiq6tyvgmau)  No Limit Texas Hold'em (dealer: ""player 61 @ uewFolxPCK"") --",2026-08-18T05:14:34.471Z,178703007447100
"Undealt cards:  [J♥, 5♥, A♦, 2♦, 8♣]",2026-08-18T05:14:29.209Z,178703006920900
"-- ending hand #88 --",2026-08-18T05:14:28.474Z,178703006847402
"""player 61 @ uewFolxPCK"" collected 20 from pot",2026-08-18T05:14:28.474Z,178703006847401
"Uncalled bet of 20 returned to ""player 61 @ uewFolxPCK""",2026-08-18T05:14:28.474Z,178703006847400
"""player 20 @ 4chnM3wbbk"" folds",2026-08-18T05:14:27.617Z,178703006761700
"""player 61 @ uewFolxPCK"" raises to 30",2026-08-18T05:14:25.704Z,178703006570400
"""player 62 @ LGay7r_Caq"" folds",2026-08-18T05:14:24.085Z,178703006408500
"""player 20 @ 4chnM3wbbk"" posts a big blind of 10",2026-08-18T05:14:22.887Z,178703006288706
"""player 61 @ uewFolxPCK"" posts a small blind of 5",2026-08-18T05:14:22.887Z,178703006288705
"Player stacks: #1 ""player 61 @ uewFolxPCK"" (1265) | #2 ""player 20 @ 4chnM3wbbk"" (2265) | #10 ""player 62 @ LGay7r_Caq"" (170)",2026-08-18T05:14:22.887Z,178703006288701
"-- starting hand #88 (id: 1jncgkbhooaq)  No Limit Texas Hold'em (dealer: ""player 62 @ LGay7r_Caq"") --",2026-08-18T05:14:22.887Z,178703006288700
"-- ending hand #87 --",2026-08-18T05:14:16.863Z,178703005686304
"""player 62 @ LGay7r_Caq"" collected 15 from pot with Pair, 3's (combination: 9♠, 10♥, J♦, 3♦, 3♠)",2026-08-18T05:14:16.863Z,178703005686303
"""player 61 @ uewFolxPCK"" collected 15 from pot with Pair, 3's (combination: 9♠, 10♥, J♦, 3♣, 3♠)",2026-08-18T05:14:16.863Z,178703005686302
"""player 61 @ uewFolxPCK"" shows a 3♣, 5♣.",2026-08-18T05:14:16.863Z,178703005686301
"""player 62 @ LGay7r_Caq"" shows a 3♦, 2♦.",2026-08-18T05:14:16.863Z,178703005686300
"""player 20 @ 4chnM3wbbk"" checks",2026-08-18T05:14:16.027Z,178703005602700
"""player 61 @ uewFolxPCK"" checks",2026-08-18T05:14:15.014Z,178703005501400
"""player 62 @ LGay7r_Caq"" checks",2026-08-18T05:14:14.106Z,178703005410600
"River: J♦, 9♠, 10♥, 8♠ [3♠]",2026-08-18T05:14:12.918Z,178703005291800
"""player 20 @ 4chnM3wbbk"" checks",2026-08-18T05:14:12.085Z,178703005208500
"""player 61 @ uewFolxPCK"" checks",2026-08-18T05:14:09.170Z,178703004917000
"""player 62 @ LGay7r_Caq"" checks",2026-08-18T05:14:07.773Z,178703004777300
"Turn: J♦, 9♠, 10♥ [8♠]",2026-08-18T05:14:07.255Z,178703004725500
"""player 20 @ 4chnM3wbbk"" checks",2026-08-18T05:14:06.379Z,178703004637900
"""player 61 @ uewFolxPCK"" checks",2026-08-18T05:14:05.407Z,178703004540700
"""player 62 @ LGay7r_Caq"" checks",2026-08-18T05:14:04.484Z,178703004448400
"Flop:  [J♦, 9♠, 10♥]",2026-08-18T05:14:03.316Z,178703004331600
"""player 61 @ uewFolxPCK"" checks",2026-08-18T05:14:02.380Z,178703004238000
"""player 62 @ LGay7r_Caq"" calls 10",2026-08-18T05:14:01.263Z,178703004126300
"""player 20 @ 4chnM3wbbk"" calls 10",2026-08-18T05:13:59.320Z,178703003932000
"""player 61 @ uewFolxPCK"" posts a big blind of 10",2026-08-18T05:13:48.298Z,178703002829806
"""player 62 @ LGay7r_Caq"" posts a small blind of 5",2026-08-18T05:13:48.298Z,178703002829805
"Your hand is 3♣, 5♣",2026-08-18T05:13:48.298Z,178703002829802
"Player stacks: #1 ""player 61 @ uewFolxPCK"" (1260) | #2 ""player 20 @ 4chnM3wbbk"" (2275) | #10 ""player 62 @ LGay7r_Caq"" (165)",2026-08-18T05:13:48.298Z,178703002829801
"-- starting hand #87 (id: hqeen8qcevzr)  No Limit Texas Hold'em (dealer: ""player 20 @ 4chnM3wbbk"") --",2026-08-18T05:13:48.298Z,178703002829800
"Undealt cards:  [8♣, 8♠, 6♣, J♠, 4♠]",2026-08-18T05:13:44.852Z,178703002485200
"-- ending hand #86 --",2026-08-18T05:13:42.359Z,178703002235902
"""player 20 @ 4chnM3wbbk"" collected 20 from pot",2026-08-18T05:13:42.359Z,178703002235901
"Uncalled bet of 10 returned to ""player 20 @ 4chnM3wbbk""",2026-08-18T05:13:42.359Z,178703002235900
"""player 62 @ LGay7r_Caq"" folds",2026-08-18T05:13:41.522Z,178703002152200
"""player 20 @ 4chnM3wbbk"" raises to 20",2026-08-18T05:13:39.337Z,178703001933700
"""player 61 @ uewFolxPCK"" folds",2026-08-18T05:13:37.125Z,178703001712500
"""player 62 @ LGay7r_Caq"" posts a big blind of 10",2026-08-18T05:13:35.553Z,178703001555306
"""player 20 @ 4chnM3wbbk"" posts a small blind of 5",2026-08-18T05:13:35.553Z,178703001555305
"Player stacks: #1 ""player 61 @ uewFolxPCK"" (1260) | #2 ""player 20 @ 4chnM3wbbk"" (2265) | #10 ""player 62 @ LGay7r_Caq"" (175)",2026-08-18T05:13:35.553Z,178703001555301
"-- starting hand #86 (id: fut6s7g5lb8p)  No Limit Texas Hold'em (dealer: ""player 61 @ uewFolxPCK"") --",2026-08-18T05:13:35.553Z,178703001555300
"-- ending hand #85 --",2026-08-18T05:13:29.549Z,178703000954903
"""player 20 @ 4chnM3wbbk"" collected 90 from pot with Pair, 10's (combination: 6♦, 7♥, K♥, 10♣, 10♦)",2026-08-18T05:13:29.549Z,178703000954902
"""player 20 @ 4chnM3wbbk"" shows a K♥, 10♣.",2026-08-18T05:13:29.549Z,178703000954901
"""player 61 @ uewFolxPCK"" shows a K♣, J♣.",2026-08-18T05:13:29.549Z,178703000954900
"""player 62 @ LGay7r_Caq"" checks",2026-08-18T05:13:28.740Z,178703000874000
"""player 20 @ 4chnM3wbbk"" checks",2026-08-18T05:13:27.760Z,178703000776000
"""player 61 @ uewFolxPCK"" checks",2026-08-18T05:13:26.659Z,178703000665900
"River: 3♠, 7♥, 6♦, 5♥ [10♦]",2026-08-18T05:13:25.348Z,178703000534800
"""player 62 @ LGay7r_Caq"" checks",2026-08-18T05:13:24.496Z,178703000449600
"""player 20 @ 4chnM3wbbk"" checks",2026-08-18T05:13:23.563Z,178703000356300
"""player 61 @ uewFolxPCK"" checks",2026-08-18T05:13:21.014Z,178703000101400
"Turn: 3♠, 7♥, 6♦ [5♥]",2026-08-18T05:13:19.743Z,178702999974300
"""player 62 @ LGay7r_Caq"" checks",2026-08-18T05:13:18.839Z,178702999883900
"""player 20 @ 4chnM3wbbk"" checks",2026-08-18T05:13:17.862Z,178702999786200
"""player 61 @ uewFolxPCK"" checks",2026-08-18T05:13:12.543Z,178702999254300
"Flop:  [3♠, 7♥, 6♦]",2026-08-18T05:13:10.562Z,178702999056200
"""player 62 @ LGay7r_Caq"" calls 30",2026-08-18T05:13:09.726Z,178702998972600
"""player 20 @ 4chnM3wbbk"" calls 30",2026-08-18T05:13:08.812Z,178702998881200
"""player 61 @ uewFolxPCK"" raises to 30",2026-08-18T05:13:03.693Z,178702998369300
"""player 62 @ LGay7r_Caq"" calls 10",2026-08-18T05:13:01.480Z,178702998148000
"""player 20 @ 4chnM3wbbk"" posts a big blind of 10",2026-08-18T05:12:59.681Z,178702997968106
"""player 61 @ uewFolxPCK"" posts a small blind of 5",2026-08-18T05:12:59.681Z,178702997968105
"Your hand is K♣, J♣",2026-08-18T05:12:59.681Z,178702997968102
"Player stacks: #1 ""player 61 @ uewFolxPCK"" (1290) | #2 ""player 20 @ 4chnM3wbbk"" (2205) | #10 ""player 62 @ LGay7r_Caq"" (205)",2026-08-18T05:12:59.681Z,178702997968101
"-- starting hand #85 (id: 4khhk7xqzm2q)  No Limit Texas Hold'em (dealer: ""player 62 @ LGay7r_Caq"") --",2026-08-18T05:12:59.681Z,178702997968100
"-- ending hand #84 --",2026-08-18T05:12:53.673Z,178702997367302
"""player 62 @ LGay7r_Caq"" collected 20 from pot with Pair, K's (combination: 10♣, J♦, A♠, K♠, K♣)",2026-08-18T05:12:53.673Z,178702997367301
"""player 62 @ LGay7r_Caq"" shows a 2♠, J♦.",2026-08-18T05:12:53.673Z,178702997367300
"""player 61 @ uewFolxPCK"" checks",2026-08-18T05:12:52.836Z,178702997283600
"""player 62 @ LGay7r_Caq"" checks",2026-08-18T05:12:51.894Z,178702997189400
"River: A♠, K♠, K♣, 10♣ [7♥]",2026-08-18T05:12:51.223Z,178702997122300
"""player 61 @ uewFolxPCK"" checks",2026-08-18T05:12:50.358Z,178702997035800
"""player 62 @ LGay7r_Caq"" checks",2026-08-18T05:12:49.376Z,178702996937600
"Turn: A♠, K♠, K♣ [10♣]",2026-08-18T05:12:48.956Z,178702996895600
"""player 61 @ uewFolxPCK"" checks",2026-08-18T05:12:48.108Z,178702996810800
"""player 62 @ LGay7r_Caq"" checks",2026-08-18T05:12:47.171Z,178702996717100
"Flop:  [A♠, K♠, K♣]",2026-08-18T05:12:46.069Z,178702996606900
"""player 61 @ uewFolxPCK"" checks",2026-08-18T05:12:45.241Z,178702996524100
"""player 62 @ LGay7r_Caq"" calls 10",2026-08-18T05:12:44.325Z,178702996432500
"""player 20 @ 4chnM3wbbk"" folds",2026-08-18T05:12:43.356Z,178702996335600
"""player 61 @ uewFolxPCK"" posts a big blind of 10",2026-08-18T05:12:42.008Z,178702996200806
"""player 62 @ LGay7r_Caq"" posts a small blind of 5",2026-08-18T05:12:42.008Z,178702996200805
"Player stacks: #1 ""player 61 @ uewFolxPCK"" (1300) | #2 ""player 20 @ 4chnM3wbbk"" (2205) | #10 ""player 62 @ LGay7r_Caq"" (195)",2026-08-18T05:12:42.008Z,178702996200801
"-- starting hand #84 (id: egjxnwnkhiyi)  No Limit Texas Hold'em (dealer: ""player 20 @ 4chnM3wbbk"") --",2026-08-18T05:12:42.008Z,178702996200800
"""player 62 @ LGay7r_Caq"" shows a 9♣, 3♦.",2026-08-18T05:12:36.522Z,178702995652200
"-- ending hand #83 --",2026-08-18T05:12:35.465Z,178702995546502
"""player 20 @ 4chnM3wbbk"" collected 80 from pot with Two Pair, K's & 2's (combination: Q♠, 2♣, 2♠, K♥, K♣)",2026-08-18T05:12:35.465Z,178702995546501
"""player 20 @ 4chnM3wbbk"" shows a 5♦, K♥.",2026-08-18T05:12:35.465Z,178702995546500
"""player 62 @ LGay7r_Caq"" checks",2026-08-18T05:12:34.644Z,178702995464400
"""player 20 @ 4chnM3wbbk"" checks",2026-08-18T05:12:33.632Z,178702995363200
"River: Q♠, 2♣, K♣, 9♥ [2♠]",2026-08-18T05:12:32.061Z,178702995206100
"""player 62 @ LGay7r_Caq"" calls 30",2026-08-18T05:12:31.231Z,178702995123100
"""player 20 @ 4chnM3wbbk"" raises to 30",2026-08-18T05:12:30.236Z,178702995023600
"""player 62 @ LGay7r_Caq"" bets 10",2026-08-18T05:12:28.262Z,178702994826200
"""player 20 @ 4chnM3wbbk"" checks",2026-08-18T05:12:26.493Z,178702994649300
"Turn: Q♠, 2♣, K♣ [9♥]",2026-08-18T05:12:25.194Z,178702994519400
"""player 62 @ LGay7r_Caq"" checks",2026-08-18T05:12:24.373Z,178702994437300
"""player 20 @ 4chnM3wbbk"" checks",2026-08-18T05:12:23.428Z,178702994342800
"Flop:  [Q♠, 2♣, K♣]",2026-08-18T05:12:20.118Z,178702994011800
"""player 62 @ LGay7r_Caq"" checks",2026-08-18T05:12:19.282Z,178702993928200
"""player 20 @ 4chnM3wbbk"" calls 10",2026-08-18T05:12:17.941Z,178702993794100
"""player 61 @ uewFolxPCK"" folds",2026-08-18T05:12:15.418Z,178702993541800
"""player 62 @ LGay7r_Caq"" posts a big blind of 10",2026-08-18T05:12:14.187Z,178702993418706
"""player 20 @ 4chnM3wbbk"" posts a small blind of 5",2026-08-18T05:12:14.187Z,178702993418705
"Player stacks: #1 ""player 61 @ uewFolxPCK"" (1300) | #2 ""player 20 @ 4chnM3wbbk"" (2165) | #10 ""player 62 @ LGay7r_Caq"" (235)",2026-08-18T05:12:14.187Z,178702993418701
"-- starting hand #83 (id: hdriznk8vqk3)  No Limit Texas Hold'em (dealer: ""player 61 @ uewFolxPCK"") --",2026-08-18T05:12:14.187Z,178702993418700
"""player 62 @ LGay7r_Caq"" shows a 2♠, 2♥.",2026-08-18T05:12:09.365Z,178702992936500
"-- ending hand #82 --",2026-08-18T05:12:07.665Z,178702992766502
"""player 61 @ uewFolxPCK"" collected 170 from pot with Pair, K's (combination: 8♣, 9♣, Q♥, K♥, K♦)",2026-08-18T05:12:07.665Z,178702992766501
"""player 61 @ uewFolxPCK"" shows a 8♣, K♥.",2026-08-18T05:12:07.665Z,178702992766500
"""player 62 @ LGay7r_Caq"" calls 40",2026-08-18T05:12:06.792Z,178702992679200
"""player 61 @ uewFolxPCK"" bets 40",2026-08-18T05:12:05.777Z,178702992577700
"River: 9♣, 4♠, K♦, Q♥ [6♦]",2026-08-18T05:12:02.327Z,178702992232700
"""player 62 @ LGay7r_Caq"" checks",2026-08-18T05:12:01.500Z,178702992150000
"""player 61 @ uewFolxPCK"" checks",2026-08-18T05:12:00.460Z,178702992046000
"Turn: 9♣, 4♠, K♦ [Q♥]",2026-08-18T05:11:59.169Z,178702991916900
"""player 61 @ uewFolxPCK"" calls 20",2026-08-18T05:11:58.312Z,178702991831200
"""player 62 @ LGay7r_Caq"" bets 20",2026-08-18T05:11:53.110Z,178702991311000
"""player 61 @ uewFolxPCK"" checks",2026-08-18T05:11:50.938Z,178702991093800
"Flop:  [9♣, 4♠, K♦]",2026-08-18T05:11:49.163Z,178702990916300
"""player 20 @ 4chnM3wbbk"" folds",2026-08-18T05:11:48.313Z,178702990831300
"""player 61 @ uewFolxPCK"" calls 20",2026-08-18T05:11:41.443Z,178702990144300
"""player 62 @ LGay7r_Caq"" raises to 20",2026-08-18T05:11:40.465Z,178702990046500
"""player 20 @ 4chnM3wbbk"" posts a big blind of 10",2026-08-18T05:11:38.391Z,178702989839106
"""player 61 @ uewFolxPCK"" posts a small blind of 5",2026-08-18T05:11:38.391Z,178702989839105
"Your hand is 8♣, K♥",2026-08-18T05:11:38.391Z,178702989839102
"Player stacks: #1 ""player 61 @ uewFolxPCK"" (1210) | #2 ""player 20 @ 4chnM3wbbk"" (2175) | #10 ""player 62 @ LGay7r_Caq"" (315)",2026-08-18T05:11:38.391Z,178702989839101
"-- starting hand #82 (id: sye2ydkb8u2y)  No Limit Texas Hold'em (dealer: ""player 62 @ LGay7r_Caq"") --",2026-08-18T05:11:38.391Z,178702989839100
"-- ending hand #81 --",2026-08-18T05:11:32.357Z,178702989235702
"""player 61 @ uewFolxPCK"" collected 105 from pot with Pair, K's (combination: 8♥, J♠, A♣, K♣, K♥)",2026-08-18T05:11:32.357Z,178702989235701
"""player 61 @ uewFolxPCK"" shows a 5♣, K♣.",2026-08-18T05:11:32.357Z,178702989235700
"""player 20 @ 4chnM3wbbk"" calls 20",2026-08-18T05:11:31.548Z,178702989154800
"""player 61 @ uewFolxPCK"" bets 20",2026-08-18T05:11:30.571Z,178702989057100
"River: A♣, K♥, 8♥, J♠ [6♦]",2026-08-18T05:11:28.980Z,178702988898000
"""player 20 @ 4chnM3wbbk"" checks",2026-08-18T05:11:28.130Z,178702988813000
"""player 61 @ uewFolxPCK"" checks",2026-08-18T05:11:26.664Z,178702988666400
"Turn: A♣, K♥, 8♥ [J♠]",2026-08-18T05:11:25.388Z,178702988538800
"""player 20 @ 4chnM3wbbk"" checks",2026-08-18T05:11:24.583Z,178702988458300
"""player 61 @ uewFolxPCK"" checks",2026-08-18T05:11:17.740Z,178702987774000
"Flop:  [A♣, K♥, 8♥]",2026-08-18T05:11:16.115Z,178702987611500
"""player 20 @ 4chnM3wbbk"" calls 30",2026-08-18T05:11:15.295Z,178702987529500
"""player 61 @ uewFolxPCK"" raises to 30",2026-08-18T05:11:13.244Z,178702987324400
"""player 62 @ LGay7r_Caq"" folds",2026-08-18T05:11:11.216Z,178702987121600
"""player 20 @ 4chnM3wbbk"" calls 10",2026-08-18T05:11:10.230Z,178702987023000
"""player 61 @ uewFolxPCK"" posts a big blind of 10",2026-08-18T05:11:08.578Z,178702986857806
"""player 62 @ LGay7r_Caq"" posts a small blind of 5",2026-08-18T05:11:08.578Z,178702986857805
"Your hand is 5♣, K♣",2026-08-18T05:11:08.578Z,178702986857802
"Player stacks: #1 ""player 61 @ uewFolxPCK"" (1155) | #2 ""player 20 @ 4chnM3wbbk"" (2225) | #10 ""player 62 @ LGay7r_Caq"" (320)",2026-08-18T05:11:08.578Z,178702986857801
"-- starting hand #81 (id: utej6tmgabv8)  No Limit Texas Hold'em (dealer: ""player 20 @ 4chnM3wbbk"") --",2026-08-18T05:11:08.578Z,178702986857800
"-- ending hand #80 --",2026-08-18T05:11:02.547Z,178702986254703
"""player 61 @ uewFolxPCK"" collected 170 from pot with Straight, A High (combination: 10♣, J♠, Q♣, K♥, A♦)",2026-08-18T05:11:02.547Z,178702986254702
"""player 61 @ uewFolxPCK"" shows a J♠, K♥.",2026-08-18T05:11:02.547Z,178702986254701
"""player 20 @ 4chnM3wbbk"" shows a 8♠, 10♠.",2026-08-18T05:11:02.547Z,178702986254700
"""player 61 @ uewFolxPCK"" checks",2026-08-18T05:11:01.728Z,178702986172800
"""player 20 @ 4chnM3wbbk"" checks",2026-08-18T05:10:58.705Z,178702985870500
"River: A♦, 6♣, 10♣, Q♣ [9♣]",2026-08-18T05:10:56.254Z,178702985625400
"""player 62 @ LGay7r_Caq"" folds",2026-08-18T05:10:55.358Z,178702985535800
"""player 20 @ 4chnM3wbbk"" calls 40",2026-08-18T05:10:54.430Z,178702985443000
"""player 61 @ uewFolxPCK"" bets 40",2026-08-18T05:10:52.470Z,178702985247000
"""player 62 @ LGay7r_Caq"" checks",2026-08-18T05:10:50.363Z,178702985036300
"""player 20 @ 4chnM3wbbk"" checks",2026-08-18T05:10:49.414Z,178702984941400
"Turn: A♦, 6♣, 10♣ [Q♣]",2026-08-18T05:10:48.112Z,178702984811200
"""player 61 @ uewFolxPCK"" checks",2026-08-18T05:10:47.301Z,178702984730100
"""player 62 @ LGay7r_Caq"" checks",2026-08-18T05:10:46.373Z,178702984637300
"""player 20 @ 4chnM3wbbk"" checks",2026-08-18T05:10:45.391Z,178702984539100
"Flop:  [A♦, 6♣, 10♣]",2026-08-18T05:10:43.207Z,178702984320700
"""player 62 @ LGay7r_Caq"" calls 30",2026-08-18T05:10:42.327Z,178702984232700
"""player 20 @ 4chnM3wbbk"" calls 30",2026-08-18T05:10:41.380Z,178702984138000
"""player 61 @ uewFolxPCK"" raises to 30",2026-08-18T05:10:38.089Z,178702983808900
"""player 62 @ LGay7r_Caq"" posts a big blind of 10",2026-08-18T05:10:36.463Z,178702983646306
"""player 20 @ 4chnM3wbbk"" posts a small blind of 5",2026-08-18T05:10:36.463Z,178702983646305
"Your hand is J♠, K♥",2026-08-18T05:10:36.463Z,178702983646302
"Player stacks: #1 ""player 61 @ uewFolxPCK"" (1055) | #2 ""player 20 @ 4chnM3wbbk"" (2295) | #10 ""player 62 @ LGay7r_Caq"" (350)",2026-08-18T05:10:36.463Z,178702983646301
"-- starting hand #80 (id: baudh6o0alpv)  No Limit Texas Hold'em (dealer: ""player 61 @ uewFolxPCK"") --",2026-08-18T05:10:36.463Z,178702983646300
"-- ending hand #79 --",2026-08-18T05:10:30.409Z,178702983040903
"""player 61 @ uewFolxPCK"" collected 350 from pot with Pair, 9's (combination: 5♣, K♥, A♣, 9♠, 9♣)",2026-08-18T05:10:30.409Z,178702983040902
"""player 61 @ uewFolxPCK"" shows a 9♠, K♥.",2026-08-18T05:10:30.409Z,178702983040901
"""player 62 @ LGay7r_Caq"" shows a 3♦, 10♦.",2026-08-18T05:10:30.409Z,178702983040900
"""player 61 @ uewFolxPCK"" calls 20",2026-08-18T05:10:29.586Z,178702982958600
"""player 62 @ LGay7r_Caq"" bets 20",2026-08-18T05:10:28.544Z,178702982854400
"""player 61 @ uewFolxPCK"" checks",2026-08-18T05:10:24.761Z,178702982476100
"River: 4♥, 3♠, 9♣, A♣ [5♣]",2026-08-18T05:10:23.251Z,178702982325100
"""player 61 @ uewFolxPCK"" calls 90",2026-08-18T05:10:22.409Z,178702982240900
"""player 62 @ LGay7r_Caq"" bets 90",2026-08-18T05:10:21.452Z,178702982145200
"""player 61 @ uewFolxPCK"" checks",2026-08-18T05:10:19.521Z,178702981952100
"Turn: 4♥, 3♠, 9♣ [A♣]",2026-08-18T05:10:18.048Z,178702981804800
"""player 61 @ uewFolxPCK"" calls 30",2026-08-18T05:10:17.235Z,178702981723500
"""player 62 @ LGay7r_Caq"" bets 30",2026-08-18T05:10:13.221Z,178702981322100
"""player 61 @ uewFolxPCK"" checks",2026-08-18T05:10:10.654Z,178702981065400
"Flop:  [4♥, 3♠, 9♣]",2026-08-18T05:10:09.048Z,178702980904800
"""player 62 @ LGay7r_Caq"" calls 30",2026-08-18T05:10:08.221Z,178702980822100
"""player 20 @ 4chnM3wbbk"" folds",2026-08-18T05:10:06.865Z,178702980686500
"""player 61 @ uewFolxPCK"" raises to 30",2026-08-18T05:09:44.089Z,178702978408900
"""player 62 @ LGay7r_Caq"" calls 10",2026-08-18T05:09:42.388Z,178702978238800
"""player 20 @ 4chnM3wbbk"" posts a big blind of 10",2026-08-18T05:09:40.359Z,178702978035906
"""player 61 @ uewFolxPCK"" posts a small blind of 5",2026-08-18T05:09:40.359Z,178702978035905
"Your hand is 9♠, K♥",2026-08-18T05:09:40.359Z,178702978035902
"Player stacks: #1 ""player 61 @ uewFolxPCK"" (875) | #2 ""player 20 @ 4chnM3wbbk"" (2305) | #10 ""player 62 @ LGay7r_Caq"" (520)",2026-08-18T05:09:40.359Z,178702978035901
"-- starting hand #79 (id: l6jekoskjddt)  No Limit Texas Hold'em (dealer: ""player 62 @ LGay7r_Caq"") --",2026-08-18T05:09:40.359Z,178702978035900
"Undealt cards:  [K♣, A♥, Q♣, 3♣, 7♣]",2026-08-18T05:09:34.713Z,178702977471300
"-- ending hand #78 --",2026-08-18T05:09:34.452Z,178702977445202
"""player 61 @ uewFolxPCK"" collected 10 from pot",2026-08-18T05:09:34.452Z,178702977445201
"Uncalled bet of 5 returned to ""player 61 @ uewFolxPCK""",2026-08-18T05:09:34.452Z,178702977445200
"""player 62 @ LGay7r_Caq"" folds",2026-08-18T05:09:33.626Z,178702977362600
"""player 20 @ 4chnM3wbbk"" folds",2026-08-18T05:09:32.568Z,178702977256800
"""player 61 @ uewFolxPCK"" posts a big blind of 10",2026-08-18T05:09:30.850Z,178702977085006
"""player 62 @ LGay7r_Caq"" posts a small blind of 5",2026-08-18T05:09:30.850Z,178702977085005
"Player stacks: #1 ""player 61 @ uewFolxPCK"" (870) | #2 ""player 20 @ 4chnM3wbbk"" (2305) | #10 ""player 62 @ LGay7r_Caq"" (525)",2026-08-18T05:09:30.850Z,178702977085001
"-- starting hand #78 (id: vn06dnv3qmy9)  No Limit Texas Hold'em (dealer: ""player 20 @ 4chnM3wbbk"") --",2026-08-18T05:09:30.850Z,178702977085000
"""player 62 @ LGay7r_Caq"" shows a 9♠, 9♥.",2026-08-18T05:09:26.323Z,178702976632300
"-- ending hand #77 --",2026-08-18T05:09:24.310Z,178702976431002
"""player 20 @ 4chnM3wbbk"" collected 520 from pot with Straight, K High (combination: 9♣, 10♣, J♠, Q♠, K♠)",2026-08-18T05:09:24.310Z,178702976431001
"""player 20 @ 4chnM3wbbk"" shows a J♠, 10♣.",2026-08-18T05:09:24.310Z,178702976431000
"""player 62 @ LGay7r_Caq"" calls 130",2026-08-18T05:09:23.471Z,178702976347100
"""player 20 @ 4chnM3wbbk"" bets 130",2026-08-18T05:09:22.027Z,178702976202700
"River: K♠, Q♠, 9♣, 7♥ [6♦]",2026-08-18T05:09:17.305Z,178702975730500
"""player 62 @ LGay7r_Caq"" calls 80",2026-08-18T05:09:16.454Z,178702975645400
"""player 20 @ 4chnM3wbbk"" raises to 80",2026-08-18T05:09:15.302Z,178702975530200
"""player 62 @ LGay7r_Caq"" bets 40",2026-08-18T05:09:12.081Z,178702975208100
"""player 20 @ 4chnM3wbbk"" checks",2026-08-18T05:09:09.837Z,178702974983700
"Turn: K♠, Q♠, 9♣ [7♥]",2026-08-18T05:09:08.235Z,178702974823500
"""player 62 @ LGay7r_Caq"" checks",2026-08-18T05:09:07.393Z,178702974739300
"""player 20 @ 4chnM3wbbk"" checks",2026-08-18T05:09:06.049Z,178702974604900
"Flop:  [K♠, Q♠, 9♣]",2026-08-18T05:08:59.368Z,178702973936800
"""player 20 @ 4chnM3wbbk"" calls 50",2026-08-18T05:08:58.534Z,178702973853400
"""player 62 @ LGay7r_Caq"" raises to 50",2026-08-18T05:08:54.803Z,178702973480300
"""player 20 @ 4chnM3wbbk"" raises to 30",2026-08-18T05:08:52.622Z,178702973262200
"""player 61 @ uewFolxPCK"" folds",2026-08-18T05:08:46.542Z,178702972654200
"""player 62 @ LGay7r_Caq"" posts a big blind of 10",2026-08-18T05:08:45.669Z,178702972566906
"""player 20 @ 4chnM3wbbk"" posts a small blind of 5",2026-08-18T05:08:45.669Z,178702972566905
"Player stacks: #1 ""player 61 @ uewFolxPCK"" (870) | #2 ""player 20 @ 4chnM3wbbk"" (2045) | #10 ""player 62 @ LGay7r_Caq"" (785)",2026-08-18T05:08:45.669Z,178702972566901
"-- starting hand #77 (id: nfyhvty59eq7)  No Limit Texas Hold'em (dealer: ""player 61 @ uewFolxPCK"") --",2026-08-18T05:08:45.669Z,178702972566900
"Undealt cards:  [Q♥, J♠, 9♣, 2♥, A♥]",2026-08-18T05:08:41.333Z,178702972133300
"-- ending hand #76 --",2026-08-18T05:08:39.743Z,178702971974302
"""player 62 @ LGay7r_Caq"" collected 25 from pot",2026-08-18T05:08:39.743Z,178702971974301
"Uncalled bet of 20 returned to ""player 62 @ LGay7r_Caq""",2026-08-18T05:08:39.743Z,178702971974300
"""player 20 @ 4chnM3wbbk"" folds",2026-08-18T05:08:38.932Z,178702971893200
"""player 61 @ uewFolxPCK"" folds",2026-08-18T05:08:24.725Z,178702970472500
"""player 62 @ LGay7r_Caq"" raises to 30",2026-08-18T05:08:23.769Z,178702970376900
"""player 20 @ 4chnM3wbbk"" posts a big blind of 10",2026-08-18T05:08:21.226Z,178702970122606
"""player 61 @ uewFolxPCK"" posts a small blind of 5",2026-08-18T05:08:21.226Z,178702970122605
"Player stacks: #1 ""player 61 @ uewFolxPCK"" (875) | #2 ""player 20 @ 4chnM3wbbk"" (2055) | #10 ""player 62 @ LGay7r_Caq"" (770)",2026-08-18T05:08:21.226Z,178702970122601
"-- starting hand #76 (id: id4nkr3qavqc)  No Limit Texas Hold'em (dealer: ""player 62 @ LGay7r_Caq"") --",2026-08-18T05:08:21.226Z,178702970122600
"-- ending hand #75 --",2026-08-18T05:08:15.220Z,178702969522003
"""player 20 @ 4chnM3wbbk"" collected 65 from pot with Pair, 7's (combination: 9♣, 10♣, J♠, 7♣, 7♥)",2026-08-18T05:08:15.220Z,178702969522002
"""player 20 @ 4chnM3wbbk"" shows a 7♣, 9♣.",2026-08-18T05:08:15.220Z,178702969522001
"""player 61 @ uewFolxPCK"" shows a 5♠, A♥.",2026-08-18T05:08:15.220Z,178702969522000
"""player 20 @ 4chnM3wbbk"" checks",2026-08-18T05:08:14.414Z,178702969441400
"""player 61 @ uewFolxPCK"" checks",2026-08-18T05:08:11.170Z,178702969117000
"River: 7♥, J♠, 4♠, 10♣ [2♣]",2026-08-18T05:08:09.720Z,178702968972000
"""player 20 @ 4chnM3wbbk"" checks",2026-08-18T05:08:08.890Z,178702968889000
"""player 61 @ uewFolxPCK"" checks",2026-08-18T05:08:06.987Z,178702968698700
"Turn: 7♥, J♠, 4♠ [10♣]",2026-08-18T05:08:05.887Z,178702968588700
"""player 20 @ 4chnM3wbbk"" checks",2026-08-18T05:08:05.065Z,178702968506500
"""player 61 @ uewFolxPCK"" checks",2026-08-18T05:07:55.763Z,178702967576300
"Flop:  [7♥, J♠, 4♠]",2026-08-18T05:07:40.212Z,178702966021200
"""player 61 @ uewFolxPCK"" calls 30",2026-08-18T05:07:39.379Z,178702965937900
"""player 62 @ LGay7r_Caq"" folds",2026-08-18T05:07:38.295Z,178702965829500
"""player 20 @ 4chnM3wbbk"" raises to 30",2026-08-18T05:07:37.021Z,178702965702100
"""player 61 @ uewFolxPCK"" posts a big blind of 10",2026-08-18T05:07:16.487Z,178702963648706
"""player 62 @ LGay7r_Caq"" posts a small blind of 5",2026-08-18T05:07:16.487Z,178702963648705
"Your hand is 5♠, A♥",2026-08-18T05:07:16.487Z,178702963648702
"Player stacks: #1 ""player 61 @ uewFolxPCK"" (905) | #2 ""player 20 @ 4chnM3wbbk"" (2020) | #10 ""player 62 @ LGay7r_Caq"" (775)",2026-08-18T05:07:16.487Z,178702963648701
"-- starting hand #75 (id: az8eqtoocc77)  No Limit Texas Hold'em (dealer: ""player 20 @ 4chnM3wbbk"") --",2026-08-18T05:07:16.487Z,178702963648700
"Undealt cards: A♠, Q♥, 3♥ [Q♦, 9♦]",2026-08-18T05:07:11.135Z,178702963113500
"-- ending hand #74 --",2026-08-18T05:07:10.549Z,178702963054902
"""player 61 @ uewFolxPCK"" collected 70 from pot",2026-08-18T05:07:10.549Z,178702963054901
"Uncalled bet of 20 returned to ""player 61 @ uewFolxPCK""",2026-08-18T05:07:10.549Z,178702963054900
"""player 20 @ 4chnM3wbbk"" folds",2026-08-18T05:07:09.717Z,178702962971700
"""player 61 @ uewFolxPCK"" bets 20",2026-08-18T05:06:58.202Z,178702961820200
"""player 20 @ 4chnM3wbbk"" checks",2026-08-18T05:06:56.526Z,178702961652600
"Flop:  [A♠, Q♥, 3♥]",2026-08-18T05:06:54.452Z,178702961445200
"""player 62 @ LGay7r_Caq"" folds",2026-08-18T05:06:53.589Z,178702961358900
"""player 20 @ 4chnM3wbbk"" calls 30",2026-08-18T05:06:52.498Z,178702961249800
"""player 61 @ uewFolxPCK"" raises to 30",2026-08-18T05:06:38.097Z,178702959809700
"""player 62 @ LGay7r_Caq"" posts a big blind of 10",2026-08-18T05:06:36.980Z,178702959698006
"""player 20 @ 4chnM3wbbk"" posts a small blind of 5",2026-08-18T05:06:36.980Z,178702959698005
"Player stacks: #1 ""player 61 @ uewFolxPCK"" (865) | #2 ""player 20 @ 4chnM3wbbk"" (2050) | #10 ""player 62 @ LGay7r_Caq"" (785)",2026-08-18T05:06:36.980Z,178702959698001
"-- starting hand #74 (id: 7utzwddnebc7)  No Limit Texas Hold'em (dealer: ""player 61 @ uewFolxPCK"") --",2026-08-18T05:06:36.980Z,178702959698000
"""player 61 @ uewFolxPCK"" shows a A♦.",2026-08-18T05:06:31.987Z,178702959198700
"-- ending hand #73 --",2026-08-18T05:06:30.438Z,178702959043802
"""player 20 @ 4chnM3wbbk"" collected 180 from pot with Full House, J's over 7's (combination: 7♣, 7♥, J♣, J♥, J♠)",2026-08-18T05:06:30.438Z,178702959043801
"""player 20 @ 4chnM3wbbk"" shows a 7♣, J♣.",2026-08-18T05:06:30.438Z,178702959043800
"""player 61 @ uewFolxPCK"" calls 60",2026-08-18T05:06:29.608Z,178702958960800
"""player 20 @ 4chnM3wbbk"" raises to 60",2026-08-18T05:06:27.786Z,178702958778600
"""player 61 @ uewFolxPCK"" bets 30",2026-08-18T05:06:23.139Z,178702958313900
"River: 7♥, J♥, J♠, A♠ [3♣]",2026-08-18T05:06:21.372Z,178702958137200
"""player 20 @ 4chnM3wbbk"" checks",2026-08-18T05:06:20.545Z,178702958054500
"""player 61 @ uewFolxPCK"" checks",2026-08-18T05:06:18.879Z,178702957887900
"Turn: 7♥, J♥, J♠ [A♠]",2026-08-18T05:06:16.570Z,178702957657000
"""player 20 @ 4chnM3wbbk"" checks",2026-08-18T05:06:15.767Z,178702957576700
"""player 61 @ uewFolxPCK"" checks",2026-08-18T05:06:13.960Z,178702957396000
"Flop:  [7♥, J♥, J♠]",2026-08-18T05:06:10.838Z,178702957083800
"""player 20 @ 4chnM3wbbk"" calls 30",2026-08-18T05:06:10.008Z,178702957000800
"""player 61 @ uewFolxPCK"" raises to 30",2026-08-18T05:06:08.999Z,178702956899900
"""player 62 @ LGay7r_Caq"" folds",2026-08-18T05:06:06.704Z,178702956670400
"""player 20 @ 4chnM3wbbk"" posts a big blind of 10",2026-08-18T05:06:05.559Z,178702956555906
"""player 61 @ uewFolxPCK"" posts a small blind of 5",2026-08-18T05:06:05.559Z,178702956555905
"Player stacks: #1 ""player 61 @ uewFolxPCK"" (955) | #2 ""player 20 @ 4chnM3wbbk"" (1960) | #10 ""player 62 @ LGay7r_Caq"" (785)",2026-08-18T05:06:05.559Z,178702956555901
"-- starting hand #73 (id: 2cp2wplsezkd)  No Limit Texas Hold'em (dealer: ""player 62 @ LGay7r_Caq"") --",2026-08-18T05:06:05.559Z,178702956555900
"-- ending hand #72 --",2026-08-18T05:06:02.625Z,178702956262502
"""player 62 @ LGay7r_Caq"" collected 40 from pot",2026-08-18T05:06:02.625Z,178702956262501
"Uncalled bet of 20 returned to ""player 62 @ LGay7r_Caq""",2026-08-18T05:06:02.625Z,178702956262500
"""player 61 @ uewFolxPCK"" folds",2026-08-18T05:06:01.776Z,178702956177600
"""player 62 @ LGay7r_Caq"" bets 20",2026-08-18T05:06:00.682Z,178702956068200
"River: 6♠, 5♥, Q♦, 3♠ [10♥]",2026-08-18T05:05:57.993Z,178702955799300
"""player 61 @ uewFolxPCK"" checks",2026-08-18T05:05:57.173Z,178702955717300
"""player 62 @ LGay7r_Caq"" checks",2026-08-18T05:05:56.239Z,178702955623900
"Turn: 6♠, 5♥, Q♦ [3♠]",2026-08-18T05:05:54.287Z,178702955428700
"""player 61 @ uewFolxPCK"" calls 10",2026-08-18T05:05:53.438Z,178702955343800
"""player 62 @ LGay7r_Caq"" bets 10",2026-08-18T05:05:52.301Z,178702955230100
"Flop:  [6♠, 5♥, Q♦]",2026-08-18T05:05:50.559Z,178702955055900
"""player 61 @ uewFolxPCK"" checks",2026-08-18T05:05:49.701Z,178702954970100
"""player 62 @ LGay7r_Caq"" calls 10",2026-08-18T05:05:48.796Z,178702954879600
"""player 20 @ 4chnM3wbbk"" folds",2026-08-18T05:05:47.267Z,178702954726700
"""player 61 @ uewFolxPCK"" posts a big blind of 10",2026-08-18T05:05:34.361Z,178702953436106
"""player 62 @ LGay7r_Caq"" posts a small blind of 5",2026-08-18T05:05:34.361Z,178702953436105
"Player stacks: #1 ""player 61 @ uewFolxPCK"" (975) | #2 ""player 20 @ 4chnM3wbbk"" (1960) | #10 ""player 62 @ LGay7r_Caq"" (765)",2026-08-18T05:05:34.361Z,178702953436101
"-- starting hand #72 (id: makkgmr4ygw8)  No Limit Texas Hold'em (dealer: ""player 20 @ 4chnM3wbbk"") --",2026-08-18T05:05:34.361Z,178702953436100
"Undealt cards:  [4♣, 3♦, J♣, 10♥, 8♦]",2026-08-18T05:05:29.503Z,178702952950300
"-- ending hand #71 --",2026-08-18T05:05:28.448Z,178702952844802
"""player 62 @ LGay7r_Caq"" collected 10 from pot",2026-08-18T05:05:28.448Z,178702952844801
"Uncalled bet of 5 returned to ""player 62 @ LGay7r_Caq""",2026-08-18T05:05:28.448Z,178702952844800
"""player 20 @ 4chnM3wbbk"" folds",2026-08-18T05:05:27.621Z,178702952762100
"""player 61 @ uewFolxPCK"" folds",2026-08-18T05:05:24.751Z,178702952475100
"""player 62 @ LGay7r_Caq"" posts a big blind of 10",2026-08-18T05:05:23.645Z,178702952364506
"""player 20 @ 4chnM3wbbk"" posts a small blind of 5",2026-08-18T05:05:23.645Z,178702952364505
"Player stacks: #1 ""player 61 @ uewFolxPCK"" (975) | #2 ""player 20 @ 4chnM3wbbk"" (1965) | #10 ""player 62 @ LGay7r_Caq"" (760)",2026-08-18T05:05:23.645Z,178702952364501
"-- starting hand #71 (id: 1zrztc6emuyz)  No Limit Texas Hold'em (dealer: ""player 61 @ uewFolxPCK"") --",2026-08-18T05:05:23.645Z,178702952364500
"Undealt cards: 5♣, 6♥, 10♥ [9♠, 6♦]",2026-08-18T05:05:18.013Z,178702951801300
"-- ending hand #70 --",2026-08-18T05:05:17.734Z,178702951773402
"""player 20 @ 4chnM3wbbk"" collected 30 from pot",2026-08-18T05:05:17.734Z,178702951773401
"Uncalled bet of 30 returned to ""player 20 @ 4chnM3wbbk""",2026-08-18T05:05:17.734Z,178702951773400
"""player 61 @ uewFolxPCK"" folds",2026-08-18T05:05:16.923Z,178702951692300
"""player 62 @ LGay7r_Caq"" folds",2026-08-18T05:05:08.128Z,178702950812800
"""player 20 @ 4chnM3wbbk"" bets 30",2026-08-18T05:05:07.077Z,178702950707700
"""player 61 @ uewFolxPCK"" checks",2026-08-18T05:04:43.395Z,178702948339500
"Flop:  [5♣, 6♥, 10♥]",2026-08-18T05:04:41.065Z,178702948106500
"""player 20 @ 4chnM3wbbk"" checks",2026-08-18T05:04:40.226Z,178702948022600
"""player 61 @ uewFolxPCK"" calls 10",2026-08-18T05:04:37.638Z,178702947763800
"""player 62 @ LGay7r_Caq"" calls 10",2026-08-18T05:04:34.184Z,178702947418400
"""player 20 @ 4chnM3wbbk"" posts a big blind of 10",2026-08-18T05:04:32.899Z,178702947289906
"""player 61 @ uewFolxPCK"" posts a small blind of 5",2026-08-18T05:04:32.899Z,178702947289905
"Player stacks: #1 ""player 61 @ uewFolxPCK"" (985) | #2 ""player 20 @ 4chnM3wbbk"" (1945) | #10 ""player 62 @ LGay7r_Caq"" (770)",2026-08-18T05:04:32.899Z,178702947289901
"-- starting hand #70 (id: rg7vvdgwrafq)  No Limit Texas Hold'em (dealer: ""player 62 @ LGay7r_Caq"") --",2026-08-18T05:04:32.899Z,178702947289900
"-- ending hand #69 --",2026-08-18T05:04:29.993Z,178702946999302
"""player 20 @ 4chnM3wbbk"" collected 130 from pot",2026-08-18T05:04:29.993Z,178702946999301
"Uncalled bet of 45 returned to ""player 20 @ 4chnM3wbbk""",2026-08-18T05:04:29.993Z,178702946999300
"""player 62 @ LGay7r_Caq"" folds",2026-08-18T05:04:29.151Z,178702946915100
"""player 20 @ 4chnM3wbbk"" bets 45",2026-08-18T05:04:26.190Z,178702946619000
"""player 62 @ LGay7r_Caq"" checks",2026-08-18T05:04:22.555Z,178702946255500
"River: K♠, 8♦, Q♣, K♥ [Q♥]",2026-08-18T05:04:20.988Z,178702946098800
"""player 20 @ 4chnM3wbbk"" checks",2026-08-18T05:04:20.164Z,178702946016400
"""player 62 @ LGay7r_Caq"" checks",2026-08-18T05:04:18.743Z,178702945874300
"Turn: K♠, 8♦, Q♣ [K♥]",2026-08-18T05:04:16.988Z,178702945698800
"""player 20 @ 4chnM3wbbk"" calls 30",2026-08-18T05:04:16.135Z,178702945613500
"""player 62 @ LGay7r_Caq"" bets 30",2026-08-18T05:04:14.198Z,178702945419800
"Flop:  [K♠, 8♦, Q♣]",2026-08-18T05:04:11.686Z,178702945168600
"""player 61 @ uewFolxPCK"" folds",2026-08-18T05:04:10.864Z,178702945086400
"""player 62 @ LGay7r_Caq"" calls 30",2026-08-18T05:04:09.928Z,178702944992800
"""player 20 @ 4chnM3wbbk"" raises to 30",2026-08-18T05:04:08.979Z,178702944897900
"""player 61 @ uewFolxPCK"" posts a big blind of 10",2026-08-18T05:03:54.569Z,178702943456906
"""player 62 @ LGay7r_Caq"" posts a small blind of 5",2026-08-18T05:03:54.569Z,178702943456905
"Player stacks: #1 ""player 61 @ uewFolxPCK"" (995) | #2 ""player 20 @ 4chnM3wbbk"" (1875) | #10 ""player 62 @ LGay7r_Caq"" (830)",2026-08-18T05:03:54.569Z,178702943456901
"-- starting hand #69 (id: dw9nvfbnltur)  No Limit Texas Hold'em (dealer: ""player 20 @ 4chnM3wbbk"") --",2026-08-18T05:03:54.569Z,178702943456900
"""player 62 @ LGay7r_Caq"" shows a J♣, Q♠.",2026-08-18T05:03:52.878Z,178702943287800
"-- ending hand #68 --",2026-08-18T05:03:50.961Z,178702943096102
"""player 61 @ uewFolxPCK"" collected 105 from pot",2026-08-18T05:03:50.961Z,178702943096101
"Uncalled bet of 40 returned to ""player 61 @ uewFolxPCK""",2026-08-18T05:03:50.961Z,178702943096100
"""player 62 @ LGay7r_Caq"" folds",2026-08-18T05:03:50.091Z,178702943009100
"""player 61 @ uewFolxPCK"" bets 40",2026-08-18T05:03:47.106Z,178702942710600
"""player 62 @ LGay7r_Caq"" checks",2026-08-18T05:03:44.443Z,178702942444300
"River: 8♠, 7♣, 2♦, K♦ [A♥]",2026-08-18T05:03:42.756Z,178702942275600
"""player 62 @ LGay7r_Caq"" calls 20",2026-08-18T05:03:41.854Z,178702942185400
"""player 61 @ uewFolxPCK"" bets 20",2026-08-18T05:03:40.931Z,178702942093100
"""player 62 @ LGay7r_Caq"" checks",2026-08-18T05:03:38.978Z,178702941897800
"Turn: 8♠, 7♣, 2♦ [K♦]",2026-08-18T05:03:37.997Z,178702941799700
"""player 61 @ uewFolxPCK"" checks",2026-08-18T05:03:37.179Z,178702941717900
"""player 62 @ LGay7r_Caq"" checks",2026-08-18T05:03:35.794Z,178702941579400
"Flop:  [8♠, 7♣, 2♦]",2026-08-18T05:03:33.748Z,178702941374800
"""player 62 @ LGay7r_Caq"" calls 30",2026-08-18T05:03:32.874Z,178702941287400
"""player 20 @ 4chnM3wbbk"" folds",2026-08-18T05:03:31.075Z,178702941107500
"""player 61 @ uewFolxPCK"" raises to 30",2026-08-18T05:03:09.546Z,178702938954600
"""player 62 @ LGay7r_Caq"" posts a big blind of 10",2026-08-18T05:03:07.196Z,178702938719606
"""player 20 @ 4chnM3wbbk"" posts a small blind of 5",2026-08-18T05:03:07.196Z,178702938719605
"Player stacks: #1 ""player 61 @ uewFolxPCK"" (940) | #2 ""player 20 @ 4chnM3wbbk"" (1880) | #10 ""player 62 @ LGay7r_Caq"" (880)",2026-08-18T05:03:07.196Z,178702938719601
"-- starting hand #68 (id: qgtlupxqomnb)  No Limit Texas Hold'em (dealer: ""player 61 @ uewFolxPCK"") --",2026-08-18T05:03:07.196Z,178702938719600
"-- ending hand #67 --",2026-08-18T05:03:01.261Z,178702938126102
"""player 62 @ LGay7r_Caq"" collected 25 from pot",2026-08-18T05:03:01.261Z,178702938126101
"Uncalled bet of 10 returned to ""player 62 @ LGay7r_Caq""",2026-08-18T05:03:01.261Z,178702938126100
"""player 20 @ 4chnM3wbbk"" folds",2026-08-18T05:03:00.433Z,178702938043300
"""player 62 @ LGay7r_Caq"" bets 10",2026-08-18T05:02:58.153Z,178702937815300
"""player 20 @ 4chnM3wbbk"" checks",2026-08-18T05:02:56.217Z,178702937621700
"Flop:  [6♥, 5♣, J♥]",2026-08-18T05:02:54.897Z,178702937489700
"""player 20 @ 4chnM3wbbk"" checks",2026-08-18T05:02:54.037Z,178702937403700
"""player 61 @ uewFolxPCK"" folds",2026-08-18T05:02:50.027Z,178702937002700
"""player 62 @ LGay7r_Caq"" calls 10",2026-08-18T05:02:48.956Z,178702936895600
"""player 20 @ 4chnM3wbbk"" posts a big blind of 10",2026-08-18T05:02:47.527Z,178702936752706
"""player 61 @ uewFolxPCK"" posts a small blind of 5",2026-08-18T05:02:47.527Z,178702936752705
"Player stacks: #1 ""player 61 @ uewFolxPCK"" (945) | #2 ""player 20 @ 4chnM3wbbk"" (1890) | #10 ""player 62 @ LGay7r_Caq"" (865)",2026-08-18T05:02:47.527Z,178702936752701
"-- starting hand #67 (id: rtn3nmo0x8c2)  No Limit Texas Hold'em (dealer: ""player 62 @ LGay7r_Caq"") --",2026-08-18T05:02:47.527Z,178702936752700
"-- ending hand #66 --",2026-08-18T05:02:44.619Z,178702936461902
"""player 61 @ uewFolxPCK"" collected 95 from pot",2026-08-18T05:02:44.619Z,178702936461901
"Uncalled bet of 40 returned to ""player 61 @ uewFolxPCK""",2026-08-18T05:02:44.619Z,178702936461900
"""player 20 @ 4chnM3wbbk"" folds",2026-08-18T05:02:43.813Z,178702936381300
"""player 61 @ uewFolxPCK"" bets 40",2026-08-18T05:02:41.791Z,178702936179100
"River: J♥, 10♥, 3♦, Q♦ [7♦]",2026-08-18T05:02:38.164Z,178702935816400
"""player 20 @ 4chnM3wbbk"" calls 20",2026-08-18T05:02:37.331Z,178702935733100
"""player 61 @ uewFolxPCK"" bets 20",2026-08-18T05:02:34.479Z,178702935447900
"Turn: J♥, 10♥, 3♦ [Q♦]",2026-08-18T05:02:31.721Z,178702935172100
"""player 20 @ 4chnM3wbbk"" checks",2026-08-18T05:02:30.880Z,178702935088000
"""player 61 @ uewFolxPCK"" checks",2026-08-18T05:02:29.202Z,178702934920200
"Flop:  [J♥, 10♥, 3♦]",2026-08-18T05:02:24.608Z,178702934460800
"""player 61 @ uewFolxPCK"" calls 25",2026-08-18T05:02:23.796Z,178702934379600
"""player 62 @ LGay7r_Caq"" folds",2026-08-18T05:02:22.883Z,178702934288300
"""player 20 @ 4chnM3wbbk"" raises to 25",2026-08-18T05:02:21.350Z,178702934135000
"""player 61 @ uewFolxPCK"" posts a big blind of 10",2026-08-18T05:02:15.453Z,178702933545306
"""player 62 @ LGay7r_Caq"" posts a small blind of 5",2026-08-18T05:02:15.453Z,178702933545305
"Player stacks: #1 ""player 61 @ uewFolxPCK"" (895) | #2 ""player 20 @ 4chnM3wbbk"" (1935) | #10 ""player 62 @ LGay7r_Caq"" (870)",2026-08-18T05:02:15.453Z,178702933545301
"-- starting hand #66 (id: mevf3qvtswhq)  No Limit Texas Hold'em (dealer: ""player 20 @ 4chnM3wbbk"") --",2026-08-18T05:02:15.453Z,178702933545300
"-- ending hand #65 --",2026-08-18T05:02:09.396Z,178702932939602
"""player 20 @ 4chnM3wbbk"" collected 150 from pot with Pair, 7's (combination: 10♣, Q♣, K♦, 7♣, 7♥)",2026-08-18T05:02:09.396Z,178702932939601
"""player 20 @ 4chnM3wbbk"" shows a 7♣, 8♣.",2026-08-18T05:02:09.396Z,178702932939600
"""player 61 @ uewFolxPCK"" checks",2026-08-18T05:02:08.548Z,178702932854800
"""player 62 @ LGay7r_Caq"" checks",2026-08-18T05:02:05.381Z,178702932538100
"""player 20 @ 4chnM3wbbk"" checks",2026-08-18T05:02:04.068Z,178702932406800
"River: Q♣, 7♥, 10♣, K♦ [3♠]",2026-08-18T05:02:01.482Z,178702932148200
"""player 20 @ 4chnM3wbbk"" calls 20",2026-08-18T05:02:00.604Z,178702932060400
"""player 61 @ uewFolxPCK"" calls 20",2026-08-18T05:01:56.631Z,178702931663100
"""player 62 @ LGay7r_Caq"" bets 20",2026-08-18T05:01:55.377Z,178702931537700
"""player 20 @ 4chnM3wbbk"" checks",2026-08-18T05:01:52.252Z,178702931225200
"Turn: Q♣, 7♥, 10♣ [K♦]",2026-08-18T05:01:48.882Z,178702930888200
"""player 61 @ uewFolxPCK"" checks",2026-08-18T05:01:48.071Z,178702930807100
"""player 62 @ LGay7r_Caq"" checks",2026-08-18T05:01:45.868Z,178702930586800
"""player 20 @ 4chnM3wbbk"" checks",2026-08-18T05:01:43.998Z,178702930399800
"Flop:  [Q♣, 7♥, 10♣]",2026-08-18T05:01:42.385Z,178702930238500
"""player 62 @ LGay7r_Caq"" calls 30",2026-08-18T05:01:41.534Z,178702930153400
"""player 20 @ 4chnM3wbbk"" calls 30",2026-08-18T05:01:40.452Z,178702930045200
"""player 61 @ uewFolxPCK"" raises to 30",2026-08-18T05:01:39.096Z,178702929909600
"""player 62 @ LGay7r_Caq"" posts a big blind of 10",2026-08-18T05:01:37.367Z,178702929736706
"""player 20 @ 4chnM3wbbk"" posts a small blind of 5",2026-08-18T05:01:37.367Z,178702929736705
"Player stacks: #1 ""player 61 @ uewFolxPCK"" (945) | #2 ""player 20 @ 4chnM3wbbk"" (1835) | #10 ""player 62 @ LGay7r_Caq"" (920)",2026-08-18T05:01:37.367Z,178702929736701
"-- starting hand #65 (id: 6tz6djl88qop)  No Limit Texas Hold'em (dealer: ""player 61 @ uewFolxPCK"") --",2026-08-18T05:01:37.367Z,178702929736700
"-- ending hand #64 --",2026-08-18T05:01:31.362Z,178702929136203
"""player 20 @ 4chnM3wbbk"" collected 120 from pot with Two Pair, K's & 10's (combination: 8♠, 10♦, 10♣, K♦, K♣)",2026-08-18T05:01:31.362Z,178702929136202
"""player 20 @ 4chnM3wbbk"" shows a 10♦, 10♣.",2026-08-18T05:01:31.362Z,178702929136201
"""player 61 @ uewFolxPCK"" shows a A♠, 8♥.",2026-08-18T05:01:31.362Z,178702929136200
"""player 20 @ 4chnM3wbbk"" calls 20",2026-08-18T05:01:30.533Z,178702929053300
"""player 61 @ uewFolxPCK"" bets 20",2026-08-18T05:01:28.974Z,178702928897400
"River: K♦, K♣, 8♠, 2♣ [3♣]",2026-08-18T05:01:24.404Z,178702928440400
"""player 61 @ uewFolxPCK"" calls 10",2026-08-18T05:01:23.576Z,178702928357600
"""player 20 @ 4chnM3wbbk"" bets 10",2026-08-18T05:01:20.016Z,178702928001600
"""player 61 @ uewFolxPCK"" checks",2026-08-18T05:01:15.461Z,178702927546100
"Turn: K♦, K♣, 8♠ [2♣]",2026-08-18T05:01:12.592Z,178702927259200
"""player 20 @ 4chnM3wbbk"" checks",2026-08-18T05:01:11.784Z,178702927178400
"""player 61 @ uewFolxPCK"" checks",2026-08-18T05:01:09.286Z,178702926928600
"Flop:  [K♦, K♣, 8♠]",2026-08-18T05:01:06.834Z,178702926683400
"""player 20 @ 4chnM3wbbk"" calls 30",2026-08-18T05:01:06.027Z,178702926602700
"""player 61 @ uewFolxPCK"" raises to 30",2026-08-18T05:01:01.814Z,178702926181400
"""player 62 @ LGay7r_Caq"" folds",2026-08-18T05:00:59.911Z,178702925991100
"""player 20 @ 4chnM3wbbk"" posts a big blind of 10",2026-08-18T05:00:58.259Z,178702925825906
"""player 61 @ uewFolxPCK"" posts a small blind of 5",2026-08-18T05:00:58.259Z,178702925825905
"Your hand is A♠, 8♥",2026-08-18T05:00:58.259Z,178702925825902
"Player stacks: #1 ""player 61 @ uewFolxPCK"" (1005) | #2 ""player 20 @ 4chnM3wbbk"" (1775) | #10 ""player 62 @ LGay7r_Caq"" (920)",2026-08-18T05:00:58.259Z,178702925825901
"-- starting hand #64 (id: goxbjthwzamk)  No Limit Texas Hold'em (dealer: ""player 62 @ LGay7r_Caq"") --",2026-08-18T05:00:58.259Z,178702925825900
"""player 61 @ uewFolxPCK"" shows a 10♥, 6♣.",2026-08-18T05:00:54.935Z,178702925493500
"Undealt cards:  [6♠, 9♠, 10♣, 2♥, K♣]",2026-08-18T05:00:52.099Z,178702925209900
"-- ending hand #63 --",2026-08-18T05:00:51.588Z,178702925158802
"""player 61 @ uewFolxPCK"" collected 10 from pot",2026-08-18T05:00:51.588Z,178702925158801
"Uncalled bet of 5 returned to ""player 61 @ uewFolxPCK""",2026-08-18T05:00:51.588Z,178702925158800
"""player 62 @ LGay7r_Caq"" folds",2026-08-18T05:00:50.768Z,178702925076800
"""player 20 @ 4chnM3wbbk"" folds",2026-08-18T05:00:49.835Z,178702924983500
"""player 61 @ uewFolxPCK"" posts a big blind of 10",2026-08-18T05:00:48.390Z,178702924839006
"""player 62 @ LGay7r_Caq"" posts a small blind of 5",2026-08-18T05:00:48.390Z,178702924839005
"Your hand is 10♥, 6♣",2026-08-18T05:00:48.390Z,178702924839002
"Player stacks: #1 ""player 61 @ uewFolxPCK"" (1000) | #2 ""player 20 @ 4chnM3wbbk"" (1775) | #10 ""player 62 @ LGay7r_Caq"" (925)",2026-08-18T05:00:48.390Z,178702924839001
"-- starting hand #63 (id: jb7kdc7iubmv)  No Limit Texas Hold'em (dealer: ""player 20 @ 4chnM3wbbk"") --",2026-08-18T05:00:48.390Z,178702924839000
"Undealt cards:  [5♣, 10♥, 7♦, 7♠, J♠]",2026-08-18T05:00:47.807Z,178702924780700
"-- ending hand #62 --",2026-08-18T05:00:42.459Z,178702924245902
"""player 20 @ 4chnM3wbbk"" collected 20 from pot",2026-08-18T05:00:42.459Z,178702924245901
"Uncalled bet of 20 returned to ""player 20 @ 4chnM3wbbk""",2026-08-18T05:00:42.459Z,178702924245900
"""player 62 @ LGay7r_Caq"" folds",2026-08-18T05:00:41.614Z,178702924161400
"""player 20 @ 4chnM3wbbk"" raises to 30",2026-08-18T05:00:37.830Z,178702923783000
"""player 61 @ uewFolxPCK"" folds",2026-08-18T05:00:19.992Z,178702921999200
"""player 62 @ LGay7r_Caq"" posts a big blind of 10",2026-08-18T05:00:18.766Z,178702921876607
"""player 20 @ 4chnM3wbbk"" posts a small blind of 5",2026-08-18T05:00:18.766Z,178702921876606
"Player stacks: #1 ""player 61 @ uewFolxPCK"" (1000) | #2 ""player 20 @ 4chnM3wbbk"" (1765) | #10 ""player 62 @ LGay7r_Caq"" (935)",2026-08-18T05:00:18.766Z,178702921876602
"-- starting hand #62 (id: w70mli0pccqh)  No Limit Texas Hold'em (dealer: ""player 61 @ uewFolxPCK"") --",2026-08-18T05:00:18.766Z,178702921876601
"The admin updated the player ""player 61 @ uewFolxPCK"" stack from 300 to 1000.",2026-08-18T05:00:18.766Z,178702921876600
"Undealt cards: J♥, 10♦, 8♣ [7♠, A♦]",2026-08-18T05:00:13.849Z,178702921384900
"-- ending hand #61 --",2026-08-18T05:00:12.813Z,178702921281302
"""player 62 @ LGay7r_Caq"" collected 45 from pot",2026-08-18T05:00:12.813Z,178702921281301
"Uncalled bet of 20 returned to ""player 62 @ LGay7r_Caq""",2026-08-18T05:00:12.813Z,178702921281300
"""player 20 @ 4chnM3wbbk"" folds",2026-08-18T05:00:11.988Z,178702921198800
"""player 62 @ LGay7r_Caq"" bets 20",2026-08-18T05:00:08.778Z,178702920877800
"""player 20 @ 4chnM3wbbk"" checks",2026-08-18T05:00:06.085Z,178702920608500
"Flop:  [J♥, 10♦, 8♣]",2026-08-18T05:00:02.591Z,178702920259100
"""player 20 @ 4chnM3wbbk"" calls 20",2026-08-18T05:00:01.418Z,178702920141800
"WARNING: the admin queued the stack change for the player ""player 61 @ uewFolxPCK"" adding 700 chips in the next hand.",2026-08-18T04:59:48.640Z,178702918864000
"""player 61 @ uewFolxPCK"" folds",2026-08-18T04:59:42.505Z,178702918250500
"""player 62 @ LGay7r_Caq"" raises to 20",2026-08-18T04:59:40.812Z,178702918081200
"""player 20 @ 4chnM3wbbk"" posts a big blind of 10",2026-08-18T04:59:38.162Z,178702917816206
"""player 61 @ uewFolxPCK"" posts a small blind of 5",2026-08-18T04:59:38.162Z,178702917816205
"Player stacks: #1 ""player 61 @ uewFolxPCK"" (305) | #2 ""player 20 @ 4chnM3wbbk"" (1785) | #10 ""player 62 @ LGay7r_Caq"" (910)",2026-08-18T04:59:38.162Z,178702917816201
"-- starting hand #61 (id: ebqxq2yarmj9)  No Limit Texas Hold'em (dealer: ""player 62 @ LGay7r_Caq"") --",2026-08-18T04:59:38.162Z,178702917816200
"Undealt cards:  [J♣, 7♦, 4♥, 8♥, A♥]",2026-08-18T04:59:32.531Z,178702917253100
"-- ending hand #60 --",2026-08-18T04:59:32.249Z,178702917224902
"""player 62 @ LGay7r_Caq"" collected 20 from pot",2026-08-18T04:59:32.249Z,178702917224901
"Uncalled bet of 20 returned to ""player 62 @ LGay7r_Caq""",2026-08-18T04:59:32.249Z,178702917224900
"""player 61 @ uewFolxPCK"" folds",2026-08-18T04:59:31.412Z,178702917141200
"""player 62 @ LGay7r_Caq"" raises to 30",2026-08-18T04:59:30.452Z,178702917045200
"""player 20 @ 4chnM3wbbk"" folds",2026-08-18T04:59:28.074Z,178702916807400
"""player 61 @ uewFolxPCK"" posts a big blind of 10",2026-08-18T04:59:22.848Z,178702916284806
"""player 62 @ LGay7r_Caq"" posts a small blind of 5",2026-08-18T04:59:22.848Z,178702916284805
"Player stacks: #1 ""player 61 @ uewFolxPCK"" (315) | #2 ""player 20 @ 4chnM3wbbk"" (1785) | #10 ""player 62 @ LGay7r_Caq"" (900)",2026-08-18T04:59:22.848Z,178702916284801
"-- starting hand #60 (id: 1zkwpzuot7dn)  No Limit Texas Hold'em (dealer: ""player 20 @ 4chnM3wbbk"") --",2026-08-18T04:59:22.848Z,178702916284800
"Undealt cards: 9♦, A♣, 9♥, 5♣ [2♦]",2026-08-18T04:59:17.108Z,178702915710800
"-- ending hand #59 --",2026-08-18T04:59:16.944Z,178702915694402
"""player 20 @ 4chnM3wbbk"" collected 310 from pot",2026-08-18T04:59:16.944Z,178702915694401
"Uncalled bet of 130 returned to ""player 20 @ 4chnM3wbbk""",2026-08-18T04:59:16.944Z,178702915694400
"""player 61 @ uewFolxPCK"" folds",2026-08-18T04:59:16.135Z,178702915613500
"""player 20 @ 4chnM3wbbk"" raises to 200",2026-08-18T04:59:13.653Z,178702915365300
"""player 61 @ uewFolxPCK"" bets 70",2026-08-18T04:59:10.565Z,178702915056500
"""player 20 @ 4chnM3wbbk"" checks",2026-08-18T04:59:06.568Z,178702914656800
"Turn: 9♦, A♣, 9♥ [5♣]",2026-08-18T04:59:04.613Z,178702914461300
"""player 20 @ 4chnM3wbbk"" calls 30",2026-08-18T04:59:03.791Z,178702914379100
"""player 61 @ uewFolxPCK"" bets 30",2026-08-18T04:59:02.310Z,178702914231000
"""player 20 @ 4chnM3wbbk"" checks",2026-08-18T04:58:57.383Z,178702913738300
"Flop:  [9♦, A♣, 9♥]",2026-08-18T04:58:55.075Z,178702913507500
"""player 61 @ uewFolxPCK"" calls 50",2026-08-18T04:58:54.263Z,178702913426300
"""player 62 @ LGay7r_Caq"" folds",2026-08-18T04:58:51.407Z,178702913140700
"""player 20 @ 4chnM3wbbk"" raises to 50",2026-08-18T04:58:50.497Z,178702913049700
"""player 61 @ uewFolxPCK"" raises to 30",2026-08-18T04:58:46.719Z,178702912671900
"""player 62 @ LGay7r_Caq"" posts a big blind of 10",2026-08-18T04:58:39.466Z,178702911946606
"""player 20 @ 4chnM3wbbk"" posts a small blind of 5",2026-08-18T04:58:39.466Z,178702911946605
"Player stacks: #1 ""player 61 @ uewFolxPCK"" (465) | #2 ""player 20 @ 4chnM3wbbk"" (1625) | #10 ""player 62 @ LGay7r_Caq"" (910)",2026-08-18T04:58:39.466Z,178702911946601
"-- starting hand #59 (id: 3dc88eeav6xa)  No Limit Texas Hold'em (dealer: ""player 61 @ uewFolxPCK"") --",2026-08-18T04:58:39.466Z,178702911946600
"""player 62 @ LGay7r_Caq"" shows a 6♣.",2026-08-18T04:58:33.662Z,178702911366200
"-- ending hand #58 --",2026-08-18T04:58:32.885Z,178702911288503
"""player 61 @ uewFolxPCK"" collected 220 from pot with Full House, 2's over 6's (combination: 6♠, 6♦, 2♠, 2♦, 2♣)",2026-08-18T04:58:32.885Z,178702911288502
"""player 61 @ uewFolxPCK"" shows a 3♠, 2♠.",2026-08-18T04:58:32.885Z,178702911288501
"""player 20 @ 4chnM3wbbk"" shows a 4♠, 4♥.",2026-08-18T04:58:32.885Z,178702911288500
"""player 61 @ uewFolxPCK"" calls 50",2026-08-18T04:58:32.069Z,178702911206900
"""player 20 @ 4chnM3wbbk"" bets 50",2026-08-18T04:58:31.153Z,178702911115300
"""player 61 @ uewFolxPCK"" checks",2026-08-18T04:58:28.709Z,178702910870900
"River: 6♠, 2♦, 2♣, Q♣ [6♦]",2026-08-18T04:58:26.446Z,178702910644600
"""player 61 @ uewFolxPCK"" calls 30",2026-08-18T04:58:25.568Z,178702910556800
"""player 20 @ 4chnM3wbbk"" bets 30",2026-08-18T04:58:22.860Z,178702910286000
"""player 61 @ uewFolxPCK"" checks",2026-08-18T04:58:20.212Z,178702910021200
"Turn: 6♠, 2♦, 2♣ [Q♣]",2026-08-18T04:58:17.757Z,178702909775700
"""player 61 @ uewFolxPCK"" calls 20",2026-08-18T04:58:16.914Z,178702909691400
"""player 20 @ 4chnM3wbbk"" bets 20",2026-08-18T04:58:10.989Z,178702909098900
"""player 61 @ uewFolxPCK"" checks",2026-08-18T04:58:09.011Z,178702908901100
"Flop:  [6♠, 2♦, 2♣]",2026-08-18T04:58:07.346Z,178702908734600
"""player 20 @ 4chnM3wbbk"" checks",2026-08-18T04:58:06.504Z,178702908650400
"""player 61 @ uewFolxPCK"" calls 10",2026-08-18T04:58:01.605Z,178702908160500
"""player 62 @ LGay7r_Caq"" folds",2026-08-18T04:58:00.261Z,178702908026100
"""player 20 @ 4chnM3wbbk"" posts a big blind of 10",2026-08-18T04:57:59.221Z,178702907922106
"""player 61 @ uewFolxPCK"" posts a small blind of 5",2026-08-18T04:57:59.221Z,178702907922105
"Your hand is 3♠, 2♠",2026-08-18T04:57:59.221Z,178702907922102
"Player stacks: #1 ""player 61 @ uewFolxPCK"" (355) | #2 ""player 20 @ 4chnM3wbbk"" (1735) | #10 ""player 62 @ LGay7r_Caq"" (910)",2026-08-18T04:57:59.221Z,178702907922101
"-- starting hand #58 (id: 2y6gftxnxcdc)  No Limit Texas Hold'em (dealer: ""player 62 @ LGay7r_Caq"") --",2026-08-18T04:57:59.221Z,178702907922100
"-- ending hand #57 --",2026-08-18T04:57:53.173Z,178702907317303
"""player 61 @ uewFolxPCK"" collected 40 from pot with Pair, 2's (combination: 9♦, J♥, A♥, 2♥, 2♠)",2026-08-18T04:57:53.173Z,178702907317302
"""player 61 @ uewFolxPCK"" shows a 2♥, 6♥.",2026-08-18T04:57:53.173Z,178702907317301
"""player 62 @ LGay7r_Caq"" shows a Q♣, 5♣.",2026-08-18T04:57:53.173Z,178702907317300
"""player 61 @ uewFolxPCK"" checks",2026-08-18T04:57:52.365Z,178702907236500
"""player 62 @ LGay7r_Caq"" checks",2026-08-18T04:57:51.473Z,178702907147300
"River: 9♦, J♥, 2♠, A♥ [8♣]",2026-08-18T04:57:50.378Z,178702907037800
"""player 61 @ uewFolxPCK"" checks",2026-08-18T04:57:49.475Z,178702906947500
"""player 62 @ LGay7r_Caq"" checks",2026-08-18T04:57:46.718Z,178702906671800
"Turn: 9♦, J♥, 2♠ [A♥]",2026-08-18T04:57:45.467Z,178702906546700
"""player 61 @ uewFolxPCK"" checks",2026-08-18T04:57:44.640Z,178702906464000
"""player 62 @ LGay7r_Caq"" checks",2026-08-18T04:57:43.170Z,178702906317000
"Flop:  [9♦, J♥, 2♠]",2026-08-18T04:57:41.186Z,178702906118600
"""player 61 @ uewFolxPCK"" calls 20",2026-08-18T04:57:40.346Z,178702906034600
"""player 62 @ LGay7r_Caq"" raises to 20",2026-08-18T04:57:38.897Z,178702905889700
"""player 20 @ 4chnM3wbbk"" folds",2026-08-18T04:57:36.420Z,178702905642000
"""player 61 @ uewFolxPCK"" posts a big blind of 10",2026-08-18T04:57:34.358Z,178702905435806
"""player 62 @ LGay7r_Caq"" posts a small blind of 5",2026-08-18T04:57:34.358Z,178702905435805
"Your hand is 2♥, 6♥",2026-08-18T04:57:34.358Z,178702905435802
"Player stacks: #1 ""player 61 @ uewFolxPCK"" (335) | #2 ""player 20 @ 4chnM3wbbk"" (1735) | #10 ""player 62 @ LGay7r_Caq"" (930)",2026-08-18T04:57:34.358Z,178702905435801
"-- starting hand #57 (id: t5iarsz6ql77)  No Limit Texas Hold'em (dealer: ""player 20 @ 4chnM3wbbk"") --",2026-08-18T04:57:34.358Z,178702905435800
"-- ending hand #56 --",2026-08-18T04:57:31.398Z,178702905139802
"""player 61 @ uewFolxPCK"" collected 170 from pot",2026-08-18T04:57:31.398Z,178702905139801
"Uncalled bet of 165 returned to ""player 61 @ uewFolxPCK""",2026-08-18T04:57:31.398Z,178702905139800
"""player 62 @ LGay7r_Caq"" folds",2026-08-18T04:57:30.581Z,178702905058100
"""player 61 @ uewFolxPCK"" bets 165 and go all in",2026-08-18T04:57:29.548Z,178702904954800
"""player 62 @ LGay7r_Caq"" checks",2026-08-18T04:57:27.863Z,178702904786300
"River: J♦, 3♥, J♠, 10♦ [10♣]",2026-08-18T04:57:26.589Z,178702904658900
"""player 62 @ LGay7r_Caq"" calls 40",2026-08-18T04:57:25.774Z,178702904577400
"""player 20 @ 4chnM3wbbk"" folds",2026-08-18T04:57:24.749Z,178702904474900
"""player 61 @ uewFolxPCK"" bets 40",2026-08-18T04:57:23.466Z,178702904346600
"""player 62 @ LGay7r_Caq"" checks",2026-08-18T04:57:21.589Z,178702904158900
"""player 20 @ 4chnM3wbbk"" checks",2026-08-18T04:57:20.222Z,178702904022200
"Turn: J♦, 3♥, J♠ [10♦]",2026-08-18T04:57:19.014Z,178702903901400
"""player 61 @ uewFolxPCK"" checks",2026-08-18T04:57:18.200Z,178702903820000
"""player 62 @ LGay7r_Caq"" checks",2026-08-18T04:57:16.779Z,178702903677900
"""player 20 @ 4chnM3wbbk"" checks",2026-08-18T04:57:08.370Z,178702902837000
"Flop:  [J♦, 3♥, J♠]",2026-08-18T04:57:06.914Z,178702902691400
"""player 62 @ LGay7r_Caq"" calls 30",2026-08-18T04:57:06.042Z,178702902604200
"""player 20 @ 4chnM3wbbk"" calls 30",2026-08-18T04:57:03.170Z,178702902317000
"""player 61 @ uewFolxPCK"" raises to 30",2026-08-18T04:57:02.059Z,178702902205900
"""player 62 @ LGay7r_Caq"" posts a big blind of 10",2026-08-18T04:57:00.690Z,178702902069007
"""player 20 @ 4chnM3wbbk"" posts a small blind of 5",2026-08-18T04:57:00.690Z,178702902069006
"Player stacks: #1 ""player 61 @ uewFolxPCK"" (235) | #2 ""player 20 @ 4chnM3wbbk"" (1765) | #10 ""player 62 @ LGay7r_Caq"" (1000)",2026-08-18T04:57:00.690Z,178702902069002
"-- starting hand #56 (id: arse7ljx1ngx)  No Limit Texas Hold'em (dealer: ""player 61 @ uewFolxPCK"") --",2026-08-18T04:57:00.690Z,178702902069001
"The player ""player 62 @ LGay7r_Caq"" joined the game with a stack of 1000.",2026-08-18T04:57:00.690Z,178702902069000
"The admin approved the player ""player 62 @ LGay7r_Caq"" participation with a stack of 1000.",2026-08-18T04:56:59.681Z,178702901968100
"The player ""player 62 @ LGay7r_Caq"" requested a seat.",2026-08-18T04:56:56.748Z,178702901674800
"Undealt cards:  [J♣, 4♣, Q♥, 8♦, 9♥]",2026-08-18T04:56:55.289Z,178702901528900
"-- ending hand #55 --",2026-08-18T04:56:54.697Z,178702901469702
"""player 20 @ 4chnM3wbbk"" collected 20 from pot",2026-08-18T04:56:54.697Z,178702901469701
"Uncalled bet of 20 returned to ""player 20 @ 4chnM3wbbk""",2026-08-18T04:56:54.697Z,178702901469700
"""player 61 @ uewFolxPCK"" folds",2026-08-18T04:56:53.890Z,178702901389000
"""player 20 @ 4chnM3wbbk"" raises to 30",2026-08-18T04:56:52.933Z,178702901293300
"""player 61 @ uewFolxPCK"" posts a big blind of 10",2026-08-18T04:56:50.691Z,178702901069105
"""player 20 @ 4chnM3wbbk"" posts a small blind of 5",2026-08-18T04:56:50.691Z,178702901069104
"Player stacks: #1 ""player 61 @ uewFolxPCK"" (245) | #2 ""player 20 @ 4chnM3wbbk"" (1755)",2026-08-18T04:56:50.691Z,178702901069101
"-- starting hand #55 (id: idhkttej8sin)  No Limit Texas Hold'em (dealer: ""player 20 @ 4chnM3wbbk"") --",2026-08-18T04:56:50.691Z,178702901069100
"-- ending hand #54 --",2026-08-18T04:56:42.687Z,178702900268702
"""player 20 @ 4chnM3wbbk"" collected 245 from pot with Straight, A High on the second run  (combination: 10♣, J♦, Q♣, K♠, A♣)",2026-08-18T04:56:42.687Z,178702900268701
"""player 61 @ uewFolxPCK"" collected 245 from pot with Two Pair, 10's & 6's (combination: 9♣, 6♣, 6♦, 10♥, 10♦)",2026-08-18T04:56:42.687Z,178702900268700
"River (second run): Q♣, K♠, A♣, 9♥ [10♣]",2026-08-18T04:56:38.673Z,178702899867300
"Turn (second run): Q♣, K♠, A♣ [9♥]",2026-08-18T04:56:34.666Z,178702899466600
"Flop (second run):  [Q♣, K♠, A♣]",2026-08-18T04:56:30.661Z,178702899066100
"River: 2♦, 10♥, 2♣, 10♦ [9♣]",2026-08-18T04:56:26.657Z,178702898665700
"Turn: 2♦, 10♥, 2♣ [10♦]",2026-08-18T04:56:22.651Z,178702898265100
"Flop:  [2♦, 10♥, 2♣]",2026-08-18T04:56:18.648Z,178702897864800
"""player 20 @ 4chnM3wbbk"" shows a J♦, A♦.",2026-08-18T04:56:14.619Z,178702897461900
"""player 61 @ uewFolxPCK"" shows a 6♣, 6♦.",2026-08-18T04:56:14.309Z,178702897430900
"All players in hand choose to run it twice.",2026-08-18T04:56:13.785Z,178702897378501
"""player 20 @ 4chnM3wbbk"" chooses to  run it twice.",2026-08-18T04:56:13.785Z,178702897378500
"""player 61 @ uewFolxPCK"" chooses to  run it twice.",2026-08-18T04:56:10.296Z,178702897029600
"Remaining players decide whether to run it twice.",2026-08-18T04:56:09.134Z,178702896913401
"""player 20 @ 4chnM3wbbk"" calls 245",2026-08-18T04:56:09.134Z,178702896913400
"""player 61 @ uewFolxPCK"" raises to 245 and go all in",2026-08-18T04:56:04.616Z,178702896461600
"""player 20 @ 4chnM3wbbk"" raises to 90",2026-08-18T04:55:53.342Z,178702895334200
"""player 61 @ uewFolxPCK"" raises to 30",2026-08-18T04:55:38.304Z,178702893830400
"""player 20 @ 4chnM3wbbk"" posts a big blind of 10",2026-08-18T04:55:36.877Z,178702893687705
"""player 61 @ uewFolxPCK"" posts a small blind of 5",2026-08-18T04:55:36.877Z,178702893687704
"Your hand is 6♣, 6♦",2026-08-18T04:55:36.877Z,178702893687702
"Player stacks: #1 ""player 61 @ uewFolxPCK"" (245) | #2 ""player 20 @ 4chnM3wbbk"" (1755)",2026-08-18T04:55:36.877Z,178702893687701
"-- starting hand #54 (id: dsnjqeb8w4mh)  No Limit Texas Hold'em (dealer: ""player 61 @ uewFolxPCK"") --",2026-08-18T04:55:36.877Z,178702893687700
"-- ending hand #53 --",2026-08-18T04:55:30.827Z,178702893082702
"""player 20 @ 4chnM3wbbk"" collected 40 from pot with Flush, J High (combination: 4♦, 6♦, 7♦, 9♦, J♦)",2026-08-18T04:55:30.827Z,178702893082701
"""player 20 @ 4chnM3wbbk"" shows a 7♦, 4♦.",2026-08-18T04:55:30.827Z,178702893082700
"""player 61 @ uewFolxPCK"" calls 10",2026-08-18T04:55:29.985Z,178702892998500
"""player 20 @ 4chnM3wbbk"" bets 10",2026-08-18T04:55:29.093Z,178702892909300
"""player 61 @ uewFolxPCK"" checks",2026-08-18T04:55:26.850Z,178702892685000
"River: J♦, 5♠, 9♦, A♣ [6♦]",2026-08-18T04:55:25.104Z,178702892510400
"""player 20 @ 4chnM3wbbk"" checks",2026-08-18T04:55:24.279Z,178702892427900
"""player 61 @ uewFolxPCK"" checks",2026-08-18T04:55:22.330Z,178702892233000
"Turn: J♦, 5♠, 9♦ [A♣]",2026-08-18T04:55:21.299Z,178702892129900
"""player 20 @ 4chnM3wbbk"" checks",2026-08-18T04:55:20.481Z,178702892048100
"""player 61 @ uewFolxPCK"" checks",2026-08-18T04:55:19.296Z,178702891929600
"Flop:  [J♦, 5♠, 9♦]",2026-08-18T04:55:18.013Z,178702891801300
"""player 61 @ uewFolxPCK"" checks",2026-08-18T04:55:17.208Z,178702891720800
"""player 20 @ 4chnM3wbbk"" calls 10",2026-08-18T04:55:16.008Z,178702891600800
"""player 61 @ uewFolxPCK"" posts a big blind of 10",2026-08-18T04:55:12.951Z,178702891295105
"""player 20 @ 4chnM3wbbk"" posts a small blind of 5",2026-08-18T04:55:12.951Z,178702891295104
"Player stacks: #1 ""player 61 @ uewFolxPCK"" (265) | #2 ""player 20 @ 4chnM3wbbk"" (1735)",2026-08-18T04:55:12.951Z,178702891295101
"-- starting hand #53 (id: gplyygvmcq8h)  No Limit Texas Hold'em (dealer: ""player 20 @ 4chnM3wbbk"") --",2026-08-18T04:55:12.951Z,178702891295100
"Undealt cards:  [5♠, 7♣, K♣, Q♥, 10♠]",2026-08-18T04:55:09.811Z,178702890981100
"-- ending hand #52 --",2026-08-18T04:55:07.009Z,178702890700902
"""player 20 @ 4chnM3wbbk"" collected 10 from pot",2026-08-18T04:55:07.009Z,178702890700901
"Uncalled bet of 5 returned to ""player 20 @ 4chnM3wbbk""",2026-08-18T04:55:07.009Z,178702890700900
"""player 61 @ uewFolxPCK"" folds",2026-08-18T04:55:06.185Z,178702890618500
"""player 20 @ 4chnM3wbbk"" posts a big blind of 10",2026-08-18T04:55:04.929Z,178702890492905
"""player 61 @ uewFolxPCK"" posts a small blind of 5",2026-08-18T04:55:04.929Z,178702890492904
"Player stacks: #1 ""player 61 @ uewFolxPCK"" (270) | #2 ""player 20 @ 4chnM3wbbk"" (1730)",2026-08-18T04:55:04.929Z,178702890492901
"-- starting hand #52 (id: sqdn1d9txxho)  No Limit Texas Hold'em (dealer: ""player 61 @ uewFolxPCK"") --",2026-08-18T04:55:04.929Z,178702890492900
"Undealt cards:  [10♣, 3♠, 8♦, 9♣, 5♠]",2026-08-18T04:54:59.575Z,178702889957500
"-- ending hand #51 --",2026-08-18T04:54:58.992Z,178702889899202
"""player 20 @ 4chnM3wbbk"" collected 20 from pot",2026-08-18T04:54:58.992Z,178702889899201
"Uncalled bet of 20 returned to ""player 20 @ 4chnM3wbbk""",2026-08-18T04:54:58.992Z,178702889899200
"""player 61 @ uewFolxPCK"" folds",2026-08-18T04:54:58.130Z,178702889813000
"""player 20 @ 4chnM3wbbk"" raises to 30",2026-08-18T04:54:55.993Z,178702889599300
"""player 61 @ uewFolxPCK"" posts a big blind of 10",2026-08-18T04:54:54.123Z,178702889412305
"""player 20 @ 4chnM3wbbk"" posts a small blind of 5",2026-08-18T04:54:54.123Z,178702889412304
"Player stacks: #1 ""player 61 @ uewFolxPCK"" (280) | #2 ""player 20 @ 4chnM3wbbk"" (1720)",2026-08-18T04:54:54.123Z,178702889412301
"-- starting hand #51 (id: fm6qbkme3hfs)  No Limit Texas Hold'em (dealer: ""player 20 @ 4chnM3wbbk"") --",2026-08-18T04:54:54.123Z,178702889412300
"Undealt cards:  [J♥, 8♦, 6♣, Q♦, 2♥]",2026-08-18T04:54:48.389Z,178702888838900
"-- ending hand #50 --",2026-08-18T04:54:48.186Z,178702888818602
"""player 20 @ 4chnM3wbbk"" collected 60 from pot",2026-08-18T04:54:48.186Z,178702888818601
"Uncalled bet of 60 returned to ""player 20 @ 4chnM3wbbk""",2026-08-18T04:54:48.186Z,178702888818600
"""player 61 @ uewFolxPCK"" folds",2026-08-18T04:54:47.383Z,178702888738300
"""player 20 @ 4chnM3wbbk"" raises to 90",2026-08-18T04:54:45.220Z,178702888522000
"""player 61 @ uewFolxPCK"" raises to 30",2026-08-18T04:54:42.749Z,178702888274900
"""player 20 @ 4chnM3wbbk"" posts a big blind of 10",2026-08-18T04:54:41.266Z,178702888126605
"""player 61 @ uewFolxPCK"" posts a small blind of 5",2026-08-18T04:54:41.266Z,178702888126604
"Player stacks: #1 ""player 61 @ uewFolxPCK"" (310) | #2 ""player 20 @ 4chnM3wbbk"" (1690)",2026-08-18T04:54:41.266Z,178702888126601
"-- starting hand #50 (id: pqyfhtakq2jo)  No Limit Texas Hold'em (dealer: ""player 61 @ uewFolxPCK"") --",2026-08-18T04:54:41.266Z,178702888126600
"-- ending hand #49 --",2026-08-18T04:54:33.264Z,178702887326402
"""player 20 @ 4chnM3wbbk"" collected 845 from pot with Two Pair, K's & J's on the second run  (combination: 9♠, J♠, J♦, K♠, K♦)",2026-08-18T04:54:33.264Z,178702887326401
"""player 20 @ 4chnM3wbbk"" collected 845 from pot with Two Pair, K's & J's (combination: 9♠, J♠, J♦, K♠, K♦)",2026-08-18T04:54:33.264Z,178702887326400
"River (second run): 4♥, J♦, 9♠, K♦ [3♦]",2026-08-18T04:54:29.230Z,178702886923000
"River: 4♥, J♦, 9♠, K♦ [6♥]",2026-08-18T04:54:25.217Z,178702886521700
"""player 20 @ 4chnM3wbbk"" shows a J♠, K♠.",2026-08-18T04:54:21.159Z,178702886115900
"""player 61 @ uewFolxPCK"" shows a A♥, A♦.",2026-08-18T04:54:20.697Z,178702886069700
"All players in hand choose to run it twice.",2026-08-18T04:54:20.324Z,178702886032401
"""player 20 @ 4chnM3wbbk"" chooses to  run it twice.",2026-08-18T04:54:20.324Z,178702886032400
"""player 61 @ uewFolxPCK"" chooses to  run it twice.",2026-08-18T04:54:19.455Z,178702885945500
"Remaining players decide whether to run it twice.",2026-08-18T04:54:18.906Z,178702885890601
"""player 61 @ uewFolxPCK"" calls 665",2026-08-18T04:54:18.906Z,178702885890600
"""player 20 @ 4chnM3wbbk"" raises to 665 and go all in",2026-08-18T04:54:18.008Z,178702885800800
"""player 61 @ uewFolxPCK"" bets 180",2026-08-18T04:54:15.333Z,178702885533300
"Turn: 4♥, J♦, 9♠ [K♦]",2026-08-18T04:54:08.948Z,178702884894800
"""player 20 @ 4chnM3wbbk"" calls 60",2026-08-18T04:54:08.137Z,178702884813700
"""player 61 @ uewFolxPCK"" bets 60",2026-08-18T04:54:07.046Z,178702884704600
"Flop:  [4♥, J♦, 9♠]",2026-08-18T04:54:04.546Z,178702884454600
"""player 20 @ 4chnM3wbbk"" calls 120",2026-08-18T04:54:03.690Z,178702884369000
"""player 61 @ uewFolxPCK"" raises to 120",2026-08-18T04:54:02.237Z,178702884223700
"""player 20 @ 4chnM3wbbk"" raises to 40",2026-08-18T04:53:58.656Z,178702883865600
"""player 61 @ uewFolxPCK"" posts a big blind of 10",2026-08-18T04:53:55.776Z,178702883577605
"""player 20 @ 4chnM3wbbk"" posts a small blind of 5",2026-08-18T04:53:55.776Z,178702883577604
"Your hand is A♥, A♦",2026-08-18T04:53:55.776Z,178702883577602
"Player stacks: #1 ""player 61 @ uewFolxPCK"" (1155) | #2 ""player 20 @ 4chnM3wbbk"" (845)",2026-08-18T04:53:55.776Z,178702883577601
"-- starting hand #49 (id: dxdlygil41gb)  No Limit Texas Hold'em (dealer: ""player 20 @ 4chnM3wbbk"") --",2026-08-18T04:53:55.776Z,178702883577600
"Undealt cards:  [2♦, 10♦, 8♠, 7♥, K♥]",2026-08-18T04:53:50.172Z,178702883017200
"-- ending hand #48 --",2026-08-18T04:53:49.818Z,178702882981802
"""player 20 @ 4chnM3wbbk"" collected 20 from pot",2026-08-18T04:53:49.818Z,178702882981801
"Uncalled bet of 20 returned to ""player 20 @ 4chnM3wbbk""",2026-08-18T04:53:49.818Z,178702882981800
"""player 61 @ uewFolxPCK"" folds",2026-08-18T04:53:48.974Z,178702882897400
"""player 20 @ 4chnM3wbbk"" raises to 30",2026-08-18T04:53:47.612Z,178702882761200
"""player 61 @ uewFolxPCK"" calls 10",2026-08-18T04:53:45.561Z,178702882556100
"""player 20 @ 4chnM3wbbk"" posts a big blind of 10",2026-08-18T04:53:44.412Z,178702882441205
"""player 61 @ uewFolxPCK"" posts a small blind of 5",2026-08-18T04:53:44.412Z,178702882441204
"Player stacks: #1 ""player 61 @ uewFolxPCK"" (1165) | #2 ""player 20 @ 4chnM3wbbk"" (835)",2026-08-18T04:53:44.412Z,178702882441201
"-- starting hand #48 (id: 2ffmnlsuorh8)  No Limit Texas Hold'em (dealer: ""player 61 @ uewFolxPCK"") --",2026-08-18T04:53:44.412Z,178702882441200
"Undealt cards:  [7♥, 9♦, J♣, 2♣, 6♠]",2026-08-18T04:53:38.898Z,178702881889800
"-- ending hand #47 --",2026-08-18T04:53:38.481Z,178702881848102
"""player 61 @ uewFolxPCK"" collected 10 from pot",2026-08-18T04:53:38.481Z,178702881848101
"Uncalled bet of 5 returned to ""player 61 @ uewFolxPCK""",2026-08-18T04:53:38.481Z,178702881848100
"""player 20 @ 4chnM3wbbk"" folds",2026-08-18T04:53:37.677Z,178702881767700
"""player 61 @ uewFolxPCK"" posts a big blind of 10",2026-08-18T04:53:36.278Z,178702881627805
"""player 20 @ 4chnM3wbbk"" posts a small blind of 5",2026-08-18T04:53:36.278Z,178702881627804
"Player stacks: #1 ""player 61 @ uewFolxPCK"" (1160) | #2 ""player 20 @ 4chnM3wbbk"" (840)",2026-08-18T04:53:36.278Z,178702881627801
"-- starting hand #47 (id: pptxxeqorsvk)  No Limit Texas Hold'em (dealer: ""player 20 @ 4chnM3wbbk"") --",2026-08-18T04:53:36.278Z,178702881627800
"Undealt cards: J♥, 6♣, 8♠, 8♣ [8♦]",2026-08-18T04:53:30.599Z,178702881059900
"-- ending hand #46 --",2026-08-18T04:53:30.359Z,178702881035902
"""player 61 @ uewFolxPCK"" collected 110 from pot",2026-08-18T04:53:30.359Z,178702881035901
"Uncalled bet of 40 returned to ""player 61 @ uewFolxPCK""",2026-08-18T04:53:30.359Z,178702881035900
"""player 20 @ 4chnM3wbbk"" folds",2026-08-18T04:53:29.527Z,178702880952700
"""player 61 @ uewFolxPCK"" bets 40",2026-08-18T04:53:28.137Z,178702880813700
"""player 20 @ 4chnM3wbbk"" checks",2026-08-18T04:53:26.208Z,178702880620800
"Turn: J♥, 6♣, 8♠ [8♣]",2026-08-18T04:53:24.871Z,178702880487100
"""player 20 @ 4chnM3wbbk"" calls 20",2026-08-18T04:53:24.021Z,178702880402100
"""player 61 @ uewFolxPCK"" bets 20",2026-08-18T04:53:22.844Z,178702880284400
"""player 20 @ 4chnM3wbbk"" checks",2026-08-18T04:53:20.842Z,178702880084200
"Flop:  [J♥, 6♣, 8♠]",2026-08-18T04:53:19.357Z,178702879935700
"""player 61 @ uewFolxPCK"" calls 35",2026-08-18T04:53:18.547Z,178702879854700
"""player 20 @ 4chnM3wbbk"" raises to 35",2026-08-18T04:53:16.462Z,178702879646200
"""player 61 @ uewFolxPCK"" calls 10",2026-08-18T04:53:13.439Z,178702879343900
"""player 20 @ 4chnM3wbbk"" posts a big blind of 10",2026-08-18T04:53:11.548Z,178702879154805
"""player 61 @ uewFolxPCK"" posts a small blind of 5",2026-08-18T04:53:11.548Z,178702879154804
"Player stacks: #1 ""player 61 @ uewFolxPCK"" (1105) | #2 ""player 20 @ 4chnM3wbbk"" (895)",2026-08-18T04:53:11.548Z,178702879154801
"-- starting hand #46 (id: v3x6o5ipdgra)  No Limit Texas Hold'em (dealer: ""player 61 @ uewFolxPCK"") --",2026-08-18T04:53:11.548Z,178702879154800
"Undealt cards:  [A♠, 4♦, Q♦, 8♦, K♣]",2026-08-18T04:53:06.359Z,178702878635900
"-- ending hand #45 --",2026-08-18T04:53:05.579Z,178702878557902
"""player 61 @ uewFolxPCK"" collected 10 from pot",2026-08-18T04:53:05.579Z,178702878557901
"Uncalled bet of 5 returned to ""player 61 @ uewFolxPCK""",2026-08-18T04:53:05.579Z,178702878557900
"""player 20 @ 4chnM3wbbk"" folds",2026-08-18T04:53:04.729Z,178702878472900
"""player 61 @ uewFolxPCK"" posts a big blind of 10",2026-08-18T04:52:51.867Z,178702877186705
"""player 20 @ 4chnM3wbbk"" posts a small blind of 5",2026-08-18T04:52:51.867Z,178702877186704
"Player stacks: #1 ""player 61 @ uewFolxPCK"" (1100) | #2 ""player 20 @ 4chnM3wbbk"" (900)",2026-08-18T04:52:51.867Z,178702877186701
"-- starting hand #45 (id: kdiwa6medycv)  No Limit Texas Hold'em (dealer: ""player 20 @ 4chnM3wbbk"") --",2026-08-18T04:52:51.867Z,178702877186700
"-- ending hand #44 --",2026-08-18T04:52:45.863Z,178702876586302
"""player 61 @ uewFolxPCK"" collected 360 from pot with Pair, A's (combination: 8♥, 9♥, J♥, A♣, A♥)",2026-08-18T04:52:45.863Z,178702876586301
"""player 61 @ uewFolxPCK"" shows a 9♥, A♣.",2026-08-18T04:52:45.863Z,178702876586300
"""player 20 @ 4chnM3wbbk"" calls 130",2026-08-18T04:52:45.019Z,178702876501900
"""player 61 @ uewFolxPCK"" raises to 130",2026-08-18T04:52:43.348Z,178702876334800
"""player 20 @ 4chnM3wbbk"" bets 45",2026-08-18T04:52:39.234Z,178702875923400
"River: 7♠, 4♦, J♥, A♥ [8♥]",2026-08-18T04:52:34.950Z,178702875495000
"""player 61 @ uewFolxPCK"" calls 20",2026-08-18T04:52:34.138Z,178702875413800
"""player 20 @ 4chnM3wbbk"" bets 20",2026-08-18T04:52:29.482Z,178702874948200
"Turn: 7♠, 4♦, J♥ [A♥]",2026-08-18T04:52:26.546Z,178702874654600
"""player 61 @ uewFolxPCK"" checks",2026-08-18T04:52:25.667Z,178702874566700
"""player 20 @ 4chnM3wbbk"" checks",2026-08-18T04:52:20.786Z,178702874078600
"Flop:  [7♠, 4♦, J♥]",2026-08-18T04:52:19.337Z,178702873933700
"""player 20 @ 4chnM3wbbk"" calls 30",2026-08-18T04:52:18.457Z,178702873845700
"""player 61 @ uewFolxPCK"" raises to 30",2026-08-18T04:52:17.350Z,178702873735000
"""player 20 @ 4chnM3wbbk"" posts a big blind of 10",2026-08-18T04:52:15.491Z,178702873549105
"""player 61 @ uewFolxPCK"" posts a small blind of 5",2026-08-18T04:52:15.491Z,178702873549104
"Your hand is 9♥, A♣",2026-08-18T04:52:15.491Z,178702873549102
"Player stacks: #1 ""player 61 @ uewFolxPCK"" (920) | #2 ""player 20 @ 4chnM3wbbk"" (1080)",2026-08-18T04:52:15.491Z,178702873549101
"-- starting hand #44 (id: iev6gexbkaow)  No Limit Texas Hold'em (dealer: ""player 61 @ uewFolxPCK"") --",2026-08-18T04:52:15.491Z,178702873549100
"-- ending hand #43 --",2026-08-18T04:52:12.559Z,178702873255902
"""player 20 @ 4chnM3wbbk"" collected 60 from pot",2026-08-18T04:52:12.559Z,178702873255901
"Uncalled bet of 20 returned to ""player 20 @ 4chnM3wbbk""",2026-08-18T04:52:12.559Z,178702873255900
"""player 61 @ uewFolxPCK"" folds",2026-08-18T04:52:11.706Z,178702873170600
"""player 20 @ 4chnM3wbbk"" bets 20",2026-08-18T04:52:09.213Z,178702872921300
"""player 61 @ uewFolxPCK"" checks",2026-08-18T04:52:06.407Z,178702872640700
"River: 10♣, 2♦, 5♦, Q♠ [5♠]",2026-08-18T04:52:03.833Z,178702872383300
"""player 20 @ 4chnM3wbbk"" checks",2026-08-18T04:52:02.955Z,178702872295500
"""player 61 @ uewFolxPCK"" checks",2026-08-18T04:52:01.101Z,178702872110100
"Turn: 10♣, 2♦, 5♦ [Q♠]",2026-08-18T04:51:59.378Z,178702871937800
"""player 20 @ 4chnM3wbbk"" checks",2026-08-18T04:51:58.556Z,178702871855600
"""player 61 @ uewFolxPCK"" checks",2026-08-18T04:51:57.440Z,178702871744000
"Flop:  [10♣, 2♦, 5♦]",2026-08-18T04:51:55.574Z,178702871557400
"""player 61 @ uewFolxPCK"" calls 30",2026-08-18T04:51:54.681Z,178702871468100
"""player 20 @ 4chnM3wbbk"" raises to 30",2026-08-18T04:51:50.922Z,178702871092200
"""player 61 @ uewFolxPCK"" posts a big blind of 10",2026-08-18T04:51:46.931Z,178702870693105
"""player 20 @ 4chnM3wbbk"" posts a small blind of 5",2026-08-18T04:51:46.931Z,178702870693104
"Player stacks: #1 ""player 61 @ uewFolxPCK"" (950) | #2 ""player 20 @ 4chnM3wbbk"" (1050)",2026-08-18T04:51:46.931Z,178702870693101
"-- starting hand #43 (id: 4izlx9bfqrf9)  No Limit Texas Hold'em (dealer: ""player 20 @ 4chnM3wbbk"") --",2026-08-18T04:51:46.931Z,178702870693100
"Undealt cards:  [K♥, 6♣, 10♦, 7♦, J♥]",2026-08-18T04:51:41.546Z,178702870154600
"-- ending hand #42 --",2026-08-18T04:51:40.931Z,178702870093102
"""player 61 @ uewFolxPCK"" collected 20 from pot",2026-08-18T04:51:40.931Z,178702870093101
"Uncalled bet of 20 returned to ""player 61 @ uewFolxPCK""",2026-08-18T04:51:40.931Z,178702870093100
"""player 20 @ 4chnM3wbbk"" folds",2026-08-18T04:51:40.119Z,178702870011900
"""player 61 @ uewFolxPCK"" raises to 30",2026-08-18T04:51:39.165Z,178702869916500
"""player 20 @ 4chnM3wbbk"" posts a big blind of 10",2026-08-18T04:51:37.738Z,178702869773805
"""player 61 @ uewFolxPCK"" posts a small blind of 5",2026-08-18T04:51:37.738Z,178702869773804
"Player stacks: #1 ""player 61 @ uewFolxPCK"" (940) | #2 ""player 20 @ 4chnM3wbbk"" (1060)",2026-08-18T04:51:37.738Z,178702869773801
"-- starting hand #42 (id: 9scjh7jgdc4z)  No Limit Texas Hold'em (dealer: ""player 61 @ uewFolxPCK"") --",2026-08-18T04:51:37.738Z,178702869773800
"-- ending hand #41 --",2026-08-18T04:51:31.710Z,178702869171002
"""player 61 @ uewFolxPCK"" collected 60 from pot with Pair, 10's (combination: 7♥, 8♦, J♦, 10♣, 10♥)",2026-08-18T04:51:31.710Z,178702869171001
"""player 61 @ uewFolxPCK"" shows a 10♣, 5♣.",2026-08-18T04:51:31.710Z,178702869171000
"""player 20 @ 4chnM3wbbk"" checks",2026-08-18T04:51:30.893Z,178702869089300
"""player 61 @ uewFolxPCK"" checks",2026-08-18T04:51:29.452Z,178702868945200
"River: 10♥, 7♥, 6♣, 8♦ [J♦]",2026-08-18T04:51:27.761Z,178702868776100
"""player 20 @ 4chnM3wbbk"" calls 20",2026-08-18T04:51:26.939Z,178702868693900
"""player 61 @ uewFolxPCK"" bets 20",2026-08-18T04:51:24.010Z,178702868401000
"Turn: 10♥, 7♥, 6♣ [8♦]",2026-08-18T04:51:22.277Z,178702868227700
"""player 20 @ 4chnM3wbbk"" checks",2026-08-18T04:51:21.471Z,178702868147100
"""player 61 @ uewFolxPCK"" checks",2026-08-18T04:51:20.380Z,178702868038000
"Flop:  [10♥, 7♥, 6♣]",2026-08-18T04:51:18.540Z,178702867854000
"""player 61 @ uewFolxPCK"" checks",2026-08-18T04:51:17.733Z,178702867773300
"""player 20 @ 4chnM3wbbk"" calls 10",2026-08-18T04:51:16.362Z,178702867636200
"""player 61 @ uewFolxPCK"" posts a big blind of 10",2026-08-18T04:51:14.387Z,178702867438705
"""player 20 @ 4chnM3wbbk"" posts a small blind of 5",2026-08-18T04:51:14.387Z,178702867438704
"Your hand is 10♣, 5♣",2026-08-18T04:51:14.387Z,178702867438702
"Player stacks: #1 ""player 61 @ uewFolxPCK"" (910) | #2 ""player 20 @ 4chnM3wbbk"" (1090)",2026-08-18T04:51:14.387Z,178702867438701
"-- starting hand #41 (id: yrevttjijhog)  No Limit Texas Hold'em (dealer: ""player 20 @ 4chnM3wbbk"") --",2026-08-18T04:51:14.387Z,178702867438700
"-- ending hand #40 --",2026-08-18T04:51:11.470Z,178702867147002
"""player 20 @ 4chnM3wbbk"" collected 220 from pot",2026-08-18T04:51:11.470Z,178702867147001
"Uncalled bet of 50 returned to ""player 20 @ 4chnM3wbbk""",2026-08-18T04:51:11.470Z,178702867147000
"""player 61 @ uewFolxPCK"" folds",2026-08-18T04:51:10.615Z,178702867061500
"""player 20 @ 4chnM3wbbk"" bets 50",2026-08-18T04:51:09.591Z,178702866959100
"River: Q♣, 3♦, 7♣, K♦ [J♣]",2026-08-18T04:51:06.779Z,178702866677900
"""player 61 @ uewFolxPCK"" calls 30",2026-08-18T04:51:05.948Z,178702866594800
"""player 20 @ 4chnM3wbbk"" bets 30",2026-08-18T04:51:03.664Z,178702866366400
"Turn: Q♣, 3♦, 7♣ [K♦]",2026-08-18T04:51:00.798Z,178702866079800
"""player 20 @ 4chnM3wbbk"" calls 20",2026-08-18T04:50:59.988Z,178702865998800
"""player 61 @ uewFolxPCK"" bets 20",2026-08-18T04:50:58.829Z,178702865882900
"""player 20 @ 4chnM3wbbk"" checks",2026-08-18T04:50:57.055Z,178702865705500
"Flop:  [Q♣, 3♦, 7♣]",2026-08-18T04:50:55.712Z,178702865571200
"""player 61 @ uewFolxPCK"" calls 60",2026-08-18T04:50:54.896Z,178702865489600
"""player 20 @ 4chnM3wbbk"" raises to 60",2026-08-18T04:50:53.384Z,178702865338400
"""player 61 @ uewFolxPCK"" raises to 30",2026-08-18T04:50:48.398Z,178702864839800
"""player 20 @ 4chnM3wbbk"" posts a big blind of 10",2026-08-18T04:50:45.110Z,178702864511005
"""player 61 @ uewFolxPCK"" posts a small blind of 5",2026-08-18T04:50:45.110Z,178702864511004
"Player stacks: #1 ""player 61 @ uewFolxPCK"" (1020) | #2 ""player 20 @ 4chnM3wbbk"" (980)",2026-08-18T04:50:45.110Z,178702864511001
"-- starting hand #40 (id: glia3rwkvijr)  No Limit Texas Hold'em (dealer: ""player 61 @ uewFolxPCK"") --",2026-08-18T04:50:45.110Z,178702864511000
"-- ending hand #39 --",2026-08-18T04:50:39.095Z,178702863909503
"""player 20 @ 4chnM3wbbk"" collected 20 from pot with Pair, 8's (combination: 9♦, J♠, Q♠, 8♥, 8♦)",2026-08-18T04:50:39.095Z,178702863909502
"""player 20 @ 4chnM3wbbk"" shows a Q♠, 9♦.",2026-08-18T04:50:39.095Z,178702863909501
"""player 61 @ uewFolxPCK"" shows a 3♥, 9♣.",2026-08-18T04:50:39.095Z,178702863909500
"""player 20 @ 4chnM3wbbk"" checks",2026-08-18T04:50:38.220Z,178702863822000
"""player 61 @ uewFolxPCK"" checks",2026-08-18T04:50:36.863Z,178702863686300
"River: 8♥, 4♠, J♠, 8♦ [7♣]",2026-08-18T04:50:33.690Z,178702863369000
"""player 20 @ 4chnM3wbbk"" checks",2026-08-18T04:50:32.857Z,178702863285700
"""player 61 @ uewFolxPCK"" checks",2026-08-18T04:50:30.981Z,178702863098100
"Turn: 8♥, 4♠, J♠ [8♦]",2026-08-18T04:50:28.475Z,178702862847500
"""player 20 @ 4chnM3wbbk"" checks",2026-08-18T04:50:27.659Z,178702862765900
"""player 61 @ uewFolxPCK"" checks",2026-08-18T04:50:18.369Z,178702861836900
"Flop:  [8♥, 4♠, J♠]",2026-08-18T04:50:16.347Z,178702861634700
"""player 61 @ uewFolxPCK"" checks",2026-08-18T04:50:15.521Z,178702861552100
"""player 20 @ 4chnM3wbbk"" calls 10",2026-08-18T04:50:14.411Z,178702861441100
"""player 61 @ uewFolxPCK"" posts a big blind of 10",2026-08-18T04:50:06.659Z,178702860665905
"""player 20 @ 4chnM3wbbk"" posts a small blind of 5",2026-08-18T04:50:06.659Z,178702860665904
"Your hand is 3♥, 9♣",2026-08-18T04:50:06.659Z,178702860665902
"Player stacks: #1 ""player 61 @ uewFolxPCK"" (1030) | #2 ""player 20 @ 4chnM3wbbk"" (970)",2026-08-18T04:50:06.659Z,178702860665901
"-- starting hand #39 (id: ukbdnog4lcn6)  No Limit Texas Hold'em (dealer: ""player 20 @ 4chnM3wbbk"") --",2026-08-18T04:50:06.659Z,178702860665900
"""player 61 @ uewFolxPCK"" shows a 4♦.",2026-08-18T04:50:02.498Z,178702860249800
"Undealt cards: 3♥, 10♣, A♣ [4♠, 4♣]",2026-08-18T04:50:00.301Z,178702860030100
"-- ending hand #38 --",2026-08-18T04:49:59.978Z,178702859997802
"""player 61 @ uewFolxPCK"" collected 60 from pot",2026-08-18T04:49:59.978Z,178702859997801
"Uncalled bet of 20 returned to ""player 61 @ uewFolxPCK""",2026-08-18T04:49:59.978Z,178702859997800
"""player 20 @ 4chnM3wbbk"" folds",2026-08-18T04:49:59.160Z,178702859916000
"""player 61 @ uewFolxPCK"" bets 20",2026-08-18T04:49:57.759Z,178702859775900
"""player 20 @ 4chnM3wbbk"" checks",2026-08-18T04:49:55.276Z,178702859527600
"Flop:  [3♥, 10♣, A♣]",2026-08-18T04:49:53.847Z,178702859384700
"""player 20 @ 4chnM3wbbk"" calls 30",2026-08-18T04:49:53.043Z,178702859304300
"""player 61 @ uewFolxPCK"" raises to 30",2026-08-18T04:49:49.768Z,178702858976800
"""player 20 @ 4chnM3wbbk"" posts a big blind of 10",2026-08-18T04:49:48.161Z,178702858816107
"""player 61 @ uewFolxPCK"" posts a small blind of 5",2026-08-18T04:49:48.161Z,178702858816106
"Player stacks: #1 ""player 61 @ uewFolxPCK"" (1000) | #2 ""player 20 @ 4chnM3wbbk"" (1000)",2026-08-18T04:49:48.161Z,178702858816103
"The player ""player 20 @ 4chnM3wbbk"" joined the game with a stack of 1000.",2026-08-18T04:49:48.161Z,178702858816102
"The player ""player 61 @ uewFolxPCK"" joined the game with a stack of 1000.",2026-08-18T04:49:48.161Z,178702858816101
"-- starting hand #38 (id: epwf29k5tyuh)  No Limit Texas Hold'em (dealer: ""player 61 @ uewFolxPCK"") --",2026-08-18T04:49:48.161Z,178702858816100
"The admin approved the player ""player 20 @ 4chnM3wbbk"" participation with a stack of 1000.",2026-08-18T04:49:46.813Z,178702858681300
"The player ""player 20 @ 4chnM3wbbk"" requested a seat.",2026-08-18T04:49:44.266Z,178702858426600
"The admin updated the player ""player 61 @ uewFolxPCK"" stack from 2000 to 1000.",2026-08-18T04:49:42.260Z,178702858226001
"WARNING: the admin queued the stack change for the player ""player 61 @ uewFolxPCK"" removing 1000 chips in the next hand.",2026-08-18T04:49:42.260Z,178702858226000
"The player ""player 20 @ 4chnM3wbbk"" quits the game with a stack of 0.",2026-08-18T04:49:18.306Z,178702855830600
"-- ending hand #37 --",2026-08-18T04:49:10.253Z,178702855025302
"""player 61 @ uewFolxPCK"" collected 280 from pot with Three of a Kind, K's on the second run  (combination: J♣, A♠, K♣, K♥, K♠)",2026-08-18T04:49:10.253Z,178702855025301
"""player 61 @ uewFolxPCK"" collected 280 from pot with Pair, J's (combination: 6♥, 10♣, K♣, J♣, J♠)",2026-08-18T04:49:10.253Z,178702855025300
"River (second run): 7♠, K♥, 2♣, K♠ [A♠]",2026-08-18T04:49:06.216Z,178702854621600
"Turn (second run): 7♠, K♥, 2♣ [K♠]",2026-08-18T04:49:02.121Z,178702854212100
"Flop (second run):  [7♠, K♥, 2♣]",2026-08-18T04:48:58.097Z,178702853809700
"River: J♠, 5♠, 10♣, 6♥ [4♥]",2026-08-18T04:48:54.078Z,178702853407800
"Turn: J♠, 5♠, 10♣ [6♥]",2026-08-18T04:48:50.012Z,178702853001200
"Flop:  [J♠, 5♠, 10♣]",2026-08-18T04:48:45.983Z,178702852598300
"""player 20 @ 4chnM3wbbk"" shows a 9♠, 9♥.",2026-08-18T04:48:41.978Z,178702852197800
"""player 61 @ uewFolxPCK"" shows a K♣, J♣.",2026-08-18T04:48:41.705Z,178702852170500
"All players in hand choose to run it twice.",2026-08-18T04:48:41.173Z,178702852117301
"""player 20 @ 4chnM3wbbk"" chooses to  run it twice.",2026-08-18T04:48:41.173Z,178702852117300
"""player 61 @ uewFolxPCK"" chooses to  run it twice.",2026-08-18T04:48:40.593Z,178702852059300
"Remaining players decide whether to run it twice.",2026-08-18T04:48:39.919Z,178702851991901
"""player 61 @ uewFolxPCK"" calls 280",2026-08-18T04:48:39.919Z,178702851991900
"""player 20 @ 4chnM3wbbk"" raises to 280 and go all in",2026-08-18T04:48:36.225Z,178702851622500
"""player 61 @ uewFolxPCK"" raises to 30",2026-08-18T04:48:33.796Z,178702851379600
"""player 20 @ 4chnM3wbbk"" posts a big blind of 10",2026-08-18T04:48:32.314Z,178702851231405
"""player 61 @ uewFolxPCK"" posts a small blind of 5",2026-08-18T04:48:32.314Z,178702851231404
"Your hand is K♣, J♣",2026-08-18T04:48:32.314Z,178702851231402
"Player stacks: #1 ""player 61 @ uewFolxPCK"" (1720) | #2 ""player 20 @ 4chnM3wbbk"" (280)",2026-08-18T04:48:32.314Z,178702851231401
"-- starting hand #37 (id: qchzbb2borv7)  No Limit Texas Hold'em (dealer: ""player 61 @ uewFolxPCK"") --",2026-08-18T04:48:32.314Z,178702851231400
"Undealt cards: 5♠, Q♠, 5♣, 3♠ [8♥]",2026-08-18T04:48:26.669Z,178702850666900
"-- ending hand #36 --",2026-08-18T04:48:26.390Z,178702850639002
"""player 61 @ uewFolxPCK"" collected 20 from pot",2026-08-18T04:48:26.390Z,178702850639001
"Uncalled bet of 20 returned to ""player 61 @ uewFolxPCK""",2026-08-18T04:48:26.390Z,178702850639000
"""player 20 @ 4chnM3wbbk"" folds",2026-08-18T04:48:25.512Z,178702850551200
"""player 61 @ uewFolxPCK"" bets 20",2026-08-18T04:48:22.849Z,178702850284900
"Turn: 5♠, Q♠, 5♣ [3♠]",2026-08-18T04:48:20.584Z,178702850058400
"""player 20 @ 4chnM3wbbk"" checks",2026-08-18T04:48:19.741Z,178702849974100
"""player 61 @ uewFolxPCK"" checks",2026-08-18T04:48:18.656Z,178702849865600
"Flop:  [5♠, Q♠, 5♣]",2026-08-18T04:48:17.074Z,178702849707400
"""player 61 @ uewFolxPCK"" checks",2026-08-18T04:48:16.260Z,178702849626000
"""player 20 @ 4chnM3wbbk"" calls 10",2026-08-18T04:48:15.349Z,178702849534900
"""player 61 @ uewFolxPCK"" posts a big blind of 10",2026-08-18T04:48:13.782Z,178702849378205
"""player 20 @ 4chnM3wbbk"" posts a small blind of 5",2026-08-18T04:48:13.782Z,178702849378204
"Player stacks: #1 ""player 61 @ uewFolxPCK"" (1710) | #2 ""player 20 @ 4chnM3wbbk"" (290)",2026-08-18T04:48:13.782Z,178702849378201
"-- starting hand #36 (id: ufnyosbojyhu)  No Limit Texas Hold'em (dealer: ""player 20 @ 4chnM3wbbk"") --",2026-08-18T04:48:13.782Z,178702849378200
"Undealt cards:  [6♥, 10♣, K♣, K♠, 5♥]",2026-08-18T04:48:08.337Z,178702848833700
"-- ending hand #35 --",2026-08-18T04:48:07.831Z,178702848783102
"""player 20 @ 4chnM3wbbk"" collected 60 from pot",2026-08-18T04:48:07.831Z,178702848783101
"Uncalled bet of 230 returned to ""player 20 @ 4chnM3wbbk""",2026-08-18T04:48:07.831Z,178702848783100
"""player 61 @ uewFolxPCK"" folds",2026-08-18T04:48:07.022Z,178702848702200
"""player 20 @ 4chnM3wbbk"" raises to 260 and go all in",2026-08-18T04:48:06.059Z,178702848605900
"""player 61 @ uewFolxPCK"" raises to 30",2026-08-18T04:48:03.215Z,178702848321500
"""player 20 @ 4chnM3wbbk"" posts a big blind of 10",2026-08-18T04:48:00.482Z,178702848048205
"""player 61 @ uewFolxPCK"" posts a small blind of 5",2026-08-18T04:48:00.482Z,178702848048204
"Player stacks: #1 ""player 61 @ uewFolxPCK"" (1740) | #2 ""player 20 @ 4chnM3wbbk"" (260)",2026-08-18T04:48:00.482Z,178702848048201
"-- starting hand #35 (id: f2dhm8e0tzak)  No Limit Texas Hold'em (dealer: ""player 61 @ uewFolxPCK"") --",2026-08-18T04:48:00.482Z,178702848048200
"Undealt cards:  [K♣, 7♦, 2♣, 5♠, 7♣]",2026-08-18T04:47:55.199Z,178702847519900
"-- ending hand #34 --",2026-08-18T04:47:54.552Z,178702847455202
"""player 61 @ uewFolxPCK"" collected 10 from pot",2026-08-18T04:47:54.552Z,178702847455201
"Uncalled bet of 5 returned to ""player 61 @ uewFolxPCK""",2026-08-18T04:47:54.552Z,178702847455200
"""player 20 @ 4chnM3wbbk"" folds",2026-08-18T04:47:53.741Z,178702847374100
"""player 61 @ uewFolxPCK"" posts a big blind of 10",2026-08-18T04:47:52.108Z,178702847210805
"""player 20 @ 4chnM3wbbk"" posts a small blind of 5",2026-08-18T04:47:52.108Z,178702847210804
"Player stacks: #1 ""player 61 @ uewFolxPCK"" (1735) | #2 ""player 20 @ 4chnM3wbbk"" (265)",2026-08-18T04:47:52.108Z,178702847210801
"-- starting hand #34 (id: csuipsflbw7b)  No Limit Texas Hold'em (dealer: ""player 20 @ 4chnM3wbbk"") --",2026-08-18T04:47:52.108Z,178702847210800
"-- ending hand #33 --",2026-08-18T04:47:44.069Z,178702846406902
"""player 20 @ 4chnM3wbbk"" collected 265 from pot with A High on the second run  (combination: 6♥, 8♥, J♠, Q♠, A♣)",2026-08-18T04:47:44.069Z,178702846406901
"""player 61 @ uewFolxPCK"" collected 265 from pot with Pair, 3's (combination: 8♦, K♠, A♦, 3♦, 3♠)",2026-08-18T04:47:44.069Z,178702846406900
"River (second run): 8♥, 2♥, 5♥, 6♥ [Q♠]",2026-08-18T04:47:39.964Z,178702845996400
"Turn (second run): 8♥, 2♥, 5♥ [6♥]",2026-08-18T04:47:35.958Z,178702845595800
"Flop (second run):  [8♥, 2♥, 5♥]",2026-08-18T04:47:31.944Z,178702845194400
"River: K♠, 8♦, 4♣, 5♦ [3♠]",2026-08-18T04:47:27.888Z,178702844788800
"Turn: K♠, 8♦, 4♣ [5♦]",2026-08-18T04:47:23.884Z,178702844388400
"Flop:  [K♠, 8♦, 4♣]",2026-08-18T04:47:19.871Z,178702843987100
"""player 20 @ 4chnM3wbbk"" shows a A♣, J♠.",2026-08-18T04:47:15.816Z,178702843581601
"Uncalled bet of 1470 returned to ""player 61 @ uewFolxPCK""",2026-08-18T04:47:15.816Z,178702843581600
"""player 61 @ uewFolxPCK"" shows a 3♦, A♦.",2026-08-18T04:47:15.470Z,178702843547000
"All players in hand choose to run it twice.",2026-08-18T04:47:14.981Z,178702843498101
"""player 20 @ 4chnM3wbbk"" chooses to  run it twice.",2026-08-18T04:47:14.981Z,178702843498100
"""player 61 @ uewFolxPCK"" chooses to  run it twice.",2026-08-18T04:47:11.981Z,178702843198100
"Remaining players decide whether to run it twice.",2026-08-18T04:47:10.923Z,178702843092301
"""player 20 @ 4chnM3wbbk"" calls 265 and go all in",2026-08-18T04:47:10.923Z,178702843092300
"""player 61 @ uewFolxPCK"" raises to 1735 and go all in",2026-08-18T04:47:09.853Z,178702842985300
"""player 20 @ 4chnM3wbbk"" raises to 90",2026-08-18T04:47:07.169Z,178702842716900
"""player 61 @ uewFolxPCK"" raises to 30",2026-08-18T04:47:05.045Z,178702842504500
"""player 20 @ 4chnM3wbbk"" posts a big blind of 10",2026-08-18T04:47:03.702Z,178702842370205
"""player 61 @ uewFolxPCK"" posts a small blind of 5",2026-08-18T04:47:03.702Z,178702842370204
"Your hand is 3♦, A♦",2026-08-18T04:47:03.702Z,178702842370202
"Player stacks: #1 ""player 61 @ uewFolxPCK"" (1735) | #2 ""player 20 @ 4chnM3wbbk"" (265)",2026-08-18T04:47:03.702Z,178702842370201
"-- starting hand #33 (id: jz0tuqaorlrr)  No Limit Texas Hold'em (dealer: ""player 61 @ uewFolxPCK"") --",2026-08-18T04:47:03.702Z,178702842370200
"Undealt cards: 10♥, 7♦, 7♣ [K♣, Q♦]",2026-08-18T04:46:57.965Z,178702841796500
"-- ending hand #32 --",2026-08-18T04:46:57.785Z,178702841778502
"""player 61 @ uewFolxPCK"" collected 60 from pot",2026-08-18T04:46:57.785Z,178702841778501
"Uncalled bet of 20 returned to ""player 61 @ uewFolxPCK""",2026-08-18T04:46:57.785Z,178702841778500
"""player 20 @ 4chnM3wbbk"" folds",2026-08-18T04:46:56.959Z,178702841695900
"""player 61 @ uewFolxPCK"" bets 20",2026-08-18T04:46:55.289Z,178702841528900
"Flop:  [10♥, 7♦, 7♣]",2026-08-18T04:46:52.982Z,178702841298200
"""player 61 @ uewFolxPCK"" calls 30",2026-08-18T04:46:52.157Z,178702841215700
"""player 20 @ 4chnM3wbbk"" raises to 30",2026-08-18T04:46:51.192Z,178702841119200
"""player 61 @ uewFolxPCK"" posts a big blind of 10",2026-08-18T04:46:48.778Z,178702840877805
"""player 20 @ 4chnM3wbbk"" posts a small blind of 5",2026-08-18T04:46:48.778Z,178702840877804
"Player stacks: #1 ""player 61 @ uewFolxPCK"" (1705) | #2 ""player 20 @ 4chnM3wbbk"" (295)",2026-08-18T04:46:48.778Z,178702840877801
"-- starting hand #32 (id: w9p5lxlwp5ft)  No Limit Texas Hold'em (dealer: ""player 20 @ 4chnM3wbbk"") --",2026-08-18T04:46:48.778Z,178702840877800
"Undealt cards:  [5♦, K♥, A♣, Q♥, 3♦]",2026-08-18T04:46:43.090Z,178702840309000
"-- ending hand #31 --",2026-08-18T04:46:42.860Z,178702840286002
"""player 61 @ uewFolxPCK"" collected 20 from pot",2026-08-18T04:46:42.860Z,178702840286001
"Uncalled bet of 20 returned to ""player 61 @ uewFolxPCK""",2026-08-18T04:46:42.860Z,178702840286000
"""player 20 @ 4chnM3wbbk"" folds",2026-08-18T04:46:41.987Z,178702840198700
"""player 61 @ uewFolxPCK"" raises to 30",2026-08-18T04:46:40.261Z,178702840026100
"""player 20 @ 4chnM3wbbk"" posts a big blind of 10",2026-08-18T04:46:38.778Z,178702839877805
"""player 61 @ uewFolxPCK"" posts a small blind of 5",2026-08-18T04:46:38.778Z,178702839877804
"Player stacks: #1 ""player 61 @ uewFolxPCK"" (1695) | #2 ""player 20 @ 4chnM3wbbk"" (305)",2026-08-18T04:46:38.778Z,178702839877801
"-- starting hand #31 (id: 7vo3ihdx9hoo)  No Limit Texas Hold'em (dealer: ""player 61 @ uewFolxPCK"") --",2026-08-18T04:46:38.778Z,178702839877800
"-- ending hand #30 --",2026-08-18T04:46:32.771Z,178702839277102
"""player 61 @ uewFolxPCK"" collected 100 from pot with Two Pair, 6's & 3's (combination: A♥, 3♠, 3♦, 6♥, 6♣)",2026-08-18T04:46:32.771Z,178702839277101
"""player 61 @ uewFolxPCK"" shows a 6♥, A♥.",2026-08-18T04:46:32.771Z,178702839277100
"""player 20 @ 4chnM3wbbk"" calls 20",2026-08-18T04:46:31.940Z,178702839194000
"""player 61 @ uewFolxPCK"" bets 20",2026-08-18T04:46:30.850Z,178702839085000
"River: 3♠, 3♦, 5♣, K♦ [6♣]",2026-08-18T04:46:26.881Z,178702838688100
"""player 20 @ 4chnM3wbbk"" checks",2026-08-18T04:46:26.077Z,178702838607700
"""player 61 @ uewFolxPCK"" checks",2026-08-18T04:46:24.750Z,178702838475000
"Turn: 3♠, 3♦, 5♣ [K♦]",2026-08-18T04:46:21.241Z,178702838124100
"""player 20 @ 4chnM3wbbk"" checks",2026-08-18T04:46:20.382Z,178702838038200
"""player 61 @ uewFolxPCK"" checks",2026-08-18T04:46:19.029Z,178702837902900
"Flop:  [3♠, 3♦, 5♣]",2026-08-18T04:46:15.472Z,178702837547200
"""player 61 @ uewFolxPCK"" calls 30",2026-08-18T04:46:14.669Z,178702837466900
"""player 20 @ 4chnM3wbbk"" raises to 30",2026-08-18T04:46:13.544Z,178702837354400
"""player 61 @ uewFolxPCK"" posts a big blind of 10",2026-08-18T04:46:11.239Z,178702837123905
"""player 20 @ 4chnM3wbbk"" posts a small blind of 5",2026-08-18T04:46:11.239Z,178702837123904
"Your hand is 6♥, A♥",2026-08-18T04:46:11.239Z,178702837123902
"Player stacks: #1 ""player 61 @ uewFolxPCK"" (1645) | #2 ""player 20 @ 4chnM3wbbk"" (355)",2026-08-18T04:46:11.239Z,178702837123901
"-- starting hand #30 (id: kbmgta7lewje)  No Limit Texas Hold'em (dealer: ""player 20 @ 4chnM3wbbk"") --",2026-08-18T04:46:11.239Z,178702837123900
"Undealt cards:  [J♠, A♥, 2♥, Q♥, 10♣]",2026-08-18T04:46:05.587Z,178702836558700
"-- ending hand #29 --",2026-08-18T04:46:05.330Z,178702836533002
"""player 61 @ uewFolxPCK"" collected 20 from pot",2026-08-18T04:46:05.330Z,178702836533001
"Uncalled bet of 20 returned to ""player 61 @ uewFolxPCK""",2026-08-18T04:46:05.330Z,178702836533000
"""player 20 @ 4chnM3wbbk"" folds",2026-08-18T04:46:04.495Z,178702836449500
"""player 61 @ uewFolxPCK"" raises to 30",2026-08-18T04:46:02.873Z,178702836287300
"""player 20 @ 4chnM3wbbk"" posts a big blind of 10",2026-08-18T04:46:01.504Z,178702836150405
"""player 61 @ uewFolxPCK"" posts a small blind of 5",2026-08-18T04:46:01.504Z,178702836150404
"Player stacks: #1 ""player 61 @ uewFolxPCK"" (1635) | #2 ""player 20 @ 4chnM3wbbk"" (365)",2026-08-18T04:46:01.504Z,178702836150401
"-- starting hand #29 (id: jfvuswxani9v)  No Limit Texas Hold'em (dealer: ""player 61 @ uewFolxPCK"") --",2026-08-18T04:46:01.504Z,178702836150400
"Undealt cards:  [4♥, 7♥, Q♥, 4♣, 8♥]",2026-08-18T04:45:55.822Z,178702835582200
"-- ending hand #28 --",2026-08-18T04:45:55.564Z,178702835556402
"""player 20 @ 4chnM3wbbk"" collected 20 from pot",2026-08-18T04:45:55.564Z,178702835556401
"Uncalled bet of 15 returned to ""player 20 @ 4chnM3wbbk""",2026-08-18T04:45:55.564Z,178702835556400
"""player 61 @ uewFolxPCK"" folds",2026-08-18T04:45:54.750Z,178702835475000
"""player 20 @ 4chnM3wbbk"" raises to 25",2026-08-18T04:45:53.648Z,178702835364800
"""player 61 @ uewFolxPCK"" posts a big blind of 10",2026-08-18T04:45:50.207Z,178702835020705
"""player 20 @ 4chnM3wbbk"" posts a small blind of 5",2026-08-18T04:45:50.207Z,178702835020704
"Player stacks: #1 ""player 61 @ uewFolxPCK"" (1645) | #2 ""player 20 @ 4chnM3wbbk"" (355)",2026-08-18T04:45:50.207Z,178702835020701
"-- starting hand #28 (id: c1sp4sntseh8)  No Limit Texas Hold'em (dealer: ""player 20 @ 4chnM3wbbk"") --",2026-08-18T04:45:50.207Z,178702835020700
"-- ending hand #27 --",2026-08-18T04:45:44.199Z,178702834419902
"""player 61 @ uewFolxPCK"" collected 660 from pot with Straight, 10 High (combination: 6♠, 7♥, 8♦, 9♥, 10♥)",2026-08-18T04:45:44.199Z,178702834419901
"""player 61 @ uewFolxPCK"" shows a 9♥, 8♦.",2026-08-18T04:45:44.199Z,178702834419900
"""player 20 @ 4chnM3wbbk"" calls 240",2026-08-18T04:45:43.374Z,178702834337400
"""player 61 @ uewFolxPCK"" bets 240",2026-08-18T04:45:42.359Z,178702834235900
"""player 20 @ 4chnM3wbbk"" checks",2026-08-18T04:45:37.507Z,178702833750700
"River: 6♦, 7♥, Q♠, 10♥ [6♠]",2026-08-18T04:45:35.838Z,178702833583800
"""player 20 @ 4chnM3wbbk"" calls 40",2026-08-18T04:45:35.010Z,178702833501000
"""player 61 @ uewFolxPCK"" bets 40",2026-08-18T04:45:34.032Z,178702833403200
"""player 20 @ 4chnM3wbbk"" checks",2026-08-18T04:45:31.815Z,178702833181500
"Turn: 6♦, 7♥, Q♠ [10♥]",2026-08-18T04:45:30.420Z,178702833042000
"""player 20 @ 4chnM3wbbk"" calls 20",2026-08-18T04:45:29.592Z,178702832959200
"""player 61 @ uewFolxPCK"" bets 20",2026-08-18T04:45:28.537Z,178702832853700
"""player 20 @ 4chnM3wbbk"" checks",2026-08-18T04:45:26.445Z,178702832644500
"Flop:  [6♦, 7♥, Q♠]",2026-08-18T04:45:24.737Z,178702832473700
"""player 20 @ 4chnM3wbbk"" calls 30",2026-08-18T04:45:23.931Z,178702832393100
"""player 61 @ uewFolxPCK"" raises to 30",2026-08-18T04:45:22.692Z,178702832269200
"""player 20 @ 4chnM3wbbk"" posts a big blind of 10",2026-08-18T04:45:21.379Z,178702832137905
"""player 61 @ uewFolxPCK"" posts a small blind of 5",2026-08-18T04:45:21.379Z,178702832137904
"Your hand is 9♥, 8♦",2026-08-18T04:45:21.379Z,178702832137902
"Player stacks: #1 ""player 61 @ uewFolxPCK"" (1315) | #2 ""player 20 @ 4chnM3wbbk"" (685)",2026-08-18T04:45:21.379Z,178702832137901
"-- starting hand #27 (id: idkr46siwcyx)  No Limit Texas Hold'em (dealer: ""player 61 @ uewFolxPCK"") --",2026-08-18T04:45:21.379Z,178702832137900
"Undealt cards: 3♦, 5♠, 9♣, 3♣ [4♦]",2026-08-18T04:45:15.649Z,178702831564900
"-- ending hand #26 --",2026-08-18T04:45:15.450Z,178702831545002
"""player 61 @ uewFolxPCK"" collected 260 from pot",2026-08-18T04:45:15.450Z,178702831545001
"Uncalled bet of 120 returned to ""player 61 @ uewFolxPCK""",2026-08-18T04:45:15.450Z,178702831545000
"""player 20 @ 4chnM3wbbk"" folds",2026-08-18T04:45:14.628Z,178702831462800
"""player 61 @ uewFolxPCK"" bets 120",2026-08-18T04:45:12.337Z,178702831233700
"Turn: 3♦, 5♠, 9♣ [3♣]",2026-08-18T04:45:08.849Z,178702830884900
"""player 20 @ 4chnM3wbbk"" calls 40",2026-08-18T04:45:07.994Z,178702830799400
"""player 61 @ uewFolxPCK"" bets 40",2026-08-18T04:45:06.655Z,178702830665500
"Flop:  [3♦, 5♠, 9♣]",2026-08-18T04:45:04.130Z,178702830413000
"""player 20 @ 4chnM3wbbk"" calls 90",2026-08-18T04:45:03.250Z,178702830325000
"""player 61 @ uewFolxPCK"" raises to 90",2026-08-18T04:45:00.506Z,178702830050600
"""player 20 @ 4chnM3wbbk"" raises to 30",2026-08-18T04:44:57.697Z,178702829769700
"""player 61 @ uewFolxPCK"" posts a big blind of 10",2026-08-18T04:44:55.676Z,178702829567605
"""player 20 @ 4chnM3wbbk"" posts a small blind of 5",2026-08-18T04:44:55.676Z,178702829567604
"Player stacks: #1 ""player 61 @ uewFolxPCK"" (1185) | #2 ""player 20 @ 4chnM3wbbk"" (815)",2026-08-18T04:44:55.676Z,178702829567601
"-- starting hand #26 (id: othhva7og6zx)  No Limit Texas Hold'em (dealer: ""player 20 @ 4chnM3wbbk"") --",2026-08-18T04:44:55.676Z,178702829567600
"Undealt cards:  [5♣, 8♥, J♥, 6♣, 2♣]",2026-08-18T04:44:49.875Z,178702828987500
"-- ending hand #25 --",2026-08-18T04:44:49.689Z,178702828968902
"""player 20 @ 4chnM3wbbk"" collected 10 from pot",2026-08-18T04:44:49.689Z,178702828968901
"Uncalled bet of 5 returned to ""player 20 @ 4chnM3wbbk""",2026-08-18T04:44:49.689Z,178702828968900
"""player 61 @ uewFolxPCK"" folds",2026-08-18T04:44:48.841Z,178702828884100
"""player 20 @ 4chnM3wbbk"" posts a big blind of 10",2026-08-18T04:44:47.696Z,178702828769605
"""player 61 @ uewFolxPCK"" posts a small blind of 5",2026-08-18T04:44:47.696Z,178702828769604
"Player stacks: #1 ""player 61 @ uewFolxPCK"" (1190) | #2 ""player 20 @ 4chnM3wbbk"" (810)",2026-08-18T04:44:47.696Z,178702828769601
"-- starting hand #25 (id: cbv7nlze38px)  No Limit Texas Hold'em (dealer: ""player 61 @ uewFolxPCK"") --",2026-08-18T04:44:47.696Z,178702828769600
"Undealt cards:  [K♠, 3♥, 10♦, 8♠, A♥]",2026-08-18T04:44:41.995Z,178702828199500
"-- ending hand #24 --",2026-08-18T04:44:41.773Z,178702828177302
"""player 61 @ uewFolxPCK"" collected 10 from pot",2026-08-18T04:44:41.773Z,178702828177301
"Uncalled bet of 5 returned to ""player 61 @ uewFolxPCK""",2026-08-18T04:44:41.773Z,178702828177300
"""player 20 @ 4chnM3wbbk"" folds",2026-08-18T04:44:40.917Z,178702828091700
"""player 61 @ uewFolxPCK"" posts a big blind of 10",2026-08-18T04:44:39.373Z,178702827937305
"""player 20 @ 4chnM3wbbk"" posts a small blind of 5",2026-08-18T04:44:39.373Z,178702827937304
"Player stacks: #1 ""player 61 @ uewFolxPCK"" (1185) | #2 ""player 20 @ 4chnM3wbbk"" (815)",2026-08-18T04:44:39.373Z,178702827937301
"-- starting hand #24 (id: 2b9ktbipaitw)  No Limit Texas Hold'em (dealer: ""player 20 @ 4chnM3wbbk"") --",2026-08-18T04:44:39.373Z,178702827937300
"Undealt cards:  [2♦, Q♥, K♠, 10♥, 7♠]",2026-08-18T04:44:33.705Z,178702827370500
"-- ending hand #23 --",2026-08-18T04:44:33.431Z,178702827343102
"""player 61 @ uewFolxPCK"" collected 20 from pot",2026-08-18T04:44:33.431Z,178702827343101
"Uncalled bet of 20 returned to ""player 61 @ uewFolxPCK""",2026-08-18T04:44:33.431Z,178702827343100
"""player 20 @ 4chnM3wbbk"" folds",2026-08-18T04:44:32.594Z,178702827259400
"""player 61 @ uewFolxPCK"" raises to 30",2026-08-18T04:44:31.638Z,178702827163800
"""player 20 @ 4chnM3wbbk"" posts a big blind of 10",2026-08-18T04:44:29.367Z,178702826936705
"""player 61 @ uewFolxPCK"" posts a small blind of 5",2026-08-18T04:44:29.367Z,178702826936704
"Player stacks: #1 ""player 61 @ uewFolxPCK"" (1175) | #2 ""player 20 @ 4chnM3wbbk"" (825)",2026-08-18T04:44:29.367Z,178702826936701
"-- starting hand #23 (id: dg9xdrgxhfm6)  No Limit Texas Hold'em (dealer: ""player 61 @ uewFolxPCK"") --",2026-08-18T04:44:29.367Z,178702826936700
"Undealt cards:  [K♠, 2♥, A♣, 3♦, 3♠]",2026-08-18T04:44:24.016Z,178702826401600
"-- ending hand #22 --",2026-08-18T04:44:23.408Z,178702826340802
"""player 61 @ uewFolxPCK"" collected 20 from pot",2026-08-18T04:44:23.408Z,178702826340801
"Uncalled bet of 30 returned to ""player 61 @ uewFolxPCK""",2026-08-18T04:44:23.408Z,178702826340800
"""player 20 @ 4chnM3wbbk"" folds",2026-08-18T04:44:22.562Z,178702826256200
"""player 61 @ uewFolxPCK"" raises to 40",2026-08-18T04:44:21.598Z,178702826159800
"""player 20 @ 4chnM3wbbk"" calls 10",2026-08-18T04:44:19.852Z,178702825985200
"""player 61 @ uewFolxPCK"" posts a big blind of 10",2026-08-18T04:44:17.807Z,178702825780705
"""player 20 @ 4chnM3wbbk"" posts a small blind of 5",2026-08-18T04:44:17.807Z,178702825780704
"Player stacks: #1 ""player 61 @ uewFolxPCK"" (1165) | #2 ""player 20 @ 4chnM3wbbk"" (835)",2026-08-18T04:44:17.807Z,178702825780701
"-- starting hand #22 (id: fkibdgt1dgte)  No Limit Texas Hold'em (dealer: ""player 20 @ 4chnM3wbbk"") --",2026-08-18T04:44:17.807Z,178702825780700
"Undealt cards: 9♠, 5♦, 6♦ [K♦, 8♣]",2026-08-18T04:44:12.016Z,178702825201600
"-- ending hand #21 --",2026-08-18T04:44:11.847Z,178702825184702
"""player 61 @ uewFolxPCK"" collected 60 from pot",2026-08-18T04:44:11.847Z,178702825184701
"Uncalled bet of 20 returned to ""player 61 @ uewFolxPCK""",2026-08-18T04:44:11.847Z,178702825184700
"""player 20 @ 4chnM3wbbk"" folds",2026-08-18T04:44:11.005Z,178702825100500
"""player 61 @ uewFolxPCK"" bets 20",2026-08-18T04:44:10.015Z,178702825001500
"""player 20 @ 4chnM3wbbk"" checks",2026-08-18T04:44:08.080Z,178702824808000
"Flop:  [9♠, 5♦, 6♦]",2026-08-18T04:44:06.497Z,178702824649700
"""player 20 @ 4chnM3wbbk"" calls 30",2026-08-18T04:44:05.690Z,178702824569000
"""player 61 @ uewFolxPCK"" raises to 30",2026-08-18T04:44:03.321Z,178702824332100
"""player 20 @ 4chnM3wbbk"" posts a big blind of 10",2026-08-18T04:44:00.705Z,178702824070505
"""player 61 @ uewFolxPCK"" posts a small blind of 5",2026-08-18T04:44:00.705Z,178702824070504
"Player stacks: #1 ""player 61 @ uewFolxPCK"" (1135) | #2 ""player 20 @ 4chnM3wbbk"" (865)",2026-08-18T04:44:00.705Z,178702824070501
"-- starting hand #21 (id: fqnxns6a5opz)  No Limit Texas Hold'em (dealer: ""player 61 @ uewFolxPCK"") --",2026-08-18T04:44:00.705Z,178702824070500
"Undealt cards:  [10♣, 9♠, Q♠, A♠, A♦]",2026-08-18T04:43:55.374Z,178702823537400
"-- ending hand #20 --",2026-08-18T04:43:54.767Z,178702823476702
"""player 20 @ 4chnM3wbbk"" collected 20 from pot",2026-08-18T04:43:54.767Z,178702823476701
"Uncalled bet of 15 returned to ""player 20 @ 4chnM3wbbk""",2026-08-18T04:43:54.767Z,178702823476700
"""player 61 @ uewFolxPCK"" folds",2026-08-18T04:43:53.916Z,178702823391600
"""player 20 @ 4chnM3wbbk"" raises to 25",2026-08-18T04:43:51.216Z,178702823121600
"""player 61 @ uewFolxPCK"" posts a big blind of 10",2026-08-18T04:43:48.700Z,178702822870005
"""player 20 @ 4chnM3wbbk"" posts a small blind of 5",2026-08-18T04:43:48.700Z,178702822870004
"Player stacks: #1 ""player 61 @ uewFolxPCK"" (1145) | #2 ""player 20 @ 4chnM3wbbk"" (855)",2026-08-18T04:43:48.700Z,178702822870001
"-- starting hand #20 (id: ebetobnkth3s)  No Limit Texas Hold'em (dealer: ""player 20 @ 4chnM3wbbk"") --",2026-08-18T04:43:48.700Z,178702822870000
"Undealt cards:  [2♦, K♣, 9♠, 4♦, 2♥]",2026-08-18T04:43:42.933Z,178702822293300
"-- ending hand #19 --",2026-08-18T04:43:42.761Z,178702822276102
"""player 20 @ 4chnM3wbbk"" collected 10 from pot",2026-08-18T04:43:42.761Z,178702822276101
"Uncalled bet of 5 returned to ""player 20 @ 4chnM3wbbk""",2026-08-18T04:43:42.761Z,178702822276100
"""player 61 @ uewFolxPCK"" folds",2026-08-18T04:43:41.944Z,178702822194400
"""player 20 @ 4chnM3wbbk"" posts a big blind of 10",2026-08-18T04:43:41.050Z,178702822105005
"""player 61 @ uewFolxPCK"" posts a small blind of 5",2026-08-18T04:43:41.050Z,178702822105004
"Player stacks: #1 ""player 61 @ uewFolxPCK"" (1150) | #2 ""player 20 @ 4chnM3wbbk"" (850)",2026-08-18T04:43:41.050Z,178702822105001
"-- starting hand #19 (id: yahuig1g1uo4)  No Limit Texas Hold'em (dealer: ""player 61 @ uewFolxPCK"") --",2026-08-18T04:43:41.050Z,178702822105000
"Undealt cards:  [8♣, 8♦, J♣, A♠, Q♠]",2026-08-18T04:43:35.309Z,178702821530900
"-- ending hand #18 --",2026-08-18T04:43:35.081Z,178702821508102
"""player 20 @ 4chnM3wbbk"" collected 20 from pot",2026-08-18T04:43:35.081Z,178702821508101
"Uncalled bet of 15 returned to ""player 20 @ 4chnM3wbbk""",2026-08-18T04:43:35.081Z,178702821508100
"""player 61 @ uewFolxPCK"" folds",2026-08-18T04:43:34.264Z,178702821426400
"""player 20 @ 4chnM3wbbk"" raises to 25",2026-08-18T04:43:33.152Z,178702821315200
"""player 61 @ uewFolxPCK"" posts a big blind of 10",2026-08-18T04:43:29.881Z,178702820988105
"""player 20 @ 4chnM3wbbk"" posts a small blind of 5",2026-08-18T04:43:29.881Z,178702820988104
"Player stacks: #1 ""player 61 @ uewFolxPCK"" (1160) | #2 ""player 20 @ 4chnM3wbbk"" (840)",2026-08-18T04:43:29.881Z,178702820988101
"-- starting hand #18 (id: tzamhrwpogjg)  No Limit Texas Hold'em (dealer: ""player 20 @ 4chnM3wbbk"") --",2026-08-18T04:43:29.881Z,178702820988100
"Undealt cards:  [9♥, 4♣, 7♥, 4♥, Q♦]",2026-08-18T04:43:29.080Z,178702820908000
"-- ending hand #17 --",2026-08-18T04:43:23.955Z,178702820395502
"""player 20 @ 4chnM3wbbk"" collected 10 from pot",2026-08-18T04:43:23.955Z,178702820395501
"Uncalled bet of 5 returned to ""player 20 @ 4chnM3wbbk""",2026-08-18T04:43:23.955Z,178702820395500
"""player 61 @ uewFolxPCK"" folds",2026-08-18T04:43:23.104Z,178702820310400
"""player 20 @ 4chnM3wbbk"" posts a big blind of 10",2026-08-18T04:43:22.275Z,178702820227505
"""player 61 @ uewFolxPCK"" posts a small blind of 5",2026-08-18T04:43:22.275Z,178702820227504
"Player stacks: #1 ""player 61 @ uewFolxPCK"" (1165) | #2 ""player 20 @ 4chnM3wbbk"" (835)",2026-08-18T04:43:22.275Z,178702820227501
"-- starting hand #17 (id: xteanklbdmby)  No Limit Texas Hold'em (dealer: ""player 61 @ uewFolxPCK"") --",2026-08-18T04:43:22.275Z,178702820227500
"Undealt cards:  [8♥, 6♣, 7♥, A♣, 4♥]",2026-08-18T04:43:16.765Z,178702819676500
"-- ending hand #16 --",2026-08-18T04:43:16.342Z,178702819634202
"""player 61 @ uewFolxPCK"" collected 10 from pot",2026-08-18T04:43:16.342Z,178702819634201
"Uncalled bet of 5 returned to ""player 61 @ uewFolxPCK""",2026-08-18T04:43:16.342Z,178702819634200
"""player 20 @ 4chnM3wbbk"" folds",2026-08-18T04:43:15.515Z,178702819551500
"""player 61 @ uewFolxPCK"" posts a big blind of 10",2026-08-18T04:43:13.939Z,178702819393905
"""player 20 @ 4chnM3wbbk"" posts a small blind of 5",2026-08-18T04:43:13.939Z,178702819393904
"Player stacks: #1 ""player 61 @ uewFolxPCK"" (1160) | #2 ""player 20 @ 4chnM3wbbk"" (840)",2026-08-18T04:43:13.939Z,178702819393901
"-- starting hand #16 (id: ztjtjlhfb1a6)  No Limit Texas Hold'em (dealer: ""player 20 @ 4chnM3wbbk"") --",2026-08-18T04:43:13.939Z,178702819393900
"-- ending hand #15 --",2026-08-18T04:43:08.032Z,178702818803202
"""player 20 @ 4chnM3wbbk"" collected 10 from pot",2026-08-18T04:43:08.032Z,178702818803201
"Uncalled bet of 5 returned to ""player 20 @ 4chnM3wbbk""",2026-08-18T04:43:08.032Z,178702818803200
"""player 61 @ uewFolxPCK"" folds",2026-08-18T04:43:07.213Z,178702818721300
"""player 20 @ 4chnM3wbbk"" posts a big blind of 10",2026-08-18T04:43:06.511Z,178702818651105
"""player 61 @ uewFolxPCK"" posts a small blind of 5",2026-08-18T04:43:06.511Z,178702818651104
"Player stacks: #1 ""player 61 @ uewFolxPCK"" (1165) | #2 ""player 20 @ 4chnM3wbbk"" (835)",2026-08-18T04:43:06.511Z,178702818651101
"-- starting hand #15 (id: j7bhhhbxt3uc)  No Limit Texas Hold'em (dealer: ""player 61 @ uewFolxPCK"") --",2026-08-18T04:43:06.511Z,178702818651100
"Undealt cards:  [5♠, 6♣, 9♦, 3♥, 2♠]",2026-08-18T04:43:00.765Z,178702818076500
"-- ending hand #14 --",2026-08-18T04:43:00.592Z,178702818059202
"""player 61 @ uewFolxPCK"" collected 20 from pot",2026-08-18T04:43:00.592Z,178702818059201
"Uncalled bet of 30 returned to ""player 61 @ uewFolxPCK""",2026-08-18T04:43:00.592Z,178702818059200
"""player 20 @ 4chnM3wbbk"" folds",2026-08-18T04:42:59.763Z,178702817976300
"""player 61 @ uewFolxPCK"" raises to 40",2026-08-18T04:42:56.981Z,178702817698100
"""player 20 @ 4chnM3wbbk"" calls 10",2026-08-18T04:42:55.002Z,178702817500200
"""player 61 @ uewFolxPCK"" posts a big blind of 10",2026-08-18T04:42:48.978Z,178702816897805
"""player 20 @ 4chnM3wbbk"" posts a small blind of 5",2026-08-18T04:42:48.978Z,178702816897804
"Player stacks: #1 ""player 61 @ uewFolxPCK"" (1155) | #2 ""player 20 @ 4chnM3wbbk"" (845)",2026-08-18T04:42:48.978Z,178702816897801
"-- starting hand #14 (id: g3rpzpflu153)  No Limit Texas Hold'em (dealer: ""player 20 @ 4chnM3wbbk"") --",2026-08-18T04:42:48.978Z,178702816897800
"Undealt cards:  [8♥, J♦, 4♥, 5♦, 2♦]",2026-08-18T04:42:43.247Z,178702816324700
"-- ending hand #13 --",2026-08-18T04:42:43.073Z,178702816307302
"""player 61 @ uewFolxPCK"" collected 20 from pot",2026-08-18T04:42:43.073Z,178702816307301
"Uncalled bet of 20 returned to ""player 61 @ uewFolxPCK""",2026-08-18T04:42:43.073Z,178702816307300
"""player 20 @ 4chnM3wbbk"" folds",2026-08-18T04:42:42.241Z,178702816224100
"""player 61 @ uewFolxPCK"" raises to 30",2026-08-18T04:42:40.316Z,178702816031600
"""player 20 @ 4chnM3wbbk"" posts a big blind of 10",2026-08-18T04:42:37.171Z,178702815717105
"""player 61 @ uewFolxPCK"" posts a small blind of 5",2026-08-18T04:42:37.171Z,178702815717104
"Player stacks: #1 ""player 61 @ uewFolxPCK"" (1145) | #2 ""player 20 @ 4chnM3wbbk"" (855)",2026-08-18T04:42:37.171Z,178702815717101
"-- starting hand #13 (id: wlwfeyh0o7nr)  No Limit Texas Hold'em (dealer: ""player 61 @ uewFolxPCK"") --",2026-08-18T04:42:37.171Z,178702815717100
"Undealt cards:  [10♠, 2♦, J♠, 4♠, 6♦]",2026-08-18T04:42:33.390Z,178702815339000
"-- ending hand #12 --",2026-08-18T04:42:31.170Z,178702815117002
"""player 61 @ uewFolxPCK"" collected 10 from pot",2026-08-18T04:42:31.170Z,178702815117001
"Uncalled bet of 5 returned to ""player 61 @ uewFolxPCK""",2026-08-18T04:42:31.170Z,178702815117000
"""player 20 @ 4chnM3wbbk"" folds",2026-08-18T04:42:30.365Z,178702815036500
"""player 61 @ uewFolxPCK"" posts a big blind of 10",2026-08-18T04:42:28.571Z,178702814857105
"""player 20 @ 4chnM3wbbk"" posts a small blind of 5",2026-08-18T04:42:28.571Z,178702814857104
"Player stacks: #1 ""player 61 @ uewFolxPCK"" (1140) | #2 ""player 20 @ 4chnM3wbbk"" (860)",2026-08-18T04:42:28.571Z,178702814857101
"-- starting hand #12 (id: 33xhzg8crktw)  No Limit Texas Hold'em (dealer: ""player 20 @ 4chnM3wbbk"") --",2026-08-18T04:42:28.571Z,178702814857100
"Undealt cards:  [A♥, Q♣, 4♣, 9♣, 2♦]",2026-08-18T04:42:23.139Z,178702814313900
"-- ending hand #11 --",2026-08-18T04:42:22.656Z,178702814265602
"""player 20 @ 4chnM3wbbk"" collected 10 from pot",2026-08-18T04:42:22.656Z,178702814265601
"Uncalled bet of 5 returned to ""player 20 @ 4chnM3wbbk""",2026-08-18T04:42:22.656Z,178702814265600
"""player 61 @ uewFolxPCK"" folds",2026-08-18T04:42:21.804Z,178702814180400
"""player 20 @ 4chnM3wbbk"" posts a big blind of 10",2026-08-18T04:42:19.565Z,178702813956505
"""player 61 @ uewFolxPCK"" posts a small blind of 5",2026-08-18T04:42:19.565Z,178702813956504
"Player stacks: #1 ""player 61 @ uewFolxPCK"" (1145) | #2 ""player 20 @ 4chnM3wbbk"" (855)",2026-08-18T04:42:19.565Z,178702813956501
"-- starting hand #11 (id: kujbqmiadmkr)  No Limit Texas Hold'em (dealer: ""player 61 @ uewFolxPCK"") --",2026-08-18T04:42:19.565Z,178702813956500
"Undealt cards: 4♠, 5♥, 2♦ [10♣, A♦]",2026-08-18T04:42:14.960Z,178702813496000
"-- ending hand #10 --",2026-08-18T04:42:13.654Z,178702813365402
"""player 61 @ uewFolxPCK"" collected 20 from pot",2026-08-18T04:42:13.654Z,178702813365401
"Uncalled bet of 20 returned to ""player 61 @ uewFolxPCK""",2026-08-18T04:42:13.654Z,178702813365400
"""player 20 @ 4chnM3wbbk"" folds",2026-08-18T04:42:12.833Z,178702813283300
"""player 61 @ uewFolxPCK"" bets 20",2026-08-18T04:42:04.697Z,178702812469700
"Flop:  [4♠, 5♥, 2♦]",2026-08-18T04:42:00.782Z,178702812078200
"""player 61 @ uewFolxPCK"" checks",2026-08-18T04:41:59.972Z,178702811997200
"""player 20 @ 4chnM3wbbk"" calls 10",2026-08-18T04:41:57.181Z,178702811718100
"""player 61 @ uewFolxPCK"" posts a big blind of 10",2026-08-18T04:41:46.281Z,178702810628105
"""player 20 @ 4chnM3wbbk"" posts a small blind of 5",2026-08-18T04:41:46.281Z,178702810628104
"Player stacks: #1 ""player 61 @ uewFolxPCK"" (1135) | #2 ""player 20 @ 4chnM3wbbk"" (865)",2026-08-18T04:41:46.281Z,178702810628101
"-- starting hand #10 (id: axquz27id0ku)  No Limit Texas Hold'em (dealer: ""player 20 @ 4chnM3wbbk"") --",2026-08-18T04:41:46.281Z,178702810628100
"Undealt cards:  [A♣, 2♠, 6♠, 7♥, 8♥]",2026-08-18T04:41:40.904Z,178702810090400
"-- ending hand #9 --",2026-08-18T04:41:40.367Z,178702810036702
"""player 61 @ uewFolxPCK"" collected 20 from pot",2026-08-18T04:41:40.367Z,178702810036701
"Uncalled bet of 20 returned to ""player 61 @ uewFolxPCK""",2026-08-18T04:41:40.367Z,178702810036700
"""player 20 @ 4chnM3wbbk"" folds",2026-08-18T04:41:39.542Z,178702809954200
"""player 61 @ uewFolxPCK"" raises to 30",2026-08-18T04:41:38.561Z,178702809856100
"""player 20 @ 4chnM3wbbk"" posts a big blind of 10",2026-08-18T04:41:37.160Z,178702809716005
"""player 61 @ uewFolxPCK"" posts a small blind of 5",2026-08-18T04:41:37.160Z,178702809716004
"Player stacks: #1 ""player 61 @ uewFolxPCK"" (1125) | #2 ""player 20 @ 4chnM3wbbk"" (875)",2026-08-18T04:41:37.160Z,178702809716001
"-- starting hand #9 (id: mlhb3okcx6uz)  No Limit Texas Hold'em (dealer: ""player 61 @ uewFolxPCK"") --",2026-08-18T04:41:37.160Z,178702809716000
"Undealt cards: J♠, 6♣, 4♣, 8♣ [K♣]",2026-08-18T04:41:31.424Z,178702809142400
"-- ending hand #8 --",2026-08-18T04:41:31.188Z,178702809118802
"""player 61 @ uewFolxPCK"" collected 60 from pot",2026-08-18T04:41:31.188Z,178702809118801
"Uncalled bet of 20 returned to ""player 61 @ uewFolxPCK""",2026-08-18T04:41:31.188Z,178702809118800
"""player 20 @ 4chnM3wbbk"" folds",2026-08-18T04:41:30.368Z,178702809036800
"""player 61 @ uewFolxPCK"" bets 20",2026-08-18T04:41:28.924Z,178702808892400
"Turn: J♠, 6♣, 4♣ [8♣]",2026-08-18T04:41:26.353Z,178702808635300
"""player 20 @ 4chnM3wbbk"" checks",2026-08-18T04:41:25.467Z,178702808546700
"""player 61 @ uewFolxPCK"" checks",2026-08-18T04:41:23.885Z,178702808388500
"Flop:  [J♠, 6♣, 4♣]",2026-08-18T04:41:21.951Z,178702808195100
"""player 20 @ 4chnM3wbbk"" calls 30",2026-08-18T04:41:21.110Z,178702808111000
"""player 61 @ uewFolxPCK"" raises to 30",2026-08-18T04:41:20.159Z,178702808015900
"""player 20 @ 4chnM3wbbk"" calls 10",2026-08-18T04:41:17.498Z,178702807749800
"""player 61 @ uewFolxPCK"" posts a big blind of 10",2026-08-18T04:41:14.353Z,178702807435305
"""player 20 @ 4chnM3wbbk"" posts a small blind of 5",2026-08-18T04:41:14.353Z,178702807435304
"Player stacks: #1 ""player 61 @ uewFolxPCK"" (1095) | #2 ""player 20 @ 4chnM3wbbk"" (905)",2026-08-18T04:41:14.353Z,178702807435301
"-- starting hand #8 (id: 0kbwhuorlld1)  No Limit Texas Hold'em (dealer: ""player 20 @ 4chnM3wbbk"") --",2026-08-18T04:41:14.353Z,178702807435300
"""player 61 @ uewFolxPCK"" shows a 4♥.",2026-08-18T04:41:11.821Z,178702807182100
"""player 61 @ uewFolxPCK"" shows a 9♠.",2026-08-18T04:41:10.820Z,178702807082000
"""player 20 @ 4chnM3wbbk"" shows a 7♥, 2♦.",2026-08-18T04:41:09.232Z,178702806923200
"Undealt cards:  [8♦, 8♣, 8♥, 9♥, 7♠]",2026-08-18T04:41:08.508Z,178702806850800
"-- ending hand #7 --",2026-08-18T04:41:07.024Z,178702806702402
"""player 20 @ 4chnM3wbbk"" collected 10 from pot",2026-08-18T04:41:07.024Z,178702806702401
"Uncalled bet of 5 returned to ""player 20 @ 4chnM3wbbk""",2026-08-18T04:41:07.024Z,178702806702400
"""player 61 @ uewFolxPCK"" folds",2026-08-18T04:41:06.215Z,178702806621500
"""player 20 @ 4chnM3wbbk"" posts a big blind of 10",2026-08-18T04:41:05.403Z,178702806540305
"""player 61 @ uewFolxPCK"" posts a small blind of 5",2026-08-18T04:41:05.403Z,178702806540304
"Player stacks: #1 ""player 61 @ uewFolxPCK"" (1100) | #2 ""player 20 @ 4chnM3wbbk"" (900)",2026-08-18T04:41:05.403Z,178702806540301
"-- starting hand #7 (id: raay2f5rbae3)  No Limit Texas Hold'em (dealer: ""player 61 @ uewFolxPCK"") --",2026-08-18T04:41:05.403Z,178702806540300
"-- ending hand #6 --",2026-08-18T04:40:59.358Z,178702805935802
"""player 61 @ uewFolxPCK"" collected 120 from pot with Two Pair, K's & 7's (combination: Q♥, 7♠, 7♣, K♥, K♦)",2026-08-18T04:40:59.358Z,178702805935801
"""player 61 @ uewFolxPCK"" shows a 7♠, 9♦.",2026-08-18T04:40:59.358Z,178702805935800
"""player 20 @ 4chnM3wbbk"" calls 20",2026-08-18T04:40:58.512Z,178702805851200
"""player 61 @ uewFolxPCK"" bets 20",2026-08-18T04:40:57.409Z,178702805740900
"River: 5♠, K♥, 7♣, K♦ [Q♥]",2026-08-18T04:40:53.658Z,178702805365800
"""player 61 @ uewFolxPCK"" calls 20",2026-08-18T04:40:52.796Z,178702805279600
"""player 20 @ 4chnM3wbbk"" bets 20",2026-08-18T04:40:46.279Z,178702804627900
"""player 61 @ uewFolxPCK"" checks",2026-08-18T04:40:43.472Z,178702804347200
"Turn: 5♠, K♥, 7♣ [K♦]",2026-08-18T04:40:41.329Z,178702804132900
"""player 20 @ 4chnM3wbbk"" checks",2026-08-18T04:40:40.501Z,178702804050100
"""player 61 @ uewFolxPCK"" checks",2026-08-18T04:40:39.197Z,178702803919700
"Flop:  [5♠, K♥, 7♣]",2026-08-18T04:40:35.673Z,178702803567300
"""player 61 @ uewFolxPCK"" calls 20",2026-08-18T04:40:34.865Z,178702803486500
"""player 20 @ 4chnM3wbbk"" raises to 20",2026-08-18T04:40:26.546Z,178702802654600
"""player 61 @ uewFolxPCK"" posts a big blind of 10",2026-08-18T04:40:23.456Z,178702802345605
"""player 20 @ 4chnM3wbbk"" posts a small blind of 5",2026-08-18T04:40:23.456Z,178702802345604
"Your hand is 7♠, 9♦",2026-08-18T04:40:23.456Z,178702802345602
"Player stacks: #1 ""player 61 @ uewFolxPCK"" (1040) | #2 ""player 20 @ 4chnM3wbbk"" (960)",2026-08-18T04:40:23.456Z,178702802345601
"-- starting hand #6 (id: ygoaoiaipz5n)  No Limit Texas Hold'em (dealer: ""player 20 @ 4chnM3wbbk"") --",2026-08-18T04:40:23.456Z,178702802345600
"Undealt cards:  [2♥, 5♣, 6♣, 5♠, K♦]",2026-08-18T04:40:17.728Z,178702801772800
"-- ending hand #5 --",2026-08-18T04:40:17.455Z,178702801745502
"""player 20 @ 4chnM3wbbk"" collected 10 from pot",2026-08-18T04:40:17.455Z,178702801745501
"Uncalled bet of 5 returned to ""player 20 @ 4chnM3wbbk""",2026-08-18T04:40:17.455Z,178702801745500
"""player 61 @ uewFolxPCK"" folds",2026-08-18T04:40:16.587Z,178702801658700
"""player 20 @ 4chnM3wbbk"" posts a big blind of 10",2026-08-18T04:40:15.450Z,178702801545005
"""player 61 @ uewFolxPCK"" posts a small blind of 5",2026-08-18T04:40:15.450Z,178702801545004
"Player stacks: #1 ""player 61 @ uewFolxPCK"" (1045) | #2 ""player 20 @ 4chnM3wbbk"" (955)",2026-08-18T04:40:15.450Z,178702801545001
"-- starting hand #5 (id: fckrmzzvsxqx)  No Limit Texas Hold'em (dealer: ""player 61 @ uewFolxPCK"") --",2026-08-18T04:40:15.450Z,178702801545000
"Undealt cards: K♠, 2♣, 3♣ [Q♦, K♥]",2026-08-18T04:40:09.737Z,178702800973700
"-- ending hand #4 --",2026-08-18T04:40:09.412Z,178702800941202
"""player 61 @ uewFolxPCK"" collected 180 from pot",2026-08-18T04:40:09.412Z,178702800941201
"Uncalled bet of 40 returned to ""player 61 @ uewFolxPCK""",2026-08-18T04:40:09.412Z,178702800941200
"""player 20 @ 4chnM3wbbk"" folds",2026-08-18T04:40:08.606Z,178702800860600
"""player 61 @ uewFolxPCK"" bets 40",2026-08-18T04:40:06.789Z,178702800678900
"Flop:  [K♠, 2♣, 3♣]",2026-08-18T04:40:02.580Z,178702800258000
"""player 20 @ 4chnM3wbbk"" calls 90",2026-08-18T04:40:01.697Z,178702800169700
"""player 61 @ uewFolxPCK"" raises to 90",2026-08-18T04:40:00.558Z,178702800055800
"""player 20 @ 4chnM3wbbk"" raises to 30",2026-08-18T04:39:57.885Z,178702799788500
"""player 61 @ uewFolxPCK"" posts a big blind of 10",2026-08-18T04:39:55.792Z,178702799579205
"""player 20 @ 4chnM3wbbk"" posts a small blind of 5",2026-08-18T04:39:55.792Z,178702799579204
"Player stacks: #1 ""player 61 @ uewFolxPCK"" (955) | #2 ""player 20 @ 4chnM3wbbk"" (1045)",2026-08-18T04:39:55.792Z,178702799579201
"-- starting hand #4 (id: zaloaxitjuvi)  No Limit Texas Hold'em (dealer: ""player 20 @ 4chnM3wbbk"") --",2026-08-18T04:39:55.792Z,178702799579200
"-- ending hand #3 --",2026-08-18T04:39:49.788Z,178702798978802
"""player 20 @ 4chnM3wbbk"" collected 60 from pot with Pair, 2's (combination: 6♦, K♦, A♣, 2♠, 2♦)",2026-08-18T04:39:49.788Z,178702798978801
"""player 20 @ 4chnM3wbbk"" shows a K♦, 2♠.",2026-08-18T04:39:49.788Z,178702798978800
"""player 61 @ uewFolxPCK"" checks",2026-08-18T04:39:48.973Z,178702798897300
"""player 20 @ 4chnM3wbbk"" checks",2026-08-18T04:39:47.201Z,178702798720100
"River: 2♦, 4♠, 3♥, A♣ [6♦]",2026-08-18T04:39:45.920Z,178702798592000
"""player 61 @ uewFolxPCK"" checks",2026-08-18T04:39:45.111Z,178702798511100
"""player 20 @ 4chnM3wbbk"" checks",2026-08-18T04:39:41.701Z,178702798170100
"Turn: 2♦, 4♠, 3♥ [A♣]",2026-08-18T04:39:40.255Z,178702798025500
"""player 61 @ uewFolxPCK"" checks",2026-08-18T04:39:39.395Z,178702797939500
"""player 20 @ 4chnM3wbbk"" checks",2026-08-18T04:39:35.517Z,178702797551700
"Flop:  [2♦, 4♠, 3♥]",2026-08-18T04:39:34.055Z,178702797405500
"""player 20 @ 4chnM3wbbk"" calls 30",2026-08-18T04:39:33.177Z,178702797317700
"""player 61 @ uewFolxPCK"" raises to 30",2026-08-18T04:39:32.220Z,178702797222000
"""player 20 @ 4chnM3wbbk"" posts a big blind of 10",2026-08-18T04:39:28.453Z,178702796845305
"""player 61 @ uewFolxPCK"" posts a small blind of 5",2026-08-18T04:39:28.453Z,178702796845304
"Player stacks: #1 ""player 61 @ uewFolxPCK"" (985) | #2 ""player 20 @ 4chnM3wbbk"" (1015)",2026-08-18T04:39:28.453Z,178702796845301
"-- starting hand #3 (id: s8fdq9thdray)  No Limit Texas Hold'em (dealer: ""player 61 @ uewFolxPCK"") --",2026-08-18T04:39:28.453Z,178702796845300
"Undealt cards:  [4♥, 9♥, Q♦, 2♠, K♥]",2026-08-18T04:39:23.069Z,178702796306900
"-- ending hand #2 --",2026-08-18T04:39:22.509Z,178702796250902
"""player 20 @ 4chnM3wbbk"" collected 20 from pot",2026-08-18T04:39:22.509Z,178702796250901
"Uncalled bet of 20 returned to ""player 20 @ 4chnM3wbbk""",2026-08-18T04:39:22.509Z,178702796250900
"""player 61 @ uewFolxPCK"" folds",2026-08-18T04:39:21.699Z,178702796169900
"""player 20 @ 4chnM3wbbk"" raises to 30",2026-08-18T04:39:20.361Z,178702796036100
"""player 61 @ uewFolxPCK"" posts a big blind of 10",2026-08-18T04:39:18.293Z,178702795829305
"""player 20 @ 4chnM3wbbk"" posts a small blind of 5",2026-08-18T04:39:18.293Z,178702795829304
"Player stacks: #1 ""player 61 @ uewFolxPCK"" (995) | #2 ""player 20 @ 4chnM3wbbk"" (1005)",2026-08-18T04:39:18.293Z,178702795829301
"-- starting hand #2 (id: yav4ezpzshpm)  No Limit Texas Hold'em (dealer: ""player 20 @ 4chnM3wbbk"") --",2026-08-18T04:39:18.293Z,178702795829300
"Undealt cards:  [K♣, 2♣, 4♥, J♦, A♦]",2026-08-18T04:39:15.369Z,178702795536900
"-- ending hand #1 --",2026-08-18T04:39:12.351Z,178702795235102
"""player 20 @ 4chnM3wbbk"" collected 10 from pot",2026-08-18T04:39:12.351Z,178702795235101
"Uncalled bet of 5 returned to ""player 20 @ 4chnM3wbbk""",2026-08-18T04:39:12.351Z,178702795235100
"""player 61 @ uewFolxPCK"" folds",2026-08-18T04:39:11.524Z,178702795152400
"""player 20 @ 4chnM3wbbk"" posts a big blind of 10",2026-08-18T04:39:09.766Z,178702794976607
"""player 61 @ uewFolxPCK"" posts a small blind of 5",2026-08-18T04:39:09.766Z,178702794976606
"Player stacks: #1 ""player 61 @ uewFolxPCK"" (1000) | #2 ""player 20 @ 4chnM3wbbk"" (1000)",2026-08-18T04:39:09.766Z,178702794976603
"The player ""player 20 @ 4chnM3wbbk"" joined the game with a stack of 1000.",2026-08-18T04:39:09.766Z,178702794976602
"The player ""player 61 @ uewFolxPCK"" joined the game with a stack of 1000.",2026-08-18T04:39:09.766Z,178702794976601
"-- starting hand #1 (id: yg4eth6qrlgw)  No Limit Texas Hold'em (dealer: ""player 61 @ uewFolxPCK"") --",2026-08-18T04:39:09.766Z,178702794976600
"The admin approved the player ""player 20 @ 4chnM3wbbk"" participation with a stack of 1000.",2026-08-18T04:39:05.997Z,178702794599700
"The player ""player 20 @ 4chnM3wbbk"" requested a seat.",2026-08-18T04:39:00.256Z,178702794025600
"Game Config Changes
* Allow Straddle: off » on",2026-08-18T04:35:47.871Z,178702774787100
"The game's ante was changed from 0 to 0.",2026-08-18T04:35:46.117Z,178702774611703
"The game's big blind was changed from 20 to 10.",2026-08-18T04:35:46.117Z,178702774611702
"The game's small blind was changed from 10 to 5.",2026-08-18T04:35:46.117Z,178702774611701
"Game Config Changes
* Nit Minimum Players: off » 3
* Allow Rebuy: off » off
* Blind Schedule: L1: 10/20 » L1: 5/10
* Rabbit Hunt: off » on
* Allow Run it Twice: no » ask players
* Restart Blind Schedule at Level: none » 1",2026-08-18T04:35:46.117Z,178702774611700
"The admin approved the player ""player 61 @ uewFolxPCK"" participation with a stack of 1000.",2026-08-18T04:35:38.627Z,178702773862701
"The player ""player 61 @ uewFolxPCK"" requested a seat.",2026-08-18T04:35:38.627Z,178702773862700
