entry,at,order
"The player ""player 15 @ 4chnM3wbbk"" quits the game with a stack of 0.",2026-08-10T08:30:37.861Z,178635063786100
"-- ending hand #188 --",2026-08-10T08:30:31.854Z,178635063185404
"""player 15 @ 4chnM3wbbk"" shows a A♦, 5♣.",2026-08-10T08:30:31.854Z,178635063185403
"""player 16 @ uewFolxPCK"" collected 1980 from pot with Straight, 8 High (combination: 4♣, 5♦, 6♥, 7♦, 8♣)",2026-08-10T08:30:31.854Z,178635063185402
"""player 16 @ uewFolxPCK"" shows a 5♦, 8♣.",2026-08-10T08:30:31.854Z,178635063185401
"Uncalled bet of 20 returned to ""player 16 @ uewFolxPCK""",2026-08-10T08:30:31.854Z,178635063185400
"""player 15 @ 4chnM3wbbk"" calls 630 and go all in",2026-08-10T08:30:31.019Z,178635063101900
"""player 16 @ uewFolxPCK"" bets 650 and go all in",2026-08-10T08:30:29.692Z,178635062969200
"""player 15 @ 4chnM3wbbk"" checks",2026-08-10T08:30:28.119Z,178635062811900
"River: 4♣, 6♥, 3♣, 7♦ [2♥]",2026-08-10T08:30:25.451Z,178635062545100
"""player 15 @ 4chnM3wbbk"" calls 180",2026-08-10T08:30:24.638Z,178635062463800
"""player 16 @ uewFolxPCK"" bets 180",2026-08-10T08:30:13.853Z,178635061385300
"""player 15 @ 4chnM3wbbk"" checks",2026-08-10T08:30:10.035Z,178635061003500
"Turn: 4♣, 6♥, 3♣ [7♦]",2026-08-10T08:30:08.086Z,178635060808600
"""player 15 @ 4chnM3wbbk"" calls 60",2026-08-10T08:30:07.253Z,178635060725300
"""player 16 @ uewFolxPCK"" bets 60",2026-08-10T08:30:05.586Z,178635060558600
"""player 15 @ 4chnM3wbbk"" checks",2026-08-10T08:30:02.775Z,178635060277500
"Flop:  [4♣, 6♥, 3♣]",2026-08-10T08:30:01.028Z,178635060102800
"""player 15 @ 4chnM3wbbk"" calls 120",2026-08-10T08:30:00.221Z,178635060022100
"""player 16 @ uewFolxPCK"" raises to 120",2026-08-10T08:29:58.288Z,178635059828800
"""player 15 @ 4chnM3wbbk"" raises to 30",2026-08-10T08:29:55.237Z,178635059523700
"""player 16 @ uewFolxPCK"" calls 10",2026-08-10T08:29:53.216Z,178635059321600
"""player 15 @ 4chnM3wbbk"" posts a big blind of 10",2026-08-10T08:29:52.078Z,178635059207805
"""player 16 @ uewFolxPCK"" posts a small blind of 5",2026-08-10T08:29:52.078Z,178635059207804
"Your hand is 5♦, 8♣",2026-08-10T08:29:52.078Z,178635059207802
"Player stacks: #1 ""player 16 @ uewFolxPCK"" (1010) | #2 ""player 15 @ 4chnM3wbbk"" (990)",2026-08-10T08:29:52.078Z,178635059207801
"-- starting hand #188 (id: lw9qtakxfxo7)  No Limit Texas Hold'em (dealer: ""player 16 @ uewFolxPCK"") --",2026-08-10T08:29:52.078Z,178635059207800
"Undealt cards:  [7♠, 3♠, K♦, 4♥, 5♣]",2026-08-10T08:29:46.456Z,178635058645600
"-- ending hand #187 --",2026-08-10T08:29:46.172Z,178635058617202
"""player 15 @ 4chnM3wbbk"" collected 20 from pot",2026-08-10T08:29:46.172Z,178635058617201
"Uncalled bet of 20 returned to ""player 15 @ 4chnM3wbbk""",2026-08-10T08:29:46.172Z,178635058617200
"""player 16 @ uewFolxPCK"" folds",2026-08-10T08:29:45.281Z,178635058528100
"""player 15 @ 4chnM3wbbk"" raises to 30",2026-08-10T08:29:44.240Z,178635058424000
"""player 16 @ uewFolxPCK"" posts a big blind of 10",2026-08-10T08:29:41.570Z,178635058157005
"""player 15 @ 4chnM3wbbk"" posts a small blind of 5",2026-08-10T08:29:41.570Z,178635058157004
"Player stacks: #1 ""player 16 @ uewFolxPCK"" (1020) | #2 ""player 15 @ 4chnM3wbbk"" (980)",2026-08-10T08:29:41.570Z,178635058157001
"-- starting hand #187 (id: xnniaptdrf9p)  No Limit Texas Hold'em (dealer: ""player 15 @ 4chnM3wbbk"") --",2026-08-10T08:29:41.570Z,178635058157000
"Undealt cards:  [Q♥, 5♠, 4♥, 10♥, K♠]",2026-08-10T08:29:36.590Z,178635057659000
"-- ending hand #186 --",2026-08-10T08:29:35.664Z,178635057566402
"""player 16 @ uewFolxPCK"" collected 20 from pot",2026-08-10T08:29:35.664Z,178635057566401
"Uncalled bet of 20 returned to ""player 16 @ uewFolxPCK""",2026-08-10T08:29:35.664Z,178635057566400
"""player 15 @ 4chnM3wbbk"" folds",2026-08-10T08:29:34.806Z,178635057480600
"""player 16 @ uewFolxPCK"" raises to 30",2026-08-10T08:29:33.263Z,178635057326300
"""player 15 @ 4chnM3wbbk"" posts a big blind of 10",2026-08-10T08:29:31.770Z,178635057177005
"""player 16 @ uewFolxPCK"" posts a small blind of 5",2026-08-10T08:29:31.770Z,178635057177004
"Player stacks: #1 ""player 16 @ uewFolxPCK"" (1010) | #2 ""player 15 @ 4chnM3wbbk"" (990)",2026-08-10T08:29:31.770Z,178635057177001
"-- starting hand #186 (id: j4sy80mqfqwi)  No Limit Texas Hold'em (dealer: ""player 16 @ uewFolxPCK"") --",2026-08-10T08:29:31.770Z,178635057177000
"Undealt cards:  [5♦, Q♥, K♣, K♠, 3♠]",2026-08-10T08:29:26.113Z,178635056611300
"-- ending hand #185 --",2026-08-10T08:29:25.863Z,178635056586302
"""player 15 @ 4chnM3wbbk"" collected 20 from pot",2026-08-10T08:29:25.863Z,178635056586301
"Uncalled bet of 20 returned to ""player 15 @ 4chnM3wbbk""",2026-08-10T08:29:25.863Z,178635056586300
"""player 16 @ uewFolxPCK"" folds",2026-08-10T08:29:25.040Z,178635056504000
"""player 15 @ 4chnM3wbbk"" raises to 30",2026-08-10T08:29:24.102Z,178635056410200
"""player 16 @ uewFolxPCK"" posts a big blind of 10",2026-08-10T08:29:21.962Z,178635056196205
"""player 15 @ 4chnM3wbbk"" posts a small blind of 5",2026-08-10T08:29:21.962Z,178635056196204
"Player stacks: #1 ""player 16 @ uewFolxPCK"" (1020) | #2 ""player 15 @ 4chnM3wbbk"" (980)",2026-08-10T08:29:21.962Z,178635056196201
"-- starting hand #185 (id: 6rqw2g8kyguh)  No Limit Texas Hold'em (dealer: ""player 15 @ 4chnM3wbbk"") --",2026-08-10T08:29:21.962Z,178635056196200
"Undealt cards: Q♠, A♣, J♦ [A♦, J♣]",2026-08-10T08:29:16.214Z,178635055621400
"-- ending hand #184 --",2026-08-10T08:29:16.052Z,178635055605202
"""player 15 @ 4chnM3wbbk"" collected 60 from pot",2026-08-10T08:29:16.052Z,178635055605201
"Uncalled bet of 30 returned to ""player 15 @ 4chnM3wbbk""",2026-08-10T08:29:16.052Z,178635055605200
"""player 16 @ uewFolxPCK"" folds",2026-08-10T08:29:15.238Z,178635055523800
"""player 15 @ 4chnM3wbbk"" bets 30",2026-08-10T08:29:14.093Z,178635055409300
"Flop:  [Q♠, A♣, J♦]",2026-08-10T08:29:10.784Z,178635055078400
"""player 15 @ 4chnM3wbbk"" calls 30",2026-08-10T08:29:09.972Z,178635054997200
"""player 16 @ uewFolxPCK"" raises to 30",2026-08-10T08:29:08.964Z,178635054896400
"""player 15 @ 4chnM3wbbk"" posts a big blind of 10",2026-08-10T08:29:07.546Z,178635054754605
"""player 16 @ uewFolxPCK"" posts a small blind of 5",2026-08-10T08:29:07.546Z,178635054754604
"Player stacks: #1 ""player 16 @ uewFolxPCK"" (1050) | #2 ""player 15 @ 4chnM3wbbk"" (950)",2026-08-10T08:29:07.546Z,178635054754601
"-- starting hand #184 (id: ktloxs43ht28)  No Limit Texas Hold'em (dealer: ""player 16 @ uewFolxPCK"") --",2026-08-10T08:29:07.546Z,178635054754600
"Undealt cards: 4♣, Q♣, 5♥, J♥ [3♣]",2026-08-10T08:29:01.797Z,178635054179700
"-- ending hand #183 --",2026-08-10T08:29:01.582Z,178635054158202
"""player 16 @ uewFolxPCK"" collected 100 from pot",2026-08-10T08:29:01.582Z,178635054158201
"Uncalled bet of 50 returned to ""player 16 @ uewFolxPCK""",2026-08-10T08:29:01.582Z,178635054158200
"""player 15 @ 4chnM3wbbk"" folds",2026-08-10T08:29:00.645Z,178635054064500
"""player 16 @ uewFolxPCK"" bets 50",2026-08-10T08:28:59.737Z,178635053973700
"Turn: 4♣, Q♣, 5♥ [J♥]",2026-08-10T08:28:57.549Z,178635053754900
"""player 15 @ 4chnM3wbbk"" calls 20",2026-08-10T08:28:56.721Z,178635053672100
"""player 16 @ uewFolxPCK"" bets 20",2026-08-10T08:28:55.121Z,178635053512100
"Flop:  [4♣, Q♣, 5♥]",2026-08-10T08:28:52.639Z,178635053263900
"""player 16 @ uewFolxPCK"" calls 30",2026-08-10T08:28:51.830Z,178635053183000
"""player 15 @ 4chnM3wbbk"" raises to 30",2026-08-10T08:28:50.456Z,178635053045600
"""player 16 @ uewFolxPCK"" posts a big blind of 10",2026-08-10T08:28:44.415Z,178635052441507
"""player 15 @ 4chnM3wbbk"" posts a small blind of 5",2026-08-10T08:28:44.415Z,178635052441506
"Player stacks: #1 ""player 16 @ uewFolxPCK"" (1000) | #2 ""player 15 @ 4chnM3wbbk"" (1000)",2026-08-10T08:28:44.415Z,178635052441503
"The player ""player 15 @ 4chnM3wbbk"" joined the game with a stack of 1000.",2026-08-10T08:28:44.415Z,178635052441502
"The player ""player 16 @ uewFolxPCK"" joined the game with a stack of 1000.",2026-08-10T08:28:44.415Z,178635052441501
"-- starting hand #183 (id: jph401mqtid8)  No Limit Texas Hold'em (dealer: ""player 15 @ 4chnM3wbbk"") --",2026-08-10T08:28:44.415Z,178635052441500
"The admin approved the player ""player 15 @ 4chnM3wbbk"" participation with a stack of 1000.",2026-08-10T08:28:42.140Z,178635052214000
"The admin updated the player ""player 16 @ uewFolxPCK"" stack from 2000 to 1000.",2026-08-10T08:28:40.645Z,178635052064501
"WARNING: the admin queued the stack change for the player ""player 16 @ uewFolxPCK"" removing 1000 chips in the next hand.",2026-08-10T08:28:40.645Z,178635052064500
"The player ""player 15 @ 4chnM3wbbk"" requested a seat.",2026-08-10T08:28:38.847Z,178635051884700
"The player ""player 15 @ 4chnM3wbbk"" quits the game with a stack of 0.",2026-08-10T08:27:06.942Z,178635042694200
"-- ending hand #182 --",2026-08-10T08:26:58.904Z,178635041890402
"""player 16 @ uewFolxPCK"" collected 905 from pot with Pair, A's on the second run  (combination: 7♣, 9♥, Q♠, A♦, A♣)",2026-08-10T08:26:58.904Z,178635041890401
"""player 16 @ uewFolxPCK"" collected 905 from pot with Pair, A's (combination: 7♣, 10♦, J♣, A♦, A♣)",2026-08-10T08:26:58.904Z,178635041890400
"River (second run): 7♣, 2♥, 3♣, 9♥ [Q♠]",2026-08-10T08:26:54.896Z,178635041489600
"Turn (second run): 7♣, 2♥, 3♣ [9♥]",2026-08-10T08:26:50.893Z,178635041089300
"River: 7♣, 2♥, 3♣, 10♦ [J♣]",2026-08-10T08:26:46.890Z,178635040689000
"Turn: 7♣, 2♥, 3♣ [10♦]",2026-08-10T08:26:42.889Z,178635040288900
"""player 15 @ 4chnM3wbbk"" shows a A♥, 7♥.",2026-08-10T08:26:38.856Z,178635039885600
"""player 16 @ uewFolxPCK"" shows a A♦, A♣.",2026-08-10T08:26:38.195Z,178635039819500
"All players in hand choose to run it twice.",2026-08-10T08:26:37.989Z,178635039798901
"""player 15 @ 4chnM3wbbk"" chooses to  run it twice.",2026-08-10T08:26:37.989Z,178635039798900
"""player 16 @ uewFolxPCK"" chooses to  run it twice.",2026-08-10T08:26:34.800Z,178635039480000
"Remaining players decide whether to run it twice.",2026-08-10T08:26:34.335Z,178635039433501
"""player 16 @ uewFolxPCK"" calls 875",2026-08-10T08:26:34.335Z,178635039433500
"""player 15 @ 4chnM3wbbk"" raises to 875 and go all in",2026-08-10T08:26:33.390Z,178635039339000
"""player 16 @ uewFolxPCK"" raises to 270",2026-08-10T08:26:26.447Z,178635038644700
"""player 15 @ 4chnM3wbbk"" raises to 90",2026-08-10T08:26:22.939Z,178635038293900
"""player 16 @ uewFolxPCK"" bets 30",2026-08-10T08:26:20.842Z,178635038084200
"Flop:  [7♣, 2♥, 3♣]",2026-08-10T08:26:18.022Z,178635037802200
"""player 16 @ uewFolxPCK"" calls 30",2026-08-10T08:26:17.122Z,178635037712200
"""player 15 @ 4chnM3wbbk"" raises to 30",2026-08-10T08:26:13.790Z,178635037379000
"""player 16 @ uewFolxPCK"" posts a big blind of 10",2026-08-10T08:26:11.614Z,178635037161405
"""player 15 @ 4chnM3wbbk"" posts a small blind of 5",2026-08-10T08:26:11.614Z,178635037161404
"Your hand is A♦, A♣",2026-08-10T08:26:11.614Z,178635037161402
"Player stacks: #1 ""player 16 @ uewFolxPCK"" (1095) | #2 ""player 15 @ 4chnM3wbbk"" (905)",2026-08-10T08:26:11.614Z,178635037161401
"-- starting hand #182 (id: ttlcquuem1qa)  No Limit Texas Hold'em (dealer: ""player 15 @ 4chnM3wbbk"") --",2026-08-10T08:26:11.614Z,178635037161400
"Undealt cards:  [Q♣, A♣, 4♥, Q♠, 6♥]",2026-08-10T08:26:06.034Z,178635036603400
"-- ending hand #181 --",2026-08-10T08:26:05.615Z,178635036561502
"""player 15 @ 4chnM3wbbk"" collected 10 from pot",2026-08-10T08:26:05.615Z,178635036561501
"Uncalled bet of 5 returned to ""player 15 @ 4chnM3wbbk""",2026-08-10T08:26:05.615Z,178635036561500
"""player 16 @ uewFolxPCK"" folds",2026-08-10T08:26:04.777Z,178635036477700
"""player 15 @ 4chnM3wbbk"" posts a big blind of 10",2026-08-10T08:26:03.605Z,178635036360505
"""player 16 @ uewFolxPCK"" posts a small blind of 5",2026-08-10T08:26:03.605Z,178635036360504
"Player stacks: #1 ""player 16 @ uewFolxPCK"" (1100) | #2 ""player 15 @ 4chnM3wbbk"" (900)",2026-08-10T08:26:03.605Z,178635036360501
"-- starting hand #181 (id: yr0lttjifafn)  No Limit Texas Hold'em (dealer: ""player 16 @ uewFolxPCK"") --",2026-08-10T08:26:03.605Z,178635036360500
"-- ending hand #180 --",2026-08-10T08:26:00.577Z,178635036057702
"""player 16 @ uewFolxPCK"" collected 200 from pot",2026-08-10T08:26:00.577Z,178635036057701
"Uncalled bet of 150 returned to ""player 16 @ uewFolxPCK""",2026-08-10T08:26:00.577Z,178635036057700
"""player 15 @ 4chnM3wbbk"" folds",2026-08-10T08:25:59.738Z,178635035973800
"""player 16 @ uewFolxPCK"" bets 150",2026-08-10T08:25:57.788Z,178635035778800
"River: 7♣, 7♥, 2♦, 5♦ [Q♠]",2026-08-10T08:25:52.899Z,178635035289900
"""player 15 @ 4chnM3wbbk"" calls 50",2026-08-10T08:25:52.068Z,178635035206800
"""player 16 @ uewFolxPCK"" bets 50",2026-08-10T08:25:50.322Z,178635035032200
"Turn: 7♣, 7♥, 2♦ [5♦]",2026-08-10T08:25:47.495Z,178635034749500
"""player 15 @ 4chnM3wbbk"" calls 20",2026-08-10T08:25:46.618Z,178635034661800
"""player 16 @ uewFolxPCK"" bets 20",2026-08-10T08:25:45.449Z,178635034544900
"Flop:  [7♣, 7♥, 2♦]",2026-08-10T08:25:42.806Z,178635034280600
"""player 16 @ uewFolxPCK"" calls 30",2026-08-10T08:25:41.972Z,178635034197200
"""player 15 @ 4chnM3wbbk"" raises to 30",2026-08-10T08:25:37.891Z,178635033789100
"""player 16 @ uewFolxPCK"" posts a big blind of 10",2026-08-10T08:25:35.559Z,178635033555905
"""player 15 @ 4chnM3wbbk"" posts a small blind of 5",2026-08-10T08:25:35.559Z,178635033555904
"Player stacks: #1 ""player 16 @ uewFolxPCK"" (1000) | #2 ""player 15 @ 4chnM3wbbk"" (1000)",2026-08-10T08:25:35.559Z,178635033555901
"-- starting hand #180 (id: bqrr8bgxdnh0)  No Limit Texas Hold'em (dealer: ""player 15 @ 4chnM3wbbk"") --",2026-08-10T08:25:35.559Z,178635033555900
"Undealt cards:  [J♦, A♣, 9♠, 6♦, 7♥]",2026-08-10T08:25:30.156Z,178635033015600
"-- ending hand #179 --",2026-08-10T08:25:29.599Z,178635032959902
"""player 15 @ 4chnM3wbbk"" collected 10 from pot",2026-08-10T08:25:29.599Z,178635032959901
"Uncalled bet of 5 returned to ""player 15 @ 4chnM3wbbk""",2026-08-10T08:25:29.599Z,178635032959900
"""player 16 @ uewFolxPCK"" folds",2026-08-10T08:25:28.756Z,178635032875600
"""player 15 @ 4chnM3wbbk"" posts a big blind of 10",2026-08-10T08:25:27.679Z,178635032767905
"""player 16 @ uewFolxPCK"" posts a small blind of 5",2026-08-10T08:25:27.679Z,178635032767904
"Player stacks: #1 ""player 16 @ uewFolxPCK"" (1005) | #2 ""player 15 @ 4chnM3wbbk"" (995)",2026-08-10T08:25:27.679Z,178635032767901
"-- starting hand #179 (id: 78z4jgmg08vo)  No Limit Texas Hold'em (dealer: ""player 16 @ uewFolxPCK"") --",2026-08-10T08:25:27.679Z,178635032767900
"Undealt cards: 2♠, 9♦, 7♠, K♥ [8♠]",2026-08-10T08:25:21.916Z,178635032191600
"-- ending hand #178 --",2026-08-10T08:25:21.748Z,178635032174802
"""player 16 @ uewFolxPCK"" collected 80 from pot",2026-08-10T08:25:21.748Z,178635032174801
"Uncalled bet of 30 returned to ""player 16 @ uewFolxPCK""",2026-08-10T08:25:21.748Z,178635032174800
"""player 15 @ 4chnM3wbbk"" folds",2026-08-10T08:25:20.887Z,178635032088700
"""player 16 @ uewFolxPCK"" bets 30",2026-08-10T08:25:18.485Z,178635031848500
"Turn: 2♠, 9♦, 7♠ [K♥]",2026-08-10T08:25:15.538Z,178635031553800
"""player 16 @ uewFolxPCK"" calls 30",2026-08-10T08:25:14.682Z,178635031468200
"""player 15 @ 4chnM3wbbk"" bets 30",2026-08-10T08:25:09.682Z,178635030968200
"""player 16 @ uewFolxPCK"" checks",2026-08-10T08:25:06.580Z,178635030658000
"Flop:  [2♠, 9♦, 7♠]",2026-08-10T08:25:05.062Z,178635030506200
"""player 16 @ uewFolxPCK"" checks",2026-08-10T08:25:04.215Z,178635030421500
"""player 15 @ 4chnM3wbbk"" calls 10",2026-08-10T08:25:03.257Z,178635030325700
"""player 16 @ uewFolxPCK"" posts a big blind of 10",2026-08-10T08:25:00.518Z,178635030051805
"""player 15 @ 4chnM3wbbk"" posts a small blind of 5",2026-08-10T08:25:00.518Z,178635030051804
"Player stacks: #1 ""player 16 @ uewFolxPCK"" (965) | #2 ""player 15 @ 4chnM3wbbk"" (1035)",2026-08-10T08:25:00.518Z,178635030051801
"-- starting hand #178 (id: atjlbghhsovh)  No Limit Texas Hold'em (dealer: ""player 15 @ 4chnM3wbbk"") --",2026-08-10T08:25:00.518Z,178635030051800
"Undealt cards: 5♣, 4♥, 9♦, 7♠ [4♣]",2026-08-10T08:24:54.794Z,178635029479400
"-- ending hand #177 --",2026-08-10T08:24:54.569Z,178635029456902
"""player 16 @ uewFolxPCK"" collected 100 from pot",2026-08-10T08:24:54.569Z,178635029456901
"Uncalled bet of 70 returned to ""player 16 @ uewFolxPCK""",2026-08-10T08:24:54.569Z,178635029456900
"""player 15 @ 4chnM3wbbk"" folds",2026-08-10T08:24:53.718Z,178635029371800
"""player 16 @ uewFolxPCK"" bets 70",2026-08-10T08:24:52.455Z,178635029245500
"""player 15 @ 4chnM3wbbk"" checks",2026-08-10T08:24:48.439Z,178635028843900
"Turn: 5♣, 4♥, 9♦ [7♠]",2026-08-10T08:24:46.892Z,178635028689200
"""player 15 @ 4chnM3wbbk"" calls 20",2026-08-10T08:24:46.078Z,178635028607800
"""player 16 @ uewFolxPCK"" bets 20",2026-08-10T08:24:45.049Z,178635028504900
"""player 15 @ 4chnM3wbbk"" checks",2026-08-10T08:24:43.256Z,178635028325600
"Flop:  [5♣, 4♥, 9♦]",2026-08-10T08:24:41.285Z,178635028128500
"""player 15 @ 4chnM3wbbk"" calls 30",2026-08-10T08:24:40.445Z,178635028044500
"""player 16 @ uewFolxPCK"" raises to 30",2026-08-10T08:24:39.522Z,178635027952200
"""player 15 @ 4chnM3wbbk"" posts a big blind of 10",2026-08-10T08:24:38.086Z,178635027808605
"""player 16 @ uewFolxPCK"" posts a small blind of 5",2026-08-10T08:24:38.086Z,178635027808604
"Player stacks: #1 ""player 16 @ uewFolxPCK"" (915) | #2 ""player 15 @ 4chnM3wbbk"" (1085)",2026-08-10T08:24:38.086Z,178635027808601
"-- starting hand #177 (id: hjk32pmdg2oc)  No Limit Texas Hold'em (dealer: ""player 16 @ uewFolxPCK"") --",2026-08-10T08:24:38.086Z,178635027808600
"Undealt cards:  [K♥, 5♠, J♣, 9♦, A♣]",2026-08-10T08:24:32.443Z,178635027244300
"-- ending hand #176 --",2026-08-10T08:24:32.151Z,178635027215102
"""player 16 @ uewFolxPCK"" collected 20 from pot",2026-08-10T08:24:32.151Z,178635027215101
"Uncalled bet of 20 returned to ""player 16 @ uewFolxPCK""",2026-08-10T08:24:32.151Z,178635027215100
"""player 15 @ 4chnM3wbbk"" folds",2026-08-10T08:24:31.288Z,178635027128800
"""player 16 @ uewFolxPCK"" raises to 30",2026-08-10T08:24:29.562Z,178635026956200
"""player 15 @ 4chnM3wbbk"" calls 10",2026-08-10T08:24:27.345Z,178635026734500
"""player 16 @ uewFolxPCK"" posts a big blind of 10",2026-08-10T08:24:25.879Z,178635026587905
"""player 15 @ 4chnM3wbbk"" posts a small blind of 5",2026-08-10T08:24:25.879Z,178635026587904
"Player stacks: #1 ""player 16 @ uewFolxPCK"" (905) | #2 ""player 15 @ 4chnM3wbbk"" (1095)",2026-08-10T08:24:25.879Z,178635026587901
"-- starting hand #176 (id: hjgojjtz0d2n)  No Limit Texas Hold'em (dealer: ""player 15 @ 4chnM3wbbk"") --",2026-08-10T08:24:25.879Z,178635026587900
"Undealt cards:  [2♣, 10♣, 8♦, 7♣, 7♥]",2026-08-10T08:24:22.580Z,178635026258000
"-- ending hand #175 --",2026-08-10T08:24:19.879Z,178635025987902
"""player 16 @ uewFolxPCK"" collected 20 from pot",2026-08-10T08:24:19.879Z,178635025987901
"Uncalled bet of 20 returned to ""player 16 @ uewFolxPCK""",2026-08-10T08:24:19.879Z,178635025987900
"""player 15 @ 4chnM3wbbk"" folds",2026-08-10T08:24:19.042Z,178635025904200
"""player 16 @ uewFolxPCK"" raises to 30",2026-08-10T08:24:18.026Z,178635025802600
"""player 15 @ 4chnM3wbbk"" posts a big blind of 10",2026-08-10T08:24:16.344Z,178635025634405
"""player 16 @ uewFolxPCK"" posts a small blind of 5",2026-08-10T08:24:16.344Z,178635025634404
"Player stacks: #1 ""player 16 @ uewFolxPCK"" (895) | #2 ""player 15 @ 4chnM3wbbk"" (1105)",2026-08-10T08:24:16.344Z,178635025634401
"-- starting hand #175 (id: pzmmvurw9hjw)  No Limit Texas Hold'em (dealer: ""player 16 @ uewFolxPCK"") --",2026-08-10T08:24:16.344Z,178635025634400
"-- ending hand #174 --",2026-08-10T08:24:10.339Z,178635025033903
"""player 15 @ 4chnM3wbbk"" collected 200 from pot with Pair, K's (combination: 6♠, 10♣, J♣, K♣, K♦)",2026-08-10T08:24:10.339Z,178635025033902
"""player 15 @ 4chnM3wbbk"" shows a 10♣, K♣.",2026-08-10T08:24:10.339Z,178635025033901
"""player 16 @ uewFolxPCK"" shows a J♦, 7♦.",2026-08-10T08:24:10.339Z,178635025033900
"""player 15 @ 4chnM3wbbk"" calls 40",2026-08-10T08:24:09.475Z,178635024947500
"""player 16 @ uewFolxPCK"" bets 40",2026-08-10T08:24:02.499Z,178635024249900
"River: K♦, 2♠, J♣, 4♥ [6♠]",2026-08-10T08:23:59.102Z,178635023910200
"""player 15 @ 4chnM3wbbk"" calls 30",2026-08-10T08:23:58.290Z,178635023829000
"""player 16 @ uewFolxPCK"" bets 30",2026-08-10T08:23:56.634Z,178635023663400
"Turn: K♦, 2♠, J♣ [4♥]",2026-08-10T08:23:54.701Z,178635023470100
"""player 15 @ 4chnM3wbbk"" calls 20",2026-08-10T08:23:53.856Z,178635023385600
"""player 16 @ uewFolxPCK"" bets 20",2026-08-10T08:23:51.961Z,178635023196100
"Flop:  [K♦, 2♠, J♣]",2026-08-10T08:23:48.800Z,178635022880000
"""player 16 @ uewFolxPCK"" checks",2026-08-10T08:23:47.994Z,178635022799400
"""player 15 @ 4chnM3wbbk"" calls 10",2026-08-10T08:23:46.602Z,178635022660200
"""player 16 @ uewFolxPCK"" posts a big blind of 10",2026-08-10T08:23:41.097Z,178635022109705
"""player 15 @ 4chnM3wbbk"" posts a small blind of 5",2026-08-10T08:23:41.097Z,178635022109704
"Your hand is J♦, 7♦",2026-08-10T08:23:41.097Z,178635022109702
"Player stacks: #1 ""player 16 @ uewFolxPCK"" (995) | #2 ""player 15 @ 4chnM3wbbk"" (1005)",2026-08-10T08:23:41.097Z,178635022109701
"-- starting hand #174 (id: sr91hoqildjn)  No Limit Texas Hold'em (dealer: ""player 15 @ 4chnM3wbbk"") --",2026-08-10T08:23:41.097Z,178635022109700
"Undealt cards:  [5♦, 7♣, 4♦, 9♠, 3♥]",2026-08-10T08:23:35.459Z,178635021545900
"-- ending hand #173 --",2026-08-10T08:23:35.091Z,178635021509102
"""player 16 @ uewFolxPCK"" collected 20 from pot",2026-08-10T08:23:35.091Z,178635021509101
"Uncalled bet of 20 returned to ""player 16 @ uewFolxPCK""",2026-08-10T08:23:35.091Z,178635021509100
"""player 15 @ 4chnM3wbbk"" folds",2026-08-10T08:23:34.223Z,178635021422300
"""player 16 @ uewFolxPCK"" raises to 30",2026-08-10T08:23:27.848Z,178635020784800
"""player 15 @ 4chnM3wbbk"" posts a big blind of 10",2026-08-10T08:23:26.490Z,178635020649005
"""player 16 @ uewFolxPCK"" posts a small blind of 5",2026-08-10T08:23:26.490Z,178635020649004
"Player stacks: #1 ""player 16 @ uewFolxPCK"" (985) | #2 ""player 15 @ 4chnM3wbbk"" (1015)",2026-08-10T08:23:26.490Z,178635020649001
"-- starting hand #173 (id: 8o7v7fugbecu)  No Limit Texas Hold'em (dealer: ""player 16 @ uewFolxPCK"") --",2026-08-10T08:23:26.490Z,178635020649000
"Undealt cards: 6♥, J♥, 3♥ [5♥, 9♣]",2026-08-10T08:23:20.746Z,178635020074600
"-- ending hand #172 --",2026-08-10T08:23:20.538Z,178635020053802
"""player 16 @ uewFolxPCK"" collected 20 from pot",2026-08-10T08:23:20.538Z,178635020053801
"Uncalled bet of 20 returned to ""player 16 @ uewFolxPCK""",2026-08-10T08:23:20.538Z,178635020053800
"""player 15 @ 4chnM3wbbk"" folds",2026-08-10T08:23:19.689Z,178635019968900
"""player 16 @ uewFolxPCK"" bets 20",2026-08-10T08:23:18.490Z,178635019849000
"Flop:  [6♥, J♥, 3♥]",2026-08-10T08:23:16.085Z,178635019608500
"""player 16 @ uewFolxPCK"" checks",2026-08-10T08:23:15.242Z,178635019524200
"""player 15 @ 4chnM3wbbk"" calls 10",2026-08-10T08:23:14.356Z,178635019435600
"""player 16 @ uewFolxPCK"" posts a big blind of 10",2026-08-10T08:23:12.885Z,178635019288505
"""player 15 @ 4chnM3wbbk"" posts a small blind of 5",2026-08-10T08:23:12.885Z,178635019288504
"Player stacks: #1 ""player 16 @ uewFolxPCK"" (975) | #2 ""player 15 @ 4chnM3wbbk"" (1025)",2026-08-10T08:23:12.885Z,178635019288501
"-- starting hand #172 (id: ecrs7ptixjil)  No Limit Texas Hold'em (dealer: ""player 15 @ 4chnM3wbbk"") --",2026-08-10T08:23:12.885Z,178635019288500
"Undealt cards:  [9♥, 4♦, 7♦, Q♥, A♣]",2026-08-10T08:23:07.145Z,178635018714500
"-- ending hand #171 --",2026-08-10T08:23:06.877Z,178635018687702
"""player 16 @ uewFolxPCK"" collected 20 from pot",2026-08-10T08:23:06.877Z,178635018687701
"Uncalled bet of 20 returned to ""player 16 @ uewFolxPCK""",2026-08-10T08:23:06.877Z,178635018687700
"""player 15 @ 4chnM3wbbk"" folds",2026-08-10T08:23:05.969Z,178635018596900
"""player 16 @ uewFolxPCK"" raises to 30",2026-08-10T08:23:04.562Z,178635018456200
"""player 15 @ 4chnM3wbbk"" posts a big blind of 10",2026-08-10T08:23:02.279Z,178635018227905
"""player 16 @ uewFolxPCK"" posts a small blind of 5",2026-08-10T08:23:02.279Z,178635018227904
"Player stacks: #1 ""player 16 @ uewFolxPCK"" (965) | #2 ""player 15 @ 4chnM3wbbk"" (1035)",2026-08-10T08:23:02.279Z,178635018227901
"-- starting hand #171 (id: hig4tkpujhk4)  No Limit Texas Hold'em (dealer: ""player 16 @ uewFolxPCK"") --",2026-08-10T08:23:02.279Z,178635018227900
"-- ending hand #170 --",2026-08-10T08:22:59.263Z,178635017926302
"""player 15 @ 4chnM3wbbk"" collected 60 from pot",2026-08-10T08:22:59.263Z,178635017926301
"Uncalled bet of 47 returned to ""player 15 @ 4chnM3wbbk""",2026-08-10T08:22:59.263Z,178635017926300
"""player 16 @ uewFolxPCK"" folds",2026-08-10T08:22:58.447Z,178635017844700
"""player 15 @ 4chnM3wbbk"" raises to 67",2026-08-10T08:22:56.091Z,178635017609100
"""player 16 @ uewFolxPCK"" bets 20",2026-08-10T08:22:51.708Z,178635017170800
"River: 6♠, 6♥, J♦, 7♦ [3♠]",2026-08-10T08:22:49.856Z,178635016985600
"""player 15 @ 4chnM3wbbk"" checks",2026-08-10T08:22:48.941Z,178635016894100
"""player 16 @ uewFolxPCK"" checks",2026-08-10T08:22:47.676Z,178635016767600
"Turn: 6♠, 6♥, J♦ [7♦]",2026-08-10T08:22:45.256Z,178635016525600
"""player 15 @ 4chnM3wbbk"" checks",2026-08-10T08:22:44.357Z,178635016435700
"""player 16 @ uewFolxPCK"" checks",2026-08-10T08:22:42.808Z,178635016280800
"Flop:  [6♠, 6♥, J♦]",2026-08-10T08:22:41.055Z,178635016105500
"""player 16 @ uewFolxPCK"" checks",2026-08-10T08:22:40.158Z,178635016015800
"""player 15 @ 4chnM3wbbk"" calls 10",2026-08-10T08:22:39.258Z,178635015925800
"""player 16 @ uewFolxPCK"" posts a big blind of 10",2026-08-10T08:22:37.650Z,178635015765005
"""player 15 @ 4chnM3wbbk"" posts a small blind of 5",2026-08-10T08:22:37.650Z,178635015765004
"Player stacks: #1 ""player 16 @ uewFolxPCK"" (995) | #2 ""player 15 @ 4chnM3wbbk"" (1005)",2026-08-10T08:22:37.650Z,178635015765001
"-- starting hand #170 (id: 6icswrxjiziw)  No Limit Texas Hold'em (dealer: ""player 15 @ 4chnM3wbbk"") --",2026-08-10T08:22:37.650Z,178635015765000
"-- ending hand #169 --",2026-08-10T08:22:31.616Z,178635015161602
"""player 16 @ uewFolxPCK"" collected 20 from pot",2026-08-10T08:22:31.616Z,178635015161601
"Uncalled bet of 20 returned to ""player 16 @ uewFolxPCK""",2026-08-10T08:22:31.616Z,178635015161600
"""player 15 @ 4chnM3wbbk"" folds",2026-08-10T08:22:30.773Z,178635015077300
"""player 16 @ uewFolxPCK"" raises to 30",2026-08-10T08:22:28.214Z,178635014821400
"""player 15 @ 4chnM3wbbk"" posts a big blind of 10",2026-08-10T08:22:27.001Z,178635014700105
"""player 16 @ uewFolxPCK"" posts a small blind of 5",2026-08-10T08:22:27.001Z,178635014700104
"Player stacks: #1 ""player 16 @ uewFolxPCK"" (985) | #2 ""player 15 @ 4chnM3wbbk"" (1015)",2026-08-10T08:22:27.001Z,178635014700101
"-- starting hand #169 (id: 3ubefazvm7dp)  No Limit Texas Hold'em (dealer: ""player 16 @ uewFolxPCK"") --",2026-08-10T08:22:27.001Z,178635014700100
"Undealt cards:  [Q♣, 8♣, 6♣, J♦, 2♥]",2026-08-10T08:22:21.485Z,178635014148500
"-- ending hand #168 --",2026-08-10T08:22:20.997Z,178635014099702
"""player 16 @ uewFolxPCK"" collected 10 from pot",2026-08-10T08:22:20.997Z,178635014099701
"Uncalled bet of 5 returned to ""player 16 @ uewFolxPCK""",2026-08-10T08:22:20.997Z,178635014099700
"""player 15 @ 4chnM3wbbk"" folds",2026-08-10T08:22:20.138Z,178635014013800
"""player 16 @ uewFolxPCK"" posts a big blind of 10",2026-08-10T08:22:18.597Z,178635013859705
"""player 15 @ 4chnM3wbbk"" posts a small blind of 5",2026-08-10T08:22:18.597Z,178635013859704
"Player stacks: #1 ""player 16 @ uewFolxPCK"" (980) | #2 ""player 15 @ 4chnM3wbbk"" (1020)",2026-08-10T08:22:18.597Z,178635013859701
"-- starting hand #168 (id: fd08rut3wcsd)  No Limit Texas Hold'em (dealer: ""player 15 @ 4chnM3wbbk"") --",2026-08-10T08:22:18.597Z,178635013859700
"-- ending hand #167 --",2026-08-10T08:22:12.592Z,178635013259202
"""player 15 @ 4chnM3wbbk"" collected 360 from pot with Pair, K's (combination: 8♦, 10♥, J♣, K♦, K♥)",2026-08-10T08:22:12.592Z,178635013259201
"""player 15 @ 4chnM3wbbk"" shows a K♦, J♣.",2026-08-10T08:22:12.592Z,178635013259200
"""player 16 @ uewFolxPCK"" checks",2026-08-10T08:22:11.666Z,178635013166600
"""player 15 @ 4chnM3wbbk"" checks",2026-08-10T08:22:10.661Z,178635013066100
"River: 8♦, 10♥, K♥, 5♠ [6♥]",2026-08-10T08:22:05.991Z,178635012599100
"""player 15 @ 4chnM3wbbk"" calls 90",2026-08-10T08:22:05.173Z,178635012517300
"""player 16 @ uewFolxPCK"" bets 90",2026-08-10T08:22:03.936Z,178635012393600
"""player 15 @ 4chnM3wbbk"" checks",2026-08-10T08:22:00.724Z,178635012072400
"Turn: 8♦, 10♥, K♥ [5♠]",2026-08-10T08:21:58.788Z,178635011878800
"""player 16 @ uewFolxPCK"" calls 60",2026-08-10T08:21:57.983Z,178635011798300
"""player 15 @ 4chnM3wbbk"" raises to 60",2026-08-10T08:21:47.846Z,178635010784600
"""player 16 @ uewFolxPCK"" bets 20",2026-08-10T08:21:45.314Z,178635010531400
"""player 15 @ 4chnM3wbbk"" checks",2026-08-10T08:21:43.641Z,178635010364100
"Flop:  [8♦, 10♥, K♥]",2026-08-10T08:21:41.884Z,178635010188400
"""player 15 @ 4chnM3wbbk"" calls 30",2026-08-10T08:21:41.040Z,178635010104000
"""player 16 @ uewFolxPCK"" raises to 30",2026-08-10T08:21:40.071Z,178635010007100
"""player 15 @ 4chnM3wbbk"" posts a big blind of 10",2026-08-10T08:21:37.682Z,178635009768205
"""player 16 @ uewFolxPCK"" posts a small blind of 5",2026-08-10T08:21:37.682Z,178635009768204
"Player stacks: #1 ""player 16 @ uewFolxPCK"" (1160) | #2 ""player 15 @ 4chnM3wbbk"" (840)",2026-08-10T08:21:37.682Z,178635009768201
"-- starting hand #167 (id: fvnzktr6cjuu)  No Limit Texas Hold'em (dealer: ""player 16 @ uewFolxPCK"") --",2026-08-10T08:21:37.682Z,178635009768200
"-- ending hand #166 --",2026-08-10T08:21:34.678Z,178635009467802
"""player 16 @ uewFolxPCK"" collected 20 from pot",2026-08-10T08:21:34.678Z,178635009467801
"Uncalled bet of 40 returned to ""player 16 @ uewFolxPCK""",2026-08-10T08:21:34.678Z,178635009467800
"""player 15 @ 4chnM3wbbk"" folds",2026-08-10T08:21:33.792Z,178635009379200
"""player 16 @ uewFolxPCK"" bets 40",2026-08-10T08:21:30.734Z,178635009073400
"River: 9♥, 2♠, Q♠, 6♥ [2♥]",2026-08-10T08:21:27.772Z,178635008777200
"""player 15 @ 4chnM3wbbk"" checks",2026-08-10T08:21:26.946Z,178635008694600
"""player 16 @ uewFolxPCK"" checks",2026-08-10T08:21:25.425Z,178635008542500
"Turn: 9♥, 2♠, Q♠ [6♥]",2026-08-10T08:21:21.768Z,178635008176800
"""player 15 @ 4chnM3wbbk"" checks",2026-08-10T08:21:20.924Z,178635008092400
"""player 16 @ uewFolxPCK"" checks",2026-08-10T08:21:19.635Z,178635007963500
"Flop:  [9♥, 2♠, Q♠]",2026-08-10T08:21:17.864Z,178635007786400
"""player 16 @ uewFolxPCK"" checks",2026-08-10T08:21:17.054Z,178635007705400
"""player 15 @ 4chnM3wbbk"" calls 10",2026-08-10T08:21:16.141Z,178635007614100
"""player 16 @ uewFolxPCK"" posts a big blind of 10",2026-08-10T08:21:14.059Z,178635007405905
"""player 15 @ 4chnM3wbbk"" posts a small blind of 5",2026-08-10T08:21:14.059Z,178635007405904
"Player stacks: #1 ""player 16 @ uewFolxPCK"" (1150) | #2 ""player 15 @ 4chnM3wbbk"" (850)",2026-08-10T08:21:14.059Z,178635007405901
"-- starting hand #166 (id: mqgy6mssvgvh)  No Limit Texas Hold'em (dealer: ""player 15 @ 4chnM3wbbk"") --",2026-08-10T08:21:14.059Z,178635007405900
"-- ending hand #165 --",2026-08-10T08:21:08.039Z,178635006803902
"""player 15 @ 4chnM3wbbk"" collected 200 from pot with Pair, 9's (combination: 7♥, J♦, A♣, 9♦, 9♣)",2026-08-10T08:21:08.039Z,178635006803901
"""player 15 @ 4chnM3wbbk"" shows a J♦, 9♦.",2026-08-10T08:21:08.039Z,178635006803900
"""player 16 @ uewFolxPCK"" checks",2026-08-10T08:21:07.224Z,178635006722400
"""player 15 @ 4chnM3wbbk"" checks",2026-08-10T08:21:01.789Z,178635006178900
"River: 7♥, 9♣, 6♠, 4♠ [A♣]",2026-08-10T08:20:54.768Z,178635005476800
"""player 15 @ 4chnM3wbbk"" calls 50",2026-08-10T08:20:53.908Z,178635005390800
"""player 16 @ uewFolxPCK"" bets 50",2026-08-10T08:20:46.809Z,178635004680900
"""player 15 @ 4chnM3wbbk"" checks",2026-08-10T08:20:44.293Z,178635004429300
"Turn: 7♥, 9♣, 6♠ [4♠]",2026-08-10T08:20:42.754Z,178635004275400
"""player 15 @ 4chnM3wbbk"" calls 20",2026-08-10T08:20:41.875Z,178635004187500
"""player 16 @ uewFolxPCK"" bets 20",2026-08-10T08:20:40.362Z,178635004036200
"""player 15 @ 4chnM3wbbk"" checks",2026-08-10T08:20:38.659Z,178635003865900
"Flop:  [7♥, 9♣, 6♠]",2026-08-10T08:20:36.951Z,178635003695100
"""player 15 @ 4chnM3wbbk"" calls 30",2026-08-10T08:20:36.121Z,178635003612100
"""player 16 @ uewFolxPCK"" raises to 30",2026-08-10T08:20:35.062Z,178635003506200
"""player 15 @ 4chnM3wbbk"" posts a big blind of 10",2026-08-10T08:20:33.461Z,178635003346105
"""player 16 @ uewFolxPCK"" posts a small blind of 5",2026-08-10T08:20:33.461Z,178635003346104
"Player stacks: #1 ""player 16 @ uewFolxPCK"" (1250) | #2 ""player 15 @ 4chnM3wbbk"" (750)",2026-08-10T08:20:33.461Z,178635003346101
"-- starting hand #165 (id: nf8ebfgtqg1o)  No Limit Texas Hold'em (dealer: ""player 16 @ uewFolxPCK"") --",2026-08-10T08:20:33.461Z,178635003346100
"-- ending hand #164 --",2026-08-10T08:20:30.551Z,178635003055102
"""player 15 @ 4chnM3wbbk"" collected 40 from pot",2026-08-10T08:20:30.551Z,178635003055101
"Uncalled bet of 30 returned to ""player 15 @ 4chnM3wbbk""",2026-08-10T08:20:30.551Z,178635003055100
"""player 16 @ uewFolxPCK"" folds",2026-08-10T08:20:29.667Z,178635002966700
"""player 15 @ 4chnM3wbbk"" bets 30",2026-08-10T08:20:26.706Z,178635002670600
"""player 16 @ uewFolxPCK"" checks",2026-08-10T08:20:23.654Z,178635002365400
"River: A♣, 3♦, Q♥, 7♦ [J♦]",2026-08-10T08:20:21.996Z,178635002199600
"""player 16 @ uewFolxPCK"" calls 10",2026-08-10T08:20:21.138Z,178635002113800
"""player 15 @ 4chnM3wbbk"" bets 10",2026-08-10T08:20:20.175Z,178635002017500
"""player 16 @ uewFolxPCK"" checks",2026-08-10T08:20:18.641Z,178635001864100
"Turn: A♣, 3♦, Q♥ [7♦]",2026-08-10T08:20:17.324Z,178635001732400
"""player 15 @ 4chnM3wbbk"" checks",2026-08-10T08:20:16.511Z,178635001651100
"""player 16 @ uewFolxPCK"" checks",2026-08-10T08:20:15.213Z,178635001521300
"Flop:  [A♣, 3♦, Q♥]",2026-08-10T08:20:13.122Z,178635001312200
"""player 16 @ uewFolxPCK"" checks",2026-08-10T08:20:12.208Z,178635001220800
"""player 15 @ 4chnM3wbbk"" calls 10",2026-08-10T08:20:11.309Z,178635001130900
"""player 16 @ uewFolxPCK"" posts a big blind of 10",2026-08-10T08:20:10.120Z,178635001012005
"""player 15 @ 4chnM3wbbk"" posts a small blind of 5",2026-08-10T08:20:10.120Z,178635001012004
"Player stacks: #1 ""player 16 @ uewFolxPCK"" (1270) | #2 ""player 15 @ 4chnM3wbbk"" (730)",2026-08-10T08:20:10.120Z,178635001012001
"-- starting hand #164 (id: z7jzknixd0f3)  No Limit Texas Hold'em (dealer: ""player 15 @ 4chnM3wbbk"") --",2026-08-10T08:20:10.120Z,178635001012000
"Undealt cards:  [7♣, J♦, K♥, J♥, 10♦]",2026-08-10T08:20:04.392Z,178635000439200
"-- ending hand #163 --",2026-08-10T08:20:04.118Z,178635000411802
"""player 16 @ uewFolxPCK"" collected 20 from pot",2026-08-10T08:20:04.118Z,178635000411801
"Uncalled bet of 20 returned to ""player 16 @ uewFolxPCK""",2026-08-10T08:20:04.118Z,178635000411800
"""player 15 @ 4chnM3wbbk"" folds",2026-08-10T08:20:03.215Z,178635000321500
"""player 16 @ uewFolxPCK"" raises to 30",2026-08-10T08:20:00.998Z,178635000099800
"""player 15 @ 4chnM3wbbk"" posts a big blind of 10",2026-08-10T08:19:59.748Z,178634999974805
"""player 16 @ uewFolxPCK"" posts a small blind of 5",2026-08-10T08:19:59.748Z,178634999974804
"Player stacks: #1 ""player 16 @ uewFolxPCK"" (1260) | #2 ""player 15 @ 4chnM3wbbk"" (740)",2026-08-10T08:19:59.748Z,178634999974801
"-- starting hand #163 (id: zejhhfckcvho)  No Limit Texas Hold'em (dealer: ""player 16 @ uewFolxPCK"") --",2026-08-10T08:19:59.748Z,178634999974800
"Undealt cards:  [10♥, 8♣, J♥, 8♠, 2♥]",2026-08-10T08:19:54.191Z,178634999419100
"-- ending hand #162 --",2026-08-10T08:19:53.827Z,178634999382702
"""player 16 @ uewFolxPCK"" collected 10 from pot",2026-08-10T08:19:53.827Z,178634999382701
"Uncalled bet of 5 returned to ""player 16 @ uewFolxPCK""",2026-08-10T08:19:53.827Z,178634999382700
"""player 15 @ 4chnM3wbbk"" folds",2026-08-10T08:19:52.976Z,178634999297600
"""player 16 @ uewFolxPCK"" posts a big blind of 10",2026-08-10T08:19:51.229Z,178634999122905
"""player 15 @ 4chnM3wbbk"" posts a small blind of 5",2026-08-10T08:19:51.229Z,178634999122904
"Player stacks: #1 ""player 16 @ uewFolxPCK"" (1255) | #2 ""player 15 @ 4chnM3wbbk"" (745)",2026-08-10T08:19:51.229Z,178634999122901
"-- starting hand #162 (id: fsnscklstr9i)  No Limit Texas Hold'em (dealer: ""player 15 @ 4chnM3wbbk"") --",2026-08-10T08:19:51.229Z,178634999122900
"-- ending hand #161 --",2026-08-10T08:19:48.226Z,178634998822602
"""player 15 @ 4chnM3wbbk"" collected 340 from pot",2026-08-10T08:19:48.226Z,178634998822601
"Uncalled bet of 150 returned to ""player 15 @ 4chnM3wbbk""",2026-08-10T08:19:48.226Z,178634998822600
"""player 16 @ uewFolxPCK"" folds",2026-08-10T08:19:47.398Z,178634998739800
"""player 15 @ 4chnM3wbbk"" raises to 300",2026-08-10T08:19:38.855Z,178634997885500
"""player 16 @ uewFolxPCK"" raises to 150",2026-08-10T08:19:32.778Z,178634997277800
"""player 15 @ 4chnM3wbbk"" bets 50",2026-08-10T08:19:15.871Z,178634995587100
"River: J♦, K♦, 6♥, J♣ [4♦]",2026-08-10T08:19:12.994Z,178634995299400
"""player 16 @ uewFolxPCK"" checks",2026-08-10T08:19:12.078Z,178634995207800
"""player 15 @ 4chnM3wbbk"" checks",2026-08-10T08:19:11.093Z,178634995109300
"Turn: J♦, K♦, 6♥ [J♣]",2026-08-10T08:19:09.791Z,178634994979100
"""player 16 @ uewFolxPCK"" calls 10",2026-08-10T08:19:08.860Z,178634994886000
"""player 15 @ 4chnM3wbbk"" bets 10",2026-08-10T08:19:06.726Z,178634994672600
"Flop:  [J♦, K♦, 6♥]",2026-08-10T08:19:04.389Z,178634994438900
"""player 15 @ 4chnM3wbbk"" checks",2026-08-10T08:19:03.565Z,178634994356500
"""player 16 @ uewFolxPCK"" calls 10",2026-08-10T08:18:59.154Z,178634993915400
"""player 15 @ 4chnM3wbbk"" posts a big blind of 10",2026-08-10T08:18:58.255Z,178634993825505
"""player 16 @ uewFolxPCK"" posts a small blind of 5",2026-08-10T08:18:58.255Z,178634993825504
"Player stacks: #1 ""player 16 @ uewFolxPCK"" (1425) | #2 ""player 15 @ 4chnM3wbbk"" (575)",2026-08-10T08:18:58.255Z,178634993825501
"-- starting hand #161 (id: djpyokpbxwla)  No Limit Texas Hold'em (dealer: ""player 16 @ uewFolxPCK"") --",2026-08-10T08:18:58.255Z,178634993825500
"-- ending hand #160 --",2026-08-10T08:18:52.173Z,178634993217302
"""player 16 @ uewFolxPCK"" collected 160 from pot with Two Pair, A's & 10's (combination: 5♦, 10♦, 10♣, A♣, A♦)",2026-08-10T08:18:52.173Z,178634993217301
"""player 16 @ uewFolxPCK"" shows a 10♦, 10♣.",2026-08-10T08:18:52.173Z,178634993217300
"""player 15 @ 4chnM3wbbk"" calls 30",2026-08-10T08:18:51.313Z,178634993131300
"""player 16 @ uewFolxPCK"" bets 30",2026-08-10T08:18:49.365Z,178634992936500
"River: A♣, 3♦, 5♦, 2♥ [A♦]",2026-08-10T08:18:46.276Z,178634992627600
"""player 15 @ 4chnM3wbbk"" checks",2026-08-10T08:18:45.459Z,178634992545900
"""player 16 @ uewFolxPCK"" checks",2026-08-10T08:18:43.913Z,178634992391300
"Turn: A♣, 3♦, 5♦ [2♥]",2026-08-10T08:18:37.462Z,178634991746200
"""player 15 @ 4chnM3wbbk"" calls 20",2026-08-10T08:18:36.659Z,178634991665900
"""player 16 @ uewFolxPCK"" bets 20",2026-08-10T08:18:33.722Z,178634991372200
"Flop:  [A♣, 3♦, 5♦]",2026-08-10T08:18:31.438Z,178634991143800
"""player 15 @ 4chnM3wbbk"" calls 30",2026-08-10T08:18:30.575Z,178634991057500
"""player 16 @ uewFolxPCK"" raises to 30",2026-08-10T08:18:29.499Z,178634990949900
"""player 15 @ 4chnM3wbbk"" calls 10",2026-08-10T08:18:27.859Z,178634990785900
"""player 16 @ uewFolxPCK"" posts a big blind of 10",2026-08-10T08:18:26.699Z,178634990669905
"""player 15 @ 4chnM3wbbk"" posts a small blind of 5",2026-08-10T08:18:26.699Z,178634990669904
"Your hand is 10♦, 10♣",2026-08-10T08:18:26.699Z,178634990669902
"Player stacks: #1 ""player 16 @ uewFolxPCK"" (1345) | #2 ""player 15 @ 4chnM3wbbk"" (655)",2026-08-10T08:18:26.699Z,178634990669901
"-- starting hand #160 (id: dlcqneoji9en)  No Limit Texas Hold'em (dealer: ""player 15 @ 4chnM3wbbk"") --",2026-08-10T08:18:26.699Z,178634990669900
"Undealt cards:  [7♠, K♣, 8♦, 6♣, J♦]",2026-08-10T08:18:21.163Z,178634990116300
"-- ending hand #159 --",2026-08-10T08:18:20.785Z,178634990078502
"""player 16 @ uewFolxPCK"" collected 20 from pot",2026-08-10T08:18:20.785Z,178634990078501
"Uncalled bet of 20 returned to ""player 16 @ uewFolxPCK""",2026-08-10T08:18:20.785Z,178634990078500
"""player 15 @ 4chnM3wbbk"" folds",2026-08-10T08:18:19.925Z,178634989992500
"""player 16 @ uewFolxPCK"" raises to 30",2026-08-10T08:18:18.917Z,178634989891700
"""player 15 @ 4chnM3wbbk"" posts a big blind of 10",2026-08-10T08:18:17.429Z,178634989742905
"""player 16 @ uewFolxPCK"" posts a small blind of 5",2026-08-10T08:18:17.429Z,178634989742904
"Player stacks: #1 ""player 16 @ uewFolxPCK"" (1335) | #2 ""player 15 @ 4chnM3wbbk"" (665)",2026-08-10T08:18:17.429Z,178634989742901
"-- starting hand #159 (id: xdvedqkg7by4)  No Limit Texas Hold'em (dealer: ""player 16 @ uewFolxPCK"") --",2026-08-10T08:18:17.429Z,178634989742900
"Undealt cards:  [7♣, J♥, 10♥, 3♦, 7♥]",2026-08-10T08:18:11.765Z,178634989176500
"-- ending hand #158 --",2026-08-10T08:18:11.490Z,178634989149002
"""player 16 @ uewFolxPCK"" collected 10 from pot",2026-08-10T08:18:11.490Z,178634989149001
"Uncalled bet of 5 returned to ""player 16 @ uewFolxPCK""",2026-08-10T08:18:11.490Z,178634989149000
"""player 15 @ 4chnM3wbbk"" folds",2026-08-10T08:18:10.662Z,178634989066200
"""player 16 @ uewFolxPCK"" posts a big blind of 10",2026-08-10T08:18:08.887Z,178634988888705
"""player 15 @ 4chnM3wbbk"" posts a small blind of 5",2026-08-10T08:18:08.887Z,178634988888704
"Player stacks: #1 ""player 16 @ uewFolxPCK"" (1330) | #2 ""player 15 @ 4chnM3wbbk"" (670)",2026-08-10T08:18:08.887Z,178634988888701
"-- starting hand #158 (id: 9wqb3s9ttivg)  No Limit Texas Hold'em (dealer: ""player 15 @ 4chnM3wbbk"") --",2026-08-10T08:18:08.887Z,178634988888700
"-- ending hand #157 --",2026-08-10T08:18:02.827Z,178634988282702
"""player 15 @ 4chnM3wbbk"" collected 80 from pot with Two Pair, J's & 2's (combination: A♣, 2♥, 2♣, J♥, J♦)",2026-08-10T08:18:02.827Z,178634988282701
"""player 15 @ 4chnM3wbbk"" shows a J♥, 2♥.",2026-08-10T08:18:02.827Z,178634988282700
"""player 16 @ uewFolxPCK"" calls 30",2026-08-10T08:18:01.997Z,178634988199700
"""player 15 @ 4chnM3wbbk"" bets 30",2026-08-10T08:17:59.742Z,178634987974200
"River: 6♦, J♦, 7♠, 2♣ [A♣]",2026-08-10T08:17:56.787Z,178634987678700
"""player 16 @ uewFolxPCK"" checks",2026-08-10T08:17:55.921Z,178634987592100
"""player 15 @ 4chnM3wbbk"" checks",2026-08-10T08:17:54.793Z,178634987479300
"Turn: 6♦, J♦, 7♠ [2♣]",2026-08-10T08:17:53.479Z,178634987347900
"""player 16 @ uewFolxPCK"" checks",2026-08-10T08:17:52.667Z,178634987266700
"""player 15 @ 4chnM3wbbk"" checks",2026-08-10T08:17:51.160Z,178634987116000
"Flop:  [6♦, J♦, 7♠]",2026-08-10T08:17:49.274Z,178634986927400
"""player 15 @ 4chnM3wbbk"" checks",2026-08-10T08:17:48.411Z,178634986841100
"""player 16 @ uewFolxPCK"" calls 10",2026-08-10T08:17:47.157Z,178634986715700
"""player 15 @ 4chnM3wbbk"" posts a big blind of 10",2026-08-10T08:17:45.375Z,178634986537505
"""player 16 @ uewFolxPCK"" posts a small blind of 5",2026-08-10T08:17:45.375Z,178634986537504
"Player stacks: #1 ""player 16 @ uewFolxPCK"" (1370) | #2 ""player 15 @ 4chnM3wbbk"" (630)",2026-08-10T08:17:45.375Z,178634986537501
"-- starting hand #157 (id: 0unheqpmjdqe)  No Limit Texas Hold'em (dealer: ""player 16 @ uewFolxPCK"") --",2026-08-10T08:17:45.375Z,178634986537500
"Undealt cards:  [Q♥, 7♠, 2♦, 3♠, 2♠]",2026-08-10T08:17:39.587Z,178634985958700
"-- ending hand #156 --",2026-08-10T08:17:39.373Z,178634985937302
"""player 16 @ uewFolxPCK"" collected 60 from pot",2026-08-10T08:17:39.373Z,178634985937301
"Uncalled bet of 90 returned to ""player 16 @ uewFolxPCK""",2026-08-10T08:17:39.373Z,178634985937300
"""player 15 @ 4chnM3wbbk"" folds",2026-08-10T08:17:38.463Z,178634985846300
"""player 16 @ uewFolxPCK"" raises to 120",2026-08-10T08:17:36.861Z,178634985686100
"""player 15 @ 4chnM3wbbk"" raises to 30",2026-08-10T08:17:33.659Z,178634985365900
"""player 16 @ uewFolxPCK"" posts a big blind of 10",2026-08-10T08:17:30.766Z,178634985076605
"""player 15 @ 4chnM3wbbk"" posts a small blind of 5",2026-08-10T08:17:30.766Z,178634985076604
"Player stacks: #1 ""player 16 @ uewFolxPCK"" (1340) | #2 ""player 15 @ 4chnM3wbbk"" (660)",2026-08-10T08:17:30.766Z,178634985076601
"-- starting hand #156 (id: pg77dpfuqi6s)  No Limit Texas Hold'em (dealer: ""player 15 @ 4chnM3wbbk"") --",2026-08-10T08:17:30.766Z,178634985076600
"Undealt cards:  [8♥, 9♠, 5♦, A♠, 9♥]",2026-08-10T08:17:25.212Z,178634984521200
"-- ending hand #155 --",2026-08-10T08:17:24.753Z,178634984475302
"""player 16 @ uewFolxPCK"" collected 20 from pot",2026-08-10T08:17:24.753Z,178634984475301
"Uncalled bet of 20 returned to ""player 16 @ uewFolxPCK""",2026-08-10T08:17:24.753Z,178634984475300
"""player 15 @ 4chnM3wbbk"" folds",2026-08-10T08:17:23.890Z,178634984389000
"""player 16 @ uewFolxPCK"" raises to 30",2026-08-10T08:17:22.725Z,178634984272500
"""player 15 @ 4chnM3wbbk"" posts a big blind of 10",2026-08-10T08:17:21.355Z,178634984135505
"""player 16 @ uewFolxPCK"" posts a small blind of 5",2026-08-10T08:17:21.355Z,178634984135504
"Player stacks: #1 ""player 16 @ uewFolxPCK"" (1330) | #2 ""player 15 @ 4chnM3wbbk"" (670)",2026-08-10T08:17:21.355Z,178634984135501
"-- starting hand #155 (id: g8vuiaalwkmk)  No Limit Texas Hold'em (dealer: ""player 16 @ uewFolxPCK"") --",2026-08-10T08:17:21.355Z,178634984135500
"-- ending hand #154 --",2026-08-10T08:17:15.342Z,178634983534203
"""player 15 @ 4chnM3wbbk"" collected 100 from pot with Two Pair, 10's & 3's (combination: K♣, 3♦, 3♠, 10♠, 10♦)",2026-08-10T08:17:15.342Z,178634983534202
"""player 15 @ 4chnM3wbbk"" shows a K♣, 9♦.",2026-08-10T08:17:15.342Z,178634983534201
"""player 16 @ uewFolxPCK"" shows a Q♥, 4♥.",2026-08-10T08:17:15.342Z,178634983534200
"""player 15 @ 4chnM3wbbk"" checks",2026-08-10T08:17:14.527Z,178634983452700
"""player 16 @ uewFolxPCK"" checks",2026-08-10T08:17:12.194Z,178634983219400
"River: 3♦, 10♠, J♣, 10♦ [3♠]",2026-08-10T08:17:08.332Z,178634982833200
"""player 15 @ 4chnM3wbbk"" checks",2026-08-10T08:17:07.528Z,178634982752800
"""player 16 @ uewFolxPCK"" checks",2026-08-10T08:17:05.784Z,178634982578400
"Turn: 3♦, 10♠, J♣ [10♦]",2026-08-10T08:17:01.079Z,178634982107900
"""player 15 @ 4chnM3wbbk"" calls 20",2026-08-10T08:17:00.224Z,178634982022400
"""player 16 @ uewFolxPCK"" bets 20",2026-08-10T08:16:59.154Z,178634981915400
"Flop:  [3♦, 10♠, J♣]",2026-08-10T08:16:56.667Z,178634981666700
"""player 15 @ 4chnM3wbbk"" calls 30",2026-08-10T08:16:55.853Z,178634981585300
"""player 16 @ uewFolxPCK"" raises to 30",2026-08-10T08:16:54.936Z,178634981493600
"""player 15 @ 4chnM3wbbk"" calls 10",2026-08-10T08:16:53.245Z,178634981324500
"""player 16 @ uewFolxPCK"" posts a big blind of 10",2026-08-10T08:16:51.956Z,178634981195605
"""player 15 @ 4chnM3wbbk"" posts a small blind of 5",2026-08-10T08:16:51.956Z,178634981195604
"Your hand is Q♥, 4♥",2026-08-10T08:16:51.956Z,178634981195602
"Player stacks: #1 ""player 16 @ uewFolxPCK"" (1380) | #2 ""player 15 @ 4chnM3wbbk"" (620)",2026-08-10T08:16:51.956Z,178634981195601
"-- starting hand #154 (id: jezuvs3yv2to)  No Limit Texas Hold'em (dealer: ""player 15 @ 4chnM3wbbk"") --",2026-08-10T08:16:51.956Z,178634981195600
"Undealt cards:  [4♠, 6♣, 6♥, 3♣, Q♥]",2026-08-10T08:16:46.264Z,178634980626400
"-- ending hand #153 --",2026-08-10T08:16:46.021Z,178634980602102
"""player 16 @ uewFolxPCK"" collected 20 from pot",2026-08-10T08:16:46.021Z,178634980602101
"Uncalled bet of 20 returned to ""player 16 @ uewFolxPCK""",2026-08-10T08:16:46.021Z,178634980602100
"""player 15 @ 4chnM3wbbk"" folds",2026-08-10T08:16:45.206Z,178634980520600
"""player 16 @ uewFolxPCK"" raises to 30",2026-08-10T08:16:44.232Z,178634980423200
"""player 15 @ 4chnM3wbbk"" posts a big blind of 10",2026-08-10T08:16:43.020Z,178634980302005
"""player 16 @ uewFolxPCK"" posts a small blind of 5",2026-08-10T08:16:43.020Z,178634980302004
"Player stacks: #1 ""player 16 @ uewFolxPCK"" (1370) | #2 ""player 15 @ 4chnM3wbbk"" (630)",2026-08-10T08:16:43.020Z,178634980302001
"-- starting hand #153 (id: mqsf361xzvlf)  No Limit Texas Hold'em (dealer: ""player 16 @ uewFolxPCK"") --",2026-08-10T08:16:43.020Z,178634980302000
"Undealt cards:  [Q♦, 4♥, 2♣, 3♥, K♣]",2026-08-10T08:16:37.226Z,178634979722600
"-- ending hand #152 --",2026-08-10T08:16:37.065Z,178634979706502
"""player 16 @ uewFolxPCK"" collected 10 from pot",2026-08-10T08:16:37.065Z,178634979706501
"Uncalled bet of 5 returned to ""player 16 @ uewFolxPCK""",2026-08-10T08:16:37.065Z,178634979706500
"""player 15 @ 4chnM3wbbk"" folds",2026-08-10T08:16:36.230Z,178634979623000
"""player 16 @ uewFolxPCK"" posts a big blind of 10",2026-08-10T08:16:34.861Z,178634979486105
"""player 15 @ 4chnM3wbbk"" posts a small blind of 5",2026-08-10T08:16:34.861Z,178634979486104
"Player stacks: #1 ""player 16 @ uewFolxPCK"" (1365) | #2 ""player 15 @ 4chnM3wbbk"" (635)",2026-08-10T08:16:34.861Z,178634979486101
"-- starting hand #152 (id: jmy8dph9aawt)  No Limit Texas Hold'em (dealer: ""player 15 @ 4chnM3wbbk"") --",2026-08-10T08:16:34.861Z,178634979486100
"-- ending hand #151 --",2026-08-10T08:16:31.946Z,178634979194602
"""player 16 @ uewFolxPCK"" collected 140 from pot",2026-08-10T08:16:31.946Z,178634979194601
"Uncalled bet of 140 returned to ""player 16 @ uewFolxPCK""",2026-08-10T08:16:31.946Z,178634979194600
"""player 15 @ 4chnM3wbbk"" folds",2026-08-10T08:16:31.062Z,178634979106200
"""player 16 @ uewFolxPCK"" raises to 160",2026-08-10T08:16:27.310Z,178634978731000
"""player 15 @ 4chnM3wbbk"" bets 20",2026-08-10T08:16:15.176Z,178634977517600
"River: 6♠, 3♥, J♦, Q♥ [A♦]",2026-08-10T08:16:11.613Z,178634977161300
"""player 16 @ uewFolxPCK"" calls 10",2026-08-10T08:16:10.793Z,178634977079300
"""player 15 @ 4chnM3wbbk"" bets 10",2026-08-10T08:16:08.778Z,178634976877800
"Turn: 6♠, 3♥, J♦ [Q♥]",2026-08-10T08:16:06.926Z,178634976692600
"""player 16 @ uewFolxPCK"" calls 10",2026-08-10T08:16:06.032Z,178634976603200
"""player 15 @ 4chnM3wbbk"" bets 10",2026-08-10T08:16:05.107Z,178634976510700
"Flop:  [6♠, 3♥, J♦]",2026-08-10T08:16:03.010Z,178634976301000
"""player 15 @ 4chnM3wbbk"" calls 30",2026-08-10T08:16:02.155Z,178634976215500
"""player 16 @ uewFolxPCK"" raises to 30",2026-08-10T08:16:00.749Z,178634976074900
"""player 15 @ 4chnM3wbbk"" posts a big blind of 10",2026-08-10T08:15:59.512Z,178634975951205
"""player 16 @ uewFolxPCK"" posts a small blind of 5",2026-08-10T08:15:59.512Z,178634975951204
"Player stacks: #1 ""player 16 @ uewFolxPCK"" (1295) | #2 ""player 15 @ 4chnM3wbbk"" (705)",2026-08-10T08:15:59.512Z,178634975951201
"-- starting hand #151 (id: er3stnzrrlzi)  No Limit Texas Hold'em (dealer: ""player 16 @ uewFolxPCK"") --",2026-08-10T08:15:59.512Z,178634975951200
"-- ending hand #150 --",2026-08-10T08:15:53.508Z,178634975350803
"""player 15 @ 4chnM3wbbk"" collected 160 from pot with Two Pair, 4's & 3's (combination: A♦, 3♠, 3♥, 4♠, 4♦)",2026-08-10T08:15:53.508Z,178634975350802
"""player 15 @ 4chnM3wbbk"" shows a A♦, 5♠.",2026-08-10T08:15:53.508Z,178634975350801
"""player 16 @ uewFolxPCK"" shows a 2♥, 7♣.",2026-08-10T08:15:53.508Z,178634975350800
"""player 15 @ 4chnM3wbbk"" calls 30",2026-08-10T08:15:52.695Z,178634975269500
"""player 16 @ uewFolxPCK"" bets 30",2026-08-10T08:15:51.262Z,178634975126200
"River: 4♠, 3♠, 4♦, K♣ [3♥]",2026-08-10T08:15:47.905Z,178634974790500
"""player 15 @ 4chnM3wbbk"" checks",2026-08-10T08:15:47.009Z,178634974700900
"""player 16 @ uewFolxPCK"" checks",2026-08-10T08:15:44.277Z,178634974427700
"Turn: 4♠, 3♠, 4♦ [K♣]",2026-08-10T08:15:41.377Z,178634974137700
"""player 15 @ 4chnM3wbbk"" calls 20",2026-08-10T08:15:40.540Z,178634974054000
"""player 16 @ uewFolxPCK"" bets 20",2026-08-10T08:15:39.570Z,178634973957000
"Flop:  [4♠, 3♠, 4♦]",2026-08-10T08:15:36.896Z,178634973689600
"""player 15 @ 4chnM3wbbk"" calls 30",2026-08-10T08:15:36.043Z,178634973604300
"""player 16 @ uewFolxPCK"" raises to 30",2026-08-10T08:15:35.098Z,178634973509800
"""player 15 @ 4chnM3wbbk"" calls 10",2026-08-10T08:15:33.498Z,178634973349800
"""player 16 @ uewFolxPCK"" posts a big blind of 10",2026-08-10T08:15:31.694Z,178634973169405
"""player 15 @ 4chnM3wbbk"" posts a small blind of 5",2026-08-10T08:15:31.694Z,178634973169404
"Your hand is 2♥, 7♣",2026-08-10T08:15:31.694Z,178634973169402
"Player stacks: #1 ""player 16 @ uewFolxPCK"" (1375) | #2 ""player 15 @ 4chnM3wbbk"" (625)",2026-08-10T08:15:31.694Z,178634973169401
"-- starting hand #150 (id: bdwumrsougqa)  No Limit Texas Hold'em (dealer: ""player 15 @ 4chnM3wbbk"") --",2026-08-10T08:15:31.694Z,178634973169400
"Undealt cards: 6♣, 6♥, 2♣ [3♥, 8♦]",2026-08-10T08:15:26.027Z,178634972602700
"-- ending hand #149 --",2026-08-10T08:15:25.757Z,178634972575702
"""player 16 @ uewFolxPCK"" collected 60 from pot",2026-08-10T08:15:25.757Z,178634972575701
"Uncalled bet of 20 returned to ""player 16 @ uewFolxPCK""",2026-08-10T08:15:25.757Z,178634972575700
"""player 15 @ 4chnM3wbbk"" folds",2026-08-10T08:15:24.929Z,178634972492900
"""player 16 @ uewFolxPCK"" bets 20",2026-08-10T08:15:19.765Z,178634971976500
"""player 15 @ 4chnM3wbbk"" checks",2026-08-10T08:15:17.778Z,178634971777800
"Flop:  [6♣, 6♥, 2♣]",2026-08-10T08:15:15.350Z,178634971535000
"""player 15 @ 4chnM3wbbk"" calls 30",2026-08-10T08:15:14.478Z,178634971447800
"""player 16 @ uewFolxPCK"" raises to 30",2026-08-10T08:15:13.493Z,178634971349300
"""player 15 @ 4chnM3wbbk"" posts a big blind of 10",2026-08-10T08:15:11.950Z,178634971195005
"""player 16 @ uewFolxPCK"" posts a small blind of 5",2026-08-10T08:15:11.950Z,178634971195004
"Player stacks: #1 ""player 16 @ uewFolxPCK"" (1345) | #2 ""player 15 @ 4chnM3wbbk"" (655)",2026-08-10T08:15:11.950Z,178634971195001
"-- starting hand #149 (id: absgzevndfgi)  No Limit Texas Hold'em (dealer: ""player 16 @ uewFolxPCK"") --",2026-08-10T08:15:11.950Z,178634971195000
"Undealt cards:  [8♥, Q♥, 4♦, Q♠, 2♠]",2026-08-10T08:15:06.368Z,178634970636800
"-- ending hand #148 --",2026-08-10T08:15:06.019Z,178634970601902
"""player 16 @ uewFolxPCK"" collected 20 from pot",2026-08-10T08:15:06.019Z,178634970601901
"Uncalled bet of 20 returned to ""player 16 @ uewFolxPCK""",2026-08-10T08:15:06.019Z,178634970601900
"""player 15 @ 4chnM3wbbk"" folds",2026-08-10T08:15:05.198Z,178634970519800
"""player 16 @ uewFolxPCK"" raises to 30",2026-08-10T08:15:02.967Z,178634970296700
"""player 15 @ 4chnM3wbbk"" calls 10",2026-08-10T08:15:01.352Z,178634970135200
"""player 16 @ uewFolxPCK"" posts a big blind of 10",2026-08-10T08:14:59.696Z,178634969969605
"""player 15 @ 4chnM3wbbk"" posts a small blind of 5",2026-08-10T08:14:59.696Z,178634969969604
"Player stacks: #1 ""player 16 @ uewFolxPCK"" (1335) | #2 ""player 15 @ 4chnM3wbbk"" (665)",2026-08-10T08:14:59.696Z,178634969969601
"-- starting hand #148 (id: xkavbzyisfrs)  No Limit Texas Hold'em (dealer: ""player 15 @ 4chnM3wbbk"") --",2026-08-10T08:14:59.696Z,178634969969600
"-- ending hand #147 --",2026-08-10T08:14:56.747Z,178634969674702
"""player 16 @ uewFolxPCK"" collected 220 from pot",2026-08-10T08:14:56.747Z,178634969674701
"Uncalled bet of 150 returned to ""player 16 @ uewFolxPCK""",2026-08-10T08:14:56.747Z,178634969674700
"""player 15 @ 4chnM3wbbk"" folds",2026-08-10T08:14:55.943Z,178634969594300
"""player 16 @ uewFolxPCK"" raises to 200",2026-08-10T08:14:50.581Z,178634969058100
"""player 15 @ 4chnM3wbbk"" bets 50",2026-08-10T08:14:46.165Z,178634968616500
"River: 4♥, 7♠, 8♣, 6♦ [4♦]",2026-08-10T08:14:43.090Z,178634968309000
"""player 16 @ uewFolxPCK"" calls 30",2026-08-10T08:14:42.240Z,178634968224000
"""player 15 @ 4chnM3wbbk"" bets 30",2026-08-10T08:14:34.391Z,178634967439100
"Turn: 4♥, 7♠, 8♣ [6♦]",2026-08-10T08:14:30.317Z,178634967031700
"""player 16 @ uewFolxPCK"" checks",2026-08-10T08:14:29.497Z,178634966949700
"""player 15 @ 4chnM3wbbk"" checks",2026-08-10T08:14:28.328Z,178634966832800
"Flop:  [4♥, 7♠, 8♣]",2026-08-10T08:14:26.715Z,178634966671500
"""player 15 @ 4chnM3wbbk"" calls 30",2026-08-10T08:14:25.908Z,178634966590800
"""player 16 @ uewFolxPCK"" raises to 30",2026-08-10T08:14:24.556Z,178634966455600
"""player 15 @ 4chnM3wbbk"" posts a big blind of 10",2026-08-10T08:14:23.074Z,178634966307405
"""player 16 @ uewFolxPCK"" posts a small blind of 5",2026-08-10T08:14:23.074Z,178634966307404
"Player stacks: #1 ""player 16 @ uewFolxPCK"" (1225) | #2 ""player 15 @ 4chnM3wbbk"" (775)",2026-08-10T08:14:23.074Z,178634966307401
"-- starting hand #147 (id: rqfgnn2sfwo3)  No Limit Texas Hold'em (dealer: ""player 16 @ uewFolxPCK"") --",2026-08-10T08:14:23.074Z,178634966307400
"-- ending hand #146 --",2026-08-10T08:14:20.077Z,178634966007702
"""player 16 @ uewFolxPCK"" collected 60 from pot",2026-08-10T08:14:20.077Z,178634966007701
"Uncalled bet of 40 returned to ""player 16 @ uewFolxPCK""",2026-08-10T08:14:20.077Z,178634966007700
"""player 15 @ 4chnM3wbbk"" folds",2026-08-10T08:14:19.246Z,178634965924600
"""player 16 @ uewFolxPCK"" bets 40",2026-08-10T08:14:13.984Z,178634965398400
"River: K♥, 2♥, 4♦, K♦ [5♦]",2026-08-10T08:14:10.669Z,178634965066900
"""player 16 @ uewFolxPCK"" calls 10",2026-08-10T08:14:09.789Z,178634964978900
"""player 15 @ 4chnM3wbbk"" bets 10",2026-08-10T08:14:08.645Z,178634964864500
"""player 16 @ uewFolxPCK"" checks",2026-08-10T08:14:07.272Z,178634964727200
"Turn: K♥, 2♥, 4♦ [K♦]",2026-08-10T08:14:05.867Z,178634964586700
"""player 15 @ 4chnM3wbbk"" checks",2026-08-10T08:14:04.995Z,178634964499500
"""player 16 @ uewFolxPCK"" checks",2026-08-10T08:14:03.442Z,178634964344200
"Flop:  [K♥, 2♥, 4♦]",2026-08-10T08:13:58.995Z,178634963899500
"""player 16 @ uewFolxPCK"" calls 20",2026-08-10T08:13:58.127Z,178634963812700
"""player 15 @ 4chnM3wbbk"" raises to 20",2026-08-10T08:13:56.935Z,178634963693500
"""player 16 @ uewFolxPCK"" posts a big blind of 10",2026-08-10T08:13:52.793Z,178634963279305
"""player 15 @ 4chnM3wbbk"" posts a small blind of 5",2026-08-10T08:13:52.793Z,178634963279304
"Player stacks: #1 ""player 16 @ uewFolxPCK"" (1195) | #2 ""player 15 @ 4chnM3wbbk"" (805)",2026-08-10T08:13:52.793Z,178634963279301
"-- starting hand #146 (id: iku3bpz2ez9d)  No Limit Texas Hold'em (dealer: ""player 15 @ 4chnM3wbbk"") --",2026-08-10T08:13:52.793Z,178634963279300
"Undealt cards:  [6♠, 2♣, 3♦, 3♠, 9♦]",2026-08-10T08:13:47.516Z,178634962751600
"-- ending hand #145 --",2026-08-10T08:13:46.790Z,178634962679002
"""player 16 @ uewFolxPCK"" collected 20 from pot",2026-08-10T08:13:46.790Z,178634962679001
"Uncalled bet of 20 returned to ""player 16 @ uewFolxPCK""",2026-08-10T08:13:46.790Z,178634962679000
"""player 15 @ 4chnM3wbbk"" folds",2026-08-10T08:13:45.865Z,178634962586500
"""player 16 @ uewFolxPCK"" raises to 30",2026-08-10T08:13:44.149Z,178634962414900
"""player 15 @ 4chnM3wbbk"" posts a big blind of 10",2026-08-10T08:13:42.790Z,178634962279005
"""player 16 @ uewFolxPCK"" posts a small blind of 5",2026-08-10T08:13:42.790Z,178634962279004
"Player stacks: #1 ""player 16 @ uewFolxPCK"" (1185) | #2 ""player 15 @ 4chnM3wbbk"" (815)",2026-08-10T08:13:42.790Z,178634962279001
"-- starting hand #145 (id: 6l0zsmpb7ddb)  No Limit Texas Hold'em (dealer: ""player 16 @ uewFolxPCK"") --",2026-08-10T08:13:42.790Z,178634962279000
"Undealt cards: Q♠, 7♣, 3♣ [K♥, 8♥]",2026-08-10T08:13:37.127Z,178634961712700
"-- ending hand #144 --",2026-08-10T08:13:36.787Z,178634961678702
"""player 15 @ 4chnM3wbbk"" collected 160 from pot",2026-08-10T08:13:36.787Z,178634961678701
"Uncalled bet of 120 returned to ""player 15 @ 4chnM3wbbk""",2026-08-10T08:13:36.787Z,178634961678700
"""player 16 @ uewFolxPCK"" folds",2026-08-10T08:13:35.955Z,178634961595500
"""player 15 @ 4chnM3wbbk"" raises to 150",2026-08-10T08:13:17.882Z,178634959788200
"""player 16 @ uewFolxPCK"" bets 30",2026-08-10T08:13:12.858Z,178634959285800
"Flop:  [Q♠, 7♣, 3♣]",2026-08-10T08:13:10.167Z,178634959016700
"""player 16 @ uewFolxPCK"" calls 50",2026-08-10T08:13:09.243Z,178634958924300
"""player 15 @ 4chnM3wbbk"" raises to 50",2026-08-10T08:13:05.117Z,178634958511700
"""player 16 @ uewFolxPCK"" posts a big blind of 10",2026-08-10T08:13:02.140Z,178634958214005
"""player 15 @ 4chnM3wbbk"" posts a small blind of 5",2026-08-10T08:13:02.140Z,178634958214004
"Player stacks: #1 ""player 16 @ uewFolxPCK"" (1265) | #2 ""player 15 @ 4chnM3wbbk"" (735)",2026-08-10T08:13:02.140Z,178634958214001
"-- starting hand #144 (id: kyv1m9zhizl1)  No Limit Texas Hold'em (dealer: ""player 15 @ 4chnM3wbbk"") --",2026-08-10T08:13:02.140Z,178634958214000
"Undealt cards:  [K♦, J♦, 6♦, 4♦, 3♣]",2026-08-10T08:12:56.478Z,178634957647800
"-- ending hand #143 --",2026-08-10T08:12:56.097Z,178634957609702
"""player 15 @ 4chnM3wbbk"" collected 60 from pot",2026-08-10T08:12:56.097Z,178634957609701
"Uncalled bet of 80 returned to ""player 15 @ 4chnM3wbbk""",2026-08-10T08:12:56.097Z,178634957609700
"""player 16 @ uewFolxPCK"" folds",2026-08-10T08:12:55.280Z,178634957528000
"""player 15 @ 4chnM3wbbk"" raises to 110",2026-08-10T08:12:53.390Z,178634957339000
"""player 16 @ uewFolxPCK"" raises to 30",2026-08-10T08:12:50.257Z,178634957025700
"""player 15 @ 4chnM3wbbk"" posts a big blind of 10",2026-08-10T08:12:48.500Z,178634956850005
"""player 16 @ uewFolxPCK"" posts a small blind of 5",2026-08-10T08:12:48.500Z,178634956850004
"Player stacks: #1 ""player 16 @ uewFolxPCK"" (1295) | #2 ""player 15 @ 4chnM3wbbk"" (705)",2026-08-10T08:12:48.500Z,178634956850001
"-- starting hand #143 (id: fpg9d3stuxgo)  No Limit Texas Hold'em (dealer: ""player 16 @ uewFolxPCK"") --",2026-08-10T08:12:48.500Z,178634956850000
"-- ending hand #142 --",2026-08-10T08:12:42.489Z,178634956248902
"""player 15 @ 4chnM3wbbk"" collected 200 from pot with Two Pair, 9's & 7's (combination: Q♣, 7♣, 7♠, 9♦, 9♥)",2026-08-10T08:12:42.489Z,178634956248901
"""player 15 @ 4chnM3wbbk"" shows a Q♣, 7♣.",2026-08-10T08:12:42.489Z,178634956248900
"""player 16 @ uewFolxPCK"" calls 50",2026-08-10T08:12:41.659Z,178634956165900
"""player 15 @ 4chnM3wbbk"" bets 50",2026-08-10T08:12:40.417Z,178634956041700
"""player 16 @ uewFolxPCK"" checks",2026-08-10T08:12:37.752Z,178634955775200
"River: 3♥, 9♦, 9♥, 10♥ [7♠]",2026-08-10T08:12:34.288Z,178634955428800
"""player 16 @ uewFolxPCK"" calls 30",2026-08-10T08:12:33.394Z,178634955339400
"""player 15 @ 4chnM3wbbk"" bets 30",2026-08-10T08:12:25.561Z,178634954556100
"""player 16 @ uewFolxPCK"" checks",2026-08-10T08:12:19.226Z,178634953922600
"Turn: 3♥, 9♦, 9♥ [10♥]",2026-08-10T08:12:18.246Z,178634953824600
"""player 16 @ uewFolxPCK"" calls 10",2026-08-10T08:12:17.344Z,178634953734400
"""player 15 @ 4chnM3wbbk"" bets 10",2026-08-10T08:12:12.414Z,178634953241400
"""player 16 @ uewFolxPCK"" checks",2026-08-10T08:12:10.780Z,178634953078000
"Flop:  [3♥, 9♦, 9♥]",2026-08-10T08:12:08.637Z,178634952863700
"""player 16 @ uewFolxPCK"" checks",2026-08-10T08:12:07.723Z,178634952772300
"""player 15 @ 4chnM3wbbk"" calls 10",2026-08-10T08:12:06.731Z,178634952673100
"""player 16 @ uewFolxPCK"" posts a big blind of 10",2026-08-10T08:12:04.836Z,178634952483605
"""player 15 @ 4chnM3wbbk"" posts a small blind of 5",2026-08-10T08:12:04.836Z,178634952483604
"Player stacks: #1 ""player 16 @ uewFolxPCK"" (1395) | #2 ""player 15 @ 4chnM3wbbk"" (605)",2026-08-10T08:12:04.836Z,178634952483601
"-- starting hand #142 (id: v6fbwqocu2xk)  No Limit Texas Hold'em (dealer: ""player 15 @ 4chnM3wbbk"") --",2026-08-10T08:12:04.836Z,178634952483600
"Undealt cards:  [7♣, 10♥, 6♠, 4♥, 10♣]",2026-08-10T08:11:59.063Z,178634951906300
"-- ending hand #141 --",2026-08-10T08:11:58.856Z,178634951885602
"""player 15 @ 4chnM3wbbk"" collected 10 from pot",2026-08-10T08:11:58.856Z,178634951885601
"Uncalled bet of 5 returned to ""player 15 @ 4chnM3wbbk""",2026-08-10T08:11:58.856Z,178634951885600
"""player 16 @ uewFolxPCK"" folds",2026-08-10T08:11:58.042Z,178634951804200
"""player 15 @ 4chnM3wbbk"" posts a big blind of 10",2026-08-10T08:11:57.147Z,178634951714705
"""player 16 @ uewFolxPCK"" posts a small blind of 5",2026-08-10T08:11:57.147Z,178634951714704
"Player stacks: #1 ""player 16 @ uewFolxPCK"" (1400) | #2 ""player 15 @ 4chnM3wbbk"" (600)",2026-08-10T08:11:57.147Z,178634951714701
"-- starting hand #141 (id: uhqaajldh5ft)  No Limit Texas Hold'em (dealer: ""player 16 @ uewFolxPCK"") --",2026-08-10T08:11:57.147Z,178634951714700
"Undealt cards:  [J♦, 5♠, 9♣, 8♦, 8♠]",2026-08-10T08:11:51.496Z,178634951149600
"-- ending hand #140 --",2026-08-10T08:11:51.186Z,178634951118602
"""player 16 @ uewFolxPCK"" collected 10 from pot",2026-08-10T08:11:51.186Z,178634951118601
"Uncalled bet of 5 returned to ""player 16 @ uewFolxPCK""",2026-08-10T08:11:51.186Z,178634951118600
"""player 15 @ 4chnM3wbbk"" folds",2026-08-10T08:11:50.314Z,178634951031400
"""player 16 @ uewFolxPCK"" posts a big blind of 10",2026-08-10T08:11:48.894Z,178634950889405
"""player 15 @ 4chnM3wbbk"" posts a small blind of 5",2026-08-10T08:11:48.894Z,178634950889404
"Player stacks: #1 ""player 16 @ uewFolxPCK"" (1395) | #2 ""player 15 @ 4chnM3wbbk"" (605)",2026-08-10T08:11:48.894Z,178634950889401
"-- starting hand #140 (id: euz0jhwkb3ad)  No Limit Texas Hold'em (dealer: ""player 15 @ 4chnM3wbbk"") --",2026-08-10T08:11:48.894Z,178634950889400
"Undealt cards: 6♣, 3♥, Q♥, 8♦ [9♠]",2026-08-10T08:11:43.165Z,178634950316500
"-- ending hand #139 --",2026-08-10T08:11:42.981Z,178634950298102
"""player 16 @ uewFolxPCK"" collected 80 from pot",2026-08-10T08:11:42.981Z,178634950298101
"Uncalled bet of 30 returned to ""player 16 @ uewFolxPCK""",2026-08-10T08:11:42.981Z,178634950298100
"""player 15 @ 4chnM3wbbk"" folds",2026-08-10T08:11:42.131Z,178634950213100
"""player 16 @ uewFolxPCK"" bets 30",2026-08-10T08:11:40.468Z,178634950046800
"""player 15 @ 4chnM3wbbk"" checks",2026-08-10T08:11:37.686Z,178634949768600
"Turn: 6♣, 3♥, Q♥ [8♦]",2026-08-10T08:11:35.379Z,178634949537900
"""player 16 @ uewFolxPCK"" calls 10",2026-08-10T08:11:34.509Z,178634949450900
"""player 15 @ 4chnM3wbbk"" bets 10",2026-08-10T08:11:32.832Z,178634949283200
"Flop:  [6♣, 3♥, Q♥]",2026-08-10T08:11:30.774Z,178634949077400
"""player 15 @ 4chnM3wbbk"" calls 30",2026-08-10T08:11:29.914Z,178634948991400
"""player 16 @ uewFolxPCK"" raises to 30",2026-08-10T08:11:28.996Z,178634948899600
"""player 15 @ 4chnM3wbbk"" posts a big blind of 10",2026-08-10T08:11:27.517Z,178634948751705
"""player 16 @ uewFolxPCK"" posts a small blind of 5",2026-08-10T08:11:27.517Z,178634948751704
"Player stacks: #1 ""player 16 @ uewFolxPCK"" (1355) | #2 ""player 15 @ 4chnM3wbbk"" (645)",2026-08-10T08:11:27.517Z,178634948751701
"-- starting hand #139 (id: qhcoi7enuwp3)  No Limit Texas Hold'em (dealer: ""player 16 @ uewFolxPCK"") --",2026-08-10T08:11:27.517Z,178634948751700
"Undealt cards: 9♣, 3♦, 9♦ [K♣, J♦]",2026-08-10T08:11:21.814Z,178634948181400
"-- ending hand #138 --",2026-08-10T08:11:21.600Z,178634948160002
"""player 15 @ 4chnM3wbbk"" collected 20 from pot",2026-08-10T08:11:21.600Z,178634948160001
"Uncalled bet of 10 returned to ""player 15 @ 4chnM3wbbk""",2026-08-10T08:11:21.600Z,178634948160000
"""player 16 @ uewFolxPCK"" folds",2026-08-10T08:11:20.770Z,178634948077000
"""player 15 @ 4chnM3wbbk"" bets 10",2026-08-10T08:11:18.067Z,178634947806700
"""player 16 @ uewFolxPCK"" checks",2026-08-10T08:11:16.510Z,178634947651000
"Flop:  [9♣, 3♦, 9♦]",2026-08-10T08:11:15.192Z,178634947519200
"""player 16 @ uewFolxPCK"" checks",2026-08-10T08:11:14.387Z,178634947438700
"""player 15 @ 4chnM3wbbk"" calls 10",2026-08-10T08:11:13.464Z,178634947346400
"""player 16 @ uewFolxPCK"" posts a big blind of 10",2026-08-10T08:11:12.260Z,178634947226005
"""player 15 @ 4chnM3wbbk"" posts a small blind of 5",2026-08-10T08:11:12.260Z,178634947226004
"Player stacks: #1 ""player 16 @ uewFolxPCK"" (1365) | #2 ""player 15 @ 4chnM3wbbk"" (635)",2026-08-10T08:11:12.260Z,178634947226001
"-- starting hand #138 (id: xzbhu2nizd8u)  No Limit Texas Hold'em (dealer: ""player 15 @ 4chnM3wbbk"") --",2026-08-10T08:11:12.260Z,178634947226000
"Undealt cards:  [3♠, 10♠, K♦, 2♠, 8♣]",2026-08-10T08:11:06.548Z,178634946654800
"-- ending hand #137 --",2026-08-10T08:11:06.299Z,178634946629902
"""player 15 @ 4chnM3wbbk"" collected 10 from pot",2026-08-10T08:11:06.299Z,178634946629901
"Uncalled bet of 5 returned to ""player 15 @ 4chnM3wbbk""",2026-08-10T08:11:06.299Z,178634946629900
"""player 16 @ uewFolxPCK"" folds",2026-08-10T08:11:05.493Z,178634946549300
"""player 15 @ 4chnM3wbbk"" posts a big blind of 10",2026-08-10T08:11:04.458Z,178634946445805
"""player 16 @ uewFolxPCK"" posts a small blind of 5",2026-08-10T08:11:04.458Z,178634946445804
"Player stacks: #1 ""player 16 @ uewFolxPCK"" (1370) | #2 ""player 15 @ 4chnM3wbbk"" (630)",2026-08-10T08:11:04.458Z,178634946445801
"-- starting hand #137 (id: wylo5pwkdd26)  No Limit Texas Hold'em (dealer: ""player 16 @ uewFolxPCK"") --",2026-08-10T08:11:04.458Z,178634946445800
"Undealt cards:  [6♠, 8♠, A♣, 7♠, A♦]",2026-08-10T08:10:58.866Z,178634945886600
"-- ending hand #136 --",2026-08-10T08:10:58.541Z,178634945854102
"""player 16 @ uewFolxPCK"" collected 10 from pot",2026-08-10T08:10:58.541Z,178634945854101
"Uncalled bet of 5 returned to ""player 16 @ uewFolxPCK""",2026-08-10T08:10:58.541Z,178634945854100
"""player 15 @ 4chnM3wbbk"" folds",2026-08-10T08:10:57.713Z,178634945771300
"""player 16 @ uewFolxPCK"" posts a big blind of 10",2026-08-10T08:10:52.190Z,178634945219005
"""player 15 @ 4chnM3wbbk"" posts a small blind of 5",2026-08-10T08:10:52.190Z,178634945219004
"Player stacks: #1 ""player 16 @ uewFolxPCK"" (1365) | #2 ""player 15 @ 4chnM3wbbk"" (635)",2026-08-10T08:10:52.190Z,178634945219001
"-- starting hand #136 (id: tokxlaoawm6q)  No Limit Texas Hold'em (dealer: ""player 15 @ 4chnM3wbbk"") --",2026-08-10T08:10:52.190Z,178634945219000
"Undealt cards:  [7♠, J♦, A♦, 6♥, 4♣]",2026-08-10T08:10:46.723Z,178634944672300
"-- ending hand #135 --",2026-08-10T08:10:46.267Z,178634944626702
"""player 16 @ uewFolxPCK"" collected 20 from pot",2026-08-10T08:10:46.267Z,178634944626701
"Uncalled bet of 20 returned to ""player 16 @ uewFolxPCK""",2026-08-10T08:10:46.267Z,178634944626700
"""player 15 @ 4chnM3wbbk"" folds",2026-08-10T08:10:45.453Z,178634944545300
"""player 16 @ uewFolxPCK"" raises to 30",2026-08-10T08:10:43.448Z,178634944344800
"""player 15 @ 4chnM3wbbk"" posts a big blind of 10",2026-08-10T08:10:42.470Z,178634944247005
"""player 16 @ uewFolxPCK"" posts a small blind of 5",2026-08-10T08:10:42.470Z,178634944247004
"Player stacks: #1 ""player 16 @ uewFolxPCK"" (1355) | #2 ""player 15 @ 4chnM3wbbk"" (645)",2026-08-10T08:10:42.470Z,178634944247001
"-- starting hand #135 (id: bdzh2mf3axt8)  No Limit Texas Hold'em (dealer: ""player 16 @ uewFolxPCK"") --",2026-08-10T08:10:42.470Z,178634944247000
"""player 16 @ uewFolxPCK"" shows a 2♣, 7♦.",2026-08-10T08:10:38.206Z,178634943820600
"Undealt cards: 9♥, Q♦, A♣ [5♥, 3♣]",2026-08-10T08:10:36.034Z,178634943603400
"-- ending hand #134 --",2026-08-10T08:10:35.857Z,178634943585702
"""player 16 @ uewFolxPCK"" collected 60 from pot",2026-08-10T08:10:35.857Z,178634943585701
"Uncalled bet of 20 returned to ""player 16 @ uewFolxPCK""",2026-08-10T08:10:35.857Z,178634943585700
"""player 15 @ 4chnM3wbbk"" folds",2026-08-10T08:10:35.027Z,178634943502700
"""player 16 @ uewFolxPCK"" bets 20",2026-08-10T08:10:33.471Z,178634943347100
"Flop:  [9♥, Q♦, A♣]",2026-08-10T08:10:31.128Z,178634943112800
"""player 15 @ 4chnM3wbbk"" calls 30",2026-08-10T08:10:30.316Z,178634943031600
"""player 16 @ uewFolxPCK"" raises to 30",2026-08-10T08:10:29.321Z,178634942932100
"""player 15 @ 4chnM3wbbk"" calls 10",2026-08-10T08:10:27.147Z,178634942714700
"""player 16 @ uewFolxPCK"" posts a big blind of 10",2026-08-10T08:10:25.727Z,178634942572705
"""player 15 @ 4chnM3wbbk"" posts a small blind of 5",2026-08-10T08:10:25.727Z,178634942572704
"Your hand is 2♣, 7♦",2026-08-10T08:10:25.727Z,178634942572702
"Player stacks: #1 ""player 16 @ uewFolxPCK"" (1325) | #2 ""player 15 @ 4chnM3wbbk"" (675)",2026-08-10T08:10:25.727Z,178634942572701
"-- starting hand #134 (id: rpqdeohqhkdg)  No Limit Texas Hold'em (dealer: ""player 15 @ 4chnM3wbbk"") --",2026-08-10T08:10:25.727Z,178634942572700
"-- ending hand #133 --",2026-08-10T08:10:19.653Z,178634941965303
"""player 16 @ uewFolxPCK"" collected 100 from pot with A High (combination: 7♠, 10♠, J♥, K♦, A♣)",2026-08-10T08:10:19.653Z,178634941965302
"""player 16 @ uewFolxPCK"" shows a A♣, K♦.",2026-08-10T08:10:19.653Z,178634941965301
"""player 15 @ 4chnM3wbbk"" shows a A♥, 2♥.",2026-08-10T08:10:19.653Z,178634941965300
"""player 16 @ uewFolxPCK"" calls 10",2026-08-10T08:10:18.804Z,178634941880400
"""player 15 @ 4chnM3wbbk"" bets 10",2026-08-10T08:10:15.822Z,178634941582200
"River: J♥, 10♠, 7♠, 4♣ [3♣]",2026-08-10T08:10:12.726Z,178634941272600
"""player 16 @ uewFolxPCK"" calls 10",2026-08-10T08:10:11.846Z,178634941184600
"""player 15 @ 4chnM3wbbk"" bets 10",2026-08-10T08:10:10.145Z,178634941014500
"Turn: J♥, 10♠, 7♠ [4♣]",2026-08-10T08:10:07.632Z,178634940763200
"""player 16 @ uewFolxPCK"" checks",2026-08-10T08:10:06.781Z,178634940678100
"""player 15 @ 4chnM3wbbk"" checks",2026-08-10T08:10:01.924Z,178634940192400
"Flop:  [J♥, 10♠, 7♠]",2026-08-10T08:09:58.870Z,178634939887000
"""player 15 @ 4chnM3wbbk"" calls 30",2026-08-10T08:09:58.060Z,178634939806000
"""player 16 @ uewFolxPCK"" raises to 30",2026-08-10T08:09:56.969Z,178634939696900
"""player 15 @ 4chnM3wbbk"" posts a big blind of 10",2026-08-10T08:09:55.675Z,178634939567505
"""player 16 @ uewFolxPCK"" posts a small blind of 5",2026-08-10T08:09:55.675Z,178634939567504
"Your hand is A♣, K♦",2026-08-10T08:09:55.675Z,178634939567502
"Player stacks: #1 ""player 16 @ uewFolxPCK"" (1275) | #2 ""player 15 @ 4chnM3wbbk"" (725)",2026-08-10T08:09:55.675Z,178634939567501
"-- starting hand #133 (id: ogfk8srv75ka)  No Limit Texas Hold'em (dealer: ""player 16 @ uewFolxPCK"") --",2026-08-10T08:09:55.675Z,178634939567500
"Undealt cards:  [7♦, 10♥, A♠, J♣, 10♣]",2026-08-10T08:09:50.003Z,178634939000300
"-- ending hand #132 --",2026-08-10T08:09:49.720Z,178634938972002
"""player 16 @ uewFolxPCK"" collected 20 from pot",2026-08-10T08:09:49.720Z,178634938972001
"Uncalled bet of 20 returned to ""player 16 @ uewFolxPCK""",2026-08-10T08:09:49.720Z,178634938972000
"""player 15 @ 4chnM3wbbk"" folds",2026-08-10T08:09:48.916Z,178634938891600
"""player 16 @ uewFolxPCK"" raises to 30",2026-08-10T08:09:47.059Z,178634938705900
"""player 15 @ 4chnM3wbbk"" calls 10",2026-08-10T08:09:45.498Z,178634938549800
"""player 16 @ uewFolxPCK"" posts a big blind of 10",2026-08-10T08:09:43.713Z,178634938371305
"""player 15 @ 4chnM3wbbk"" posts a small blind of 5",2026-08-10T08:09:43.713Z,178634938371304
"Player stacks: #1 ""player 16 @ uewFolxPCK"" (1265) | #2 ""player 15 @ 4chnM3wbbk"" (735)",2026-08-10T08:09:43.713Z,178634938371301
"-- starting hand #132 (id: thxdhhuj7znn)  No Limit Texas Hold'em (dealer: ""player 15 @ 4chnM3wbbk"") --",2026-08-10T08:09:43.713Z,178634938371300
"Undealt cards:  [K♥, 2♣, A♥, 4♦, 6♦]",2026-08-10T08:09:38.426Z,178634937842600
"-- ending hand #131 --",2026-08-10T08:09:37.806Z,178634937780602
"""player 16 @ uewFolxPCK"" collected 20 from pot",2026-08-10T08:09:37.806Z,178634937780601
"Uncalled bet of 20 returned to ""player 16 @ uewFolxPCK""",2026-08-10T08:09:37.806Z,178634937780600
"""player 15 @ 4chnM3wbbk"" folds",2026-08-10T08:09:36.912Z,178634937691200
"""player 16 @ uewFolxPCK"" raises to 30",2026-08-10T08:09:35.087Z,178634937508700
"""player 15 @ 4chnM3wbbk"" posts a big blind of 10",2026-08-10T08:09:33.509Z,178634937350905
"""player 16 @ uewFolxPCK"" posts a small blind of 5",2026-08-10T08:09:33.509Z,178634937350904
"Player stacks: #1 ""player 16 @ uewFolxPCK"" (1255) | #2 ""player 15 @ 4chnM3wbbk"" (745)",2026-08-10T08:09:33.509Z,178634937350901
"-- starting hand #131 (id: vgmdd6dk19fy)  No Limit Texas Hold'em (dealer: ""player 16 @ uewFolxPCK"") --",2026-08-10T08:09:33.509Z,178634937350900
"-- ending hand #130 --",2026-08-10T08:09:30.606Z,178634937060602
"""player 15 @ 4chnM3wbbk"" collected 80 from pot",2026-08-10T08:09:30.606Z,178634937060601
"Uncalled bet of 30 returned to ""player 15 @ 4chnM3wbbk""",2026-08-10T08:09:30.606Z,178634937060600
"""player 16 @ uewFolxPCK"" folds",2026-08-10T08:09:29.723Z,178634936972300
"""player 15 @ 4chnM3wbbk"" bets 30",2026-08-10T08:09:16.216Z,178634935621600
"""player 16 @ uewFolxPCK"" checks",2026-08-10T08:09:13.049Z,178634935304900
"River: 7♦, J♦, 10♠, 7♣ [6♠]",2026-08-10T08:09:07.993Z,178634934799300
"""player 16 @ uewFolxPCK"" calls 10",2026-08-10T08:09:07.177Z,178634934717700
"""player 15 @ 4chnM3wbbk"" bets 10",2026-08-10T08:09:05.767Z,178634934576700
"""player 16 @ uewFolxPCK"" checks",2026-08-10T08:09:04.092Z,178634934409200
"Turn: 7♦, J♦, 10♠ [7♣]",2026-08-10T08:09:00.073Z,178634934007300
"""player 15 @ 4chnM3wbbk"" calls 20",2026-08-10T08:08:59.198Z,178634933919800
"""player 16 @ uewFolxPCK"" bets 20",2026-08-10T08:08:57.811Z,178634933781100
"Flop:  [7♦, J♦, 10♠]",2026-08-10T08:08:53.863Z,178634933386300
"""player 16 @ uewFolxPCK"" checks",2026-08-10T08:08:52.961Z,178634933296100
"""player 15 @ 4chnM3wbbk"" calls 10",2026-08-10T08:08:52.045Z,178634933204500
"""player 16 @ uewFolxPCK"" posts a big blind of 10",2026-08-10T08:08:50.164Z,178634933016405
"""player 15 @ 4chnM3wbbk"" posts a small blind of 5",2026-08-10T08:08:50.164Z,178634933016404
"Player stacks: #1 ""player 16 @ uewFolxPCK"" (1295) | #2 ""player 15 @ 4chnM3wbbk"" (705)",2026-08-10T08:08:50.164Z,178634933016401
"-- starting hand #130 (id: 9wqez7kbudmm)  No Limit Texas Hold'em (dealer: ""player 15 @ 4chnM3wbbk"") --",2026-08-10T08:08:50.164Z,178634933016400
"Undealt cards: 5♠, 7♦, A♥ [Q♣, 8♦]",2026-08-10T08:08:44.507Z,178634932450700
"-- ending hand #129 --",2026-08-10T08:08:44.258Z,178634932425802
"""player 16 @ uewFolxPCK"" collected 60 from pot",2026-08-10T08:08:44.258Z,178634932425801
"Uncalled bet of 20 returned to ""player 16 @ uewFolxPCK""",2026-08-10T08:08:44.258Z,178634932425800
"""player 15 @ 4chnM3wbbk"" folds",2026-08-10T08:08:43.404Z,178634932340400
"""player 16 @ uewFolxPCK"" bets 20",2026-08-10T08:08:42.032Z,178634932203200
"""player 15 @ 4chnM3wbbk"" checks",2026-08-10T08:08:40.230Z,178634932023000
"Flop:  [5♠, 7♦, A♥]",2026-08-10T08:08:38.056Z,178634931805600
"""player 15 @ 4chnM3wbbk"" calls 30",2026-08-10T08:08:37.233Z,178634931723300
"""player 16 @ uewFolxPCK"" raises to 30",2026-08-10T08:08:33.003Z,178634931300300
"""player 15 @ 4chnM3wbbk"" posts a big blind of 10",2026-08-10T08:08:31.661Z,178634931166105
"""player 16 @ uewFolxPCK"" posts a small blind of 5",2026-08-10T08:08:31.661Z,178634931166104
"Player stacks: #1 ""player 16 @ uewFolxPCK"" (1265) | #2 ""player 15 @ 4chnM3wbbk"" (735)",2026-08-10T08:08:31.661Z,178634931166101
"-- starting hand #129 (id: y5dqxpdgjpcu)  No Limit Texas Hold'em (dealer: ""player 16 @ uewFolxPCK"") --",2026-08-10T08:08:31.661Z,178634931166100
"Undealt cards: 10♦, 9♣, 4♦, 6♥ [7♣]",2026-08-10T08:08:25.972Z,178634930597200
"-- ending hand #128 --",2026-08-10T08:08:25.754Z,178634930575402
"""player 16 @ uewFolxPCK"" collected 300 from pot",2026-08-10T08:08:25.754Z,178634930575401
"Uncalled bet of 200 returned to ""player 16 @ uewFolxPCK""",2026-08-10T08:08:25.754Z,178634930575400
"""player 15 @ 4chnM3wbbk"" folds",2026-08-10T08:08:24.903Z,178634930490300
"""player 16 @ uewFolxPCK"" bets 200",2026-08-10T08:08:21.392Z,178634930139200
"Turn: 10♦, 9♣, 4♦ [6♥]",2026-08-10T08:08:17.206Z,178634929720600
"""player 15 @ 4chnM3wbbk"" calls 60",2026-08-10T08:08:16.363Z,178634929636300
"""player 16 @ uewFolxPCK"" bets 60",2026-08-10T08:08:14.542Z,178634929454200
"Flop:  [10♦, 9♣, 4♦]",2026-08-10T08:08:11.329Z,178634929132900
"""player 15 @ 4chnM3wbbk"" calls 90",2026-08-10T08:08:10.441Z,178634929044100
"""player 16 @ uewFolxPCK"" raises to 90",2026-08-10T08:08:09.095Z,178634928909500
"""player 15 @ 4chnM3wbbk"" raises to 30",2026-08-10T08:08:04.580Z,178634928458000
"""player 16 @ uewFolxPCK"" posts a big blind of 10",2026-08-10T08:08:01.308Z,178634928130805
"""player 15 @ 4chnM3wbbk"" posts a small blind of 5",2026-08-10T08:08:01.308Z,178634928130804
"Player stacks: #1 ""player 16 @ uewFolxPCK"" (1115) | #2 ""player 15 @ 4chnM3wbbk"" (885)",2026-08-10T08:08:01.308Z,178634928130801
"-- starting hand #128 (id: o4mgfjn1v3xk)  No Limit Texas Hold'em (dealer: ""player 15 @ 4chnM3wbbk"") --",2026-08-10T08:08:01.308Z,178634928130800
"-- ending hand #127 --",2026-08-10T08:07:55.299Z,178634927529903
"""player 16 @ uewFolxPCK"" collected 120 from pot with Two Pair, 8's & 6's (combination: K♣, 6♠, 6♣, 8♥, 8♦)",2026-08-10T08:07:55.299Z,178634927529902
"""player 16 @ uewFolxPCK"" shows a 6♠, 6♣.",2026-08-10T08:07:55.299Z,178634927529901
"""player 15 @ 4chnM3wbbk"" shows a 5♣, A♠.",2026-08-10T08:07:55.299Z,178634927529900
"""player 16 @ uewFolxPCK"" calls 20",2026-08-10T08:07:54.443Z,178634927444300
"""player 15 @ 4chnM3wbbk"" bets 20",2026-08-10T08:07:53.558Z,178634927355800
"River: 8♥, 8♦, 5♥, J♦ [K♣]",2026-08-10T08:07:51.138Z,178634927113800
"""player 16 @ uewFolxPCK"" calls 10",2026-08-10T08:07:50.309Z,178634927030900
"""player 15 @ 4chnM3wbbk"" bets 10",2026-08-10T08:07:48.593Z,178634926859300
"Turn: 8♥, 8♦, 5♥ [J♦]",2026-08-10T08:07:45.093Z,178634926509300
"""player 16 @ uewFolxPCK"" checks",2026-08-10T08:07:44.260Z,178634926426000
"""player 15 @ 4chnM3wbbk"" checks",2026-08-10T08:07:42.966Z,178634926296600
"Flop:  [8♥, 8♦, 5♥]",2026-08-10T08:07:41.289Z,178634926128900
"""player 15 @ 4chnM3wbbk"" calls 30",2026-08-10T08:07:40.435Z,178634926043500
"""player 16 @ uewFolxPCK"" raises to 30",2026-08-10T08:07:39.397Z,178634925939700
"""player 15 @ 4chnM3wbbk"" posts a big blind of 10",2026-08-10T08:07:36.479Z,178634925647905
"""player 16 @ uewFolxPCK"" posts a small blind of 5",2026-08-10T08:07:36.479Z,178634925647904
"Your hand is 6♠, 6♣",2026-08-10T08:07:36.479Z,178634925647902
"Player stacks: #1 ""player 16 @ uewFolxPCK"" (1055) | #2 ""player 15 @ 4chnM3wbbk"" (945)",2026-08-10T08:07:36.479Z,178634925647901
"-- starting hand #127 (id: trmbxlcdi3ib)  No Limit Texas Hold'em (dealer: ""player 16 @ uewFolxPCK"") --",2026-08-10T08:07:36.479Z,178634925647900
"Undealt cards:  [4♥, 3♠, Q♦, 4♦, J♦]",2026-08-10T08:07:30.889Z,178634925088900
"-- ending hand #126 --",2026-08-10T08:07:30.472Z,178634925047202
"""player 16 @ uewFolxPCK"" collected 10 from pot",2026-08-10T08:07:30.472Z,178634925047201
"Uncalled bet of 5 returned to ""player 16 @ uewFolxPCK""",2026-08-10T08:07:30.472Z,178634925047200
"""player 15 @ 4chnM3wbbk"" folds",2026-08-10T08:07:29.584Z,178634924958400
"""player 16 @ uewFolxPCK"" posts a big blind of 10",2026-08-10T08:07:27.719Z,178634924771905
"""player 15 @ 4chnM3wbbk"" posts a small blind of 5",2026-08-10T08:07:27.719Z,178634924771904
"Player stacks: #1 ""player 16 @ uewFolxPCK"" (1050) | #2 ""player 15 @ 4chnM3wbbk"" (950)",2026-08-10T08:07:27.719Z,178634924771901
"-- starting hand #126 (id: zh2dgj4p0uza)  No Limit Texas Hold'em (dealer: ""player 15 @ 4chnM3wbbk"") --",2026-08-10T08:07:27.719Z,178634924771900
"-- ending hand #125 --",2026-08-10T08:07:21.712Z,178634924171202
"""player 15 @ 4chnM3wbbk"" collected 300 from pot with Full House, 8's over A's (combination: A♥, A♣, 8♠, 8♥, 8♦)",2026-08-10T08:07:21.712Z,178634924171201
"""player 15 @ 4chnM3wbbk"" shows a 8♠, 8♥.",2026-08-10T08:07:21.712Z,178634924171200
"""player 16 @ uewFolxPCK"" calls 100",2026-08-10T08:07:20.892Z,178634924089200
"""player 15 @ 4chnM3wbbk"" bets 100",2026-08-10T08:07:01.739Z,178634922173900
"River: A♥, 8♦, J♠, A♣ [7♠]",2026-08-10T08:06:57.406Z,178634921740600
"""player 16 @ uewFolxPCK"" checks",2026-08-10T08:06:56.592Z,178634921659200
"""player 15 @ 4chnM3wbbk"" checks",2026-08-10T08:06:51.613Z,178634921161300
"Turn: A♥, 8♦, J♠ [A♣]",2026-08-10T08:06:49.671Z,178634920967100
"""player 15 @ 4chnM3wbbk"" calls 20",2026-08-10T08:06:48.850Z,178634920885000
"""player 16 @ uewFolxPCK"" bets 20",2026-08-10T08:06:44.546Z,178634920454600
"""player 15 @ 4chnM3wbbk"" checks",2026-08-10T08:06:42.913Z,178634920291300
"Flop:  [A♥, 8♦, J♠]",2026-08-10T08:06:41.269Z,178634920126900
"""player 15 @ 4chnM3wbbk"" calls 30",2026-08-10T08:06:40.431Z,178634920043100
"""player 16 @ uewFolxPCK"" raises to 30",2026-08-10T08:06:39.463Z,178634919946300
"""player 15 @ 4chnM3wbbk"" posts a big blind of 10",2026-08-10T08:06:38.263Z,178634919826305
"""player 16 @ uewFolxPCK"" posts a small blind of 5",2026-08-10T08:06:38.263Z,178634919826304
"Player stacks: #1 ""player 16 @ uewFolxPCK"" (1200) | #2 ""player 15 @ 4chnM3wbbk"" (800)",2026-08-10T08:06:38.263Z,178634919826301
"-- starting hand #125 (id: wqcfb5bckub7)  No Limit Texas Hold'em (dealer: ""player 16 @ uewFolxPCK"") --",2026-08-10T08:06:38.263Z,178634919826300
"Undealt cards: K♠, 4♠, 3♥ [7♣, 6♥]",2026-08-10T08:06:32.527Z,178634919252700
"-- ending hand #124 --",2026-08-10T08:06:32.262Z,178634919226202
"""player 16 @ uewFolxPCK"" collected 20 from pot",2026-08-10T08:06:32.262Z,178634919226201
"Uncalled bet of 20 returned to ""player 16 @ uewFolxPCK""",2026-08-10T08:06:32.262Z,178634919226200
"""player 15 @ 4chnM3wbbk"" folds",2026-08-10T08:06:31.414Z,178634919141400
"""player 16 @ uewFolxPCK"" bets 20",2026-08-10T08:06:29.848Z,178634918984800
"Flop:  [K♠, 4♠, 3♥]",2026-08-10T08:06:27.350Z,178634918735000
"""player 16 @ uewFolxPCK"" checks",2026-08-10T08:06:26.516Z,178634918651600
"""player 15 @ 4chnM3wbbk"" calls 10",2026-08-10T08:06:25.451Z,178634918545100
"""player 16 @ uewFolxPCK"" posts a big blind of 10",2026-08-10T08:06:24.058Z,178634918405805
"""player 15 @ 4chnM3wbbk"" posts a small blind of 5",2026-08-10T08:06:24.058Z,178634918405804
"Player stacks: #1 ""player 16 @ uewFolxPCK"" (1190) | #2 ""player 15 @ 4chnM3wbbk"" (810)",2026-08-10T08:06:24.058Z,178634918405801
"-- starting hand #124 (id: ouihqspwa0ju)  No Limit Texas Hold'em (dealer: ""player 15 @ 4chnM3wbbk"") --",2026-08-10T08:06:24.058Z,178634918405800
"Undealt cards:  [J♥, K♣, 3♥, 5♦, 7♥]",2026-08-10T08:06:18.643Z,178634917864300
"-- ending hand #123 --",2026-08-10T08:06:18.126Z,178634917812602
"""player 15 @ 4chnM3wbbk"" collected 10 from pot",2026-08-10T08:06:18.126Z,178634917812601
"Uncalled bet of 5 returned to ""player 15 @ 4chnM3wbbk""",2026-08-10T08:06:18.126Z,178634917812600
"""player 16 @ uewFolxPCK"" folds",2026-08-10T08:06:17.291Z,178634917729100
"""player 15 @ 4chnM3wbbk"" posts a big blind of 10",2026-08-10T08:06:16.454Z,178634917645405
"""player 16 @ uewFolxPCK"" posts a small blind of 5",2026-08-10T08:06:16.454Z,178634917645404
"Player stacks: #1 ""player 16 @ uewFolxPCK"" (1195) | #2 ""player 15 @ 4chnM3wbbk"" (805)",2026-08-10T08:06:16.454Z,178634917645401
"-- starting hand #123 (id: xb1phtqbwmts)  No Limit Texas Hold'em (dealer: ""player 16 @ uewFolxPCK"") --",2026-08-10T08:06:16.454Z,178634917645400
"-- ending hand #122 --",2026-08-10T08:06:10.405Z,178634917040502
"""player 15 @ 4chnM3wbbk"" collected 180 from pot with Straight, 8 High (combination: 4♣, 5♥, 6♦, 7♣, 8♠)",2026-08-10T08:06:10.405Z,178634917040501
"""player 15 @ 4chnM3wbbk"" shows a 4♥, 4♣.",2026-08-10T08:06:10.405Z,178634917040500
"""player 16 @ uewFolxPCK"" calls 30",2026-08-10T08:06:09.568Z,178634916956800
"""player 15 @ 4chnM3wbbk"" bets 30",2026-08-10T08:06:07.633Z,178634916763300
"""player 16 @ uewFolxPCK"" checks",2026-08-10T08:06:02.796Z,178634916279600
"River: 2♦, 8♠, 5♥, 6♦ [7♣]",2026-08-10T08:05:51.182Z,178634915118200
"""player 15 @ 4chnM3wbbk"" calls 30",2026-08-10T08:05:50.283Z,178634915028300
"""player 16 @ uewFolxPCK"" bets 30",2026-08-10T08:05:49.146Z,178634914914600
"Turn: 2♦, 8♠, 5♥ [6♦]",2026-08-10T08:05:46.179Z,178634914617900
"""player 15 @ 4chnM3wbbk"" checks",2026-08-10T08:05:45.319Z,178634914531900
"""player 16 @ uewFolxPCK"" checks",2026-08-10T08:05:43.907Z,178634914390700
"Flop:  [2♦, 8♠, 5♥]",2026-08-10T08:05:40.372Z,178634914037200
"""player 15 @ 4chnM3wbbk"" calls 30",2026-08-10T08:05:39.459Z,178634913945900
"""player 16 @ uewFolxPCK"" raises to 30",2026-08-10T08:05:38.545Z,178634913854500
"""player 15 @ 4chnM3wbbk"" calls 10",2026-08-10T08:05:36.887Z,178634913688700
"""player 16 @ uewFolxPCK"" posts a big blind of 10",2026-08-10T08:05:35.571Z,178634913557105
"""player 15 @ 4chnM3wbbk"" posts a small blind of 5",2026-08-10T08:05:35.571Z,178634913557104
"Player stacks: #1 ""player 16 @ uewFolxPCK"" (1285) | #2 ""player 15 @ 4chnM3wbbk"" (715)",2026-08-10T08:05:35.571Z,178634913557101
"-- starting hand #122 (id: ckb99mg5e87n)  No Limit Texas Hold'em (dealer: ""player 15 @ 4chnM3wbbk"") --",2026-08-10T08:05:35.571Z,178634913557100
"Undealt cards:  [4♣, 8♣, 4♥, 7♣, 8♠]",2026-08-10T08:05:29.820Z,178634912982000
"-- ending hand #121 --",2026-08-10T08:05:29.566Z,178634912956602
"""player 15 @ 4chnM3wbbk"" collected 10 from pot",2026-08-10T08:05:29.566Z,178634912956601
"Uncalled bet of 5 returned to ""player 15 @ 4chnM3wbbk""",2026-08-10T08:05:29.566Z,178634912956600
"""player 16 @ uewFolxPCK"" folds",2026-08-10T08:05:28.675Z,178634912867500
"""player 15 @ 4chnM3wbbk"" posts a big blind of 10",2026-08-10T08:05:27.765Z,178634912776505
"""player 16 @ uewFolxPCK"" posts a small blind of 5",2026-08-10T08:05:27.765Z,178634912776504
"Player stacks: #1 ""player 16 @ uewFolxPCK"" (1290) | #2 ""player 15 @ 4chnM3wbbk"" (710)",2026-08-10T08:05:27.765Z,178634912776501
"-- starting hand #121 (id: qosmpbjlvlqf)  No Limit Texas Hold'em (dealer: ""player 16 @ uewFolxPCK"") --",2026-08-10T08:05:27.765Z,178634912776500
"Undealt cards:  [3♥, J♣, 2♠, K♦, Q♣]",2026-08-10T08:05:22.387Z,178634912238700
"-- ending hand #120 --",2026-08-10T08:05:21.792Z,178634912179202
"""player 16 @ uewFolxPCK"" collected 10 from pot",2026-08-10T08:05:21.792Z,178634912179201
"Uncalled bet of 5 returned to ""player 16 @ uewFolxPCK""",2026-08-10T08:05:21.792Z,178634912179200
"""player 15 @ 4chnM3wbbk"" folds",2026-08-10T08:05:20.918Z,178634912091800
"""player 16 @ uewFolxPCK"" posts a big blind of 10",2026-08-10T08:05:19.478Z,178634911947805
"""player 15 @ 4chnM3wbbk"" posts a small blind of 5",2026-08-10T08:05:19.478Z,178634911947804
"Player stacks: #1 ""player 16 @ uewFolxPCK"" (1285) | #2 ""player 15 @ 4chnM3wbbk"" (715)",2026-08-10T08:05:19.478Z,178634911947801
"-- starting hand #120 (id: h6eyzelkl6cc)  No Limit Texas Hold'em (dealer: ""player 15 @ 4chnM3wbbk"") --",2026-08-10T08:05:19.478Z,178634911947800
"""player 16 @ uewFolxPCK"" shows a 5♠, 2♦.",2026-08-10T08:05:15.472Z,178634911547200
"Undealt cards:  [4♥, 2♣, 9♥, Q♠, 5♥]",2026-08-10T08:05:13.088Z,178634911308800
"-- ending hand #119 --",2026-08-10T08:05:12.830Z,178634911283002
"""player 15 @ 4chnM3wbbk"" collected 10 from pot",2026-08-10T08:05:12.830Z,178634911283001
"Uncalled bet of 5 returned to ""player 15 @ 4chnM3wbbk""",2026-08-10T08:05:12.830Z,178634911283000
"""player 16 @ uewFolxPCK"" folds",2026-08-10T08:05:12.019Z,178634911201900
"""player 15 @ 4chnM3wbbk"" posts a big blind of 10",2026-08-10T08:05:10.585Z,178634911058505
"""player 16 @ uewFolxPCK"" posts a small blind of 5",2026-08-10T08:05:10.585Z,178634911058504
"Your hand is 5♠, 2♦",2026-08-10T08:05:10.585Z,178634911058502
"Player stacks: #1 ""player 16 @ uewFolxPCK"" (1290) | #2 ""player 15 @ 4chnM3wbbk"" (710)",2026-08-10T08:05:10.585Z,178634911058501
"-- starting hand #119 (id: qh4t4rz9d9h5)  No Limit Texas Hold'em (dealer: ""player 16 @ uewFolxPCK"") --",2026-08-10T08:05:10.585Z,178634911058500
"-- ending hand #118 --",2026-08-10T08:05:07.587Z,178634910758702
"""player 15 @ 4chnM3wbbk"" collected 140 from pot",2026-08-10T08:05:07.587Z,178634910758701
"Uncalled bet of 50 returned to ""player 15 @ 4chnM3wbbk""",2026-08-10T08:05:07.587Z,178634910758700
"""player 16 @ uewFolxPCK"" folds",2026-08-10T08:05:06.696Z,178634910669600
"""player 15 @ 4chnM3wbbk"" bets 50",2026-08-10T08:04:59.354Z,178634909935400
"""player 16 @ uewFolxPCK"" checks",2026-08-10T08:04:52.848Z,178634909284800
"River: 8♠, J♦, 5♠, Q♥ [4♣]",2026-08-10T08:04:47.556Z,178634908755600
"""player 16 @ uewFolxPCK"" calls 30",2026-08-10T08:04:46.637Z,178634908663700
"""player 15 @ 4chnM3wbbk"" bets 30",2026-08-10T08:04:44.131Z,178634908413100
"""player 16 @ uewFolxPCK"" checks",2026-08-10T08:04:39.563Z,178634907956300
"Turn: 8♠, J♦, 5♠ [Q♥]",2026-08-10T08:04:37.581Z,178634907758100
"""player 16 @ uewFolxPCK"" calls 10",2026-08-10T08:04:36.755Z,178634907675500
"""player 15 @ 4chnM3wbbk"" bets 10",2026-08-10T08:04:34.786Z,178634907478600
"""player 16 @ uewFolxPCK"" checks",2026-08-10T08:04:32.728Z,178634907272800
"Flop:  [8♠, J♦, 5♠]",2026-08-10T08:04:27.316Z,178634906731600
"""player 15 @ 4chnM3wbbk"" calls 30",2026-08-10T08:04:26.502Z,178634906650200
"""player 16 @ uewFolxPCK"" raises to 30",2026-08-10T08:04:25.002Z,178634906500200
"""player 15 @ 4chnM3wbbk"" calls 10",2026-08-10T08:04:22.183Z,178634906218300
"""player 16 @ uewFolxPCK"" posts a big blind of 10",2026-08-10T08:04:20.363Z,178634906036305
"""player 15 @ 4chnM3wbbk"" posts a small blind of 5",2026-08-10T08:04:20.363Z,178634906036304
"Player stacks: #1 ""player 16 @ uewFolxPCK"" (1360) | #2 ""player 15 @ 4chnM3wbbk"" (640)",2026-08-10T08:04:20.363Z,178634906036301
"-- starting hand #118 (id: aszkanruthbq)  No Limit Texas Hold'em (dealer: ""player 15 @ 4chnM3wbbk"") --",2026-08-10T08:04:20.363Z,178634906036300
"-- ending hand #117 --",2026-08-10T08:04:14.360Z,178634905436002
"""player 16 @ uewFolxPCK"" collected 140 from pot with Straight, 9 High (combination: 5♣, 6♣, 7♣, 8♦, 9♠)",2026-08-10T08:04:14.360Z,178634905436001
"""player 16 @ uewFolxPCK"" shows a 6♣, 5♦.",2026-08-10T08:04:14.360Z,178634905436000
"""player 15 @ 4chnM3wbbk"" calls 40",2026-08-10T08:04:13.552Z,178634905355200
"""player 16 @ uewFolxPCK"" bets 40",2026-08-10T08:04:12.236Z,178634905223600
"""player 15 @ 4chnM3wbbk"" checks",2026-08-10T08:04:09.902Z,178634904990200
"River: 9♠, 5♣, 8♦, 4♣ [7♣]",2026-08-10T08:04:08.504Z,178634904850400
"""player 16 @ uewFolxPCK"" checks",2026-08-10T08:04:07.671Z,178634904767100
"""player 15 @ 4chnM3wbbk"" checks",2026-08-10T08:04:06.057Z,178634904605700
"Turn: 9♠, 5♣, 8♦ [4♣]",2026-08-10T08:04:04.300Z,178634904430000
"""player 16 @ uewFolxPCK"" checks",2026-08-10T08:04:03.356Z,178634904335600
"""player 15 @ 4chnM3wbbk"" checks",2026-08-10T08:03:58.130Z,178634903813000
"Flop:  [9♠, 5♣, 8♦]",2026-08-10T08:03:56.075Z,178634903607500
"""player 15 @ 4chnM3wbbk"" calls 30",2026-08-10T08:03:55.115Z,178634903511500
"""player 16 @ uewFolxPCK"" raises to 30",2026-08-10T08:03:53.851Z,178634903385100
"""player 15 @ 4chnM3wbbk"" posts a big blind of 10",2026-08-10T08:03:51.676Z,178634903167605
"""player 16 @ uewFolxPCK"" posts a small blind of 5",2026-08-10T08:03:51.676Z,178634903167604
"Your hand is 6♣, 5♦",2026-08-10T08:03:51.676Z,178634903167602
"Player stacks: #1 ""player 16 @ uewFolxPCK"" (1290) | #2 ""player 15 @ 4chnM3wbbk"" (710)",2026-08-10T08:03:51.676Z,178634903167601
"-- starting hand #117 (id: 7ieifterhqgf)  No Limit Texas Hold'em (dealer: ""player 16 @ uewFolxPCK"") --",2026-08-10T08:03:51.676Z,178634903167600
"Undealt cards: 2♣, 2♦, 4♣, 6♦ [2♠]",2026-08-10T08:03:46.067Z,178634902606700
"-- ending hand #116 --",2026-08-10T08:03:45.676Z,178634902567602
"""player 16 @ uewFolxPCK"" collected 360 from pot",2026-08-10T08:03:45.676Z,178634902567601
"Uncalled bet of 180 returned to ""player 16 @ uewFolxPCK""",2026-08-10T08:03:45.676Z,178634902567600
"""player 15 @ 4chnM3wbbk"" folds",2026-08-10T08:03:44.731Z,178634902473100
"""player 16 @ uewFolxPCK"" bets 180",2026-08-10T08:03:42.891Z,178634902289100
"Turn: 2♣, 2♦, 4♣ [6♦]",2026-08-10T08:03:37.208Z,178634901720800
"""player 15 @ 4chnM3wbbk"" calls 60",2026-08-10T08:03:36.376Z,178634901637600
"""player 16 @ uewFolxPCK"" bets 60",2026-08-10T08:03:33.852Z,178634901385200
"Flop:  [2♣, 2♦, 4♣]",2026-08-10T08:03:28.697Z,178634900869700
"""player 15 @ 4chnM3wbbk"" calls 120",2026-08-10T08:03:27.868Z,178634900786800
"""player 16 @ uewFolxPCK"" raises to 120",2026-08-10T08:03:25.720Z,178634900572000
"""player 15 @ 4chnM3wbbk"" raises to 30",2026-08-10T08:03:21.731Z,178634900173100
"""player 16 @ uewFolxPCK"" posts a big blind of 10",2026-08-10T08:03:17.798Z,178634899779805
"""player 15 @ 4chnM3wbbk"" posts a small blind of 5",2026-08-10T08:03:17.798Z,178634899779804
"Player stacks: #1 ""player 16 @ uewFolxPCK"" (1110) | #2 ""player 15 @ 4chnM3wbbk"" (890)",2026-08-10T08:03:17.798Z,178634899779801
"-- starting hand #116 (id: f3vkkfn5e7gg)  No Limit Texas Hold'em (dealer: ""player 15 @ 4chnM3wbbk"") --",2026-08-10T08:03:17.798Z,178634899779800
"Undealt cards:  [K♥, A♣, 10♥, Q♠, 10♣]",2026-08-10T08:03:15.911Z,178634899591100
"-- ending hand #115 --",2026-08-10T08:03:11.876Z,178634899187602
"""player 15 @ 4chnM3wbbk"" collected 10 from pot",2026-08-10T08:03:11.876Z,178634899187601
"Uncalled bet of 5 returned to ""player 15 @ 4chnM3wbbk""",2026-08-10T08:03:11.876Z,178634899187600
"""player 16 @ uewFolxPCK"" folds",2026-08-10T08:03:11.058Z,178634899105800
"""player 15 @ 4chnM3wbbk"" posts a big blind of 10",2026-08-10T08:03:10.076Z,178634899007605
"""player 16 @ uewFolxPCK"" posts a small blind of 5",2026-08-10T08:03:10.076Z,178634899007604
"Player stacks: #1 ""player 16 @ uewFolxPCK"" (1115) | #2 ""player 15 @ 4chnM3wbbk"" (885)",2026-08-10T08:03:10.076Z,178634899007601
"-- starting hand #115 (id: ir9f2lo6ugob)  No Limit Texas Hold'em (dealer: ""player 16 @ uewFolxPCK"") --",2026-08-10T08:03:10.076Z,178634899007600
"-- ending hand #114 --",2026-08-10T08:03:04.045Z,178634898404502
"""player 16 @ uewFolxPCK"" collected 100 from pot with Pair, 7's (combination: Q♣, K♠, A♣, 7♥, 7♦)",2026-08-10T08:03:04.045Z,178634898404501
"""player 16 @ uewFolxPCK"" shows a A♣, Q♣.",2026-08-10T08:03:04.045Z,178634898404500
"""player 15 @ 4chnM3wbbk"" checks",2026-08-10T08:03:03.203Z,178634898320300
"""player 16 @ uewFolxPCK"" checks",2026-08-10T08:03:00.941Z,178634898094100
"River: 7♥, 2♥, 7♦, K♠ [J♠]",2026-08-10T08:02:49.564Z,178634896956400
"""player 15 @ 4chnM3wbbk"" checks",2026-08-10T08:02:48.736Z,178634896873600
"""player 16 @ uewFolxPCK"" checks",2026-08-10T08:02:46.224Z,178634896622400
"Turn: 7♥, 2♥, 7♦ [K♠]",2026-08-10T08:02:37.469Z,178634895746900
"""player 15 @ 4chnM3wbbk"" calls 20",2026-08-10T08:02:36.652Z,178634895665200
"""player 16 @ uewFolxPCK"" bets 20",2026-08-10T08:02:34.017Z,178634895401700
"Flop:  [7♥, 2♥, 7♦]",2026-08-10T08:02:29.869Z,178634894986900
"""player 15 @ 4chnM3wbbk"" calls 30",2026-08-10T08:02:28.986Z,178634894898600
"""player 16 @ uewFolxPCK"" raises to 30",2026-08-10T08:02:25.088Z,178634894508800
"""player 15 @ 4chnM3wbbk"" calls 10",2026-08-10T08:02:22.604Z,178634894260400
"""player 16 @ uewFolxPCK"" posts a big blind of 10",2026-08-10T08:02:20.870Z,178634894087005
"""player 15 @ 4chnM3wbbk"" posts a small blind of 5",2026-08-10T08:02:20.870Z,178634894087004
"Your hand is A♣, Q♣",2026-08-10T08:02:20.870Z,178634894087002
"Player stacks: #1 ""player 16 @ uewFolxPCK"" (1065) | #2 ""player 15 @ 4chnM3wbbk"" (935)",2026-08-10T08:02:20.870Z,178634894087001
"-- starting hand #114 (id: ve2vfeuvoxbz)  No Limit Texas Hold'em (dealer: ""player 15 @ 4chnM3wbbk"") --",2026-08-10T08:02:20.870Z,178634894087000
"-- ending hand #113 --",2026-08-10T08:02:14.860Z,178634893486003
"""player 15 @ 4chnM3wbbk"" collected 550 from pot with Two Pair, A's & 6's (combination: Q♠, 6♣, 6♥, A♠, A♣)",2026-08-10T08:02:14.860Z,178634893486002
"""player 15 @ 4chnM3wbbk"" shows a A♠, 6♣.",2026-08-10T08:02:14.860Z,178634893486001
"""player 16 @ uewFolxPCK"" shows a 3♦, 2♦.",2026-08-10T08:02:14.860Z,178634893486000
"""player 15 @ 4chnM3wbbk"" calls 165",2026-08-10T08:02:14.054Z,178634893405400
"""player 16 @ uewFolxPCK"" bets 165",2026-08-10T08:02:08.751Z,178634892875100
"""player 15 @ 4chnM3wbbk"" checks",2026-08-10T08:02:04.654Z,178634892465400
"River: J♥, Q♠, 6♥, A♣ [10♥]",2026-08-10T08:02:01.911Z,178634892191100
"""player 15 @ 4chnM3wbbk"" calls 60",2026-08-10T08:02:01.023Z,178634892102300
"""player 16 @ uewFolxPCK"" bets 60",2026-08-10T08:01:48.927Z,178634890892700
"""player 15 @ 4chnM3wbbk"" checks",2026-08-10T08:01:46.017Z,178634890601700
"Turn: J♥, Q♠, 6♥ [A♣]",2026-08-10T08:01:44.563Z,178634890456300
"""player 15 @ 4chnM3wbbk"" calls 20",2026-08-10T08:01:43.720Z,178634890372000
"""player 16 @ uewFolxPCK"" bets 20",2026-08-10T08:01:42.016Z,178634890201600
"""player 15 @ 4chnM3wbbk"" checks",2026-08-10T08:01:38.920Z,178634889892000
"Flop:  [J♥, Q♠, 6♥]",2026-08-10T08:01:37.160Z,178634889716000
"""player 15 @ 4chnM3wbbk"" calls 30",2026-08-10T08:01:36.246Z,178634889624600
"""player 16 @ uewFolxPCK"" raises to 30",2026-08-10T08:01:35.197Z,178634889519700
"""player 15 @ 4chnM3wbbk"" posts a big blind of 10",2026-08-10T08:01:33.784Z,178634889378405
"""player 16 @ uewFolxPCK"" posts a small blind of 5",2026-08-10T08:01:33.784Z,178634889378404
"Your hand is 3♦, 2♦",2026-08-10T08:01:33.784Z,178634889378402
"Player stacks: #1 ""player 16 @ uewFolxPCK"" (1340) | #2 ""player 15 @ 4chnM3wbbk"" (660)",2026-08-10T08:01:33.784Z,178634889378401
"-- starting hand #113 (id: x0p672xopc0h)  No Limit Texas Hold'em (dealer: ""player 16 @ uewFolxPCK"") --",2026-08-10T08:01:33.784Z,178634889378400
"Undealt cards: 10♠, 3♠, 6♠ [2♥, J♦]",2026-08-10T08:01:27.988Z,178634888798800
"-- ending hand #112 --",2026-08-10T08:01:27.755Z,178634888775502
"""player 16 @ uewFolxPCK"" collected 20 from pot",2026-08-10T08:01:27.755Z,178634888775501
"Uncalled bet of 20 returned to ""player 16 @ uewFolxPCK""",2026-08-10T08:01:27.755Z,178634888775500
"""player 15 @ 4chnM3wbbk"" folds",2026-08-10T08:01:26.920Z,178634888692000
"""player 16 @ uewFolxPCK"" bets 20",2026-08-10T08:01:25.149Z,178634888514900
"Flop:  [10♠, 3♠, 6♠]",2026-08-10T08:01:22.953Z,178634888295300
"""player 16 @ uewFolxPCK"" checks",2026-08-10T08:01:22.035Z,178634888203500
"""player 15 @ 4chnM3wbbk"" calls 10",2026-08-10T08:01:21.070Z,178634888107000
"""player 16 @ uewFolxPCK"" posts a big blind of 10",2026-08-10T08:01:19.548Z,178634887954805
"""player 15 @ 4chnM3wbbk"" posts a small blind of 5",2026-08-10T08:01:19.548Z,178634887954804
"Player stacks: #1 ""player 16 @ uewFolxPCK"" (1330) | #2 ""player 15 @ 4chnM3wbbk"" (670)",2026-08-10T08:01:19.548Z,178634887954801
"-- starting hand #112 (id: kpghf1juywmk)  No Limit Texas Hold'em (dealer: ""player 15 @ 4chnM3wbbk"") --",2026-08-10T08:01:19.548Z,178634887954800
"Undealt cards:  [3♦, J♦, A♠, 4♣, K♥]",2026-08-10T08:01:13.824Z,178634887382400
"-- ending hand #111 --",2026-08-10T08:01:13.574Z,178634887357402
"""player 16 @ uewFolxPCK"" collected 20 from pot",2026-08-10T08:01:13.574Z,178634887357401
"Uncalled bet of 20 returned to ""player 16 @ uewFolxPCK""",2026-08-10T08:01:13.574Z,178634887357400
"""player 15 @ 4chnM3wbbk"" folds",2026-08-10T08:01:12.750Z,178634887275000
"""player 16 @ uewFolxPCK"" raises to 30",2026-08-10T08:01:09.040Z,178634886904000
"""player 15 @ 4chnM3wbbk"" posts a big blind of 10",2026-08-10T08:01:04.491Z,178634886449105
"""player 16 @ uewFolxPCK"" posts a small blind of 5",2026-08-10T08:01:04.491Z,178634886449104
"Player stacks: #1 ""player 16 @ uewFolxPCK"" (1320) | #2 ""player 15 @ 4chnM3wbbk"" (680)",2026-08-10T08:01:04.491Z,178634886449101
"-- starting hand #111 (id: w5kpnsrhkxkw)  No Limit Texas Hold'em (dealer: ""player 16 @ uewFolxPCK"") --",2026-08-10T08:01:04.491Z,178634886449100
"Undealt cards:  [Q♦, 3♥, Q♥, J♦, 3♠]",2026-08-10T08:01:03.304Z,178634886330400
"-- ending hand #110 --",2026-08-10T08:00:58.476Z,178634885847602
"""player 16 @ uewFolxPCK"" collected 10 from pot",2026-08-10T08:00:58.476Z,178634885847601
"Uncalled bet of 5 returned to ""player 16 @ uewFolxPCK""",2026-08-10T08:00:58.476Z,178634885847600
"""player 15 @ 4chnM3wbbk"" folds",2026-08-10T08:00:57.603Z,178634885760300
"""player 16 @ uewFolxPCK"" posts a big blind of 10",2026-08-10T08:00:55.790Z,178634885579005
"""player 15 @ 4chnM3wbbk"" posts a small blind of 5",2026-08-10T08:00:55.790Z,178634885579004
"Player stacks: #1 ""player 16 @ uewFolxPCK"" (1315) | #2 ""player 15 @ 4chnM3wbbk"" (685)",2026-08-10T08:00:55.790Z,178634885579001
"-- starting hand #110 (id: 2ilt2yr3wzht)  No Limit Texas Hold'em (dealer: ""player 15 @ 4chnM3wbbk"") --",2026-08-10T08:00:55.790Z,178634885579000
"-- ending hand #109 --",2026-08-10T08:00:49.787Z,178634884978702
"""player 15 @ 4chnM3wbbk"" collected 100 from pot with Pair, 5's (combination: Q♥, K♠, A♥, 5♠, 5♥)",2026-08-10T08:00:49.787Z,178634884978701
"""player 15 @ 4chnM3wbbk"" shows a 9♦, K♠.",2026-08-10T08:00:49.787Z,178634884978700
"""player 16 @ uewFolxPCK"" calls 10",2026-08-10T08:00:48.952Z,178634884895200
"""player 15 @ 4chnM3wbbk"" bets 10",2026-08-10T08:00:44.854Z,178634884485400
"River: 5♠, 5♥, 10♦, A♥ [Q♥]",2026-08-10T08:00:43.382Z,178634884338200
"""player 16 @ uewFolxPCK"" checks",2026-08-10T08:00:42.527Z,178634884252700
"""player 15 @ 4chnM3wbbk"" checks",2026-08-10T08:00:39.737Z,178634883973700
"Turn: 5♠, 5♥, 10♦ [A♥]",2026-08-10T08:00:37.917Z,178634883791700
"""player 16 @ uewFolxPCK"" calls 10",2026-08-10T08:00:37.082Z,178634883708200
"""player 15 @ 4chnM3wbbk"" bets 10",2026-08-10T08:00:33.401Z,178634883340100
"Flop:  [5♠, 5♥, 10♦]",2026-08-10T08:00:31.374Z,178634883137400
"""player 15 @ 4chnM3wbbk"" calls 30",2026-08-10T08:00:30.567Z,178634883056700
"""player 16 @ uewFolxPCK"" raises to 30",2026-08-10T08:00:29.418Z,178634882941800
"""player 15 @ 4chnM3wbbk"" posts a big blind of 10",2026-08-10T08:00:28.116Z,178634882811605
"""player 16 @ uewFolxPCK"" posts a small blind of 5",2026-08-10T08:00:28.116Z,178634882811604
"Player stacks: #1 ""player 16 @ uewFolxPCK"" (1365) | #2 ""player 15 @ 4chnM3wbbk"" (635)",2026-08-10T08:00:28.116Z,178634882811601
"-- starting hand #109 (id: tpwawp51qcf1)  No Limit Texas Hold'em (dealer: ""player 16 @ uewFolxPCK"") --",2026-08-10T08:00:28.116Z,178634882811600
"-- ending hand #108 --",2026-08-10T08:00:22.111Z,178634882211102
"""player 16 @ uewFolxPCK"" collected 700 from pot with Three of a Kind, 7's (combination: 10♣, A♣, 7♣, 7♥, 7♠)",2026-08-10T08:00:22.111Z,178634882211101
"""player 16 @ uewFolxPCK"" shows a A♣, 7♣.",2026-08-10T08:00:22.111Z,178634882211100
"""player 15 @ 4chnM3wbbk"" calls 210",2026-08-10T08:00:21.287Z,178634882128700
"""player 16 @ uewFolxPCK"" bets 210",2026-08-10T08:00:09.478Z,178634880947800
"River: 7♥, 10♣, 7♠, 3♣ [6♥]",2026-08-10T07:59:56.979Z,178634879697900
"""player 15 @ 4chnM3wbbk"" calls 80",2026-08-10T07:59:56.088Z,178634879608800
"""player 16 @ uewFolxPCK"" raises to 80",2026-08-10T07:59:54.416Z,178634879441600
"""player 15 @ 4chnM3wbbk"" bets 20",2026-08-10T07:59:51.630Z,178634879163000
"""player 16 @ uewFolxPCK"" checks",2026-08-10T07:59:48.080Z,178634878808000
"Turn: 7♥, 10♣, 7♠ [3♣]",2026-08-10T07:59:41.866Z,178634878186600
"""player 15 @ 4chnM3wbbk"" calls 30",2026-08-10T07:59:41.036Z,178634878103600
"""player 16 @ uewFolxPCK"" bets 30",2026-08-10T07:59:39.916Z,178634877991600
"Flop:  [7♥, 10♣, 7♠]",2026-08-10T07:59:37.265Z,178634877726500
"""player 15 @ 4chnM3wbbk"" calls 30",2026-08-10T07:59:36.456Z,178634877645600
"""player 16 @ uewFolxPCK"" raises to 30",2026-08-10T07:59:35.127Z,178634877512700
"""player 15 @ 4chnM3wbbk"" calls 10",2026-08-10T07:59:33.488Z,178634877348800
"""player 16 @ uewFolxPCK"" posts a big blind of 10",2026-08-10T07:59:31.767Z,178634877176705
"""player 15 @ 4chnM3wbbk"" posts a small blind of 5",2026-08-10T07:59:31.767Z,178634877176704
"Your hand is A♣, 7♣",2026-08-10T07:59:31.767Z,178634877176702
"Player stacks: #1 ""player 16 @ uewFolxPCK"" (1015) | #2 ""player 15 @ 4chnM3wbbk"" (985)",2026-08-10T07:59:31.767Z,178634877176701
"-- starting hand #108 (id: lx34sotqpw7w)  No Limit Texas Hold'em (dealer: ""player 15 @ 4chnM3wbbk"") --",2026-08-10T07:59:31.767Z,178634877176700
"Undealt cards:  [2♣, A♠, 4♦, 5♦, A♥]",2026-08-10T07:59:26.143Z,178634876614300
"-- ending hand #107 --",2026-08-10T07:59:25.858Z,178634876585802
"""player 15 @ 4chnM3wbbk"" collected 60 from pot",2026-08-10T07:59:25.858Z,178634876585801
"Uncalled bet of 60 returned to ""player 15 @ 4chnM3wbbk""",2026-08-10T07:59:25.858Z,178634876585800
"""player 16 @ uewFolxPCK"" folds",2026-08-10T07:59:24.993Z,178634876499300
"""player 15 @ 4chnM3wbbk"" raises to 90",2026-08-10T07:59:23.259Z,178634876325900
"""player 16 @ uewFolxPCK"" raises to 30",2026-08-10T07:59:17.576Z,178634875757600
"""player 15 @ 4chnM3wbbk"" posts a big blind of 10",2026-08-10T07:59:15.852Z,178634875585205
"""player 16 @ uewFolxPCK"" posts a small blind of 5",2026-08-10T07:59:15.852Z,178634875585204
"Player stacks: #1 ""player 16 @ uewFolxPCK"" (1045) | #2 ""player 15 @ 4chnM3wbbk"" (955)",2026-08-10T07:59:15.852Z,178634875585201
"-- starting hand #107 (id: c8jzlslqglcb)  No Limit Texas Hold'em (dealer: ""player 16 @ uewFolxPCK"") --",2026-08-10T07:59:15.852Z,178634875585200
"Undealt cards: A♣, 6♠, 5♥ [8♣, K♣]",2026-08-10T07:59:10.327Z,178634875032700
"-- ending hand #106 --",2026-08-10T07:59:09.907Z,178634874990702
"""player 15 @ 4chnM3wbbk"" collected 20 from pot",2026-08-10T07:59:09.907Z,178634874990701
"Uncalled bet of 10 returned to ""player 15 @ 4chnM3wbbk""",2026-08-10T07:59:09.907Z,178634874990700
"""player 16 @ uewFolxPCK"" folds",2026-08-10T07:59:09.077Z,178634874907700
"""player 15 @ 4chnM3wbbk"" bets 10",2026-08-10T07:59:07.956Z,178634874795600
"""player 16 @ uewFolxPCK"" checks",2026-08-10T07:59:06.039Z,178634874603900
"Flop:  [A♣, 6♠, 5♥]",2026-08-10T07:59:04.103Z,178634874410300
"""player 16 @ uewFolxPCK"" checks",2026-08-10T07:59:03.212Z,178634874321200
"""player 15 @ 4chnM3wbbk"" calls 10",2026-08-10T07:59:02.306Z,178634874230600
"""player 16 @ uewFolxPCK"" posts a big blind of 10",2026-08-10T07:59:00.684Z,178634874068405
"""player 15 @ 4chnM3wbbk"" posts a small blind of 5",2026-08-10T07:59:00.684Z,178634874068404
"Player stacks: #1 ""player 16 @ uewFolxPCK"" (1055) | #2 ""player 15 @ 4chnM3wbbk"" (945)",2026-08-10T07:59:00.684Z,178634874068401
"-- starting hand #106 (id: 9yqz2dapuixf)  No Limit Texas Hold'em (dealer: ""player 15 @ 4chnM3wbbk"") --",2026-08-10T07:59:00.684Z,178634874068400
"Undealt cards: K♠, K♣, Q♥, 2♦ [5♠]",2026-08-10T07:58:54.968Z,178634873496800
"-- ending hand #105 --",2026-08-10T07:58:54.684Z,178634873468402
"""player 16 @ uewFolxPCK"" collected 120 from pot",2026-08-10T07:58:54.684Z,178634873468401
"Uncalled bet of 60 returned to ""player 16 @ uewFolxPCK""",2026-08-10T07:58:54.684Z,178634873468400
"""player 15 @ 4chnM3wbbk"" folds",2026-08-10T07:58:53.839Z,178634873383900
"""player 16 @ uewFolxPCK"" bets 60",2026-08-10T07:58:49.945Z,178634872994500
"""player 15 @ 4chnM3wbbk"" checks",2026-08-10T07:58:45.873Z,178634872587300
"Turn: K♠, K♣, Q♥ [2♦]",2026-08-10T07:58:44.273Z,178634872427300
"""player 15 @ 4chnM3wbbk"" calls 30",2026-08-10T07:58:43.437Z,178634872343700
"""player 16 @ uewFolxPCK"" raises to 30",2026-08-10T07:58:41.783Z,178634872178300
"""player 15 @ 4chnM3wbbk"" bets 10",2026-08-10T07:58:38.183Z,178634871818300
"Flop:  [K♠, K♣, Q♥]",2026-08-10T07:58:34.267Z,178634871426700
"""player 15 @ 4chnM3wbbk"" calls 30",2026-08-10T07:58:33.374Z,178634871337400
"""player 16 @ uewFolxPCK"" raises to 30",2026-08-10T07:58:31.700Z,178634871170000
"""player 15 @ 4chnM3wbbk"" posts a big blind of 10",2026-08-10T07:58:30.062Z,178634871006205
"""player 16 @ uewFolxPCK"" posts a small blind of 5",2026-08-10T07:58:30.062Z,178634871006204
"Player stacks: #1 ""player 16 @ uewFolxPCK"" (995) | #2 ""player 15 @ 4chnM3wbbk"" (1005)",2026-08-10T07:58:30.062Z,178634871006201
"-- starting hand #105 (id: f7bdv6bcy1i3)  No Limit Texas Hold'em (dealer: ""player 16 @ uewFolxPCK"") --",2026-08-10T07:58:30.062Z,178634871006200
"Undealt cards:  [4♠, Q♥, K♣, A♣, K♥]",2026-08-10T07:58:24.248Z,178634870424800
"-- ending hand #104 --",2026-08-10T07:58:24.084Z,178634870408402
"""player 16 @ uewFolxPCK"" collected 20 from pot",2026-08-10T07:58:24.084Z,178634870408401
"Uncalled bet of 20 returned to ""player 16 @ uewFolxPCK""",2026-08-10T07:58:24.084Z,178634870408400
"""player 15 @ 4chnM3wbbk"" folds",2026-08-10T07:58:23.257Z,178634870325700
"""player 16 @ uewFolxPCK"" raises to 30",2026-08-10T07:58:21.554Z,178634870155400
"""player 15 @ 4chnM3wbbk"" calls 10",2026-08-10T07:58:19.887Z,178634869988700
"""player 16 @ uewFolxPCK"" posts a big blind of 10",2026-08-10T07:58:18.253Z,178634869825305
"""player 15 @ 4chnM3wbbk"" posts a small blind of 5",2026-08-10T07:58:18.253Z,178634869825304
"Player stacks: #1 ""player 16 @ uewFolxPCK"" (985) | #2 ""player 15 @ 4chnM3wbbk"" (1015)",2026-08-10T07:58:18.253Z,178634869825301
"-- starting hand #104 (id: hfkbrmfgg7nn)  No Limit Texas Hold'em (dealer: ""player 15 @ 4chnM3wbbk"") --",2026-08-10T07:58:18.253Z,178634869825300
"Undealt cards:  [8♣, 2♣, Q♦, Q♥, 10♦]",2026-08-10T07:58:12.778Z,178634869277800
"-- ending hand #103 --",2026-08-10T07:58:12.249Z,178634869224902
"""player 15 @ 4chnM3wbbk"" collected 10 from pot",2026-08-10T07:58:12.249Z,178634869224901
"Uncalled bet of 5 returned to ""player 15 @ 4chnM3wbbk""",2026-08-10T07:58:12.249Z,178634869224900
"""player 16 @ uewFolxPCK"" folds",2026-08-10T07:58:11.336Z,178634869133600
"""player 15 @ 4chnM3wbbk"" posts a big blind of 10",2026-08-10T07:58:10.447Z,178634869044705
"""player 16 @ uewFolxPCK"" posts a small blind of 5",2026-08-10T07:58:10.447Z,178634869044704
"Player stacks: #1 ""player 16 @ uewFolxPCK"" (990) | #2 ""player 15 @ 4chnM3wbbk"" (1010)",2026-08-10T07:58:10.447Z,178634869044701
"-- starting hand #103 (id: njihj0rwjzvx)  No Limit Texas Hold'em (dealer: ""player 16 @ uewFolxPCK"") --",2026-08-10T07:58:10.447Z,178634869044700
"-- ending hand #102 --",2026-08-10T07:58:07.448Z,178634868744802
"""player 15 @ 4chnM3wbbk"" collected 40 from pot",2026-08-10T07:58:07.448Z,178634868744801
"Uncalled bet of 20 returned to ""player 15 @ 4chnM3wbbk""",2026-08-10T07:58:07.448Z,178634868744800
"""player 16 @ uewFolxPCK"" folds",2026-08-10T07:58:06.611Z,178634868661100
"""player 15 @ 4chnM3wbbk"" bets 20",2026-08-10T07:57:54.319Z,178634867431900
"""player 16 @ uewFolxPCK"" checks",2026-08-10T07:57:51.283Z,178634867128300
"River: 5♣, 3♣, 9♣, 10♠ [K♦]",2026-08-10T07:57:50.384Z,178634867038400
"""player 16 @ uewFolxPCK"" calls 10",2026-08-10T07:57:49.541Z,178634866954100
"""player 15 @ 4chnM3wbbk"" bets 10",2026-08-10T07:57:48.639Z,178634866863900
"""player 16 @ uewFolxPCK"" checks",2026-08-10T07:57:46.984Z,178634866698400
"Turn: 5♣, 3♣, 9♣ [10♠]",2026-08-10T07:57:44.981Z,178634866498100
"""player 15 @ 4chnM3wbbk"" checks",2026-08-10T07:57:44.135Z,178634866413500
"""player 16 @ uewFolxPCK"" checks",2026-08-10T07:57:42.923Z,178634866292300
"Flop:  [5♣, 3♣, 9♣]",2026-08-10T07:57:41.574Z,178634866157400
"""player 16 @ uewFolxPCK"" checks",2026-08-10T07:57:40.661Z,178634866066100
"""player 15 @ 4chnM3wbbk"" calls 10",2026-08-10T07:57:39.706Z,178634865970600
"""player 16 @ uewFolxPCK"" posts a big blind of 10",2026-08-10T07:57:38.172Z,178634865817205
"""player 15 @ 4chnM3wbbk"" posts a small blind of 5",2026-08-10T07:57:38.172Z,178634865817204
"Player stacks: #1 ""player 16 @ uewFolxPCK"" (1010) | #2 ""player 15 @ 4chnM3wbbk"" (990)",2026-08-10T07:57:38.172Z,178634865817201
"-- starting hand #102 (id: ibmmpec70u4o)  No Limit Texas Hold'em (dealer: ""player 15 @ 4chnM3wbbk"") --",2026-08-10T07:57:38.172Z,178634865817200
"Undealt cards: 6♥, 3♠, 5♣ [K♥, 3♥]",2026-08-10T07:57:32.415Z,178634865241500
"-- ending hand #101 --",2026-08-10T07:57:32.248Z,178634865224802
"""player 16 @ uewFolxPCK"" collected 80 from pot",2026-08-10T07:57:32.248Z,178634865224801
"Uncalled bet of 50 returned to ""player 16 @ uewFolxPCK""",2026-08-10T07:57:32.248Z,178634865224800
"""player 15 @ 4chnM3wbbk"" folds",2026-08-10T07:57:31.410Z,178634865141000
"""player 16 @ uewFolxPCK"" raises to 60",2026-08-10T07:57:29.424Z,178634864942400
"""player 15 @ 4chnM3wbbk"" bets 10",2026-08-10T07:57:27.105Z,178634864710500
"Flop:  [6♥, 3♠, 5♣]",2026-08-10T07:57:23.557Z,178634864355700
"""player 15 @ 4chnM3wbbk"" calls 30",2026-08-10T07:57:22.657Z,178634864265700
"""player 16 @ uewFolxPCK"" raises to 30",2026-08-10T07:57:20.545Z,178634864054500
"""player 15 @ 4chnM3wbbk"" posts a big blind of 10",2026-08-10T07:57:19.151Z,178634863915105
"""player 16 @ uewFolxPCK"" posts a small blind of 5",2026-08-10T07:57:19.151Z,178634863915104
"Player stacks: #1 ""player 16 @ uewFolxPCK"" (970) | #2 ""player 15 @ 4chnM3wbbk"" (1030)",2026-08-10T07:57:19.151Z,178634863915101
"-- starting hand #101 (id: 6zovw268movr)  No Limit Texas Hold'em (dealer: ""player 16 @ uewFolxPCK"") --",2026-08-10T07:57:19.151Z,178634863915100
"Undealt cards:  [3♣, J♥, K♠, 5♦, 2♣]",2026-08-10T07:57:13.355Z,178634863335500
"-- ending hand #100 --",2026-08-10T07:57:13.156Z,178634863315602
"""player 16 @ uewFolxPCK"" collected 20 from pot",2026-08-10T07:57:13.156Z,178634863315601
"Uncalled bet of 20 returned to ""player 16 @ uewFolxPCK""",2026-08-10T07:57:13.156Z,178634863315600
"""player 15 @ 4chnM3wbbk"" folds",2026-08-10T07:57:12.304Z,178634863230400
"""player 16 @ uewFolxPCK"" raises to 30",2026-08-10T07:57:10.394Z,178634863039400
"""player 15 @ 4chnM3wbbk"" calls 10",2026-08-10T07:57:08.655Z,178634862865500
"""player 16 @ uewFolxPCK"" posts a big blind of 10",2026-08-10T07:57:06.828Z,178634862682805
"""player 15 @ 4chnM3wbbk"" posts a small blind of 5",2026-08-10T07:57:06.828Z,178634862682804
"Player stacks: #1 ""player 16 @ uewFolxPCK"" (960) | #2 ""player 15 @ 4chnM3wbbk"" (1040)",2026-08-10T07:57:06.828Z,178634862682801
"-- starting hand #100 (id: sefo105kskc4)  No Limit Texas Hold'em (dealer: ""player 15 @ 4chnM3wbbk"") --",2026-08-10T07:57:06.828Z,178634862682800
"-- ending hand #99 --",2026-08-10T07:57:03.827Z,178634862382702
"""player 15 @ 4chnM3wbbk"" collected 40 from pot",2026-08-10T07:57:03.827Z,178634862382701
"Uncalled bet of 20 returned to ""player 15 @ 4chnM3wbbk""",2026-08-10T07:57:03.827Z,178634862382700
"""player 16 @ uewFolxPCK"" folds",2026-08-10T07:57:02.961Z,178634862296100
"""player 15 @ 4chnM3wbbk"" bets 20",2026-08-10T07:57:00.849Z,178634862084900
"River: 4♥, 5♣, J♥, 10♣ [8♠]",2026-08-10T07:56:57.864Z,178634861786400
"""player 15 @ 4chnM3wbbk"" calls 10",2026-08-10T07:56:57.056Z,178634861705600
"""player 16 @ uewFolxPCK"" bets 10",2026-08-10T07:56:54.475Z,178634861447500
"""player 15 @ 4chnM3wbbk"" checks",2026-08-10T07:56:52.818Z,178634861281800
"Turn: 4♥, 5♣, J♥ [10♣]",2026-08-10T07:56:51.600Z,178634861160000
"""player 16 @ uewFolxPCK"" checks",2026-08-10T07:56:50.738Z,178634861073800
"""player 15 @ 4chnM3wbbk"" checks",2026-08-10T07:56:49.786Z,178634860978600
"Flop:  [4♥, 5♣, J♥]",2026-08-10T07:56:47.634Z,178634860763400
"""player 15 @ 4chnM3wbbk"" checks",2026-08-10T07:56:46.803Z,178634860680300
"""player 16 @ uewFolxPCK"" calls 10",2026-08-10T07:56:45.061Z,178634860506100
"""player 15 @ 4chnM3wbbk"" posts a big blind of 10",2026-08-10T07:56:43.031Z,178634860303105
"""player 16 @ uewFolxPCK"" posts a small blind of 5",2026-08-10T07:56:43.031Z,178634860303104
"Player stacks: #1 ""player 16 @ uewFolxPCK"" (980) | #2 ""player 15 @ 4chnM3wbbk"" (1020)",2026-08-10T07:56:43.031Z,178634860303101
"-- starting hand #99 (id: qvdesnqo4l4c)  No Limit Texas Hold'em (dealer: ""player 16 @ uewFolxPCK"") --",2026-08-10T07:56:43.031Z,178634860303100
"-- ending hand #98 --",2026-08-10T07:56:36.994Z,178634859699402
"""player 15 @ 4chnM3wbbk"" collected 60 from pot with Three of a Kind, 7's (combination: 6♠, Q♦, 7♣, 7♦, 7♠)",2026-08-10T07:56:36.994Z,178634859699401
"""player 15 @ 4chnM3wbbk"" shows a Q♦, 7♣.",2026-08-10T07:56:36.994Z,178634859699400
"""player 16 @ uewFolxPCK"" calls 10",2026-08-10T07:56:36.086Z,178634859608600
"""player 15 @ 4chnM3wbbk"" bets 10",2026-08-10T07:56:35.008Z,178634859500800
"""player 16 @ uewFolxPCK"" checks",2026-08-10T07:56:32.136Z,178634859213600
"River: 2♥, 5♥, 7♦, 6♠ [7♠]",2026-08-10T07:56:31.385Z,178634859138500
"""player 16 @ uewFolxPCK"" calls 10",2026-08-10T07:56:30.483Z,178634859048300
"""player 15 @ 4chnM3wbbk"" bets 10",2026-08-10T07:56:29.391Z,178634858939100
"""player 16 @ uewFolxPCK"" checks",2026-08-10T07:56:27.715Z,178634858771500
"Turn: 2♥, 5♥, 7♦ [6♠]",2026-08-10T07:56:26.386Z,178634858638600
"""player 15 @ 4chnM3wbbk"" checks",2026-08-10T07:56:25.486Z,178634858548600
"""player 16 @ uewFolxPCK"" checks",2026-08-10T07:56:24.343Z,178634858434300
"Flop:  [2♥, 5♥, 7♦]",2026-08-10T07:56:22.982Z,178634858298200
"""player 16 @ uewFolxPCK"" checks",2026-08-10T07:56:22.064Z,178634858206400
"""player 15 @ 4chnM3wbbk"" calls 10",2026-08-10T07:56:21.068Z,178634858106800
"""player 16 @ uewFolxPCK"" posts a big blind of 10",2026-08-10T07:56:19.780Z,178634857978005
"""player 15 @ 4chnM3wbbk"" posts a small blind of 5",2026-08-10T07:56:19.780Z,178634857978004
"Player stacks: #1 ""player 16 @ uewFolxPCK"" (1010) | #2 ""player 15 @ 4chnM3wbbk"" (990)",2026-08-10T07:56:19.780Z,178634857978001
"-- starting hand #98 (id: 6xbbwnbboowx)  No Limit Texas Hold'em (dealer: ""player 15 @ 4chnM3wbbk"") --",2026-08-10T07:56:19.780Z,178634857978000
"Undealt cards:  [5♣, 2♦, Q♠, 2♠, 2♣]",2026-08-10T07:56:16.315Z,178634857631500
"-- ending hand #97 --",2026-08-10T07:56:13.783Z,178634857378302
"""player 15 @ 4chnM3wbbk"" collected 10 from pot",2026-08-10T07:56:13.783Z,178634857378301
"Uncalled bet of 5 returned to ""player 15 @ 4chnM3wbbk""",2026-08-10T07:56:13.783Z,178634857378300
"""player 16 @ uewFolxPCK"" folds",2026-08-10T07:56:12.967Z,178634857296700
"""player 15 @ 4chnM3wbbk"" posts a big blind of 10",2026-08-10T07:56:11.381Z,178634857138105
"""player 16 @ uewFolxPCK"" posts a small blind of 5",2026-08-10T07:56:11.381Z,178634857138104
"Player stacks: #1 ""player 16 @ uewFolxPCK"" (1015) | #2 ""player 15 @ 4chnM3wbbk"" (985)",2026-08-10T07:56:11.381Z,178634857138101
"-- starting hand #97 (id: li7vqhhiexpa)  No Limit Texas Hold'em (dealer: ""player 16 @ uewFolxPCK"") --",2026-08-10T07:56:11.381Z,178634857138100
"-- ending hand #96 --",2026-08-10T07:56:05.373Z,178634856537303
"""player 16 @ uewFolxPCK"" collected 200 from pot with Two Pair, K's & 10's (combination: A♥, 10♠, 10♦, K♦, K♣)",2026-08-10T07:56:05.373Z,178634856537302
"""player 16 @ uewFolxPCK"" shows a J♥, K♦.",2026-08-10T07:56:05.373Z,178634856537301
"""player 15 @ 4chnM3wbbk"" shows a 9♥, 2♥.",2026-08-10T07:56:05.373Z,178634856537300
"""player 16 @ uewFolxPCK"" calls 50",2026-08-10T07:56:04.500Z,178634856450000
"""player 15 @ 4chnM3wbbk"" bets 50",2026-08-10T07:55:53.243Z,178634855324300
"""player 16 @ uewFolxPCK"" checks",2026-08-10T07:55:50.577Z,178634855057700
"River: 3♠, K♣, 10♠, A♥ [10♦]",2026-08-10T07:55:42.924Z,178634854292400
"""player 16 @ uewFolxPCK"" calls 20",2026-08-10T07:55:42.108Z,178634854210800
"""player 15 @ 4chnM3wbbk"" bets 20",2026-08-10T07:55:32.305Z,178634853230500
"""player 16 @ uewFolxPCK"" checks",2026-08-10T07:55:28.515Z,178634852851500
"Turn: 3♠, K♣, 10♠ [A♥]",2026-08-10T07:55:25.872Z,178634852587200
"""player 15 @ 4chnM3wbbk"" checks",2026-08-10T07:55:25.057Z,178634852505700
"""player 16 @ uewFolxPCK"" checks",2026-08-10T07:55:21.333Z,178634852133300
"Flop:  [3♠, K♣, 10♠]",2026-08-10T07:55:19.700Z,178634851970000
"""player 16 @ uewFolxPCK"" calls 30",2026-08-10T07:55:18.890Z,178634851889000
"""player 15 @ 4chnM3wbbk"" raises to 30",2026-08-10T07:55:15.596Z,178634851559600
"""player 16 @ uewFolxPCK"" posts a big blind of 10",2026-08-10T07:55:12.855Z,178634851285505
"""player 15 @ 4chnM3wbbk"" posts a small blind of 5",2026-08-10T07:55:12.855Z,178634851285504
"Your hand is J♥, K♦",2026-08-10T07:55:12.855Z,178634851285502
"Player stacks: #1 ""player 16 @ uewFolxPCK"" (915) | #2 ""player 15 @ 4chnM3wbbk"" (1085)",2026-08-10T07:55:12.855Z,178634851285501
"-- starting hand #96 (id: nd47e1yw2tw3)  No Limit Texas Hold'em (dealer: ""player 15 @ 4chnM3wbbk"") --",2026-08-10T07:55:12.855Z,178634851285500
"Undealt cards:  [6♠, 3♥, 6♣, 3♦, 3♣]",2026-08-10T07:55:07.333Z,178634850733300
"-- ending hand #95 --",2026-08-10T07:55:06.892Z,178634850689202
"""player 16 @ uewFolxPCK"" collected 20 from pot",2026-08-10T07:55:06.892Z,178634850689201
"Uncalled bet of 20 returned to ""player 16 @ uewFolxPCK""",2026-08-10T07:55:06.892Z,178634850689200
"""player 15 @ 4chnM3wbbk"" folds",2026-08-10T07:55:06.074Z,178634850607400
"""player 16 @ uewFolxPCK"" raises to 30",2026-08-10T07:55:04.658Z,178634850465800
"""player 15 @ 4chnM3wbbk"" posts a big blind of 10",2026-08-10T07:55:03.294Z,178634850329405
"""player 16 @ uewFolxPCK"" posts a small blind of 5",2026-08-10T07:55:03.294Z,178634850329404
"Player stacks: #1 ""player 16 @ uewFolxPCK"" (905) | #2 ""player 15 @ 4chnM3wbbk"" (1095)",2026-08-10T07:55:03.294Z,178634850329401
"-- starting hand #95 (id: svqm1ppwdwx4)  No Limit Texas Hold'em (dealer: ""player 16 @ uewFolxPCK"") --",2026-08-10T07:55:03.294Z,178634850329400
"Undealt cards:  [J♥, 2♣, 8♥, Q♠, Q♣]",2026-08-10T07:54:57.592Z,178634849759200
"-- ending hand #94 --",2026-08-10T07:54:57.384Z,178634849738402
"""player 16 @ uewFolxPCK"" collected 10 from pot",2026-08-10T07:54:57.384Z,178634849738401
"Uncalled bet of 5 returned to ""player 16 @ uewFolxPCK""",2026-08-10T07:54:57.384Z,178634849738400
"""player 15 @ 4chnM3wbbk"" folds",2026-08-10T07:54:56.507Z,178634849650700
"""player 16 @ uewFolxPCK"" posts a big blind of 10",2026-08-10T07:54:54.700Z,178634849470005
"""player 15 @ 4chnM3wbbk"" posts a small blind of 5",2026-08-10T07:54:54.700Z,178634849470004
"Player stacks: #1 ""player 16 @ uewFolxPCK"" (900) | #2 ""player 15 @ 4chnM3wbbk"" (1100)",2026-08-10T07:54:54.700Z,178634849470001
"-- starting hand #94 (id: nuehs45b3css)  No Limit Texas Hold'em (dealer: ""player 15 @ 4chnM3wbbk"") --",2026-08-10T07:54:54.700Z,178634849470000
"Undealt cards:  [2♥, 10♣, 8♠, 10♠, 6♣]",2026-08-10T07:54:49.065Z,178634848906500
"-- ending hand #93 --",2026-08-10T07:54:48.780Z,178634848878002
"""player 15 @ 4chnM3wbbk"" collected 10 from pot",2026-08-10T07:54:48.780Z,178634848878001
"Uncalled bet of 5 returned to ""player 15 @ 4chnM3wbbk""",2026-08-10T07:54:48.780Z,178634848878000
"""player 16 @ uewFolxPCK"" folds",2026-08-10T07:54:47.975Z,178634848797500
"""player 15 @ 4chnM3wbbk"" posts a big blind of 10",2026-08-10T07:54:47.096Z,178634848709605
"""player 16 @ uewFolxPCK"" posts a small blind of 5",2026-08-10T07:54:47.096Z,178634848709604
"Player stacks: #1 ""player 16 @ uewFolxPCK"" (905) | #2 ""player 15 @ 4chnM3wbbk"" (1095)",2026-08-10T07:54:47.096Z,178634848709601
"-- starting hand #93 (id: yp6w6k9yf1ke)  No Limit Texas Hold'em (dealer: ""player 16 @ uewFolxPCK"") --",2026-08-10T07:54:47.096Z,178634848709600
"-- ending hand #92 --",2026-08-10T07:54:41.066Z,178634848106602
"""player 15 @ 4chnM3wbbk"" collected 480 from pot with Three of a Kind, 9's (combination: Q♥, A♠, 9♦, 9♥, 9♣)",2026-08-10T07:54:41.066Z,178634848106601
"""player 15 @ 4chnM3wbbk"" shows a 9♦, A♠.",2026-08-10T07:54:41.066Z,178634848106600
"""player 16 @ uewFolxPCK"" calls 150",2026-08-10T07:54:40.255Z,178634848025500
"""player 15 @ 4chnM3wbbk"" raises to 150",2026-08-10T07:54:26.731Z,178634846673100
"""player 16 @ uewFolxPCK"" bets 60",2026-08-10T07:54:22.777Z,178634846277700
"River: J♣, 9♥, 7♦, 9♣ [Q♥]",2026-08-10T07:54:18.766Z,178634845876600
"""player 15 @ 4chnM3wbbk"" calls 40",2026-08-10T07:54:17.904Z,178634845790400
"""player 16 @ uewFolxPCK"" bets 40",2026-08-10T07:54:16.568Z,178634845656800
"Turn: J♣, 9♥, 7♦ [9♣]",2026-08-10T07:54:14.054Z,178634845405400
"""player 15 @ 4chnM3wbbk"" calls 40",2026-08-10T07:54:13.204Z,178634845320400
"""player 16 @ uewFolxPCK"" raises to 40",2026-08-10T07:54:12.002Z,178634845200200
"""player 15 @ 4chnM3wbbk"" bets 10",2026-08-10T07:54:05.928Z,178634844592800
"""player 16 @ uewFolxPCK"" checks",2026-08-10T07:54:04.340Z,178634844434000
"Flop:  [J♣, 9♥, 7♦]",2026-08-10T07:54:02.921Z,178634844292100
"""player 16 @ uewFolxPCK"" checks",2026-08-10T07:54:02.096Z,178634844209600
"""player 15 @ 4chnM3wbbk"" calls 10",2026-08-10T07:54:00.983Z,178634844098300
"""player 16 @ uewFolxPCK"" posts a big blind of 10",2026-08-10T07:53:59.281Z,178634843928105
"""player 15 @ 4chnM3wbbk"" posts a small blind of 5",2026-08-10T07:53:59.281Z,178634843928104
"Player stacks: #1 ""player 16 @ uewFolxPCK"" (1145) | #2 ""player 15 @ 4chnM3wbbk"" (855)",2026-08-10T07:53:59.281Z,178634843928101
"-- starting hand #92 (id: pg5qv608obpt)  No Limit Texas Hold'em (dealer: ""player 15 @ 4chnM3wbbk"") --",2026-08-10T07:53:59.281Z,178634843928100
"Undealt cards:  [9♦, 4♦, 6♦, 5♦, 6♥]",2026-08-10T07:53:53.433Z,178634843343300
"-- ending hand #91 --",2026-08-10T07:53:53.280Z,178634843328002
"""player 15 @ 4chnM3wbbk"" collected 10 from pot",2026-08-10T07:53:53.280Z,178634843328001
"Uncalled bet of 5 returned to ""player 15 @ 4chnM3wbbk""",2026-08-10T07:53:53.280Z,178634843328000
"""player 16 @ uewFolxPCK"" folds",2026-08-10T07:53:52.394Z,178634843239400
"""player 15 @ 4chnM3wbbk"" posts a big blind of 10",2026-08-10T07:53:51.475Z,178634843147505
"""player 16 @ uewFolxPCK"" posts a small blind of 5",2026-08-10T07:53:51.475Z,178634843147504
"Player stacks: #1 ""player 16 @ uewFolxPCK"" (1150) | #2 ""player 15 @ 4chnM3wbbk"" (850)",2026-08-10T07:53:51.475Z,178634843147501
"-- starting hand #91 (id: 21orryjaopgz)  No Limit Texas Hold'em (dealer: ""player 16 @ uewFolxPCK"") --",2026-08-10T07:53:51.475Z,178634843147500
"Undealt cards:  [6♦, A♣, 7♣, 4♥, 8♥]",2026-08-10T07:53:45.679Z,178634842567900
"-- ending hand #90 --",2026-08-10T07:53:45.469Z,178634842546902
"""player 16 @ uewFolxPCK"" collected 20 from pot",2026-08-10T07:53:45.469Z,178634842546901
"Uncalled bet of 20 returned to ""player 16 @ uewFolxPCK""",2026-08-10T07:53:45.469Z,178634842546900
"""player 15 @ 4chnM3wbbk"" folds",2026-08-10T07:53:44.655Z,178634842465500
"""player 16 @ uewFolxPCK"" raises to 30",2026-08-10T07:53:43.544Z,178634842354400
"""player 15 @ 4chnM3wbbk"" calls 10",2026-08-10T07:53:41.874Z,178634842187400
"""player 16 @ uewFolxPCK"" posts a big blind of 10",2026-08-10T07:53:39.866Z,178634841986605
"""player 15 @ 4chnM3wbbk"" posts a small blind of 5",2026-08-10T07:53:39.866Z,178634841986604
"Player stacks: #1 ""player 16 @ uewFolxPCK"" (1140) | #2 ""player 15 @ 4chnM3wbbk"" (860)",2026-08-10T07:53:39.866Z,178634841986601
"-- starting hand #90 (id: ynyeuwuwygdp)  No Limit Texas Hold'em (dealer: ""player 15 @ 4chnM3wbbk"") --",2026-08-10T07:53:39.866Z,178634841986600
"Undealt cards:  [4♦, K♥, 8♠, K♦, 4♥]",2026-08-10T07:53:34.086Z,178634841408600
"-- ending hand #89 --",2026-08-10T07:53:33.864Z,178634841386402
"""player 16 @ uewFolxPCK"" collected 20 from pot",2026-08-10T07:53:33.864Z,178634841386401
"Uncalled bet of 20 returned to ""player 16 @ uewFolxPCK""",2026-08-10T07:53:33.864Z,178634841386400
"""player 15 @ 4chnM3wbbk"" folds",2026-08-10T07:53:32.956Z,178634841295600
"""player 16 @ uewFolxPCK"" raises to 30",2026-08-10T07:53:31.707Z,178634841170700
"""player 15 @ 4chnM3wbbk"" posts a big blind of 10",2026-08-10T07:53:30.264Z,178634841026405
"""player 16 @ uewFolxPCK"" posts a small blind of 5",2026-08-10T07:53:30.264Z,178634841026404
"Player stacks: #1 ""player 16 @ uewFolxPCK"" (1130) | #2 ""player 15 @ 4chnM3wbbk"" (870)",2026-08-10T07:53:30.264Z,178634841026401
"-- starting hand #89 (id: vz0zgmfdvczx)  No Limit Texas Hold'em (dealer: ""player 16 @ uewFolxPCK"") --",2026-08-10T07:53:30.264Z,178634841026400
"Undealt cards:  [5♣, K♠, J♥, 4♠, 3♠]",2026-08-10T07:53:24.873Z,178634840487300
"-- ending hand #88 --",2026-08-10T07:53:24.349Z,178634840434902
"""player 16 @ uewFolxPCK"" collected 10 from pot",2026-08-10T07:53:24.349Z,178634840434901
"Uncalled bet of 5 returned to ""player 16 @ uewFolxPCK""",2026-08-10T07:53:24.349Z,178634840434900
"""player 15 @ 4chnM3wbbk"" folds",2026-08-10T07:53:23.495Z,178634840349500
"""player 16 @ uewFolxPCK"" posts a big blind of 10",2026-08-10T07:53:22.055Z,178634840205505
"""player 15 @ 4chnM3wbbk"" posts a small blind of 5",2026-08-10T07:53:22.055Z,178634840205504
"Player stacks: #1 ""player 16 @ uewFolxPCK"" (1125) | #2 ""player 15 @ 4chnM3wbbk"" (875)",2026-08-10T07:53:22.055Z,178634840205501
"-- starting hand #88 (id: 6i93986bqf1c)  No Limit Texas Hold'em (dealer: ""player 15 @ 4chnM3wbbk"") --",2026-08-10T07:53:22.055Z,178634840205500
"Undealt cards:  [2♥, A♣, A♠, Q♦, 10♥]",2026-08-10T07:53:16.447Z,178634839644700
"-- ending hand #87 --",2026-08-10T07:53:16.148Z,178634839614802
"""player 15 @ 4chnM3wbbk"" collected 10 from pot",2026-08-10T07:53:16.148Z,178634839614801
"Uncalled bet of 5 returned to ""player 15 @ 4chnM3wbbk""",2026-08-10T07:53:16.148Z,178634839614800
"""player 16 @ uewFolxPCK"" folds",2026-08-10T07:53:15.295Z,178634839529500
"""player 15 @ 4chnM3wbbk"" posts a big blind of 10",2026-08-10T07:53:14.454Z,178634839445405
"""player 16 @ uewFolxPCK"" posts a small blind of 5",2026-08-10T07:53:14.454Z,178634839445404
"Player stacks: #1 ""player 16 @ uewFolxPCK"" (1130) | #2 ""player 15 @ 4chnM3wbbk"" (870)",2026-08-10T07:53:14.454Z,178634839445401
"-- starting hand #87 (id: bwnw4hlf4gk0)  No Limit Texas Hold'em (dealer: ""player 16 @ uewFolxPCK"") --",2026-08-10T07:53:14.454Z,178634839445400
"-- ending hand #86 --",2026-08-10T07:53:08.421Z,178634838842102
"""player 16 @ uewFolxPCK"" collected 40 from pot with Two Pair, A's & 6's (combination: K♣, 6♣, 6♦, A♦, A♠)",2026-08-10T07:53:08.421Z,178634838842101
"""player 16 @ uewFolxPCK"" shows a 6♣, 3♦.",2026-08-10T07:53:08.421Z,178634838842100
"""player 15 @ 4chnM3wbbk"" calls 10",2026-08-10T07:53:07.606Z,178634838760600
"""player 16 @ uewFolxPCK"" bets 10",2026-08-10T07:53:06.414Z,178634838641400
"River: K♣, 6♦, 5♣, A♦ [A♠]",2026-08-10T07:53:03.919Z,178634838391900
"""player 15 @ 4chnM3wbbk"" checks",2026-08-10T07:53:03.088Z,178634838308800
"""player 16 @ uewFolxPCK"" checks",2026-08-10T07:53:01.936Z,178634838193600
"Turn: K♣, 6♦, 5♣ [A♦]",2026-08-10T07:53:00.148Z,178634838014800
"""player 15 @ 4chnM3wbbk"" checks",2026-08-10T07:52:59.274Z,178634837927400
"""player 16 @ uewFolxPCK"" checks",2026-08-10T07:52:57.776Z,178634837777600
"Flop:  [K♣, 6♦, 5♣]",2026-08-10T07:52:56.169Z,178634837616900
"""player 16 @ uewFolxPCK"" checks",2026-08-10T07:52:55.348Z,178634837534800
"""player 15 @ 4chnM3wbbk"" calls 10",2026-08-10T07:52:54.456Z,178634837445600
"""player 16 @ uewFolxPCK"" posts a big blind of 10",2026-08-10T07:52:52.971Z,178634837297105
"""player 15 @ 4chnM3wbbk"" posts a small blind of 5",2026-08-10T07:52:52.971Z,178634837297104
"Your hand is 6♣, 3♦",2026-08-10T07:52:52.971Z,178634837297102
"Player stacks: #1 ""player 16 @ uewFolxPCK"" (1110) | #2 ""player 15 @ 4chnM3wbbk"" (890)",2026-08-10T07:52:52.971Z,178634837297101
"-- starting hand #86 (id: tcpngul96k0c)  No Limit Texas Hold'em (dealer: ""player 15 @ 4chnM3wbbk"") --",2026-08-10T07:52:52.971Z,178634837297100
"Undealt cards:  [K♦, Q♠, 3♥, K♠, 10♦]",2026-08-10T07:52:47.255Z,178634836725500
"-- ending hand #85 --",2026-08-10T07:52:47.067Z,178634836706702
"""player 16 @ uewFolxPCK"" collected 20 from pot",2026-08-10T07:52:47.067Z,178634836706701
"Uncalled bet of 20 returned to ""player 16 @ uewFolxPCK""",2026-08-10T07:52:47.067Z,178634836706700
"""player 15 @ 4chnM3wbbk"" folds",2026-08-10T07:52:46.210Z,178634836621000
"""player 16 @ uewFolxPCK"" raises to 30",2026-08-10T07:52:44.863Z,178634836486300
"""player 15 @ 4chnM3wbbk"" posts a big blind of 10",2026-08-10T07:52:43.367Z,178634836336705
"""player 16 @ uewFolxPCK"" posts a small blind of 5",2026-08-10T07:52:43.367Z,178634836336704
"Player stacks: #1 ""player 16 @ uewFolxPCK"" (1100) | #2 ""player 15 @ 4chnM3wbbk"" (900)",2026-08-10T07:52:43.367Z,178634836336701
"-- starting hand #85 (id: rilnajasnbgb)  No Limit Texas Hold'em (dealer: ""player 16 @ uewFolxPCK"") --",2026-08-10T07:52:43.367Z,178634836336700
"-- ending hand #84 --",2026-08-10T07:52:37.363Z,178634835736303
"""player 16 @ uewFolxPCK"" collected 80 from pot with Pair, Q's (combination: 7♠, 8♦, 9♠, Q♣, Q♠)",2026-08-10T07:52:37.363Z,178634835736302
"""player 16 @ uewFolxPCK"" shows a 3♦, Q♣.",2026-08-10T07:52:37.363Z,178634835736301
"""player 15 @ 4chnM3wbbk"" shows a 6♦, 9♥.",2026-08-10T07:52:37.363Z,178634835736300
"""player 16 @ uewFolxPCK"" calls 20",2026-08-10T07:52:36.558Z,178634835655800
"""player 15 @ 4chnM3wbbk"" bets 20",2026-08-10T07:52:35.572Z,178634835557200
"""player 16 @ uewFolxPCK"" checks",2026-08-10T07:52:32.769Z,178634835276900
"River: 8♦, 9♠, 4♦, Q♠ [7♠]",2026-08-10T07:52:31.281Z,178634835128100
"""player 16 @ uewFolxPCK"" calls 10",2026-08-10T07:52:30.479Z,178634835047900
"""player 15 @ 4chnM3wbbk"" bets 10",2026-08-10T07:52:26.192Z,178634834619200
"""player 16 @ uewFolxPCK"" checks",2026-08-10T07:52:24.333Z,178634834433300
"Turn: 8♦, 9♠, 4♦ [Q♠]",2026-08-10T07:52:23.274Z,178634834327400
"""player 15 @ 4chnM3wbbk"" checks",2026-08-10T07:52:22.421Z,178634834242100
"""player 16 @ uewFolxPCK"" checks",2026-08-10T07:52:21.247Z,178634834124700
"Flop:  [8♦, 9♠, 4♦]",2026-08-10T07:52:18.408Z,178634833840800
"""player 16 @ uewFolxPCK"" checks",2026-08-10T07:52:17.605Z,178634833760500
"""player 15 @ 4chnM3wbbk"" calls 10",2026-08-10T07:52:16.695Z,178634833669500
"""player 16 @ uewFolxPCK"" posts a big blind of 10",2026-08-10T07:52:15.326Z,178634833532605
"""player 15 @ 4chnM3wbbk"" posts a small blind of 5",2026-08-10T07:52:15.326Z,178634833532604
"Your hand is 3♦, Q♣",2026-08-10T07:52:15.326Z,178634833532602
"Player stacks: #1 ""player 16 @ uewFolxPCK"" (1060) | #2 ""player 15 @ 4chnM3wbbk"" (940)",2026-08-10T07:52:15.326Z,178634833532601
"-- starting hand #84 (id: qmcnlm9rb29x)  No Limit Texas Hold'em (dealer: ""player 15 @ 4chnM3wbbk"") --",2026-08-10T07:52:15.326Z,178634833532600
"Undealt cards:  [J♠, J♥, Q♥, K♥, 4♦]",2026-08-10T07:52:09.685Z,178634832968500
"-- ending hand #83 --",2026-08-10T07:52:09.406Z,178634832940602
"""player 16 @ uewFolxPCK"" collected 20 from pot",2026-08-10T07:52:09.406Z,178634832940601
"Uncalled bet of 20 returned to ""player 16 @ uewFolxPCK""",2026-08-10T07:52:09.406Z,178634832940600
"""player 15 @ 4chnM3wbbk"" folds",2026-08-10T07:52:08.579Z,178634832857900
"""player 16 @ uewFolxPCK"" raises to 30",2026-08-10T07:52:07.238Z,178634832723800
"""player 15 @ 4chnM3wbbk"" posts a big blind of 10",2026-08-10T07:52:05.116Z,178634832511605
"""player 16 @ uewFolxPCK"" posts a small blind of 5",2026-08-10T07:52:05.116Z,178634832511604
"Player stacks: #1 ""player 16 @ uewFolxPCK"" (1050) | #2 ""player 15 @ 4chnM3wbbk"" (950)",2026-08-10T07:52:05.116Z,178634832511601
"-- starting hand #83 (id: pxyjyaqiijdz)  No Limit Texas Hold'em (dealer: ""player 16 @ uewFolxPCK"") --",2026-08-10T07:52:05.116Z,178634832511600
"Undealt cards: 9♠, 3♠, 6♣ [2♠, 6♦]",2026-08-10T07:51:59.574Z,178634831957400
"-- ending hand #82 --",2026-08-10T07:51:59.187Z,178634831918702
"""player 16 @ uewFolxPCK"" collected 60 from pot",2026-08-10T07:51:59.187Z,178634831918701
"Uncalled bet of 20 returned to ""player 16 @ uewFolxPCK""",2026-08-10T07:51:59.187Z,178634831918700
"""player 15 @ 4chnM3wbbk"" folds",2026-08-10T07:51:58.293Z,178634831829300
"""player 16 @ uewFolxPCK"" bets 20",2026-08-10T07:51:53.440Z,178634831344000
"Flop:  [9♠, 3♠, 6♣]",2026-08-10T07:51:51.277Z,178634831127700
"""player 15 @ 4chnM3wbbk"" calls 30",2026-08-10T07:51:50.464Z,178634831046400
"""player 16 @ uewFolxPCK"" raises to 30",2026-08-10T07:51:49.525Z,178634830952500
"""player 15 @ 4chnM3wbbk"" calls 10",2026-08-10T07:51:47.625Z,178634830762500
"""player 16 @ uewFolxPCK"" posts a big blind of 10",2026-08-10T07:51:46.180Z,178634830618005
"""player 15 @ 4chnM3wbbk"" posts a small blind of 5",2026-08-10T07:51:46.180Z,178634830618004
"Player stacks: #1 ""player 16 @ uewFolxPCK"" (1020) | #2 ""player 15 @ 4chnM3wbbk"" (980)",2026-08-10T07:51:46.180Z,178634830618001
"-- starting hand #82 (id: b77bz3jmz6no)  No Limit Texas Hold'em (dealer: ""player 15 @ 4chnM3wbbk"") --",2026-08-10T07:51:46.180Z,178634830618000
"Undealt cards: 6♦, 2♠, K♥ [8♠, 6♥]",2026-08-10T07:51:40.878Z,178634830087800
"-- ending hand #81 --",2026-08-10T07:51:40.177Z,178634830017702
"""player 16 @ uewFolxPCK"" collected 20 from pot",2026-08-10T07:51:40.177Z,178634830017701
"Uncalled bet of 10 returned to ""player 16 @ uewFolxPCK""",2026-08-10T07:51:40.177Z,178634830017700
"""player 15 @ 4chnM3wbbk"" folds",2026-08-10T07:51:39.343Z,178634829934300
"""player 16 @ uewFolxPCK"" bets 10",2026-08-10T07:51:38.038Z,178634829803800
"""player 15 @ 4chnM3wbbk"" checks",2026-08-10T07:51:36.742Z,178634829674200
"Flop:  [6♦, 2♠, K♥]",2026-08-10T07:51:34.972Z,178634829497200
"""player 15 @ 4chnM3wbbk"" checks",2026-08-10T07:51:34.089Z,178634829408900
"""player 16 @ uewFolxPCK"" calls 10",2026-08-10T07:51:32.877Z,178634829287700
"""player 15 @ 4chnM3wbbk"" posts a big blind of 10",2026-08-10T07:51:31.975Z,178634829197505
"""player 16 @ uewFolxPCK"" posts a small blind of 5",2026-08-10T07:51:31.975Z,178634829197504
"Player stacks: #1 ""player 16 @ uewFolxPCK"" (1010) | #2 ""player 15 @ 4chnM3wbbk"" (990)",2026-08-10T07:51:31.975Z,178634829197501
"-- starting hand #81 (id: qm3jrat0fckq)  No Limit Texas Hold'em (dealer: ""player 16 @ uewFolxPCK"") --",2026-08-10T07:51:31.975Z,178634829197500
"Undealt cards:  [5♥, 9♣, 8♦, 2♠, 9♥]",2026-08-10T07:51:26.325Z,178634828632500
"-- ending hand #80 --",2026-08-10T07:51:25.996Z,178634828599602
"""player 16 @ uewFolxPCK"" collected 10 from pot",2026-08-10T07:51:25.996Z,178634828599601
"Uncalled bet of 5 returned to ""player 16 @ uewFolxPCK""",2026-08-10T07:51:25.996Z,178634828599600
"""player 15 @ 4chnM3wbbk"" folds",2026-08-10T07:51:25.181Z,178634828518100
"""player 16 @ uewFolxPCK"" posts a big blind of 10",2026-08-10T07:51:23.256Z,178634828325605
"""player 15 @ 4chnM3wbbk"" posts a small blind of 5",2026-08-10T07:51:23.256Z,178634828325604
"Player stacks: #1 ""player 16 @ uewFolxPCK"" (1005) | #2 ""player 15 @ 4chnM3wbbk"" (995)",2026-08-10T07:51:23.256Z,178634828325601
"-- starting hand #80 (id: r7krv8svadwp)  No Limit Texas Hold'em (dealer: ""player 15 @ 4chnM3wbbk"") --",2026-08-10T07:51:23.256Z,178634828325600
"Undealt cards:  [3♦, 5♥, 2♠, 5♠, 2♥]",2026-08-10T07:51:17.617Z,178634827761700
"-- ending hand #79 --",2026-08-10T07:51:17.350Z,178634827735002
"""player 16 @ uewFolxPCK"" collected 20 from pot",2026-08-10T07:51:17.350Z,178634827735001
"Uncalled bet of 20 returned to ""player 16 @ uewFolxPCK""",2026-08-10T07:51:17.350Z,178634827735000
"""player 15 @ 4chnM3wbbk"" folds",2026-08-10T07:51:16.456Z,178634827645600
"""player 16 @ uewFolxPCK"" raises to 30",2026-08-10T07:51:14.556Z,178634827455600
"""player 15 @ 4chnM3wbbk"" posts a big blind of 10",2026-08-10T07:51:12.853Z,178634827285305
"""player 16 @ uewFolxPCK"" posts a small blind of 5",2026-08-10T07:51:12.853Z,178634827285304
"Player stacks: #1 ""player 16 @ uewFolxPCK"" (995) | #2 ""player 15 @ 4chnM3wbbk"" (1005)",2026-08-10T07:51:12.853Z,178634827285301
"-- starting hand #79 (id: 1ewsl9idcegx)  No Limit Texas Hold'em (dealer: ""player 16 @ uewFolxPCK"") --",2026-08-10T07:51:12.853Z,178634827285300
"-- ending hand #78 --",2026-08-10T07:51:09.948Z,178634826994802
"""player 15 @ 4chnM3wbbk"" collected 80 from pot",2026-08-10T07:51:09.948Z,178634826994801
"Uncalled bet of 90 returned to ""player 15 @ 4chnM3wbbk""",2026-08-10T07:51:09.948Z,178634826994800
"""player 16 @ uewFolxPCK"" folds",2026-08-10T07:51:09.078Z,178634826907800
"""player 15 @ 4chnM3wbbk"" raises to 120",2026-08-10T07:51:07.885Z,178634826788500
"""player 16 @ uewFolxPCK"" bets 30",2026-08-10T07:51:05.005Z,178634826500500
"River: 6♠, 6♣, A♠, A♥ [K♠]",2026-08-10T07:51:02.464Z,178634826246400
"""player 15 @ 4chnM3wbbk"" checks",2026-08-10T07:51:01.573Z,178634826157300
"""player 16 @ uewFolxPCK"" checks",2026-08-10T07:50:51.507Z,178634825150700
"Turn: 6♠, 6♣, A♠ [A♥]",2026-08-10T07:50:49.816Z,178634824981600
"""player 15 @ 4chnM3wbbk"" checks",2026-08-10T07:50:48.961Z,178634824896100
"""player 16 @ uewFolxPCK"" checks",2026-08-10T07:50:46.178Z,178634824617800
"Flop:  [6♠, 6♣, A♠]",2026-08-10T07:50:44.809Z,178634824480900
"""player 16 @ uewFolxPCK"" checks",2026-08-10T07:50:43.987Z,178634824398700
"""player 15 @ 4chnM3wbbk"" calls 10",2026-08-10T07:50:24.260Z,178634822426000
"""player 16 @ uewFolxPCK"" posts a big blind of 10",2026-08-10T07:50:22.601Z,178634822260105
"""player 15 @ 4chnM3wbbk"" posts a small blind of 5",2026-08-10T07:50:22.601Z,178634822260104
"Player stacks: #1 ""player 16 @ uewFolxPCK"" (1035) | #2 ""player 15 @ 4chnM3wbbk"" (965)",2026-08-10T07:50:22.601Z,178634822260101
"-- starting hand #78 (id: lbzbmlddhhyh)  No Limit Texas Hold'em (dealer: ""player 15 @ 4chnM3wbbk"") --",2026-08-10T07:50:22.601Z,178634822260100
"-- ending hand #77 --",2026-08-10T07:50:16.589Z,178634821658902
"""player 15 @ 4chnM3wbbk"" collected 240 from pot with Three of a Kind, Q's (combination: 6♣, 10♠, Q♥, Q♦, Q♠)",2026-08-10T07:50:16.589Z,178634821658901
"""player 15 @ 4chnM3wbbk"" shows a 10♠, Q♥.",2026-08-10T07:50:16.589Z,178634821658900
"""player 16 @ uewFolxPCK"" checks",2026-08-10T07:50:15.765Z,178634821576500
"""player 15 @ 4chnM3wbbk"" checks",2026-08-10T07:50:14.761Z,178634821476100
"River: 6♣, Q♦, 2♥, 5♦ [Q♠]",2026-08-10T07:50:11.584Z,178634821158400
"""player 15 @ 4chnM3wbbk"" calls 70",2026-08-10T07:50:10.665Z,178634821066500
"""player 16 @ uewFolxPCK"" bets 70",2026-08-10T07:50:09.060Z,178634820906000
"""player 15 @ 4chnM3wbbk"" checks",2026-08-10T07:50:05.795Z,178634820579500
"Turn: 6♣, Q♦, 2♥ [5♦]",2026-08-10T07:50:04.236Z,178634820423600
"""player 15 @ 4chnM3wbbk"" calls 20",2026-08-10T07:50:03.423Z,178634820342300
"""player 16 @ uewFolxPCK"" bets 20",2026-08-10T07:50:01.779Z,178634820177900
"""player 15 @ 4chnM3wbbk"" checks",2026-08-10T07:49:58.495Z,178634819849500
"Flop:  [6♣, Q♦, 2♥]",2026-08-10T07:49:56.488Z,178634819648800
"""player 15 @ 4chnM3wbbk"" calls 30",2026-08-10T07:49:55.561Z,178634819556100
"""player 16 @ uewFolxPCK"" raises to 30",2026-08-10T07:49:53.888Z,178634819388800
"""player 15 @ 4chnM3wbbk"" posts a big blind of 10",2026-08-10T07:49:52.291Z,178634819229105
"""player 16 @ uewFolxPCK"" posts a small blind of 5",2026-08-10T07:49:52.291Z,178634819229104
"Player stacks: #1 ""player 16 @ uewFolxPCK"" (1155) | #2 ""player 15 @ 4chnM3wbbk"" (845)",2026-08-10T07:49:52.291Z,178634819229101
"-- starting hand #77 (id: zdkenout0abe)  No Limit Texas Hold'em (dealer: ""player 16 @ uewFolxPCK"") --",2026-08-10T07:49:52.291Z,178634819229100
"-- ending hand #76 --",2026-08-10T07:49:46.282Z,178634818628202
"""player 16 @ uewFolxPCK"" collected 100 from pot with Three of a Kind, 5's (combination: J♠, K♦, 5♣, 5♠, 5♥)",2026-08-10T07:49:46.282Z,178634818628201
"""player 16 @ uewFolxPCK"" shows a 5♣, J♠.",2026-08-10T07:49:46.282Z,178634818628200
"""player 15 @ 4chnM3wbbk"" calls 40",2026-08-10T07:49:45.357Z,178634818535700
"""player 16 @ uewFolxPCK"" bets 40",2026-08-10T07:49:44.306Z,178634818430600
"River: 10♠, K♦, 8♥, 5♠ [5♥]",2026-08-10T07:49:40.478Z,178634818047800
"""player 15 @ 4chnM3wbbk"" checks",2026-08-10T07:49:39.643Z,178634817964300
"""player 16 @ uewFolxPCK"" checks",2026-08-10T07:49:38.592Z,178634817859200
"Turn: 10♠, K♦, 8♥ [5♠]",2026-08-10T07:49:37.470Z,178634817747000
"""player 15 @ 4chnM3wbbk"" checks",2026-08-10T07:49:36.577Z,178634817657700
"""player 16 @ uewFolxPCK"" checks",2026-08-10T07:49:35.464Z,178634817546400
"Flop:  [10♠, K♦, 8♥]",2026-08-10T07:49:33.748Z,178634817374800
"""player 16 @ uewFolxPCK"" checks",2026-08-10T07:49:32.932Z,178634817293200
"""player 15 @ 4chnM3wbbk"" calls 10",2026-08-10T07:49:31.960Z,178634817196000
"""player 16 @ uewFolxPCK"" posts a big blind of 10",2026-08-10T07:49:29.849Z,178634816984905
"""player 15 @ 4chnM3wbbk"" posts a small blind of 5",2026-08-10T07:49:29.849Z,178634816984904
"Your hand is 5♣, J♠",2026-08-10T07:49:29.849Z,178634816984902
"Player stacks: #1 ""player 16 @ uewFolxPCK"" (1105) | #2 ""player 15 @ 4chnM3wbbk"" (895)",2026-08-10T07:49:29.849Z,178634816984901
"-- starting hand #76 (id: 7046izzkooxj)  No Limit Texas Hold'em (dealer: ""player 15 @ 4chnM3wbbk"") --",2026-08-10T07:49:29.849Z,178634816984900
"Undealt cards:  [5♠, 5♦, J♠, 4♣, 10♠]",2026-08-10T07:49:24.245Z,178634816424500
"-- ending hand #75 --",2026-08-10T07:49:23.917Z,178634816391702
"""player 15 @ 4chnM3wbbk"" collected 10 from pot",2026-08-10T07:49:23.917Z,178634816391701
"Uncalled bet of 5 returned to ""player 15 @ 4chnM3wbbk""",2026-08-10T07:49:23.917Z,178634816391700
"""player 16 @ uewFolxPCK"" folds",2026-08-10T07:49:23.100Z,178634816310000
"""player 15 @ 4chnM3wbbk"" posts a big blind of 10",2026-08-10T07:49:22.245Z,178634816224505
"""player 16 @ uewFolxPCK"" posts a small blind of 5",2026-08-10T07:49:22.245Z,178634816224504
"Player stacks: #1 ""player 16 @ uewFolxPCK"" (1110) | #2 ""player 15 @ 4chnM3wbbk"" (890)",2026-08-10T07:49:22.245Z,178634816224501
"-- starting hand #75 (id: duvmprprxoio)  No Limit Texas Hold'em (dealer: ""player 16 @ uewFolxPCK"") --",2026-08-10T07:49:22.245Z,178634816224500
"Undealt cards:  [A♣, A♦, A♠, 3♣, 2♥]",2026-08-10T07:49:16.487Z,178634815648700
"-- ending hand #74 --",2026-08-10T07:49:16.254Z,178634815625402
"""player 16 @ uewFolxPCK"" collected 20 from pot",2026-08-10T07:49:16.254Z,178634815625401
"Uncalled bet of 20 returned to ""player 16 @ uewFolxPCK""",2026-08-10T07:49:16.254Z,178634815625400
"""player 15 @ 4chnM3wbbk"" folds",2026-08-10T07:49:15.441Z,178634815544100
"""player 16 @ uewFolxPCK"" raises to 30",2026-08-10T07:49:13.038Z,178634815303800
"""player 15 @ 4chnM3wbbk"" calls 10",2026-08-10T07:49:11.345Z,178634815134500
"""player 16 @ uewFolxPCK"" posts a big blind of 10",2026-08-10T07:49:09.629Z,178634814962905
"""player 15 @ 4chnM3wbbk"" posts a small blind of 5",2026-08-10T07:49:09.629Z,178634814962904
"Player stacks: #1 ""player 16 @ uewFolxPCK"" (1100) | #2 ""player 15 @ 4chnM3wbbk"" (900)",2026-08-10T07:49:09.629Z,178634814962901
"-- starting hand #74 (id: scfat48n6ung)  No Limit Texas Hold'em (dealer: ""player 15 @ 4chnM3wbbk"") --",2026-08-10T07:49:09.629Z,178634814962900
"Undealt cards:  [2♣, 7♠, K♣, K♠, 2♥]",2026-08-10T07:49:03.912Z,178634814391200
"-- ending hand #73 --",2026-08-10T07:49:03.700Z,178634814370002
"""player 15 @ 4chnM3wbbk"" collected 10 from pot",2026-08-10T07:49:03.700Z,178634814370001
"Uncalled bet of 5 returned to ""player 15 @ 4chnM3wbbk""",2026-08-10T07:49:03.700Z,178634814370000
"""player 16 @ uewFolxPCK"" folds",2026-08-10T07:49:02.852Z,178634814285200
"""player 15 @ 4chnM3wbbk"" posts a big blind of 10",2026-08-10T07:49:01.784Z,178634814178405
"""player 16 @ uewFolxPCK"" posts a small blind of 5",2026-08-10T07:49:01.784Z,178634814178404
"Player stacks: #1 ""player 16 @ uewFolxPCK"" (1105) | #2 ""player 15 @ 4chnM3wbbk"" (895)",2026-08-10T07:49:01.784Z,178634814178401
"-- starting hand #73 (id: y3epve3jf38t)  No Limit Texas Hold'em (dealer: ""player 16 @ uewFolxPCK"") --",2026-08-10T07:49:01.784Z,178634814178400
"-- ending hand #72 --",2026-08-10T07:48:58.816Z,178634813881602
"""player 15 @ 4chnM3wbbk"" collected 20 from pot",2026-08-10T07:48:58.816Z,178634813881601
"Uncalled bet of 15 returned to ""player 15 @ 4chnM3wbbk""",2026-08-10T07:48:58.816Z,178634813881600
"""player 16 @ uewFolxPCK"" folds",2026-08-10T07:48:57.991Z,178634813799100
"""player 15 @ 4chnM3wbbk"" bets 15",2026-08-10T07:48:53.472Z,178634813347200
"""player 16 @ uewFolxPCK"" checks",2026-08-10T07:48:49.840Z,178634812984000
"River: 3♥, K♠, 4♥, Q♣ [Q♦]",2026-08-10T07:48:46.966Z,178634812696600
"""player 15 @ 4chnM3wbbk"" checks",2026-08-10T07:48:46.075Z,178634812607500
"""player 16 @ uewFolxPCK"" checks",2026-08-10T07:48:44.208Z,178634812420800
"Turn: 3♥, K♠, 4♥ [Q♣]",2026-08-10T07:48:43.162Z,178634812316200
"""player 15 @ 4chnM3wbbk"" checks",2026-08-10T07:48:42.312Z,178634812231200
"""player 16 @ uewFolxPCK"" checks",2026-08-10T07:48:40.603Z,178634812060300
"Flop:  [3♥, K♠, 4♥]",2026-08-10T07:48:38.857Z,178634811885700
"""player 16 @ uewFolxPCK"" checks",2026-08-10T07:48:38.043Z,178634811804300
"""player 15 @ 4chnM3wbbk"" calls 10",2026-08-10T07:48:37.112Z,178634811711200
"""player 16 @ uewFolxPCK"" posts a big blind of 10",2026-08-10T07:48:34.959Z,178634811495905
"""player 15 @ 4chnM3wbbk"" posts a small blind of 5",2026-08-10T07:48:34.959Z,178634811495904
"Player stacks: #1 ""player 16 @ uewFolxPCK"" (1115) | #2 ""player 15 @ 4chnM3wbbk"" (885)",2026-08-10T07:48:34.959Z,178634811495901
"-- starting hand #72 (id: jbspzzjxjwfl)  No Limit Texas Hold'em (dealer: ""player 15 @ 4chnM3wbbk"") --",2026-08-10T07:48:34.959Z,178634811495900
"Undealt cards:  [J♥, 5♦, A♥, Q♦, 8♥]",2026-08-10T07:48:31.782Z,178634811178200
"-- ending hand #71 --",2026-08-10T07:48:29.052Z,178634810905202
"""player 15 @ 4chnM3wbbk"" collected 10 from pot",2026-08-10T07:48:29.052Z,178634810905201
"Uncalled bet of 5 returned to ""player 15 @ 4chnM3wbbk""",2026-08-10T07:48:29.052Z,178634810905200
"""player 16 @ uewFolxPCK"" folds",2026-08-10T07:48:28.196Z,178634810819600
"""player 15 @ 4chnM3wbbk"" posts a big blind of 10",2026-08-10T07:48:27.154Z,178634810715405
"""player 16 @ uewFolxPCK"" posts a small blind of 5",2026-08-10T07:48:27.154Z,178634810715404
"Player stacks: #1 ""player 16 @ uewFolxPCK"" (1120) | #2 ""player 15 @ 4chnM3wbbk"" (880)",2026-08-10T07:48:27.154Z,178634810715401
"-- starting hand #71 (id: lrvubltwexvz)  No Limit Texas Hold'em (dealer: ""player 16 @ uewFolxPCK"") --",2026-08-10T07:48:27.154Z,178634810715400
"Undealt cards: 5♠, 3♣, 4♣, A♣ [2♣]",2026-08-10T07:48:21.330Z,178634810133000
"-- ending hand #70 --",2026-08-10T07:48:21.150Z,178634810115002
"""player 16 @ uewFolxPCK"" collected 60 from pot",2026-08-10T07:48:21.150Z,178634810115001
"Uncalled bet of 30 returned to ""player 16 @ uewFolxPCK""",2026-08-10T07:48:21.150Z,178634810115000
"""player 15 @ 4chnM3wbbk"" folds",2026-08-10T07:48:20.329Z,178634810032900
"""player 16 @ uewFolxPCK"" bets 30",2026-08-10T07:48:17.529Z,178634809752900
"Turn: 5♠, 3♣, 4♣ [A♣]",2026-08-10T07:48:13.355Z,178634809335500
"""player 15 @ 4chnM3wbbk"" calls 20",2026-08-10T07:48:12.512Z,178634809251200
"""player 16 @ uewFolxPCK"" bets 20",2026-08-10T07:48:08.715Z,178634808871500
"Flop:  [5♠, 3♣, 4♣]",2026-08-10T07:48:05.409Z,178634808540900
"""player 16 @ uewFolxPCK"" checks",2026-08-10T07:48:04.584Z,178634808458400
"""player 15 @ 4chnM3wbbk"" calls 10",2026-08-10T07:48:02.779Z,178634808277900
"""player 16 @ uewFolxPCK"" posts a big blind of 10",2026-08-10T07:47:57.417Z,178634807741705
"""player 15 @ 4chnM3wbbk"" posts a small blind of 5",2026-08-10T07:47:57.417Z,178634807741704
"Player stacks: #1 ""player 16 @ uewFolxPCK"" (1090) | #2 ""player 15 @ 4chnM3wbbk"" (910)",2026-08-10T07:47:57.417Z,178634807741701
"-- starting hand #70 (id: o61ieiid3ak5)  No Limit Texas Hold'em (dealer: ""player 15 @ 4chnM3wbbk"") --",2026-08-10T07:47:57.417Z,178634807741700
"Undealt cards: A♠, K♥, 2♣ [4♦, 3♠]",2026-08-10T07:47:51.716Z,178634807171600
"-- ending hand #69 --",2026-08-10T07:47:51.493Z,178634807149302
"""player 16 @ uewFolxPCK"" collected 60 from pot",2026-08-10T07:47:51.493Z,178634807149301
"Uncalled bet of 20 returned to ""player 16 @ uewFolxPCK""",2026-08-10T07:47:51.493Z,178634807149300
"""player 15 @ 4chnM3wbbk"" folds",2026-08-10T07:47:50.658Z,178634807065800
"""player 16 @ uewFolxPCK"" bets 20",2026-08-10T07:47:49.548Z,178634806954800
"""player 15 @ 4chnM3wbbk"" checks",2026-08-10T07:47:46.045Z,178634806604500
"Flop:  [A♠, K♥, 2♣]",2026-08-10T07:47:44.175Z,178634806417500
"""player 15 @ 4chnM3wbbk"" calls 30",2026-08-10T07:47:43.328Z,178634806332800
"""player 16 @ uewFolxPCK"" raises to 30",2026-08-10T07:47:41.807Z,178634806180700
"""player 15 @ 4chnM3wbbk"" posts a big blind of 10",2026-08-10T07:47:40.366Z,178634806036605
"""player 16 @ uewFolxPCK"" posts a small blind of 5",2026-08-10T07:47:40.366Z,178634806036604
"Player stacks: #1 ""player 16 @ uewFolxPCK"" (1060) | #2 ""player 15 @ 4chnM3wbbk"" (940)",2026-08-10T07:47:40.366Z,178634806036601
"-- starting hand #69 (id: jpynfn80mrvb)  No Limit Texas Hold'em (dealer: ""player 16 @ uewFolxPCK"") --",2026-08-10T07:47:40.366Z,178634806036600
"Undealt cards: 5♥, J♠, 7♣, 4♠ [4♥]",2026-08-10T07:47:34.760Z,178634805476000
"-- ending hand #68 --",2026-08-10T07:47:34.409Z,178634805440902
"""player 16 @ uewFolxPCK"" collected 20 from pot",2026-08-10T07:47:34.409Z,178634805440901
"Uncalled bet of 20 returned to ""player 16 @ uewFolxPCK""",2026-08-10T07:47:34.409Z,178634805440900
"""player 15 @ 4chnM3wbbk"" folds",2026-08-10T07:47:33.596Z,178634805359600
"""player 16 @ uewFolxPCK"" bets 20",2026-08-10T07:47:28.776Z,178634804877600
"Turn: 5♥, J♠, 7♣ [4♠]",2026-08-10T07:47:26.476Z,178634804647600
"""player 15 @ 4chnM3wbbk"" checks",2026-08-10T07:47:25.629Z,178634804562900
"""player 16 @ uewFolxPCK"" checks",2026-08-10T07:47:24.058Z,178634804405800
"Flop:  [5♥, J♠, 7♣]",2026-08-10T07:47:21.999Z,178634804199900
"""player 16 @ uewFolxPCK"" checks",2026-08-10T07:47:21.157Z,178634804115700
"""player 15 @ 4chnM3wbbk"" calls 10",2026-08-10T07:47:20.046Z,178634804004600
"""player 16 @ uewFolxPCK"" posts a big blind of 10",2026-08-10T07:47:15.955Z,178634803595505
"""player 15 @ 4chnM3wbbk"" posts a small blind of 5",2026-08-10T07:47:15.955Z,178634803595504
"Player stacks: #1 ""player 16 @ uewFolxPCK"" (1050) | #2 ""player 15 @ 4chnM3wbbk"" (950)",2026-08-10T07:47:15.955Z,178634803595501
"-- starting hand #68 (id: udxcnmz3xkun)  No Limit Texas Hold'em (dealer: ""player 15 @ 4chnM3wbbk"") --",2026-08-10T07:47:15.955Z,178634803595500
"Undealt cards:  [2♠, J♣, 9♦, Q♥, Q♦]",2026-08-10T07:47:10.347Z,178634803034700
"-- ending hand #67 --",2026-08-10T07:47:09.992Z,178634802999202
"""player 16 @ uewFolxPCK"" collected 20 from pot",2026-08-10T07:47:09.992Z,178634802999201
"Uncalled bet of 20 returned to ""player 16 @ uewFolxPCK""",2026-08-10T07:47:09.992Z,178634802999200
"""player 15 @ 4chnM3wbbk"" folds",2026-08-10T07:47:09.177Z,178634802917700
"""player 16 @ uewFolxPCK"" raises to 30",2026-08-10T07:47:07.515Z,178634802751500
"""player 15 @ 4chnM3wbbk"" posts a big blind of 10",2026-08-10T07:47:05.191Z,178634802519105
"""player 16 @ uewFolxPCK"" posts a small blind of 5",2026-08-10T07:47:05.191Z,178634802519104
"Player stacks: #1 ""player 16 @ uewFolxPCK"" (1040) | #2 ""player 15 @ 4chnM3wbbk"" (960)",2026-08-10T07:47:05.191Z,178634802519101
"-- starting hand #67 (id: 3qbljyawmejo)  No Limit Texas Hold'em (dealer: ""player 16 @ uewFolxPCK"") --",2026-08-10T07:47:05.191Z,178634802519100
"Undealt cards:  [A♠, 6♦, 4♥, Q♥, 7♥]",2026-08-10T07:46:59.615Z,178634801961500
"-- ending hand #66 --",2026-08-10T07:46:59.276Z,178634801927602
"""player 16 @ uewFolxPCK"" collected 10 from pot",2026-08-10T07:46:59.276Z,178634801927601
"Uncalled bet of 5 returned to ""player 16 @ uewFolxPCK""",2026-08-10T07:46:59.276Z,178634801927600
"""player 15 @ 4chnM3wbbk"" folds",2026-08-10T07:46:58.430Z,178634801843000
"""player 16 @ uewFolxPCK"" posts a big blind of 10",2026-08-10T07:46:57.116Z,178634801711605
"""player 15 @ 4chnM3wbbk"" posts a small blind of 5",2026-08-10T07:46:57.116Z,178634801711604
"Player stacks: #1 ""player 16 @ uewFolxPCK"" (1035) | #2 ""player 15 @ 4chnM3wbbk"" (965)",2026-08-10T07:46:57.116Z,178634801711601
"-- starting hand #66 (id: bqrwj8iqtdon)  No Limit Texas Hold'em (dealer: ""player 15 @ 4chnM3wbbk"") --",2026-08-10T07:46:57.116Z,178634801711600
"-- ending hand #65 --",2026-08-10T07:46:54.207Z,178634801420702
"""player 15 @ 4chnM3wbbk"" collected 60 from pot",2026-08-10T07:46:54.207Z,178634801420701
"Uncalled bet of 30 returned to ""player 15 @ 4chnM3wbbk""",2026-08-10T07:46:54.207Z,178634801420700
"""player 16 @ uewFolxPCK"" folds",2026-08-10T07:46:53.342Z,178634801334200
"""player 15 @ 4chnM3wbbk"" bets 30",2026-08-10T07:46:50.065Z,178634801006500
"River: 9♥, Q♠, 8♥, K♦ [J♥]",2026-08-10T07:46:46.709Z,178634800670900
"""player 16 @ uewFolxPCK"" checks",2026-08-10T07:46:45.893Z,178634800589300
"""player 15 @ 4chnM3wbbk"" checks",2026-08-10T07:46:42.477Z,178634800247700
"Turn: 9♥, Q♠, 8♥ [K♦]",2026-08-10T07:46:41.203Z,178634800120300
"""player 16 @ uewFolxPCK"" checks",2026-08-10T07:46:40.307Z,178634800030700
"""player 15 @ 4chnM3wbbk"" checks",2026-08-10T07:46:38.862Z,178634799886200
"Flop:  [9♥, Q♠, 8♥]",2026-08-10T07:46:37.166Z,178634799716600
"""player 15 @ 4chnM3wbbk"" calls 30",2026-08-10T07:46:36.313Z,178634799631300
"""player 16 @ uewFolxPCK"" raises to 30",2026-08-10T07:46:33.116Z,178634799311600
"""player 15 @ 4chnM3wbbk"" posts a big blind of 10",2026-08-10T07:46:31.693Z,178634799169305
"""player 16 @ uewFolxPCK"" posts a small blind of 5",2026-08-10T07:46:31.693Z,178634799169304
"Player stacks: #1 ""player 16 @ uewFolxPCK"" (1065) | #2 ""player 15 @ 4chnM3wbbk"" (935)",2026-08-10T07:46:31.693Z,178634799169301
"-- starting hand #65 (id: h8l6nbwhbdte)  No Limit Texas Hold'em (dealer: ""player 16 @ uewFolxPCK"") --",2026-08-10T07:46:31.693Z,178634799169300
"Undealt cards:  [3♠, 2♥, 9♠, Q♣, 3♦]",2026-08-10T07:46:26.033Z,178634798603300
"-- ending hand #64 --",2026-08-10T07:46:25.753Z,178634798575302
"""player 16 @ uewFolxPCK"" collected 10 from pot",2026-08-10T07:46:25.753Z,178634798575301
"Uncalled bet of 5 returned to ""player 16 @ uewFolxPCK""",2026-08-10T07:46:25.753Z,178634798575300
"""player 15 @ 4chnM3wbbk"" folds",2026-08-10T07:46:24.943Z,178634798494300
"""player 16 @ uewFolxPCK"" posts a big blind of 10",2026-08-10T07:46:23.261Z,178634798326105
"""player 15 @ 4chnM3wbbk"" posts a small blind of 5",2026-08-10T07:46:23.261Z,178634798326104
"Player stacks: #1 ""player 16 @ uewFolxPCK"" (1060) | #2 ""player 15 @ 4chnM3wbbk"" (940)",2026-08-10T07:46:23.261Z,178634798326101
"-- starting hand #64 (id: mzyod2laea8k)  No Limit Texas Hold'em (dealer: ""player 15 @ 4chnM3wbbk"") --",2026-08-10T07:46:23.261Z,178634798326100
"-- ending hand #63 --",2026-08-10T07:46:17.228Z,178634797722803
"""player 16 @ uewFolxPCK"" collected 120 from pot with Pair, K's (combination: 8♦, 10♠, A♥, K♣, K♠)",2026-08-10T07:46:17.228Z,178634797722802
"""player 16 @ uewFolxPCK"" shows a 8♦, A♥.",2026-08-10T07:46:17.228Z,178634797722801
"""player 15 @ 4chnM3wbbk"" shows a 5♥, A♣.",2026-08-10T07:46:17.228Z,178634797722800
"""player 16 @ uewFolxPCK"" calls 10",2026-08-10T07:46:16.420Z,178634797642000
"""player 15 @ 4chnM3wbbk"" bets 10",2026-08-10T07:46:15.045Z,178634797504500
"River: K♣, K♠, 10♠, 7♥ [6♦]",2026-08-10T07:46:11.222Z,178634797122200
"""player 16 @ uewFolxPCK"" checks",2026-08-10T07:46:10.292Z,178634797029200
"""player 15 @ 4chnM3wbbk"" checks",2026-08-10T07:46:05.297Z,178634796529700
"Turn: K♣, K♠, 10♠ [7♥]",2026-08-10T07:46:03.287Z,178634796328700
"""player 16 @ uewFolxPCK"" calls 20",2026-08-10T07:46:02.484Z,178634796248400
"""player 15 @ 4chnM3wbbk"" bets 20",2026-08-10T07:45:58.186Z,178634795818600
"Flop:  [K♣, K♠, 10♠]",2026-08-10T07:45:52.376Z,178634795237600
"""player 15 @ 4chnM3wbbk"" calls 30",2026-08-10T07:45:51.515Z,178634795151500
"""player 16 @ uewFolxPCK"" raises to 30",2026-08-10T07:45:48.765Z,178634794876500
"""player 15 @ 4chnM3wbbk"" posts a big blind of 10",2026-08-10T07:45:47.475Z,178634794747505
"""player 16 @ uewFolxPCK"" posts a small blind of 5",2026-08-10T07:45:47.475Z,178634794747504
"Your hand is 8♦, A♥",2026-08-10T07:45:47.475Z,178634794747502
"Player stacks: #1 ""player 16 @ uewFolxPCK"" (1000) | #2 ""player 15 @ 4chnM3wbbk"" (1000)",2026-08-10T07:45:47.475Z,178634794747501
"-- starting hand #63 (id: eh8rp5i7z9tv)  No Limit Texas Hold'em (dealer: ""player 16 @ uewFolxPCK"") --",2026-08-10T07:45:47.475Z,178634794747500
"""player 16 @ uewFolxPCK"" shows a 9♥.",2026-08-10T07:45:42.159Z,178634794215900
"-- ending hand #62 --",2026-08-10T07:45:40.969Z,178634794096902
"""player 15 @ 4chnM3wbbk"" collected 300 from pot with Pair, Q's (combination: 6♣, 9♠, K♠, Q♠, Q♦)",2026-08-10T07:45:40.969Z,178634794096901
"""player 15 @ 4chnM3wbbk"" shows a K♠, Q♠.",2026-08-10T07:45:40.969Z,178634794096900
"""player 16 @ uewFolxPCK"" calls 30",2026-08-10T07:45:40.161Z,178634794016100
"""player 15 @ 4chnM3wbbk"" bets 30",2026-08-10T07:45:39.220Z,178634793922000
"""player 16 @ uewFolxPCK"" checks",2026-08-10T07:45:35.603Z,178634793560300
"River: 6♣, 3♠, 4♦, Q♦ [9♠]",2026-08-10T07:45:33.871Z,178634793387100
"""player 15 @ 4chnM3wbbk"" checks",2026-08-10T07:45:33.010Z,178634793301000
"""player 16 @ uewFolxPCK"" checks",2026-08-10T07:45:31.645Z,178634793164500
"Turn: 6♣, 3♠, 4♦ [Q♦]",2026-08-10T07:45:27.250Z,178634792725000
"""player 15 @ 4chnM3wbbk"" checks",2026-08-10T07:45:26.404Z,178634792640400
"""player 16 @ uewFolxPCK"" checks",2026-08-10T07:45:25.116Z,178634792511600
"Flop:  [6♣, 3♠, 4♦]",2026-08-10T07:45:17.753Z,178634791775300
"""player 15 @ 4chnM3wbbk"" calls 120",2026-08-10T07:45:16.896Z,178634791689600
"""player 16 @ uewFolxPCK"" raises to 120",2026-08-10T07:45:15.533Z,178634791553300
"""player 15 @ 4chnM3wbbk"" raises to 30",2026-08-10T07:45:12.173Z,178634791217300
"""player 16 @ uewFolxPCK"" posts a big blind of 10",2026-08-10T07:45:09.551Z,178634790955105
"""player 15 @ 4chnM3wbbk"" posts a small blind of 5",2026-08-10T07:45:09.551Z,178634790955104
"Player stacks: #1 ""player 16 @ uewFolxPCK"" (1150) | #2 ""player 15 @ 4chnM3wbbk"" (850)",2026-08-10T07:45:09.551Z,178634790955101
"-- starting hand #62 (id: ogb1eeqtyfvq)  No Limit Texas Hold'em (dealer: ""player 15 @ 4chnM3wbbk"") --",2026-08-10T07:45:09.551Z,178634790955100
"-- ending hand #61 --",2026-08-10T07:45:03.544Z,178634790354402
"""player 16 @ uewFolxPCK"" collected 700 from pot with Two Pair, K's & 9's (combination: A♦, 9♣, 9♥, K♥, K♣)",2026-08-10T07:45:03.544Z,178634790354401
"""player 16 @ uewFolxPCK"" shows a 9♣, K♥.",2026-08-10T07:45:03.544Z,178634790354400
"""player 15 @ 4chnM3wbbk"" calls 200",2026-08-10T07:45:02.650Z,178634790265000
"""player 16 @ uewFolxPCK"" bets 200",2026-08-10T07:45:00.743Z,178634790074300
"""player 15 @ 4chnM3wbbk"" checks",2026-08-10T07:44:52.599Z,178634789259900
"River: 5♠, K♣, 9♥, A♦ [6♣]",2026-08-10T07:44:50.871Z,178634789087100
"""player 15 @ 4chnM3wbbk"" calls 80",2026-08-10T07:44:50.013Z,178634789001300
"""player 16 @ uewFolxPCK"" raises to 80",2026-08-10T07:44:48.671Z,178634788867100
"""player 15 @ 4chnM3wbbk"" bets 20",2026-08-10T07:44:45.886Z,178634788588600
"Turn: 5♠, K♣, 9♥ [A♦]",2026-08-10T07:44:41.954Z,178634788195400
"""player 16 @ uewFolxPCK"" calls 40",2026-08-10T07:44:41.113Z,178634788111300
"""player 15 @ 4chnM3wbbk"" raises to 40",2026-08-10T07:44:29.329Z,178634786932900
"""player 16 @ uewFolxPCK"" bets 20",2026-08-10T07:44:26.004Z,178634786600400
"""player 15 @ 4chnM3wbbk"" checks",2026-08-10T07:44:22.878Z,178634786287800
"Flop:  [5♠, K♣, 9♥]",2026-08-10T07:44:21.250Z,178634786125000
"""player 15 @ 4chnM3wbbk"" calls 30",2026-08-10T07:44:20.416Z,178634786041600
"""player 16 @ uewFolxPCK"" raises to 30",2026-08-10T07:44:19.322Z,178634785932200
"""player 15 @ 4chnM3wbbk"" posts a big blind of 10",2026-08-10T07:44:17.648Z,178634785764805
"""player 16 @ uewFolxPCK"" posts a small blind of 5",2026-08-10T07:44:17.648Z,178634785764804
"Your hand is 9♣, K♥",2026-08-10T07:44:17.648Z,178634785764802
"Player stacks: #1 ""player 16 @ uewFolxPCK"" (800) | #2 ""player 15 @ 4chnM3wbbk"" (1200)",2026-08-10T07:44:17.648Z,178634785764801
"-- starting hand #61 (id: edzpntct6zks)  No Limit Texas Hold'em (dealer: ""player 16 @ uewFolxPCK"") --",2026-08-10T07:44:17.648Z,178634785764800
"""player 16 @ uewFolxPCK"" shows a 5♦.",2026-08-10T07:44:12.944Z,178634785294400
"-- ending hand #60 --",2026-08-10T07:44:11.069Z,178634785106902
"""player 15 @ 4chnM3wbbk"" collected 60 from pot with Two Pair, 7's & 5's (combination: K♣, 5♠, 5♥, 7♠, 7♦)",2026-08-10T07:44:11.069Z,178634785106901
"""player 15 @ 4chnM3wbbk"" shows a 5♠, 7♠.",2026-08-10T07:44:11.069Z,178634785106900
"""player 16 @ uewFolxPCK"" calls 20",2026-08-10T07:44:10.246Z,178634785024600
"""player 15 @ 4chnM3wbbk"" bets 20",2026-08-10T07:44:09.198Z,178634784919800
"""player 16 @ uewFolxPCK"" checks",2026-08-10T07:44:06.239Z,178634784623900
"River: 9♣, 3♥, K♣, 5♥ [7♦]",2026-08-10T07:44:04.867Z,178634784486700
"""player 15 @ 4chnM3wbbk"" checks",2026-08-10T07:44:04.065Z,178634784406500
"""player 16 @ uewFolxPCK"" checks",2026-08-10T07:44:02.632Z,178634784263200
"Turn: 9♣, 3♥, K♣ [5♥]",2026-08-10T07:44:01.268Z,178634784126800
"""player 15 @ 4chnM3wbbk"" checks",2026-08-10T07:44:00.446Z,178634784044600
"""player 16 @ uewFolxPCK"" checks",2026-08-10T07:43:58.692Z,178634783869200
"Flop:  [9♣, 3♥, K♣]",2026-08-10T07:43:56.997Z,178634783699700
"""player 16 @ uewFolxPCK"" checks",2026-08-10T07:43:56.142Z,178634783614200
"""player 15 @ 4chnM3wbbk"" calls 10",2026-08-10T07:43:55.214Z,178634783521400
"""player 16 @ uewFolxPCK"" posts a big blind of 10",2026-08-10T07:43:50.288Z,178634783028805
"""player 15 @ 4chnM3wbbk"" posts a small blind of 5",2026-08-10T07:43:50.288Z,178634783028804
"Player stacks: #1 ""player 16 @ uewFolxPCK"" (830) | #2 ""player 15 @ 4chnM3wbbk"" (1170)",2026-08-10T07:43:50.288Z,178634783028801
"-- starting hand #60 (id: 88as1newaz9m)  No Limit Texas Hold'em (dealer: ""player 15 @ 4chnM3wbbk"") --",2026-08-10T07:43:50.288Z,178634783028800
"-- ending hand #59 --",2026-08-10T07:43:44.282Z,178634782428203
"""player 16 @ uewFolxPCK"" collected 270 from pot with Pair, 5's (combination: 8♣, 9♦, J♥, 5♦, 5♠)",2026-08-10T07:43:44.282Z,178634782428202
"""player 16 @ uewFolxPCK"" shows a 5♦, 8♣.",2026-08-10T07:43:44.282Z,178634782428201
"""player 15 @ 4chnM3wbbk"" shows a 10♥, Q♥.",2026-08-10T07:43:44.282Z,178634782428200
"""player 16 @ uewFolxPCK"" checks",2026-08-10T07:43:43.451Z,178634782345100
"""player 15 @ 4chnM3wbbk"" checks",2026-08-10T07:43:36.315Z,178634781631500
"River: 3♥, J♥, 9♦, 4♦ [5♠]",2026-08-10T07:43:34.056Z,178634781405600
"""player 15 @ 4chnM3wbbk"" calls 90",2026-08-10T07:43:33.244Z,178634781324400
"""player 16 @ uewFolxPCK"" raises to 90",2026-08-10T07:43:31.526Z,178634781152600
"""player 15 @ 4chnM3wbbk"" bets 10",2026-08-10T07:43:24.081Z,178634780408100
"Turn: 3♥, J♥, 9♦ [4♦]",2026-08-10T07:43:21.623Z,178634780162300
"""player 15 @ 4chnM3wbbk"" calls 20",2026-08-10T07:43:20.812Z,178634780081200
"""player 16 @ uewFolxPCK"" bets 20",2026-08-10T07:43:18.893Z,178634779889300
"""player 15 @ 4chnM3wbbk"" checks",2026-08-10T07:43:15.482Z,178634779548200
"Flop:  [3♥, J♥, 9♦]",2026-08-10T07:43:13.548Z,178634779354800
"""player 16 @ uewFolxPCK"" calls 25",2026-08-10T07:43:12.725Z,178634779272500
"""player 15 @ 4chnM3wbbk"" raises to 25",2026-08-10T07:43:07.939Z,178634778793900
"""player 16 @ uewFolxPCK"" calls 10",2026-08-10T07:43:04.995Z,178634778499500
"""player 15 @ 4chnM3wbbk"" posts a big blind of 10",2026-08-10T07:43:04.135Z,178634778413505
"""player 16 @ uewFolxPCK"" posts a small blind of 5",2026-08-10T07:43:04.135Z,178634778413504
"Your hand is 5♦, 8♣",2026-08-10T07:43:04.135Z,178634778413502
"Player stacks: #1 ""player 16 @ uewFolxPCK"" (695) | #2 ""player 15 @ 4chnM3wbbk"" (1305)",2026-08-10T07:43:04.135Z,178634778413501
"-- starting hand #59 (id: wcnj5vzavdtn)  No Limit Texas Hold'em (dealer: ""player 16 @ uewFolxPCK"") --",2026-08-10T07:43:04.135Z,178634778413500
"Undealt cards:  [7♠, A♥, 3♥, A♦, 2♦]",2026-08-10T07:42:58.829Z,178634777882900
"-- ending hand #58 --",2026-08-10T07:42:58.170Z,178634777817002
"""player 16 @ uewFolxPCK"" collected 10 from pot",2026-08-10T07:42:58.170Z,178634777817001
"Uncalled bet of 5 returned to ""player 16 @ uewFolxPCK""",2026-08-10T07:42:58.170Z,178634777817000
"""player 15 @ 4chnM3wbbk"" folds",2026-08-10T07:42:57.332Z,178634777733200
"""player 16 @ uewFolxPCK"" posts a big blind of 10",2026-08-10T07:42:52.476Z,178634777247605
"""player 15 @ 4chnM3wbbk"" posts a small blind of 5",2026-08-10T07:42:52.476Z,178634777247604
"Player stacks: #1 ""player 16 @ uewFolxPCK"" (690) | #2 ""player 15 @ 4chnM3wbbk"" (1310)",2026-08-10T07:42:52.476Z,178634777247601
"-- starting hand #58 (id: ilutcxjzivqf)  No Limit Texas Hold'em (dealer: ""player 15 @ 4chnM3wbbk"") --",2026-08-10T07:42:52.476Z,178634777247600
"Undealt cards:  [10♦, 7♣, 9♦, 4♦, A♠]",2026-08-10T07:42:47.291Z,178634776729100
"-- ending hand #57 --",2026-08-10T07:42:46.555Z,178634776655502
"""player 15 @ 4chnM3wbbk"" collected 10 from pot",2026-08-10T07:42:46.555Z,178634776655501
"Uncalled bet of 5 returned to ""player 15 @ 4chnM3wbbk""",2026-08-10T07:42:46.555Z,178634776655500
"""player 16 @ uewFolxPCK"" folds",2026-08-10T07:42:45.737Z,178634776573700
"""player 15 @ 4chnM3wbbk"" posts a big blind of 10",2026-08-10T07:42:44.566Z,178634776456605
"""player 16 @ uewFolxPCK"" posts a small blind of 5",2026-08-10T07:42:44.566Z,178634776456604
"Player stacks: #1 ""player 16 @ uewFolxPCK"" (695) | #2 ""player 15 @ 4chnM3wbbk"" (1305)",2026-08-10T07:42:44.566Z,178634776456601
"-- starting hand #57 (id: armwo5fc8usr)  No Limit Texas Hold'em (dealer: ""player 16 @ uewFolxPCK"") --",2026-08-10T07:42:44.566Z,178634776456600
"-- ending hand #56 --",2026-08-10T07:42:41.653Z,178634776165302
"""player 15 @ 4chnM3wbbk"" collected 80 from pot",2026-08-10T07:42:41.653Z,178634776165301
"Uncalled bet of 30 returned to ""player 15 @ 4chnM3wbbk""",2026-08-10T07:42:41.653Z,178634776165300
"""player 16 @ uewFolxPCK"" folds",2026-08-10T07:42:40.765Z,178634776076500
"""player 15 @ 4chnM3wbbk"" bets 30",2026-08-10T07:42:34.793Z,178634775479300
"""player 16 @ uewFolxPCK"" checks",2026-08-10T07:42:32.077Z,178634775207700
"River: 6♥, 4♣, 8♥, 2♣ [8♠]",2026-08-10T07:42:25.950Z,178634774595000
"""player 15 @ 4chnM3wbbk"" checks",2026-08-10T07:42:25.131Z,178634774513100
"""player 16 @ uewFolxPCK"" checks",2026-08-10T07:42:22.699Z,178634774269900
"Turn: 6♥, 4♣, 8♥ [2♣]",2026-08-10T07:42:16.104Z,178634773610400
"""player 15 @ 4chnM3wbbk"" calls 20",2026-08-10T07:42:15.217Z,178634773521700
"""player 16 @ uewFolxPCK"" bets 20",2026-08-10T07:42:13.776Z,178634773377600
"Flop:  [6♥, 4♣, 8♥]",2026-08-10T07:42:09.597Z,178634772959700
"""player 16 @ uewFolxPCK"" calls 20",2026-08-10T07:42:08.774Z,178634772877400
"""player 15 @ 4chnM3wbbk"" raises to 20",2026-08-10T07:42:07.728Z,178634772772800
"""player 16 @ uewFolxPCK"" posts a big blind of 10",2026-08-10T07:42:02.547Z,178634772254705
"""player 15 @ 4chnM3wbbk"" posts a small blind of 5",2026-08-10T07:42:02.547Z,178634772254704
"Player stacks: #1 ""player 16 @ uewFolxPCK"" (735) | #2 ""player 15 @ 4chnM3wbbk"" (1265)",2026-08-10T07:42:02.547Z,178634772254701
"-- starting hand #56 (id: ergzsqjw3f9k)  No Limit Texas Hold'em (dealer: ""player 15 @ 4chnM3wbbk"") --",2026-08-10T07:42:02.547Z,178634772254700
"Undealt cards: 2♥, Q♠, 6♥ [4♣, 2♦]",2026-08-10T07:41:57.067Z,178634771706700
"-- ending hand #55 --",2026-08-10T07:41:56.620Z,178634771662002
"""player 16 @ uewFolxPCK"" collected 20 from pot",2026-08-10T07:41:56.620Z,178634771662001
"Uncalled bet of 20 returned to ""player 16 @ uewFolxPCK""",2026-08-10T07:41:56.620Z,178634771662000
"""player 15 @ 4chnM3wbbk"" folds",2026-08-10T07:41:55.815Z,178634771581500
"""player 16 @ uewFolxPCK"" bets 20",2026-08-10T07:41:53.657Z,178634771365700
"""player 15 @ 4chnM3wbbk"" checks",2026-08-10T07:41:49.585Z,178634770958500
"Flop:  [2♥, Q♠, 6♥]",2026-08-10T07:41:47.880Z,178634770788000
"""player 15 @ 4chnM3wbbk"" checks",2026-08-10T07:41:47.049Z,178634770704900
"""player 16 @ uewFolxPCK"" calls 10",2026-08-10T07:41:44.998Z,178634770499800
"""player 15 @ 4chnM3wbbk"" posts a big blind of 10",2026-08-10T07:41:44.079Z,178634770407905
"""player 16 @ uewFolxPCK"" posts a small blind of 5",2026-08-10T07:41:44.079Z,178634770407904
"Player stacks: #1 ""player 16 @ uewFolxPCK"" (725) | #2 ""player 15 @ 4chnM3wbbk"" (1275)",2026-08-10T07:41:44.079Z,178634770407901
"-- starting hand #55 (id: ud4zrt9ni64h)  No Limit Texas Hold'em (dealer: ""player 16 @ uewFolxPCK"") --",2026-08-10T07:41:44.079Z,178634770407900
"-- ending hand #54 --",2026-08-10T07:41:38.074Z,178634769807402
"""player 16 @ uewFolxPCK"" collected 20 from pot with Pair, 2's (combination: 10♠, J♣, A♦, 2♠, 2♦)",2026-08-10T07:41:38.074Z,178634769807401
"""player 16 @ uewFolxPCK"" shows a 10♠, 2♠.",2026-08-10T07:41:38.074Z,178634769807400
"""player 15 @ 4chnM3wbbk"" checks",2026-08-10T07:41:37.218Z,178634769721800
"""player 16 @ uewFolxPCK"" checks",2026-08-10T07:41:35.811Z,178634769581100
"River: 4♦, 2♦, A♦, 9♣ [J♣]",2026-08-10T07:41:34.204Z,178634769420400
"""player 15 @ 4chnM3wbbk"" checks",2026-08-10T07:41:33.380Z,178634769338000
"""player 16 @ uewFolxPCK"" checks",2026-08-10T07:41:29.512Z,178634768951200
"Turn: 4♦, 2♦, A♦ [9♣]",2026-08-10T07:41:27.467Z,178634768746700
"""player 15 @ 4chnM3wbbk"" checks",2026-08-10T07:41:26.633Z,178634768663300
"""player 16 @ uewFolxPCK"" checks",2026-08-10T07:41:25.339Z,178634768533900
"Flop:  [4♦, 2♦, A♦]",2026-08-10T07:41:23.466Z,178634768346600
"""player 16 @ uewFolxPCK"" checks",2026-08-10T07:41:22.640Z,178634768264000
"""player 15 @ 4chnM3wbbk"" calls 10",2026-08-10T07:41:21.683Z,178634768168300
"""player 16 @ uewFolxPCK"" posts a big blind of 10",2026-08-10T07:41:19.380Z,178634767938005
"""player 15 @ 4chnM3wbbk"" posts a small blind of 5",2026-08-10T07:41:19.380Z,178634767938004
"Your hand is 10♠, 2♠",2026-08-10T07:41:19.380Z,178634767938002
"Player stacks: #1 ""player 16 @ uewFolxPCK"" (715) | #2 ""player 15 @ 4chnM3wbbk"" (1285)",2026-08-10T07:41:19.380Z,178634767938001
"-- starting hand #54 (id: k1xxvnfay7ms)  No Limit Texas Hold'em (dealer: ""player 15 @ 4chnM3wbbk"") --",2026-08-10T07:41:19.380Z,178634767938000
"-- ending hand #53 --",2026-08-10T07:41:13.376Z,178634767337603
"""player 15 @ 4chnM3wbbk"" collected 1100 from pot with Flush, K High (combination: 2♠, 5♠, 8♠, J♠, K♠)",2026-08-10T07:41:13.376Z,178634767337602
"""player 15 @ 4chnM3wbbk"" shows a J♠, A♦.",2026-08-10T07:41:13.376Z,178634767337601
"""player 16 @ uewFolxPCK"" shows a J♦, 9♣.",2026-08-10T07:41:13.376Z,178634767337600
"""player 15 @ 4chnM3wbbk"" calls 300",2026-08-10T07:41:12.566Z,178634767256600
"""player 16 @ uewFolxPCK"" bets 300",2026-08-10T07:41:11.086Z,178634767108600
"""player 15 @ 4chnM3wbbk"" checks",2026-08-10T07:41:05.733Z,178634766573300
"River: 8♠, 5♠, K♠, 5♦ [2♠]",2026-08-10T07:41:03.900Z,178634766390000
"""player 16 @ uewFolxPCK"" checks",2026-08-10T07:41:03.083Z,178634766308300
"""player 15 @ 4chnM3wbbk"" checks",2026-08-10T07:40:50.533Z,178634765053300
"Turn: 8♠, 5♠, K♠ [5♦]",2026-08-10T07:40:48.959Z,178634764895900
"""player 15 @ 4chnM3wbbk"" calls 150",2026-08-10T07:40:48.083Z,178634764808300
"""player 16 @ uewFolxPCK"" raises to 150",2026-08-10T07:40:46.637Z,178634764663700
"""player 15 @ 4chnM3wbbk"" bets 50",2026-08-10T07:40:36.961Z,178634763696100
"Flop:  [8♠, 5♠, K♠]",2026-08-10T07:40:32.529Z,178634763252900
"""player 16 @ uewFolxPCK"" calls 100",2026-08-10T07:40:31.719Z,178634763171900
"""player 15 @ 4chnM3wbbk"" raises to 100",2026-08-10T07:40:25.105Z,178634762510500
"""player 16 @ uewFolxPCK"" raises to 30",2026-08-10T07:40:21.100Z,178634762110000
"""player 15 @ 4chnM3wbbk"" posts a big blind of 10",2026-08-10T07:40:19.321Z,178634761932105
"""player 16 @ uewFolxPCK"" posts a small blind of 5",2026-08-10T07:40:19.321Z,178634761932104
"Your hand is J♦, 9♣",2026-08-10T07:40:19.321Z,178634761932102
"Player stacks: #1 ""player 16 @ uewFolxPCK"" (1265) | #2 ""player 15 @ 4chnM3wbbk"" (735)",2026-08-10T07:40:19.321Z,178634761932101
"-- starting hand #53 (id: x4qbcglsgbb7)  No Limit Texas Hold'em (dealer: ""player 16 @ uewFolxPCK"") --",2026-08-10T07:40:19.321Z,178634761932100
"Undealt cards:  [J♥, 4♣, J♠, 10♠, K♥]",2026-08-10T07:40:13.596Z,178634761359600
"-- ending hand #52 --",2026-08-10T07:40:13.319Z,178634761331902
"""player 15 @ 4chnM3wbbk"" collected 20 from pot",2026-08-10T07:40:13.319Z,178634761331901
"Uncalled bet of 25 returned to ""player 15 @ 4chnM3wbbk""",2026-08-10T07:40:13.319Z,178634761331900
"""player 16 @ uewFolxPCK"" folds",2026-08-10T07:40:12.442Z,178634761244200
"""player 15 @ 4chnM3wbbk"" raises to 35",2026-08-10T07:40:11.284Z,178634761128400
"""player 16 @ uewFolxPCK"" posts a big blind of 10",2026-08-10T07:40:07.319Z,178634760731905
"""player 15 @ 4chnM3wbbk"" posts a small blind of 5",2026-08-10T07:40:07.319Z,178634760731904
"Player stacks: #1 ""player 16 @ uewFolxPCK"" (1275) | #2 ""player 15 @ 4chnM3wbbk"" (725)",2026-08-10T07:40:07.319Z,178634760731901
"-- starting hand #52 (id: pesmv2ucd43t)  No Limit Texas Hold'em (dealer: ""player 15 @ 4chnM3wbbk"") --",2026-08-10T07:40:07.319Z,178634760731900
"Undealt cards:  [K♠, 6♣, 10♦, 2♣, 6♥]",2026-08-10T07:40:03.048Z,178634760304800
"-- ending hand #51 --",2026-08-10T07:40:01.359Z,178634760135902
"""player 16 @ uewFolxPCK"" collected 20 from pot",2026-08-10T07:40:01.359Z,178634760135901
"Uncalled bet of 20 returned to ""player 16 @ uewFolxPCK""",2026-08-10T07:40:01.359Z,178634760135900
"""player 15 @ 4chnM3wbbk"" folds",2026-08-10T07:40:00.530Z,178634760053000
"""player 16 @ uewFolxPCK"" raises to 30",2026-08-10T07:39:56.425Z,178634759642500
"""player 15 @ 4chnM3wbbk"" posts a big blind of 10",2026-08-10T07:39:54.752Z,178634759475205
"""player 16 @ uewFolxPCK"" posts a small blind of 5",2026-08-10T07:39:54.752Z,178634759475204
"Player stacks: #1 ""player 16 @ uewFolxPCK"" (1265) | #2 ""player 15 @ 4chnM3wbbk"" (735)",2026-08-10T07:39:54.752Z,178634759475201
"-- starting hand #51 (id: bdffniwbsz9e)  No Limit Texas Hold'em (dealer: ""player 16 @ uewFolxPCK"") --",2026-08-10T07:39:54.752Z,178634759475200
"Undealt cards: 5♠, J♥, Q♣, J♦ [6♣]",2026-08-10T07:39:49.111Z,178634758911100
"-- ending hand #50 --",2026-08-10T07:39:48.813Z,178634758881302
"""player 15 @ 4chnM3wbbk"" collected 20 from pot",2026-08-10T07:39:48.813Z,178634758881301
"Uncalled bet of 10 returned to ""player 15 @ 4chnM3wbbk""",2026-08-10T07:39:48.813Z,178634758881300
"""player 16 @ uewFolxPCK"" folds",2026-08-10T07:39:47.963Z,178634758796300
"""player 15 @ 4chnM3wbbk"" bets 10",2026-08-10T07:39:46.350Z,178634758635000
"""player 16 @ uewFolxPCK"" checks",2026-08-10T07:39:44.574Z,178634758457400
"Turn: 5♠, J♥, Q♣ [J♦]",2026-08-10T07:39:42.553Z,178634758255300
"""player 15 @ 4chnM3wbbk"" checks",2026-08-10T07:39:41.717Z,178634758171700
"""player 16 @ uewFolxPCK"" checks",2026-08-10T07:39:40.386Z,178634758038600
"Flop:  [5♠, J♥, Q♣]",2026-08-10T07:39:38.548Z,178634757854800
"""player 16 @ uewFolxPCK"" checks",2026-08-10T07:39:37.678Z,178634757767800
"""player 15 @ 4chnM3wbbk"" calls 10",2026-08-10T07:39:36.768Z,178634757676800
"""player 16 @ uewFolxPCK"" posts a big blind of 10",2026-08-10T07:39:35.000Z,178634757500005
"""player 15 @ 4chnM3wbbk"" posts a small blind of 5",2026-08-10T07:39:35.000Z,178634757500004
"Player stacks: #1 ""player 16 @ uewFolxPCK"" (1275) | #2 ""player 15 @ 4chnM3wbbk"" (725)",2026-08-10T07:39:35.000Z,178634757500001
"-- starting hand #50 (id: hpvpowj5pzx1)  No Limit Texas Hold'em (dealer: ""player 15 @ 4chnM3wbbk"") --",2026-08-10T07:39:35.000Z,178634757500000
"""player 16 @ uewFolxPCK"" shows a 4♦.",2026-08-10T07:39:33.186Z,178634757318600
"-- ending hand #49 --",2026-08-10T07:39:28.461Z,178634756846102
"""player 15 @ 4chnM3wbbk"" collected 100 from pot with Pair, 10's (combination: 5♦, 8♥, A♣, 10♣, 10♠)",2026-08-10T07:39:28.461Z,178634756846101
"""player 15 @ 4chnM3wbbk"" shows a 5♦, 10♣.",2026-08-10T07:39:28.461Z,178634756846100
"""player 16 @ uewFolxPCK"" checks",2026-08-10T07:39:27.606Z,178634756760600
"""player 15 @ 4chnM3wbbk"" checks",2026-08-10T07:39:20.634Z,178634756063400
"River: 2♦, A♣, 3♥, 10♠ [8♥]",2026-08-10T07:39:18.989Z,178634755898900
"""player 15 @ 4chnM3wbbk"" calls 30",2026-08-10T07:39:18.133Z,178634755813300
"""player 16 @ uewFolxPCK"" bets 30",2026-08-10T07:39:16.274Z,178634755627400
"""player 15 @ 4chnM3wbbk"" checks",2026-08-10T07:39:12.082Z,178634755208200
"Turn: 2♦, A♣, 3♥ [10♠]",2026-08-10T07:39:10.651Z,178634755065100
"""player 15 @ 4chnM3wbbk"" calls 10",2026-08-10T07:39:09.817Z,178634754981700
"""player 16 @ uewFolxPCK"" bets 10",2026-08-10T07:39:08.006Z,178634754800600
"""player 15 @ 4chnM3wbbk"" checks",2026-08-10T07:39:06.110Z,178634754611000
"Flop:  [2♦, A♣, 3♥]",2026-08-10T07:39:03.725Z,178634754372500
"""player 15 @ 4chnM3wbbk"" checks",2026-08-10T07:39:02.887Z,178634754288700
"""player 16 @ uewFolxPCK"" calls 10",2026-08-10T07:39:01.450Z,178634754145000
"""player 15 @ 4chnM3wbbk"" posts a big blind of 10",2026-08-10T07:39:00.284Z,178634754028405
"""player 16 @ uewFolxPCK"" posts a small blind of 5",2026-08-10T07:39:00.284Z,178634754028404
"Player stacks: #1 ""player 16 @ uewFolxPCK"" (1325) | #2 ""player 15 @ 4chnM3wbbk"" (675)",2026-08-10T07:39:00.284Z,178634754028401
"-- starting hand #49 (id: dbkapdd888do)  No Limit Texas Hold'em (dealer: ""player 16 @ uewFolxPCK"") --",2026-08-10T07:39:00.284Z,178634754028400
"Undealt cards:  [3♣, 8♦, 7♠, 3♠, 8♠]",2026-08-10T07:38:55.413Z,178634753541300
"-- ending hand #48 --",2026-08-10T07:38:54.272Z,178634753427202
"""player 16 @ uewFolxPCK"" collected 10 from pot",2026-08-10T07:38:54.272Z,178634753427201
"Uncalled bet of 5 returned to ""player 16 @ uewFolxPCK""",2026-08-10T07:38:54.272Z,178634753427200
"""player 15 @ 4chnM3wbbk"" folds",2026-08-10T07:38:53.414Z,178634753341400
"""player 16 @ uewFolxPCK"" posts a big blind of 10",2026-08-10T07:38:51.666Z,178634753166605
"""player 15 @ 4chnM3wbbk"" posts a small blind of 5",2026-08-10T07:38:51.666Z,178634753166604
"Player stacks: #1 ""player 16 @ uewFolxPCK"" (1320) | #2 ""player 15 @ 4chnM3wbbk"" (680)",2026-08-10T07:38:51.666Z,178634753166601
"-- starting hand #48 (id: 6lb3di0zrfrc)  No Limit Texas Hold'em (dealer: ""player 15 @ 4chnM3wbbk"") --",2026-08-10T07:38:51.666Z,178634753166600
"Undealt cards:  [4♠, 8♥, 10♥, 6♥, J♠]",2026-08-10T07:38:45.920Z,178634752592000
"-- ending hand #47 --",2026-08-10T07:38:45.660Z,178634752566002
"""player 16 @ uewFolxPCK"" collected 20 from pot",2026-08-10T07:38:45.660Z,178634752566001
"Uncalled bet of 20 returned to ""player 16 @ uewFolxPCK""",2026-08-10T07:38:45.660Z,178634752566000
"""player 15 @ 4chnM3wbbk"" folds",2026-08-10T07:38:44.850Z,178634752485000
"""player 16 @ uewFolxPCK"" raises to 30",2026-08-10T07:38:42.728Z,178634752272800
"""player 15 @ 4chnM3wbbk"" posts a big blind of 10",2026-08-10T07:38:41.259Z,178634752125905
"""player 16 @ uewFolxPCK"" posts a small blind of 5",2026-08-10T07:38:41.259Z,178634752125904
"Player stacks: #1 ""player 16 @ uewFolxPCK"" (1310) | #2 ""player 15 @ 4chnM3wbbk"" (690)",2026-08-10T07:38:41.259Z,178634752125901
"-- starting hand #47 (id: 72oiohdpjk6c)  No Limit Texas Hold'em (dealer: ""player 16 @ uewFolxPCK"") --",2026-08-10T07:38:41.259Z,178634752125900
"-- ending hand #46 --",2026-08-10T07:38:35.250Z,178634751525003
"""player 15 @ 4chnM3wbbk"" collected 60 from pot with Two Pair, K's & 4's (combination: 10♥, 4♠, 4♣, K♥, K♦)",2026-08-10T07:38:35.250Z,178634751525002
"""player 15 @ 4chnM3wbbk"" shows a 4♠, 4♣.",2026-08-10T07:38:35.250Z,178634751525001
"""player 16 @ uewFolxPCK"" shows a Q♣, 5♠.",2026-08-10T07:38:35.250Z,178634751525000
"""player 15 @ 4chnM3wbbk"" calls 20",2026-08-10T07:38:34.319Z,178634751431900
"""player 16 @ uewFolxPCK"" bets 20",2026-08-10T07:38:32.651Z,178634751265100
"River: 3♥, K♥, K♦, 7♥ [10♥]",2026-08-10T07:38:28.257Z,178634750825700
"""player 15 @ 4chnM3wbbk"" checks",2026-08-10T07:38:27.448Z,178634750744800
"""player 16 @ uewFolxPCK"" checks",2026-08-10T07:38:25.690Z,178634750569000
"Turn: 3♥, K♥, K♦ [7♥]",2026-08-10T07:38:24.055Z,178634750405500
"""player 15 @ 4chnM3wbbk"" checks",2026-08-10T07:38:23.248Z,178634750324800
"""player 16 @ uewFolxPCK"" checks",2026-08-10T07:38:21.207Z,178634750120700
"Flop:  [3♥, K♥, K♦]",2026-08-10T07:38:16.629Z,178634749662900
"""player 16 @ uewFolxPCK"" checks",2026-08-10T07:38:15.751Z,178634749575100
"""player 15 @ 4chnM3wbbk"" calls 10",2026-08-10T07:38:14.701Z,178634749470100
"""player 16 @ uewFolxPCK"" posts a big blind of 10",2026-08-10T07:38:08.014Z,178634748801405
"""player 15 @ 4chnM3wbbk"" posts a small blind of 5",2026-08-10T07:38:08.014Z,178634748801404
"Your hand is Q♣, 5♠",2026-08-10T07:38:08.014Z,178634748801402
"Player stacks: #1 ""player 16 @ uewFolxPCK"" (1340) | #2 ""player 15 @ 4chnM3wbbk"" (660)",2026-08-10T07:38:08.014Z,178634748801401
"-- starting hand #46 (id: ccnadxbf3tcg)  No Limit Texas Hold'em (dealer: ""player 15 @ 4chnM3wbbk"") --",2026-08-10T07:38:08.014Z,178634748801400
"Undealt cards:  [10♦, 5♦, 4♠, 8♦, 7♣]",2026-08-10T07:38:02.494Z,178634748249400
"-- ending hand #45 --",2026-08-10T07:38:02.038Z,178634748203802
"""player 15 @ 4chnM3wbbk"" collected 10 from pot",2026-08-10T07:38:02.038Z,178634748203801
"Uncalled bet of 5 returned to ""player 15 @ 4chnM3wbbk""",2026-08-10T07:38:02.038Z,178634748203800
"""player 16 @ uewFolxPCK"" folds",2026-08-10T07:38:01.213Z,178634748121300
"""player 15 @ 4chnM3wbbk"" posts a big blind of 10",2026-08-10T07:38:00.389Z,178634748038905
"""player 16 @ uewFolxPCK"" posts a small blind of 5",2026-08-10T07:38:00.389Z,178634748038904
"Player stacks: #1 ""player 16 @ uewFolxPCK"" (1345) | #2 ""player 15 @ 4chnM3wbbk"" (655)",2026-08-10T07:38:00.389Z,178634748038901
"-- starting hand #45 (id: 0kyxrchiaqxh)  No Limit Texas Hold'em (dealer: ""player 16 @ uewFolxPCK"") --",2026-08-10T07:38:00.389Z,178634748038900
"Undealt cards:  [4♥, 6♠, 3♣, 7♥, 7♠]",2026-08-10T07:37:54.695Z,178634747469500
"-- ending hand #44 --",2026-08-10T07:37:54.475Z,178634747447502
"""player 15 @ 4chnM3wbbk"" collected 100 from pot",2026-08-10T07:37:54.475Z,178634747447501
"Uncalled bet of 555 returned to ""player 15 @ 4chnM3wbbk""",2026-08-10T07:37:54.475Z,178634747447500
"""player 16 @ uewFolxPCK"" folds",2026-08-10T07:37:53.670Z,178634747367000
"""player 15 @ 4chnM3wbbk"" raises to 605 and go all in",2026-08-10T07:37:49.055Z,178634746905500
"""player 16 @ uewFolxPCK"" raises to 50",2026-08-10T07:37:45.901Z,178634746590100
"""player 15 @ 4chnM3wbbk"" calls 10",2026-08-10T07:37:44.070Z,178634746407000
"""player 16 @ uewFolxPCK"" posts a big blind of 10",2026-08-10T07:37:41.978Z,178634746197805
"""player 15 @ 4chnM3wbbk"" posts a small blind of 5",2026-08-10T07:37:41.978Z,178634746197804
"Player stacks: #1 ""player 16 @ uewFolxPCK"" (1395) | #2 ""player 15 @ 4chnM3wbbk"" (605)",2026-08-10T07:37:41.978Z,178634746197801
"-- starting hand #44 (id: m5tv5f0ef8id)  No Limit Texas Hold'em (dealer: ""player 15 @ 4chnM3wbbk"") --",2026-08-10T07:37:41.978Z,178634746197800
"Undealt cards:  [7♥, J♠, 8♠, Q♠, 2♣]",2026-08-10T07:37:36.475Z,178634745647500
"-- ending hand #43 --",2026-08-10T07:37:35.972Z,178634745597202
"""player 16 @ uewFolxPCK"" collected 20 from pot",2026-08-10T07:37:35.972Z,178634745597201
"Uncalled bet of 20 returned to ""player 16 @ uewFolxPCK""",2026-08-10T07:37:35.972Z,178634745597200
"""player 15 @ 4chnM3wbbk"" folds",2026-08-10T07:37:35.099Z,178634745509900
"""player 16 @ uewFolxPCK"" raises to 30",2026-08-10T07:37:32.992Z,178634745299200
"""player 15 @ 4chnM3wbbk"" posts a big blind of 10",2026-08-10T07:37:31.370Z,178634745137005
"""player 16 @ uewFolxPCK"" posts a small blind of 5",2026-08-10T07:37:31.370Z,178634745137004
"Player stacks: #1 ""player 16 @ uewFolxPCK"" (1385) | #2 ""player 15 @ 4chnM3wbbk"" (615)",2026-08-10T07:37:31.370Z,178634745137001
"-- starting hand #43 (id: em2llumtunwq)  No Limit Texas Hold'em (dealer: ""player 16 @ uewFolxPCK"") --",2026-08-10T07:37:31.370Z,178634745137000
"Undealt cards: K♠, 10♣, Q♠ [10♦, Q♣]",2026-08-10T07:37:25.588Z,178634744558800
"-- ending hand #42 --",2026-08-10T07:37:25.369Z,178634744536902
"""player 16 @ uewFolxPCK"" collected 240 from pot",2026-08-10T07:37:25.369Z,178634744536901
"Uncalled bet of 60 returned to ""player 16 @ uewFolxPCK""",2026-08-10T07:37:25.369Z,178634744536900
"""player 15 @ 4chnM3wbbk"" folds",2026-08-10T07:37:24.502Z,178634744450200
"""player 16 @ uewFolxPCK"" bets 60",2026-08-10T07:37:21.747Z,178634744174700
"Flop:  [K♠, 10♣, Q♠]",2026-08-10T07:37:17.393Z,178634743739300
"""player 15 @ 4chnM3wbbk"" calls 120",2026-08-10T07:37:16.568Z,178634743656800
"""player 16 @ uewFolxPCK"" raises to 120",2026-08-10T07:37:11.673Z,178634743167300
"""player 15 @ 4chnM3wbbk"" raises to 30",2026-08-10T07:37:06.844Z,178634742684400
"""player 16 @ uewFolxPCK"" posts a big blind of 10",2026-08-10T07:37:02.961Z,178634742296105
"""player 15 @ 4chnM3wbbk"" posts a small blind of 5",2026-08-10T07:37:02.961Z,178634742296104
"Player stacks: #1 ""player 16 @ uewFolxPCK"" (1265) | #2 ""player 15 @ 4chnM3wbbk"" (735)",2026-08-10T07:37:02.961Z,178634742296101
"-- starting hand #42 (id: cmujl4avagmh)  No Limit Texas Hold'em (dealer: ""player 15 @ 4chnM3wbbk"") --",2026-08-10T07:37:02.961Z,178634742296100
"Undealt cards:  [Q♦, K♥, 4♥, 7♣, J♣]",2026-08-10T07:36:57.166Z,178634741716600
"-- ending hand #41 --",2026-08-10T07:36:56.968Z,178634741696802
"""player 16 @ uewFolxPCK"" collected 20 from pot",2026-08-10T07:36:56.968Z,178634741696801
"Uncalled bet of 20 returned to ""player 16 @ uewFolxPCK""",2026-08-10T07:36:56.968Z,178634741696800
"""player 15 @ 4chnM3wbbk"" folds",2026-08-10T07:36:56.136Z,178634741613600
"""player 16 @ uewFolxPCK"" raises to 30",2026-08-10T07:36:54.492Z,178634741449200
"""player 15 @ 4chnM3wbbk"" posts a big blind of 10",2026-08-10T07:36:52.956Z,178634741295605
"""player 16 @ uewFolxPCK"" posts a small blind of 5",2026-08-10T07:36:52.956Z,178634741295604
"Player stacks: #1 ""player 16 @ uewFolxPCK"" (1255) | #2 ""player 15 @ 4chnM3wbbk"" (745)",2026-08-10T07:36:52.956Z,178634741295601
"-- starting hand #41 (id: wgpmn0tp6gv3)  No Limit Texas Hold'em (dealer: ""player 16 @ uewFolxPCK"") --",2026-08-10T07:36:52.956Z,178634741295600
"Undealt cards: 8♥, 3♠, 2♥ [K♥, 9♣]",2026-08-10T07:36:48.014Z,178634740801400
"-- ending hand #40 --",2026-08-10T07:36:46.994Z,178634740699402
"""player 16 @ uewFolxPCK"" collected 80 from pot",2026-08-10T07:36:46.994Z,178634740699401
"Uncalled bet of 50 returned to ""player 16 @ uewFolxPCK""",2026-08-10T07:36:46.994Z,178634740699400
"""player 15 @ 4chnM3wbbk"" folds",2026-08-10T07:36:46.160Z,178634740616000
"""player 16 @ uewFolxPCK"" raises to 60",2026-08-10T07:36:39.885Z,178634739988500
"""player 15 @ 4chnM3wbbk"" bets 10",2026-08-10T07:36:35.754Z,178634739575400
"""player 16 @ uewFolxPCK"" checks",2026-08-10T07:36:33.460Z,178634739346000
"Flop:  [8♥, 3♠, 2♥]",2026-08-10T07:36:26.379Z,178634738637900
"""player 15 @ 4chnM3wbbk"" calls 30",2026-08-10T07:36:25.569Z,178634738556900
"""player 16 @ uewFolxPCK"" raises to 30",2026-08-10T07:36:24.039Z,178634738403900
"""player 15 @ 4chnM3wbbk"" calls 10",2026-08-10T07:36:21.388Z,178634738138800
"""player 16 @ uewFolxPCK"" posts a big blind of 10",2026-08-10T07:36:18.972Z,178634737897205
"""player 15 @ 4chnM3wbbk"" posts a small blind of 5",2026-08-10T07:36:18.972Z,178634737897204
"Player stacks: #1 ""player 16 @ uewFolxPCK"" (1215) | #2 ""player 15 @ 4chnM3wbbk"" (785)",2026-08-10T07:36:18.972Z,178634737897201
"-- starting hand #40 (id: v5igyshvkghb)  No Limit Texas Hold'em (dealer: ""player 15 @ 4chnM3wbbk"") --",2026-08-10T07:36:18.972Z,178634737897200
"Undealt cards:  [3♥, 5♠, A♥, J♠, 2♠]",2026-08-10T07:36:13.287Z,178634737328700
"-- ending hand #39 --",2026-08-10T07:36:12.968Z,178634737296802
"""player 15 @ 4chnM3wbbk"" collected 10 from pot",2026-08-10T07:36:12.968Z,178634737296801
"Uncalled bet of 5 returned to ""player 15 @ 4chnM3wbbk""",2026-08-10T07:36:12.968Z,178634737296800
"""player 16 @ uewFolxPCK"" folds",2026-08-10T07:36:12.100Z,178634737210000
"""player 15 @ 4chnM3wbbk"" posts a big blind of 10",2026-08-10T07:36:11.069Z,178634737106905
"""player 16 @ uewFolxPCK"" posts a small blind of 5",2026-08-10T07:36:11.069Z,178634737106904
"Player stacks: #1 ""player 16 @ uewFolxPCK"" (1220) | #2 ""player 15 @ 4chnM3wbbk"" (780)",2026-08-10T07:36:11.069Z,178634737106901
"-- starting hand #39 (id: 8fu6prfe7azt)  No Limit Texas Hold'em (dealer: ""player 16 @ uewFolxPCK"") --",2026-08-10T07:36:11.069Z,178634737106900
"-- ending hand #38 --",2026-08-10T07:36:08.160Z,178634736816002
"""player 15 @ 4chnM3wbbk"" collected 20 from pot",2026-08-10T07:36:08.160Z,178634736816001
"Uncalled bet of 10 returned to ""player 15 @ 4chnM3wbbk""",2026-08-10T07:36:08.160Z,178634736816000
"""player 16 @ uewFolxPCK"" folds",2026-08-10T07:36:07.301Z,178634736730100
"""player 15 @ 4chnM3wbbk"" bets 10",2026-08-10T07:36:05.715Z,178634736571500
"""player 16 @ uewFolxPCK"" checks",2026-08-10T07:36:03.916Z,178634736391600
"River: 3♠, Q♠, 9♣, A♥ [3♣]",2026-08-10T07:36:01.536Z,178634736153600
"""player 15 @ 4chnM3wbbk"" checks",2026-08-10T07:36:00.653Z,178634736065300
"""player 16 @ uewFolxPCK"" checks",2026-08-10T07:35:58.819Z,178634735881900
"Turn: 3♠, Q♠, 9♣ [A♥]",2026-08-10T07:35:53.589Z,178634735358900
"""player 15 @ 4chnM3wbbk"" checks",2026-08-10T07:35:52.704Z,178634735270400
"""player 16 @ uewFolxPCK"" checks",2026-08-10T07:35:51.160Z,178634735116000
"Flop:  [3♠, Q♠, 9♣]",2026-08-10T07:35:48.188Z,178634734818800
"""player 16 @ uewFolxPCK"" checks",2026-08-10T07:35:47.382Z,178634734738200
"""player 15 @ 4chnM3wbbk"" calls 10",2026-08-10T07:35:46.432Z,178634734643200
"""player 16 @ uewFolxPCK"" posts a big blind of 10",2026-08-10T07:35:44.785Z,178634734478505
"""player 15 @ 4chnM3wbbk"" posts a small blind of 5",2026-08-10T07:35:44.785Z,178634734478504
"Player stacks: #1 ""player 16 @ uewFolxPCK"" (1230) | #2 ""player 15 @ 4chnM3wbbk"" (770)",2026-08-10T07:35:44.785Z,178634734478501
"-- starting hand #38 (id: hl1h8912r41h)  No Limit Texas Hold'em (dealer: ""player 15 @ 4chnM3wbbk"") --",2026-08-10T07:35:44.785Z,178634734478500
"Undealt cards:  [Q♠, 5♥, 9♦, Q♣, 10♠]",2026-08-10T07:35:39.806Z,178634733980600
"-- ending hand #37 --",2026-08-10T07:35:38.784Z,178634733878402
"""player 16 @ uewFolxPCK"" collected 20 from pot",2026-08-10T07:35:38.784Z,178634733878401
"Uncalled bet of 20 returned to ""player 16 @ uewFolxPCK""",2026-08-10T07:35:38.784Z,178634733878400
"""player 15 @ 4chnM3wbbk"" folds",2026-08-10T07:35:37.871Z,178634733787100
"""player 16 @ uewFolxPCK"" raises to 30",2026-08-10T07:35:36.302Z,178634733630200
"""player 15 @ 4chnM3wbbk"" posts a big blind of 10",2026-08-10T07:35:34.587Z,178634733458705
"""player 16 @ uewFolxPCK"" posts a small blind of 5",2026-08-10T07:35:34.587Z,178634733458704
"Player stacks: #1 ""player 16 @ uewFolxPCK"" (1220) | #2 ""player 15 @ 4chnM3wbbk"" (780)",2026-08-10T07:35:34.587Z,178634733458701
"-- starting hand #37 (id: vjjnqoxpoqad)  No Limit Texas Hold'em (dealer: ""player 16 @ uewFolxPCK"") --",2026-08-10T07:35:34.587Z,178634733458700
"Undealt cards:  [6♠, Q♠, K♦, 2♥, 2♠]",2026-08-10T07:35:28.795Z,178634732879500
"-- ending hand #36 --",2026-08-10T07:35:28.580Z,178634732858002
"""player 16 @ uewFolxPCK"" collected 60 from pot",2026-08-10T07:35:28.580Z,178634732858001
"Uncalled bet of 90 returned to ""player 16 @ uewFolxPCK""",2026-08-10T07:35:28.580Z,178634732858000
"""player 15 @ 4chnM3wbbk"" folds",2026-08-10T07:35:27.737Z,178634732773700
"""player 16 @ uewFolxPCK"" raises to 120",2026-08-10T07:35:25.307Z,178634732530700
"""player 15 @ 4chnM3wbbk"" raises to 30",2026-08-10T07:35:22.520Z,178634732252000
"""player 16 @ uewFolxPCK"" posts a big blind of 10",2026-08-10T07:35:19.463Z,178634731946305
"""player 15 @ 4chnM3wbbk"" posts a small blind of 5",2026-08-10T07:35:19.463Z,178634731946304
"Player stacks: #1 ""player 16 @ uewFolxPCK"" (1190) | #2 ""player 15 @ 4chnM3wbbk"" (810)",2026-08-10T07:35:19.463Z,178634731946301
"-- starting hand #36 (id: rj488frdizky)  No Limit Texas Hold'em (dealer: ""player 15 @ 4chnM3wbbk"") --",2026-08-10T07:35:19.463Z,178634731946300
"Undealt cards:  [10♥, 3♠, A♥, 3♥, Q♦]",2026-08-10T07:35:13.909Z,178634731390900
"-- ending hand #35 --",2026-08-10T07:35:13.556Z,178634731355602
"""player 15 @ 4chnM3wbbk"" collected 10 from pot",2026-08-10T07:35:13.556Z,178634731355601
"Uncalled bet of 5 returned to ""player 15 @ 4chnM3wbbk""",2026-08-10T07:35:13.556Z,178634731355600
"""player 16 @ uewFolxPCK"" folds",2026-08-10T07:35:12.667Z,178634731266700
"""player 15 @ 4chnM3wbbk"" posts a big blind of 10",2026-08-10T07:35:11.658Z,178634731165805
"""player 16 @ uewFolxPCK"" posts a small blind of 5",2026-08-10T07:35:11.658Z,178634731165804
"Player stacks: #1 ""player 16 @ uewFolxPCK"" (1195) | #2 ""player 15 @ 4chnM3wbbk"" (805)",2026-08-10T07:35:11.658Z,178634731165801
"-- starting hand #35 (id: krtadfj1ife5)  No Limit Texas Hold'em (dealer: ""player 16 @ uewFolxPCK"") --",2026-08-10T07:35:11.658Z,178634731165800
"Undealt cards:  [9♥, 7♦, A♠, 8♦, 5♣]",2026-08-10T07:35:05.955Z,178634730595500
"-- ending hand #34 --",2026-08-10T07:35:05.751Z,178634730575102
"""player 16 @ uewFolxPCK"" collected 10 from pot",2026-08-10T07:35:05.751Z,178634730575101
"Uncalled bet of 5 returned to ""player 16 @ uewFolxPCK""",2026-08-10T07:35:05.751Z,178634730575100
"""player 15 @ 4chnM3wbbk"" folds",2026-08-10T07:35:04.886Z,178634730488600
"""player 16 @ uewFolxPCK"" posts a big blind of 10",2026-08-10T07:35:02.750Z,178634730275005
"""player 15 @ 4chnM3wbbk"" posts a small blind of 5",2026-08-10T07:35:02.750Z,178634730275004
"Player stacks: #1 ""player 16 @ uewFolxPCK"" (1190) | #2 ""player 15 @ 4chnM3wbbk"" (810)",2026-08-10T07:35:02.750Z,178634730275001
"-- starting hand #34 (id: wg1mjl9mxhy0)  No Limit Texas Hold'em (dealer: ""player 15 @ 4chnM3wbbk"") --",2026-08-10T07:35:02.750Z,178634730275000
"-- ending hand #33 --",2026-08-10T07:34:59.756Z,178634729975602
"""player 15 @ 4chnM3wbbk"" collected 60 from pot",2026-08-10T07:34:59.756Z,178634729975601
"Uncalled bet of 20 returned to ""player 15 @ 4chnM3wbbk""",2026-08-10T07:34:59.756Z,178634729975600
"""player 16 @ uewFolxPCK"" folds",2026-08-10T07:34:58.909Z,178634729890900
"""player 15 @ 4chnM3wbbk"" bets 20",2026-08-10T07:34:52.828Z,178634729282800
"River: A♥, 4♠, 8♣, 10♣ [K♦]",2026-08-10T07:34:50.210Z,178634729021000
"""player 16 @ uewFolxPCK"" calls 10",2026-08-10T07:34:49.394Z,178634728939400
"""player 15 @ 4chnM3wbbk"" bets 10",2026-08-10T07:34:43.754Z,178634728375400
"Turn: A♥, 4♠, 8♣ [10♣]",2026-08-10T07:34:42.213Z,178634728221300
"""player 16 @ uewFolxPCK"" calls 10",2026-08-10T07:34:41.343Z,178634728134300
"""player 15 @ 4chnM3wbbk"" bets 10",2026-08-10T07:34:40.387Z,178634728038700
"Flop:  [A♥, 4♠, 8♣]",2026-08-10T07:34:37.599Z,178634727759900
"""player 15 @ 4chnM3wbbk"" checks",2026-08-10T07:34:36.720Z,178634727672000
"""player 16 @ uewFolxPCK"" calls 10",2026-08-10T07:34:35.030Z,178634727503000
"""player 15 @ 4chnM3wbbk"" posts a big blind of 10",2026-08-10T07:34:34.204Z,178634727420405
"""player 16 @ uewFolxPCK"" posts a small blind of 5",2026-08-10T07:34:34.204Z,178634727420404
"Player stacks: #1 ""player 16 @ uewFolxPCK"" (1220) | #2 ""player 15 @ 4chnM3wbbk"" (780)",2026-08-10T07:34:34.204Z,178634727420401
"-- starting hand #33 (id: uno96esiarnh)  No Limit Texas Hold'em (dealer: ""player 16 @ uewFolxPCK"") --",2026-08-10T07:34:34.204Z,178634727420400
"Undealt cards:  [K♠, 5♥, 7♠, A♣, 7♦]",2026-08-10T07:34:28.798Z,178634726879800
"-- ending hand #32 --",2026-08-10T07:34:28.202Z,178634726820202
"""player 16 @ uewFolxPCK"" collected 10 from pot",2026-08-10T07:34:28.202Z,178634726820201
"Uncalled bet of 5 returned to ""player 16 @ uewFolxPCK""",2026-08-10T07:34:28.202Z,178634726820200
"""player 15 @ 4chnM3wbbk"" folds",2026-08-10T07:34:27.387Z,178634726738700
"""player 16 @ uewFolxPCK"" posts a big blind of 10",2026-08-10T07:34:25.201Z,178634726520105
"""player 15 @ 4chnM3wbbk"" posts a small blind of 5",2026-08-10T07:34:25.201Z,178634726520104
"Player stacks: #1 ""player 16 @ uewFolxPCK"" (1215) | #2 ""player 15 @ 4chnM3wbbk"" (785)",2026-08-10T07:34:25.201Z,178634726520101
"-- starting hand #32 (id: myofkm9rts9c)  No Limit Texas Hold'em (dealer: ""player 15 @ 4chnM3wbbk"") --",2026-08-10T07:34:25.201Z,178634726520100
"""player 16 @ uewFolxPCK"" shows a A♥.",2026-08-10T07:34:20.436Z,178634726043600
"-- ending hand #31 --",2026-08-10T07:34:18.673Z,178634725867302
"""player 15 @ 4chnM3wbbk"" collected 360 from pot with Two Pair, A's & 9's (combination: K♦, 9♥, 9♣, A♦, A♠)",2026-08-10T07:34:18.673Z,178634725867301
"""player 15 @ 4chnM3wbbk"" shows a K♦, A♦.",2026-08-10T07:34:18.673Z,178634725867300
"""player 16 @ uewFolxPCK"" calls 120",2026-08-10T07:34:17.868Z,178634725786800
"""player 15 @ 4chnM3wbbk"" raises to 120",2026-08-10T07:34:09.682Z,178634724968200
"""player 16 @ uewFolxPCK"" raises to 40",2026-08-10T07:34:06.181Z,178634724618100
"""player 15 @ 4chnM3wbbk"" bets 10",2026-08-10T07:33:58.801Z,178634723880100
"River: A♠, 5♦, 9♥, 9♣ [10♦]",2026-08-10T07:33:51.796Z,178634723179600
"""player 16 @ uewFolxPCK"" checks",2026-08-10T07:33:50.907Z,178634723090700
"""player 15 @ 4chnM3wbbk"" checks",2026-08-10T07:33:49.771Z,178634722977100
"Turn: A♠, 5♦, 9♥ [9♣]",2026-08-10T07:33:46.909Z,178634722690900
"""player 16 @ uewFolxPCK"" checks",2026-08-10T07:33:46.103Z,178634722610300
"""player 15 @ 4chnM3wbbk"" checks",2026-08-10T07:33:44.342Z,178634722434200
"Flop:  [A♠, 5♦, 9♥]",2026-08-10T07:33:42.306Z,178634722230600
"""player 16 @ uewFolxPCK"" calls 60",2026-08-10T07:33:41.461Z,178634722146100
"""player 15 @ 4chnM3wbbk"" raises to 60",2026-08-10T07:33:36.471Z,178634721647100
"""player 16 @ uewFolxPCK"" raises to 30",2026-08-10T07:33:32.732Z,178634721273200
"""player 15 @ 4chnM3wbbk"" posts a big blind of 10",2026-08-10T07:33:30.972Z,178634721097205
"""player 16 @ uewFolxPCK"" posts a small blind of 5",2026-08-10T07:33:30.972Z,178634721097204
"Player stacks: #1 ""player 16 @ uewFolxPCK"" (1395) | #2 ""player 15 @ 4chnM3wbbk"" (605)",2026-08-10T07:33:30.972Z,178634721097201
"-- starting hand #31 (id: fk3ngtrmyzpw)  No Limit Texas Hold'em (dealer: ""player 16 @ uewFolxPCK"") --",2026-08-10T07:33:30.972Z,178634721097200
"""player 16 @ uewFolxPCK"" shows a Q♠, J♥.",2026-08-10T07:33:27.125Z,178634720712500
"Undealt cards:  [K♣, 3♥, 10♦, A♣, 5♠]",2026-08-10T07:33:25.157Z,178634720515700
"-- ending hand #30 --",2026-08-10T07:33:24.300Z,178634720430002
"""player 16 @ uewFolxPCK"" collected 10 from pot",2026-08-10T07:33:24.300Z,178634720430001
"Uncalled bet of 5 returned to ""player 16 @ uewFolxPCK""",2026-08-10T07:33:24.300Z,178634720430000
"""player 15 @ 4chnM3wbbk"" folds",2026-08-10T07:33:23.389Z,178634720338900
"""player 16 @ uewFolxPCK"" posts a big blind of 10",2026-08-10T07:33:22.099Z,178634720209905
"""player 15 @ 4chnM3wbbk"" posts a small blind of 5",2026-08-10T07:33:22.099Z,178634720209904
"Your hand is Q♠, J♥",2026-08-10T07:33:22.099Z,178634720209902
"Player stacks: #1 ""player 16 @ uewFolxPCK"" (1390) | #2 ""player 15 @ 4chnM3wbbk"" (610)",2026-08-10T07:33:22.099Z,178634720209901
"-- starting hand #30 (id: e5gtpj18sep7)  No Limit Texas Hold'em (dealer: ""player 15 @ 4chnM3wbbk"") --",2026-08-10T07:33:22.099Z,178634720209900
"-- ending hand #29 --",2026-08-10T07:33:19.155Z,178634719915502
"""player 15 @ 4chnM3wbbk"" collected 10 from pot",2026-08-10T07:33:19.155Z,178634719915501
"Uncalled bet of 5 returned to ""player 15 @ 4chnM3wbbk""",2026-08-10T07:33:19.155Z,178634719915500
"""player 16 @ uewFolxPCK"" folds",2026-08-10T07:33:18.297Z,178634719829700
"""player 15 @ 4chnM3wbbk"" posts a big blind of 10",2026-08-10T07:33:17.092Z,178634719709205
"""player 16 @ uewFolxPCK"" posts a small blind of 5",2026-08-10T07:33:17.092Z,178634719709204
"Player stacks: #1 ""player 16 @ uewFolxPCK"" (1395) | #2 ""player 15 @ 4chnM3wbbk"" (605)",2026-08-10T07:33:17.092Z,178634719709201
"-- starting hand #29 (id: uegzhr5gd8af)  No Limit Texas Hold'em (dealer: ""player 16 @ uewFolxPCK"") --",2026-08-10T07:33:17.092Z,178634719709200
"-- ending hand #28 --",2026-08-10T07:33:10.955Z,178634719095502
"""player 16 @ uewFolxPCK"" collected 20 from pot with Two Pair, 9's & 5's (combination: A♥, 5♠, 5♣, 9♣, 9♦)",2026-08-10T07:33:10.955Z,178634719095501
"""player 16 @ uewFolxPCK"" shows a 5♠, 8♥.",2026-08-10T07:33:10.955Z,178634719095500
"""player 15 @ 4chnM3wbbk"" checks",2026-08-10T07:33:10.102Z,178634719010200
"""player 16 @ uewFolxPCK"" checks",2026-08-10T07:33:08.786Z,178634718878600
"River: 6♥, 5♣, A♥, 9♣ [9♦]",2026-08-10T07:33:06.285Z,178634718628500
"""player 15 @ 4chnM3wbbk"" checks",2026-08-10T07:33:05.338Z,178634718533800
"""player 16 @ uewFolxPCK"" checks",2026-08-10T07:33:04.030Z,178634718403000
"Turn: 6♥, 5♣, A♥ [9♣]",2026-08-10T07:33:02.482Z,178634718248200
"""player 15 @ 4chnM3wbbk"" checks",2026-08-10T07:33:01.544Z,178634718154400
"""player 16 @ uewFolxPCK"" checks",2026-08-10T07:33:00.266Z,178634718026600
"Flop:  [6♥, 5♣, A♥]",2026-08-10T07:32:56.611Z,178634717661100
"""player 16 @ uewFolxPCK"" checks",2026-08-10T07:32:55.729Z,178634717572900
"""player 15 @ 4chnM3wbbk"" calls 10",2026-08-10T07:32:54.718Z,178634717471800
"""player 16 @ uewFolxPCK"" posts a big blind of 10",2026-08-10T07:32:53.406Z,178634717340605
"""player 15 @ 4chnM3wbbk"" posts a small blind of 5",2026-08-10T07:32:53.406Z,178634717340604
"Your hand is 5♠, 8♥",2026-08-10T07:32:53.406Z,178634717340602
"Player stacks: #1 ""player 16 @ uewFolxPCK"" (1385) | #2 ""player 15 @ 4chnM3wbbk"" (615)",2026-08-10T07:32:53.406Z,178634717340601
"-- starting hand #28 (id: adaoe5vbbxvb)  No Limit Texas Hold'em (dealer: ""player 15 @ 4chnM3wbbk"") --",2026-08-10T07:32:53.406Z,178634717340600
"Undealt cards: 9♥, 2♦, 6♠, 2♥ [3♦]",2026-08-10T07:32:47.563Z,178634716756300
"-- ending hand #27 --",2026-08-10T07:32:47.397Z,178634716739702
"""player 16 @ uewFolxPCK"" collected 100 from pot",2026-08-10T07:32:47.397Z,178634716739701
"Uncalled bet of 40 returned to ""player 16 @ uewFolxPCK""",2026-08-10T07:32:47.397Z,178634716739700
"""player 15 @ 4chnM3wbbk"" folds",2026-08-10T07:32:46.521Z,178634716652100
"""player 16 @ uewFolxPCK"" bets 40",2026-08-10T07:32:44.834Z,178634716483400
"""player 15 @ 4chnM3wbbk"" checks",2026-08-10T07:32:39.439Z,178634715943900
"Turn: 9♥, 2♦, 6♠ [2♥]",2026-08-10T07:32:37.838Z,178634715783800
"""player 15 @ 4chnM3wbbk"" calls 20",2026-08-10T07:32:37.010Z,178634715701000
"""player 16 @ uewFolxPCK"" bets 20",2026-08-10T07:32:35.043Z,178634715504300
"""player 15 @ 4chnM3wbbk"" checks",2026-08-10T07:32:31.418Z,178634715141800
"Flop:  [9♥, 2♦, 6♠]",2026-08-10T07:32:29.378Z,178634714937800
"""player 16 @ uewFolxPCK"" calls 30",2026-08-10T07:32:28.478Z,178634714847800
"""player 15 @ 4chnM3wbbk"" raises to 30",2026-08-10T07:32:26.767Z,178634714676700
"""player 16 @ uewFolxPCK"" calls 10",2026-08-10T07:32:22.858Z,178634714285800
"""player 15 @ 4chnM3wbbk"" posts a big blind of 10",2026-08-10T07:32:21.977Z,178634714197705
"""player 16 @ uewFolxPCK"" posts a small blind of 5",2026-08-10T07:32:21.977Z,178634714197704
"Player stacks: #1 ""player 16 @ uewFolxPCK"" (1335) | #2 ""player 15 @ 4chnM3wbbk"" (665)",2026-08-10T07:32:21.977Z,178634714197701
"-- starting hand #27 (id: ulibd63ahwk2)  No Limit Texas Hold'em (dealer: ""player 16 @ uewFolxPCK"") --",2026-08-10T07:32:21.977Z,178634714197700
"-- ending hand #26 --",2026-08-10T07:32:15.971Z,178634713597102
"""player 16 @ uewFolxPCK"" collected 280 from pot with Three of a Kind, K's (combination: 10♠, J♦, K♥, K♦, K♣)",2026-08-10T07:32:15.971Z,178634713597101
"""player 16 @ uewFolxPCK"" shows a 3♣, K♥.",2026-08-10T07:32:15.971Z,178634713597100
"""player 15 @ 4chnM3wbbk"" calls 120",2026-08-10T07:32:15.083Z,178634713508300
"""player 16 @ uewFolxPCK"" raises to 120",2026-08-10T07:32:13.839Z,178634713383900
"""player 15 @ 4chnM3wbbk"" bets 20",2026-08-10T07:32:06.857Z,178634712685700
"""player 16 @ uewFolxPCK"" checks",2026-08-10T07:32:02.069Z,178634712206900
"River: K♦, 4♠, K♣, J♦ [10♠]",2026-08-10T07:32:00.479Z,178634712047900
"""player 15 @ 4chnM3wbbk"" checks",2026-08-10T07:31:59.655Z,178634711965500
"""player 16 @ uewFolxPCK"" checks",2026-08-10T07:31:58.229Z,178634711822900
"Turn: K♦, 4♠, K♣ [J♦]",2026-08-10T07:31:55.578Z,178634711557800
"""player 16 @ uewFolxPCK"" calls 10",2026-08-10T07:31:54.715Z,178634711471500
"""player 15 @ 4chnM3wbbk"" bets 10",2026-08-10T07:31:49.023Z,178634710902300
"""player 16 @ uewFolxPCK"" checks",2026-08-10T07:31:45.611Z,178634710561100
"Flop:  [K♦, 4♠, K♣]",2026-08-10T07:31:43.869Z,178634710386900
"""player 16 @ uewFolxPCK"" checks",2026-08-10T07:31:43.061Z,178634710306100
"""player 15 @ 4chnM3wbbk"" calls 10",2026-08-10T07:31:41.405Z,178634710140500
"""player 16 @ uewFolxPCK"" posts a big blind of 10",2026-08-10T07:31:35.777Z,178634709577705
"""player 15 @ 4chnM3wbbk"" posts a small blind of 5",2026-08-10T07:31:35.777Z,178634709577704
"Your hand is 3♣, K♥",2026-08-10T07:31:35.777Z,178634709577702
"Player stacks: #1 ""player 16 @ uewFolxPCK"" (1195) | #2 ""player 15 @ 4chnM3wbbk"" (805)",2026-08-10T07:31:35.777Z,178634709577701
"-- starting hand #26 (id: 9lnai8xew8xy)  No Limit Texas Hold'em (dealer: ""player 15 @ 4chnM3wbbk"") --",2026-08-10T07:31:35.777Z,178634709577700
"-- ending hand #25 --",2026-08-10T07:31:29.756Z,178634708975602
"""player 15 @ 4chnM3wbbk"" collected 120 from pot with Pair, 9's (combination: 6♦, 10♠, A♣, 9♠, 9♥)",2026-08-10T07:31:29.756Z,178634708975601
"""player 15 @ 4chnM3wbbk"" shows a 9♠, 6♦.",2026-08-10T07:31:29.756Z,178634708975600
"""player 16 @ uewFolxPCK"" checks",2026-08-10T07:31:28.951Z,178634708895100
"""player 15 @ 4chnM3wbbk"" checks",2026-08-10T07:31:21.442Z,178634708144200
"River: 10♠, 9♥, A♣, 4♦ [3♦]",2026-08-10T07:31:19.669Z,178634707966900
"""player 16 @ uewFolxPCK"" checks",2026-08-10T07:31:18.846Z,178634707884600
"""player 15 @ 4chnM3wbbk"" checks",2026-08-10T07:31:16.122Z,178634707612200
"Turn: 10♠, 9♥, A♣ [4♦]",2026-08-10T07:31:14.186Z,178634707418600
"""player 16 @ uewFolxPCK"" calls 30",2026-08-10T07:31:13.379Z,178634707337900
"""player 15 @ 4chnM3wbbk"" bets 30",2026-08-10T07:30:57.726Z,178634705772600
"Flop:  [10♠, 9♥, A♣]",2026-08-10T07:30:53.876Z,178634705387600
"""player 15 @ 4chnM3wbbk"" calls 30",2026-08-10T07:30:53.018Z,178634705301800
"""player 16 @ uewFolxPCK"" raises to 30",2026-08-10T07:30:51.531Z,178634705153100
"""player 15 @ 4chnM3wbbk"" posts a big blind of 10",2026-08-10T07:30:49.393Z,178634704939305
"""player 16 @ uewFolxPCK"" posts a small blind of 5",2026-08-10T07:30:49.393Z,178634704939304
"Player stacks: #1 ""player 16 @ uewFolxPCK"" (1255) | #2 ""player 15 @ 4chnM3wbbk"" (745)",2026-08-10T07:30:49.393Z,178634704939301
"-- starting hand #25 (id: m0zh9dt9zkiz)  No Limit Texas Hold'em (dealer: ""player 16 @ uewFolxPCK"") --",2026-08-10T07:30:49.393Z,178634704939300
"Undealt cards: K♦, 2♦, 6♦ [9♠, 4♣]",2026-08-10T07:30:43.630Z,178634704363000
"-- ending hand #24 --",2026-08-10T07:30:43.469Z,178634704346902
"""player 16 @ uewFolxPCK"" collected 60 from pot",2026-08-10T07:30:43.469Z,178634704346901
"Uncalled bet of 30 returned to ""player 16 @ uewFolxPCK""",2026-08-10T07:30:43.469Z,178634704346900
"""player 15 @ 4chnM3wbbk"" folds",2026-08-10T07:30:42.636Z,178634704263600
"""player 16 @ uewFolxPCK"" bets 30",2026-08-10T07:30:38.567Z,178634703856700
"Flop:  [K♦, 2♦, 6♦]",2026-08-10T07:30:30.066Z,178634703006600
"""player 15 @ 4chnM3wbbk"" calls 30",2026-08-10T07:30:29.206Z,178634702920600
"""player 16 @ uewFolxPCK"" raises to 30",2026-08-10T07:30:27.209Z,178634702720900
"""player 15 @ 4chnM3wbbk"" calls 10",2026-08-10T07:30:22.623Z,178634702262300
"""player 16 @ uewFolxPCK"" posts a big blind of 10",2026-08-10T07:30:19.767Z,178634701976705
"""player 15 @ 4chnM3wbbk"" posts a small blind of 5",2026-08-10T07:30:19.767Z,178634701976704
"Player stacks: #1 ""player 16 @ uewFolxPCK"" (1225) | #2 ""player 15 @ 4chnM3wbbk"" (775)",2026-08-10T07:30:19.767Z,178634701976701
"-- starting hand #24 (id: znkdw5y8culw)  No Limit Texas Hold'em (dealer: ""player 15 @ 4chnM3wbbk"") --",2026-08-10T07:30:19.767Z,178634701976700
"-- ending hand #23 --",2026-08-10T07:30:13.855Z,178634701385502
"""player 15 @ 4chnM3wbbk"" collected 10 from pot",2026-08-10T07:30:13.855Z,178634701385501
"Uncalled bet of 5 returned to ""player 15 @ 4chnM3wbbk""",2026-08-10T07:30:13.855Z,178634701385500
"""player 16 @ uewFolxPCK"" folds",2026-08-10T07:30:12.962Z,178634701296200
"""player 15 @ 4chnM3wbbk"" posts a big blind of 10",2026-08-10T07:30:12.061Z,178634701206105
"""player 16 @ uewFolxPCK"" posts a small blind of 5",2026-08-10T07:30:12.061Z,178634701206104
"Player stacks: #1 ""player 16 @ uewFolxPCK"" (1230) | #2 ""player 15 @ 4chnM3wbbk"" (770)",2026-08-10T07:30:12.061Z,178634701206101
"-- starting hand #23 (id: a0g3miexanjv)  No Limit Texas Hold'em (dealer: ""player 16 @ uewFolxPCK"") --",2026-08-10T07:30:12.061Z,178634701206100
"Undealt cards:  [A♥, 7♦, K♥, 2♦, 4♥]",2026-08-10T07:30:07.160Z,178634700716000
"-- ending hand #22 --",2026-08-10T07:30:06.104Z,178634700610402
"""player 16 @ uewFolxPCK"" collected 10 from pot",2026-08-10T07:30:06.104Z,178634700610401
"Uncalled bet of 5 returned to ""player 16 @ uewFolxPCK""",2026-08-10T07:30:06.104Z,178634700610400
"""player 15 @ 4chnM3wbbk"" folds",2026-08-10T07:30:05.270Z,178634700527000
"""player 16 @ uewFolxPCK"" posts a big blind of 10",2026-08-10T07:30:01.381Z,178634700138105
"""player 15 @ 4chnM3wbbk"" posts a small blind of 5",2026-08-10T07:30:01.381Z,178634700138104
"Player stacks: #1 ""player 16 @ uewFolxPCK"" (1225) | #2 ""player 15 @ 4chnM3wbbk"" (775)",2026-08-10T07:30:01.381Z,178634700138101
"-- starting hand #22 (id: syvctcbflhlc)  No Limit Texas Hold'em (dealer: ""player 15 @ 4chnM3wbbk"") --",2026-08-10T07:30:01.381Z,178634700138100
"-- ending hand #21 --",2026-08-10T07:29:58.366Z,178634699836602
"""player 16 @ uewFolxPCK"" collected 20 from pot",2026-08-10T07:29:58.366Z,178634699836601
"Uncalled bet of 20 returned to ""player 16 @ uewFolxPCK""",2026-08-10T07:29:58.366Z,178634699836600
"""player 15 @ 4chnM3wbbk"" folds",2026-08-10T07:29:57.557Z,178634699755700
"""player 16 @ uewFolxPCK"" bets 20",2026-08-10T07:29:52.435Z,178634699243500
"""player 15 @ 4chnM3wbbk"" checks",2026-08-10T07:29:49.988Z,178634698998800
"River: 8♣, J♥, 3♦, 4♠ [9♥]",2026-08-10T07:29:33.388Z,178634697338800
"""player 16 @ uewFolxPCK"" checks",2026-08-10T07:29:32.507Z,178634697250700
"""player 15 @ 4chnM3wbbk"" checks",2026-08-10T07:29:18.620Z,178634695862000
"Turn: 8♣, J♥, 3♦ [4♠]",2026-08-10T07:29:16.993Z,178634695699300
"""player 16 @ uewFolxPCK"" checks",2026-08-10T07:29:16.168Z,178634695616800
"""player 15 @ 4chnM3wbbk"" checks",2026-08-10T07:29:13.642Z,178634695364200
"Flop:  [8♣, J♥, 3♦]",2026-08-10T07:29:02.588Z,178634694258800
"""player 15 @ 4chnM3wbbk"" checks",2026-08-10T07:29:01.765Z,178634694176500
"""player 16 @ uewFolxPCK"" calls 10",2026-08-10T07:28:59.443Z,178634693944300
"""player 15 @ 4chnM3wbbk"" posts a big blind of 10",2026-08-10T07:28:58.072Z,178634693807205
"""player 16 @ uewFolxPCK"" posts a small blind of 5",2026-08-10T07:28:58.072Z,178634693807204
"Player stacks: #1 ""player 16 @ uewFolxPCK"" (1215) | #2 ""player 15 @ 4chnM3wbbk"" (785)",2026-08-10T07:28:58.072Z,178634693807201
"-- starting hand #21 (id: z6jn0cm6e57w)  No Limit Texas Hold'em (dealer: ""player 16 @ uewFolxPCK"") --",2026-08-10T07:28:58.072Z,178634693807200
"Undealt cards:  [A♣, 10♣, K♦, 2♦, 5♥]",2026-08-10T07:28:52.435Z,178634693243500
"-- ending hand #20 --",2026-08-10T07:28:52.162Z,178634693216202
"""player 16 @ uewFolxPCK"" collected 10 from pot",2026-08-10T07:28:52.162Z,178634693216201
"Uncalled bet of 5 returned to ""player 16 @ uewFolxPCK""",2026-08-10T07:28:52.162Z,178634693216200
"""player 15 @ 4chnM3wbbk"" folds",2026-08-10T07:28:51.308Z,178634693130800
"""player 16 @ uewFolxPCK"" posts a big blind of 10",2026-08-10T07:28:49.385Z,178634692938505
"""player 15 @ 4chnM3wbbk"" posts a small blind of 5",2026-08-10T07:28:49.385Z,178634692938504
"Player stacks: #1 ""player 16 @ uewFolxPCK"" (1210) | #2 ""player 15 @ 4chnM3wbbk"" (790)",2026-08-10T07:28:49.385Z,178634692938501
"-- starting hand #20 (id: oclyhrvoviay)  No Limit Texas Hold'em (dealer: ""player 15 @ 4chnM3wbbk"") --",2026-08-10T07:28:49.385Z,178634692938500
"Undealt cards: Q♣, 10♣, 2♣, 4♣ [J♥]",2026-08-10T07:28:43.646Z,178634692364600
"-- ending hand #19 --",2026-08-10T07:28:43.467Z,178634692346702
"""player 15 @ 4chnM3wbbk"" collected 120 from pot",2026-08-10T07:28:43.467Z,178634692346701
"Uncalled bet of 50 returned to ""player 15 @ 4chnM3wbbk""",2026-08-10T07:28:43.467Z,178634692346700
"""player 16 @ uewFolxPCK"" folds",2026-08-10T07:28:42.585Z,178634692258500
"""player 15 @ 4chnM3wbbk"" bets 50",2026-08-10T07:28:35.933Z,178634691593300
"Turn: Q♣, 10♣, 2♣ [4♣]",2026-08-10T07:28:32.062Z,178634691206200
"""player 16 @ uewFolxPCK"" checks",2026-08-10T07:28:31.239Z,178634691123900
"""player 15 @ 4chnM3wbbk"" checks",2026-08-10T07:28:28.438Z,178634690843800
"Flop:  [Q♣, 10♣, 2♣]",2026-08-10T07:28:26.660Z,178634690666000
"""player 16 @ uewFolxPCK"" calls 60",2026-08-10T07:28:25.815Z,178634690581500
"""player 15 @ 4chnM3wbbk"" raises to 60",2026-08-10T07:28:22.618Z,178634690261800
"""player 16 @ uewFolxPCK"" raises to 30",2026-08-10T07:28:04.430Z,178634688443000
"""player 15 @ 4chnM3wbbk"" posts a big blind of 10",2026-08-10T07:28:01.499Z,178634688149905
"""player 16 @ uewFolxPCK"" posts a small blind of 5",2026-08-10T07:28:01.499Z,178634688149904
"Player stacks: #1 ""player 16 @ uewFolxPCK"" (1270) | #2 ""player 15 @ 4chnM3wbbk"" (730)",2026-08-10T07:28:01.499Z,178634688149901
"-- starting hand #19 (id: csgopenvl96p)  No Limit Texas Hold'em (dealer: ""player 16 @ uewFolxPCK"") --",2026-08-10T07:28:01.499Z,178634688149900
"-- ending hand #18 --",2026-08-10T07:27:55.468Z,178634687546802
"""player 16 @ uewFolxPCK"" collected 540 from pot with Pair, 10's (combination: 8♥, Q♥, A♣, 10♥, 10♣)",2026-08-10T07:27:55.468Z,178634687546801
"""player 16 @ uewFolxPCK"" shows a 10♥, 10♣.",2026-08-10T07:27:55.468Z,178634687546800
"""player 15 @ 4chnM3wbbk"" calls 135",2026-08-10T07:27:54.642Z,178634687464200
"""player 16 @ uewFolxPCK"" bets 135",2026-08-10T07:27:46.573Z,178634686657300
"River: 7♣, 3♠, Q♥, 8♥ [A♣]",2026-08-10T07:27:42.367Z,178634686236700
"""player 16 @ uewFolxPCK"" calls 45",2026-08-10T07:27:41.520Z,178634686152000
"""player 15 @ 4chnM3wbbk"" bets 45",2026-08-10T07:27:25.543Z,178634684554300
"""player 16 @ uewFolxPCK"" checks",2026-08-10T07:27:21.500Z,178634684150000
"Turn: 7♣, 3♠, Q♥ [8♥]",2026-08-10T07:27:11.935Z,178634683193500
"""player 15 @ 4chnM3wbbk"" calls 30",2026-08-10T07:27:11.028Z,178634683102800
"""player 16 @ uewFolxPCK"" bets 30",2026-08-10T07:27:07.839Z,178634682783900
"Flop:  [7♣, 3♠, Q♥]",2026-08-10T07:27:01.169Z,178634682116900
"""player 15 @ 4chnM3wbbk"" calls 60",2026-08-10T07:27:00.295Z,178634682029500
"""player 16 @ uewFolxPCK"" raises to 60",2026-08-10T07:26:58.319Z,178634681831900
"""player 15 @ 4chnM3wbbk"" raises to 20",2026-08-10T07:26:48.851Z,178634680885100
"""player 16 @ uewFolxPCK"" posts a big blind of 10",2026-08-10T07:26:44.838Z,178634680483805
"""player 15 @ 4chnM3wbbk"" posts a small blind of 5",2026-08-10T07:26:44.838Z,178634680483804
"Your hand is 10♥, 10♣",2026-08-10T07:26:44.838Z,178634680483802
"Player stacks: #1 ""player 16 @ uewFolxPCK"" (1000) | #2 ""player 15 @ 4chnM3wbbk"" (1000)",2026-08-10T07:26:44.838Z,178634680483801
"-- starting hand #18 (id: 5oio0tkuj71p)  No Limit Texas Hold'em (dealer: ""player 15 @ 4chnM3wbbk"") --",2026-08-10T07:26:44.838Z,178634680483800
"Undealt cards:  [4♥, 8♥, 5♣, A♥, 10♣]",2026-08-10T07:26:39.341Z,178634679934100
"-- ending hand #17 --",2026-08-10T07:26:38.904Z,178634679890402
"""player 15 @ 4chnM3wbbk"" collected 10 from pot",2026-08-10T07:26:38.904Z,178634679890401
"Uncalled bet of 5 returned to ""player 15 @ 4chnM3wbbk""",2026-08-10T07:26:38.904Z,178634679890400
"""player 16 @ uewFolxPCK"" folds",2026-08-10T07:26:38.091Z,178634679809100
"""player 15 @ 4chnM3wbbk"" posts a big blind of 10",2026-08-10T07:26:36.213Z,178634679621305
"""player 16 @ uewFolxPCK"" posts a small blind of 5",2026-08-10T07:26:36.213Z,178634679621304
"Player stacks: #1 ""player 16 @ uewFolxPCK"" (1005) | #2 ""player 15 @ 4chnM3wbbk"" (995)",2026-08-10T07:26:36.213Z,178634679621301
"-- starting hand #17 (id: dp7qrtwdzbyb)  No Limit Texas Hold'em (dealer: ""player 16 @ uewFolxPCK"") --",2026-08-10T07:26:36.213Z,178634679621300
"-- ending hand #16 --",2026-08-10T07:26:33.213Z,178634679321302
"""player 16 @ uewFolxPCK"" collected 10 from pot",2026-08-10T07:26:33.213Z,178634679321301
"Uncalled bet of 5 returned to ""player 16 @ uewFolxPCK""",2026-08-10T07:26:33.213Z,178634679321300
"""player 15 @ 4chnM3wbbk"" folds",2026-08-10T07:26:32.359Z,178634679235900
"""player 16 @ uewFolxPCK"" posts a big blind of 10",2026-08-10T07:26:29.409Z,178634678940905
"""player 15 @ 4chnM3wbbk"" posts a small blind of 5",2026-08-10T07:26:29.409Z,178634678940904
"Player stacks: #1 ""player 16 @ uewFolxPCK"" (1000) | #2 ""player 15 @ 4chnM3wbbk"" (1000)",2026-08-10T07:26:29.409Z,178634678940901
"-- starting hand #16 (id: nhxlaffl2d32)  No Limit Texas Hold'em (dealer: ""player 15 @ 4chnM3wbbk"") --",2026-08-10T07:26:29.409Z,178634678940900
"-- ending hand #15 --",2026-08-10T07:26:26.494Z,178634678649402
"""player 15 @ 4chnM3wbbk"" collected 10 from pot",2026-08-10T07:26:26.494Z,178634678649401
"Uncalled bet of 5 returned to ""player 15 @ 4chnM3wbbk""",2026-08-10T07:26:26.494Z,178634678649400
"""player 16 @ uewFolxPCK"" folds",2026-08-10T07:26:25.685Z,178634678568500
"""player 15 @ 4chnM3wbbk"" posts a big blind of 10",2026-08-10T07:26:24.610Z,178634678461005
"""player 16 @ uewFolxPCK"" posts a small blind of 5",2026-08-10T07:26:24.610Z,178634678461004
"Player stacks: #1 ""player 16 @ uewFolxPCK"" (1005) | #2 ""player 15 @ 4chnM3wbbk"" (995)",2026-08-10T07:26:24.610Z,178634678461001
"-- starting hand #15 (id: ubmfcsbx72ex)  No Limit Texas Hold'em (dealer: ""player 16 @ uewFolxPCK"") --",2026-08-10T07:26:24.610Z,178634678461000
"Undealt cards:  [6♥, K♦, 9♥, 3♣, 6♦]",2026-08-10T07:26:18.949Z,178634677894900
"-- ending hand #14 --",2026-08-10T07:26:18.689Z,178634677868902
"""player 15 @ 4chnM3wbbk"" collected 20 from pot",2026-08-10T07:26:18.689Z,178634677868901
"Uncalled bet of 10 returned to ""player 15 @ 4chnM3wbbk""",2026-08-10T07:26:18.689Z,178634677868900
"""player 16 @ uewFolxPCK"" folds",2026-08-10T07:26:17.881Z,178634677788100
"""player 15 @ 4chnM3wbbk"" raises to 20",2026-08-10T07:26:16.925Z,178634677692500
"""player 16 @ uewFolxPCK"" posts a big blind of 10",2026-08-10T07:26:13.201Z,178634677320105
"""player 15 @ 4chnM3wbbk"" posts a small blind of 5",2026-08-10T07:26:13.201Z,178634677320104
"Player stacks: #1 ""player 16 @ uewFolxPCK"" (1015) | #2 ""player 15 @ 4chnM3wbbk"" (985)",2026-08-10T07:26:13.201Z,178634677320101
"-- starting hand #14 (id: jq5nlamebiri)  No Limit Texas Hold'em (dealer: ""player 15 @ 4chnM3wbbk"") --",2026-08-10T07:26:13.201Z,178634677320100
"Undealt cards:  [Q♥, 6♣, Q♠, K♠, 6♠]",2026-08-10T07:26:12.882Z,178634677288200
"-- ending hand #13 --",2026-08-10T07:26:07.288Z,178634676728802
"""player 15 @ 4chnM3wbbk"" collected 10 from pot",2026-08-10T07:26:07.288Z,178634676728801
"Uncalled bet of 5 returned to ""player 15 @ 4chnM3wbbk""",2026-08-10T07:26:07.288Z,178634676728800
"""player 16 @ uewFolxPCK"" folds",2026-08-10T07:26:06.475Z,178634676647500
"""player 15 @ 4chnM3wbbk"" posts a big blind of 10",2026-08-10T07:26:05.484Z,178634676548405
"""player 16 @ uewFolxPCK"" posts a small blind of 5",2026-08-10T07:26:05.484Z,178634676548404
"Player stacks: #1 ""player 16 @ uewFolxPCK"" (1020) | #2 ""player 15 @ 4chnM3wbbk"" (980)",2026-08-10T07:26:05.484Z,178634676548401
"-- starting hand #13 (id: wjdtrt3vb0dn)  No Limit Texas Hold'em (dealer: ""player 16 @ uewFolxPCK"") --",2026-08-10T07:26:05.484Z,178634676548400
"-- ending hand #12 --",2026-08-10T07:26:02.572Z,178634676257202
"""player 15 @ 4chnM3wbbk"" collected 40 from pot",2026-08-10T07:26:02.572Z,178634676257201
"Uncalled bet of 10 returned to ""player 15 @ 4chnM3wbbk""",2026-08-10T07:26:02.572Z,178634676257200
"""player 16 @ uewFolxPCK"" folds",2026-08-10T07:26:01.736Z,178634676173600
"""player 15 @ 4chnM3wbbk"" bets 10",2026-08-10T07:25:59.111Z,178634675911100
"""player 16 @ uewFolxPCK"" checks",2026-08-10T07:25:57.725Z,178634675772500
"River: 7♣, K♥, Q♦, 5♥ [10♠]",2026-08-10T07:25:51.902Z,178634675190200
"""player 15 @ 4chnM3wbbk"" checks",2026-08-10T07:25:51.075Z,178634675107500
"""player 16 @ uewFolxPCK"" checks",2026-08-10T07:25:48.998Z,178634674899800
"Turn: 7♣, K♥, Q♦ [5♥]",2026-08-10T07:25:43.138Z,178634674313800
"""player 16 @ uewFolxPCK"" calls 10",2026-08-10T07:25:42.324Z,178634674232400
"""player 15 @ 4chnM3wbbk"" bets 10",2026-08-10T07:25:39.310Z,178634673931000
"""player 16 @ uewFolxPCK"" checks",2026-08-10T07:25:36.228Z,178634673622800
"Flop:  [7♣, K♥, Q♦]",2026-08-10T07:25:33.288Z,178634673328800
"""player 16 @ uewFolxPCK"" checks",2026-08-10T07:25:32.472Z,178634673247200
"""player 15 @ 4chnM3wbbk"" calls 10",2026-08-10T07:25:30.808Z,178634673080800
"""player 16 @ uewFolxPCK"" posts a big blind of 10",2026-08-10T07:25:28.331Z,178634672833105
"""player 15 @ 4chnM3wbbk"" posts a small blind of 5",2026-08-10T07:25:28.331Z,178634672833104
"Player stacks: #1 ""player 16 @ uewFolxPCK"" (1040) | #2 ""player 15 @ 4chnM3wbbk"" (960)",2026-08-10T07:25:28.331Z,178634672833101
"-- starting hand #12 (id: ivsofkc0kqmo)  No Limit Texas Hold'em (dealer: ""player 15 @ 4chnM3wbbk"") --",2026-08-10T07:25:28.331Z,178634672833100
"Undealt cards:  [6♦, 9♣, 5♦, 7♥, K♠]",2026-08-10T07:25:23.892Z,178634672389200
"-- ending hand #11 --",2026-08-10T07:25:22.403Z,178634672240302
"""player 15 @ 4chnM3wbbk"" collected 10 from pot",2026-08-10T07:25:22.403Z,178634672240301
"Uncalled bet of 5 returned to ""player 15 @ 4chnM3wbbk""",2026-08-10T07:25:22.403Z,178634672240300
"""player 16 @ uewFolxPCK"" folds",2026-08-10T07:25:21.566Z,178634672156600
"""player 15 @ 4chnM3wbbk"" posts a big blind of 10",2026-08-10T07:25:20.602Z,178634672060205
"""player 16 @ uewFolxPCK"" posts a small blind of 5",2026-08-10T07:25:20.602Z,178634672060204
"Player stacks: #1 ""player 16 @ uewFolxPCK"" (1045) | #2 ""player 15 @ 4chnM3wbbk"" (955)",2026-08-10T07:25:20.602Z,178634672060201
"-- starting hand #11 (id: j7bp6vpctkwl)  No Limit Texas Hold'em (dealer: ""player 16 @ uewFolxPCK"") --",2026-08-10T07:25:20.602Z,178634672060200
"Undealt cards: Q♠, 3♦, 6♠, 5♥ [5♣]",2026-08-10T07:25:14.919Z,178634671491900
"-- ending hand #10 --",2026-08-10T07:25:14.671Z,178634671467102
"""player 16 @ uewFolxPCK"" collected 80 from pot",2026-08-10T07:25:14.671Z,178634671467101
"Uncalled bet of 60 returned to ""player 16 @ uewFolxPCK""",2026-08-10T07:25:14.671Z,178634671467100
"""player 15 @ 4chnM3wbbk"" folds",2026-08-10T07:25:13.862Z,178634671386200
"""player 16 @ uewFolxPCK"" bets 60",2026-08-10T07:25:11.726Z,178634671172600
"Turn: Q♠, 3♦, 6♠ [5♥]",2026-08-10T07:25:06.469Z,178634670646900
"""player 15 @ 4chnM3wbbk"" calls 20",2026-08-10T07:25:05.622Z,178634670562200
"""player 16 @ uewFolxPCK"" bets 20",2026-08-10T07:25:04.445Z,178634670444500
"Flop:  [Q♠, 3♦, 6♠]",2026-08-10T07:24:57.307Z,178634669730700
"""player 16 @ uewFolxPCK"" calls 20",2026-08-10T07:24:56.487Z,178634669648700
"""player 15 @ 4chnM3wbbk"" raises to 20",2026-08-10T07:24:53.639Z,178634669363900
"""player 16 @ uewFolxPCK"" posts a big blind of 10",2026-08-10T07:24:49.106Z,178634668910605
"""player 15 @ 4chnM3wbbk"" posts a small blind of 5",2026-08-10T07:24:49.106Z,178634668910604
"Player stacks: #1 ""player 16 @ uewFolxPCK"" (1005) | #2 ""player 15 @ 4chnM3wbbk"" (995)",2026-08-10T07:24:49.106Z,178634668910601
"-- starting hand #10 (id: lgao7kpasv7v)  No Limit Texas Hold'em (dealer: ""player 15 @ 4chnM3wbbk"") --",2026-08-10T07:24:49.106Z,178634668910600
"Undealt cards:  [J♥, 8♦, Q♠, 4♦, 5♦]",2026-08-10T07:24:43.467Z,178634668346700
"-- ending hand #9 --",2026-08-10T07:24:43.101Z,178634668310102
"""player 16 @ uewFolxPCK"" collected 20 from pot",2026-08-10T07:24:43.101Z,178634668310101
"Uncalled bet of 20 returned to ""player 16 @ uewFolxPCK""",2026-08-10T07:24:43.101Z,178634668310100
"""player 15 @ 4chnM3wbbk"" folds",2026-08-10T07:24:42.243Z,178634668224300
"""player 16 @ uewFolxPCK"" raises to 30",2026-08-10T07:24:40.805Z,178634668080500
"""player 15 @ 4chnM3wbbk"" posts a big blind of 10",2026-08-10T07:24:38.294Z,178634667829405
"""player 16 @ uewFolxPCK"" posts a small blind of 5",2026-08-10T07:24:38.294Z,178634667829404
"Player stacks: #1 ""player 16 @ uewFolxPCK"" (995) | #2 ""player 15 @ 4chnM3wbbk"" (1005)",2026-08-10T07:24:38.294Z,178634667829401
"-- starting hand #9 (id: wgupromkujcl)  No Limit Texas Hold'em (dealer: ""player 16 @ uewFolxPCK"") --",2026-08-10T07:24:38.294Z,178634667829400
"-- ending hand #8 --",2026-08-10T07:24:32.292Z,178634667229203
"""player 15 @ 4chnM3wbbk"" collected 40 from pot with Pair, J's (combination: 8♥, 9♥, K♣, J♠, J♦)",2026-08-10T07:24:32.292Z,178634667229202
"""player 15 @ 4chnM3wbbk"" shows a J♠, 9♥.",2026-08-10T07:24:32.292Z,178634667229201
"""player 16 @ uewFolxPCK"" shows a 5♦, 3♥.",2026-08-10T07:24:32.292Z,178634667229200
"""player 15 @ 4chnM3wbbk"" calls 10",2026-08-10T07:24:31.446Z,178634667144600
"""player 16 @ uewFolxPCK"" bets 10",2026-08-10T07:24:30.420Z,178634667042000
"River: J♦, 8♥, 6♥, 3♦ [K♣]",2026-08-10T07:24:28.488Z,178634666848800
"""player 15 @ 4chnM3wbbk"" checks",2026-08-10T07:24:27.610Z,178634666761000
"""player 16 @ uewFolxPCK"" checks",2026-08-10T07:24:26.298Z,178634666629800
"Turn: J♦, 8♥, 6♥ [3♦]",2026-08-10T07:24:25.086Z,178634666508600
"""player 15 @ 4chnM3wbbk"" checks",2026-08-10T07:24:24.210Z,178634666421000
"""player 16 @ uewFolxPCK"" checks",2026-08-10T07:24:22.176Z,178634666217600
"Flop:  [J♦, 8♥, 6♥]",2026-08-10T07:24:17.514Z,178634665751400
"""player 16 @ uewFolxPCK"" checks",2026-08-10T07:24:16.601Z,178634665660100
"""player 15 @ 4chnM3wbbk"" calls 10",2026-08-10T07:24:14.045Z,178634665404500
"""player 16 @ uewFolxPCK"" posts a big blind of 10",2026-08-10T07:24:02.483Z,178634664248305
"""player 15 @ 4chnM3wbbk"" posts a small blind of 5",2026-08-10T07:24:02.483Z,178634664248304
"Your hand is 5♦, 3♥",2026-08-10T07:24:02.483Z,178634664248302
"Player stacks: #1 ""player 16 @ uewFolxPCK"" (1015) | #2 ""player 15 @ 4chnM3wbbk"" (985)",2026-08-10T07:24:02.483Z,178634664248301
"-- starting hand #8 (id: laazixyxpfzs)  No Limit Texas Hold'em (dealer: ""player 15 @ 4chnM3wbbk"") --",2026-08-10T07:24:02.483Z,178634664248300
"Undealt cards:  [Q♠, 5♠, 10♠, K♠, 6♦]",2026-08-10T07:23:56.755Z,178634663675500
"-- ending hand #7 --",2026-08-10T07:23:56.577Z,178634663657702
"""player 15 @ 4chnM3wbbk"" collected 10 from pot",2026-08-10T07:23:56.577Z,178634663657701
"Uncalled bet of 5 returned to ""player 15 @ 4chnM3wbbk""",2026-08-10T07:23:56.577Z,178634663657700
"""player 16 @ uewFolxPCK"" folds",2026-08-10T07:23:55.677Z,178634663567700
"""player 15 @ 4chnM3wbbk"" posts a big blind of 10",2026-08-10T07:23:54.175Z,178634663417505
"""player 16 @ uewFolxPCK"" posts a small blind of 5",2026-08-10T07:23:54.175Z,178634663417504
"Player stacks: #1 ""player 16 @ uewFolxPCK"" (1020) | #2 ""player 15 @ 4chnM3wbbk"" (980)",2026-08-10T07:23:54.175Z,178634663417501
"-- starting hand #7 (id: kjzrr6bdnfv8)  No Limit Texas Hold'em (dealer: ""player 16 @ uewFolxPCK"") --",2026-08-10T07:23:54.175Z,178634663417500
"Undealt cards:  [3♦, 6♠, K♥, A♣, A♦]",2026-08-10T07:23:48.532Z,178634662853200
"-- ending hand #6 --",2026-08-10T07:23:48.173Z,178634662817302
"""player 16 @ uewFolxPCK"" collected 10 from pot",2026-08-10T07:23:48.173Z,178634662817301
"Uncalled bet of 5 returned to ""player 16 @ uewFolxPCK""",2026-08-10T07:23:48.173Z,178634662817300
"""player 15 @ 4chnM3wbbk"" folds",2026-08-10T07:23:47.328Z,178634662732800
"""player 16 @ uewFolxPCK"" posts a big blind of 10",2026-08-10T07:23:45.416Z,178634662541605
"""player 15 @ 4chnM3wbbk"" posts a small blind of 5",2026-08-10T07:23:45.416Z,178634662541604
"Player stacks: #1 ""player 16 @ uewFolxPCK"" (1015) | #2 ""player 15 @ 4chnM3wbbk"" (985)",2026-08-10T07:23:45.416Z,178634662541601
"-- starting hand #6 (id: yw6abxkokbgj)  No Limit Texas Hold'em (dealer: ""player 15 @ 4chnM3wbbk"") --",2026-08-10T07:23:45.416Z,178634662541600
"Undealt cards:  [K♦, 10♠, 3♥, A♥, 6♦]",2026-08-10T07:23:40.592Z,178634662059200
"-- ending hand #5 --",2026-08-10T07:23:39.473Z,178634661947302
"""player 15 @ 4chnM3wbbk"" collected 10 from pot",2026-08-10T07:23:39.473Z,178634661947301
"Uncalled bet of 5 returned to ""player 15 @ 4chnM3wbbk""",2026-08-10T07:23:39.473Z,178634661947300
"""player 16 @ uewFolxPCK"" folds",2026-08-10T07:23:38.647Z,178634661864700
"""player 15 @ 4chnM3wbbk"" posts a big blind of 10",2026-08-10T07:23:37.767Z,178634661776705
"""player 16 @ uewFolxPCK"" posts a small blind of 5",2026-08-10T07:23:37.767Z,178634661776704
"Player stacks: #1 ""player 16 @ uewFolxPCK"" (1020) | #2 ""player 15 @ 4chnM3wbbk"" (980)",2026-08-10T07:23:37.767Z,178634661776701
"-- starting hand #5 (id: uzs3xscdeude)  No Limit Texas Hold'em (dealer: ""player 16 @ uewFolxPCK"") --",2026-08-10T07:23:37.767Z,178634661776700
"Undealt cards:  [8♠, 2♥, 10♥, 5♠, 5♦]",2026-08-10T07:23:32.253Z,178634661225300
"-- ending hand #4 --",2026-08-10T07:23:31.766Z,178634661176602
"""player 16 @ uewFolxPCK"" collected 10 from pot",2026-08-10T07:23:31.766Z,178634661176601
"Uncalled bet of 5 returned to ""player 16 @ uewFolxPCK""",2026-08-10T07:23:31.766Z,178634661176600
"""player 15 @ 4chnM3wbbk"" folds",2026-08-10T07:23:30.941Z,178634661094100
"""player 16 @ uewFolxPCK"" posts a big blind of 10",2026-08-10T07:23:29.364Z,178634660936405
"""player 15 @ 4chnM3wbbk"" posts a small blind of 5",2026-08-10T07:23:29.364Z,178634660936404
"Player stacks: #1 ""player 16 @ uewFolxPCK"" (1015) | #2 ""player 15 @ 4chnM3wbbk"" (985)",2026-08-10T07:23:29.364Z,178634660936401
"-- starting hand #4 (id: b7byv7tc75mt)  No Limit Texas Hold'em (dealer: ""player 15 @ 4chnM3wbbk"") --",2026-08-10T07:23:29.364Z,178634660936400
"Undealt cards:  [8♠, 3♥, 8♥, 4♦, K♦]",2026-08-10T07:23:23.689Z,178634660368900
"-- ending hand #3 --",2026-08-10T07:23:23.380Z,178634660338002
"""player 16 @ uewFolxPCK"" collected 20 from pot",2026-08-10T07:23:23.380Z,178634660338001
"Uncalled bet of 20 returned to ""player 16 @ uewFolxPCK""",2026-08-10T07:23:23.380Z,178634660338000
"""player 15 @ 4chnM3wbbk"" folds",2026-08-10T07:23:22.559Z,178634660255900
"""player 16 @ uewFolxPCK"" raises to 30",2026-08-10T07:23:20.388Z,178634660038800
"""player 15 @ 4chnM3wbbk"" posts a big blind of 10",2026-08-10T07:23:18.350Z,178634659835005
"""player 16 @ uewFolxPCK"" posts a small blind of 5",2026-08-10T07:23:18.350Z,178634659835004
"Player stacks: #1 ""player 16 @ uewFolxPCK"" (1005) | #2 ""player 15 @ 4chnM3wbbk"" (995)",2026-08-10T07:23:18.350Z,178634659835001
"-- starting hand #3 (id: niekzgbrfqed)  No Limit Texas Hold'em (dealer: ""player 16 @ uewFolxPCK"") --",2026-08-10T07:23:18.350Z,178634659835000
"-- ending hand #2 --",2026-08-10T07:23:15.352Z,178634659535202
"""player 16 @ uewFolxPCK"" collected 20 from pot",2026-08-10T07:23:15.352Z,178634659535201
"Uncalled bet of 20 returned to ""player 16 @ uewFolxPCK""",2026-08-10T07:23:15.352Z,178634659535200
"""player 15 @ 4chnM3wbbk"" folds",2026-08-10T07:23:14.480Z,178634659448000
"""player 16 @ uewFolxPCK"" bets 20",2026-08-10T07:23:10.937Z,178634659093700
"River: J♥, Q♣, A♣, A♦ [7♦]",2026-08-10T07:23:07.926Z,178634658792600
"""player 15 @ 4chnM3wbbk"" checks",2026-08-10T07:23:07.059Z,178634658705900
"""player 16 @ uewFolxPCK"" checks",2026-08-10T07:23:05.823Z,178634658582300
"Turn: J♥, Q♣, A♣ [A♦]",2026-08-10T07:23:02.110Z,178634658211000
"""player 15 @ 4chnM3wbbk"" checks",2026-08-10T07:23:01.215Z,178634658121500
"""player 16 @ uewFolxPCK"" checks",2026-08-10T07:22:59.654Z,178634657965400
"Flop:  [J♥, Q♣, A♣]",2026-08-10T07:22:56.396Z,178634657639600
"""player 16 @ uewFolxPCK"" checks",2026-08-10T07:22:55.566Z,178634657556600
"""player 15 @ 4chnM3wbbk"" calls 10",2026-08-10T07:22:50.742Z,178634657074200
"""player 16 @ uewFolxPCK"" posts a big blind of 10",2026-08-10T07:22:49.088Z,178634656908805
"""player 15 @ 4chnM3wbbk"" posts a small blind of 5",2026-08-10T07:22:49.088Z,178634656908804
"Player stacks: #1 ""player 16 @ uewFolxPCK"" (995) | #2 ""player 15 @ 4chnM3wbbk"" (1005)",2026-08-10T07:22:49.088Z,178634656908801
"-- starting hand #2 (id: cmxfbfoaduci)  No Limit Texas Hold'em (dealer: ""player 15 @ 4chnM3wbbk"") --",2026-08-10T07:22:49.088Z,178634656908800
"Undealt cards:  [2♣, 2♠, A♣, 9♥, A♦]",2026-08-10T07:22:44.330Z,178634656433000
"-- ending hand #1 --",2026-08-10T07:22:43.090Z,178634656309002
"""player 15 @ 4chnM3wbbk"" collected 10 from pot",2026-08-10T07:22:43.090Z,178634656309001
"Uncalled bet of 5 returned to ""player 15 @ 4chnM3wbbk""",2026-08-10T07:22:43.090Z,178634656309000
"""player 16 @ uewFolxPCK"" folds",2026-08-10T07:22:42.257Z,178634656225700
"""player 15 @ 4chnM3wbbk"" posts a big blind of 10",2026-08-10T07:22:40.827Z,178634656082707
"""player 16 @ uewFolxPCK"" posts a small blind of 5",2026-08-10T07:22:40.827Z,178634656082706
"Player stacks: #1 ""player 16 @ uewFolxPCK"" (1000) | #2 ""player 15 @ 4chnM3wbbk"" (1000)",2026-08-10T07:22:40.827Z,178634656082703
"The player ""player 15 @ 4chnM3wbbk"" joined the game with a stack of 1000.",2026-08-10T07:22:40.827Z,178634656082702
"The player ""player 16 @ uewFolxPCK"" joined the game with a stack of 1000.",2026-08-10T07:22:40.827Z,178634656082701
"-- starting hand #1 (id: zcxuirtlqyuu)  No Limit Texas Hold'em (dealer: ""player 16 @ uewFolxPCK"") --",2026-08-10T07:22:40.827Z,178634656082700
"The admin approved the player ""player 15 @ 4chnM3wbbk"" participation with a stack of 1000.",2026-08-10T07:22:37.755Z,178634655775500
"The player ""player 15 @ 4chnM3wbbk"" requested a seat.",2026-08-10T07:22:32.875Z,178634655287500
"The game's ante was changed from 0 to 0.",2026-08-10T07:21:54.702Z,178634651470203
"The game's big blind was changed from 20 to 10.",2026-08-10T07:21:54.702Z,178634651470202
"The game's small blind was changed from 10 to 5.",2026-08-10T07:21:54.702Z,178634651470201
"Game Config Changes
* Nit Minimum Players: off » 3
* Allow Rebuy: off » off
* Blind Schedule: L1: 10/20 » L1: 5/10
* Rabbit Hunt: off » on
* Allow Run it Twice: no » ask players
* Restart Blind Schedule at Level: none » 1",2026-08-10T07:21:54.702Z,178634651470200
"The admin approved the player ""player 16 @ uewFolxPCK"" participation with a stack of 1000.",2026-08-10T07:21:46.776Z,178634650677601
"The player ""player 16 @ uewFolxPCK"" requested a seat.",2026-08-10T07:21:46.776Z,178634650677600
