entry,at,order
"The player ""player 55 @ uewFolxPCK"" passed the room ownership to ""player 56 @ ACno-8Bk83"".",2026-08-05T07:36:36.587Z,178591539658700
"The player ""player 57 @ TSZomjBthu"" quits the game with a stack of 0.",2026-08-05T05:42:36.084Z,178590855608400
"-- ending hand #70 --",2026-08-05T05:42:29.995Z,178590854999504
"""player 57 @ TSZomjBthu"" shows a 8♣, 8♥.",2026-08-05T05:42:29.995Z,178590854999503
"""player 56 @ ACno-8Bk83"" collected 3212 from pot with Three of a Kind, 9's (combination: 7♦, 10♦, 9♥, 9♦, 9♣)",2026-08-05T05:42:29.995Z,178590854999502
"""player 56 @ ACno-8Bk83"" shows a 10♦, 9♥.",2026-08-05T05:42:29.995Z,178590854999501
"Uncalled bet of 2788 returned to ""player 56 @ ACno-8Bk83""",2026-08-05T05:42:29.995Z,178590854999500
"""player 57 @ TSZomjBthu"" calls 1381 and go all in",2026-08-05T05:42:29.167Z,178590854916700
"""player 56 @ ACno-8Bk83"" bets 4169 and go all in",2026-08-05T05:42:23.837Z,178590854383700
"River: 7♦, 4♠, 9♦, 3♦ [9♣]",2026-08-05T05:42:22.134Z,178590854213400
"""player 57 @ TSZomjBthu"" calls 150",2026-08-05T05:42:21.294Z,178590854129400
"""player 56 @ ACno-8Bk83"" bets 150",2026-08-05T05:42:19.913Z,178590853991300
"Turn: 7♦, 4♠, 9♦ [3♦]",2026-08-05T05:42:18.072Z,178590853807200
"""player 56 @ ACno-8Bk83"" calls 60",2026-08-05T05:42:17.206Z,178590853720600
"""player 57 @ TSZomjBthu"" raises to 60",2026-08-05T05:42:16.297Z,178590853629700
"""player 56 @ ACno-8Bk83"" bets 30",2026-08-05T05:42:13.666Z,178590853366600
"Flop:  [7♦, 4♠, 9♦]",2026-08-05T05:42:11.189Z,178590853118900
"""player 56 @ ACno-8Bk83"" calls 15",2026-08-05T05:42:10.349Z,178590853034900
"""player 57 @ TSZomjBthu"" raises to 15",2026-08-05T05:42:09.446Z,178590852944600
"""player 56 @ ACno-8Bk83"" posts a big blind of 5",2026-08-05T05:42:06.525Z,178590852652505
"""player 57 @ TSZomjBthu"" posts a small blind of 2",2026-08-05T05:42:06.525Z,178590852652504
"Player stacks: #2 ""player 56 @ ACno-8Bk83"" (4394) | #10 ""player 57 @ TSZomjBthu"" (1606)",2026-08-05T05:42:06.525Z,178590852652501
"-- starting hand #70 (id: nozhl5do9dfb)  No Limit Texas Hold'em (dealer: ""player 57 @ TSZomjBthu"") --",2026-08-05T05:42:06.525Z,178590852652500
"-- ending hand #69 --",2026-08-05T05:42:00.483Z,178590852048303
"""player 56 @ ACno-8Bk83"" collected 180 from pot with Pair, 10's (combination: 7♥, J♠, A♦, 10♦, 10♠)",2026-08-05T05:42:00.483Z,178590852048302
"""player 56 @ ACno-8Bk83"" shows a J♠, 10♦.",2026-08-05T05:42:00.483Z,178590852048301
"""player 57 @ TSZomjBthu"" shows a 8♣, 7♣.",2026-08-05T05:42:00.483Z,178590852048300
"""player 56 @ ACno-8Bk83"" checks",2026-08-05T05:41:59.669Z,178590851966900
"""player 57 @ TSZomjBthu"" checks",2026-08-05T05:41:58.656Z,178590851865600
"River: 7♥, 3♦, 5♣, 10♠ [A♦]",2026-08-05T05:41:57.480Z,178590851748000
"""player 57 @ TSZomjBthu"" calls 75",2026-08-05T05:41:56.606Z,178590851660600
"""player 56 @ ACno-8Bk83"" raises to 75",2026-08-05T05:41:55.626Z,178590851562600
"""player 57 @ TSZomjBthu"" bets 15",2026-08-05T05:41:53.128Z,178590851312800
"Turn: 7♥, 3♦, 5♣ [10♠]",2026-08-05T05:41:50.205Z,178590851020500
"""player 56 @ ACno-8Bk83"" checks",2026-08-05T05:41:49.400Z,178590850940000
"""player 57 @ TSZomjBthu"" checks",2026-08-05T05:41:48.476Z,178590850847600
"Flop:  [7♥, 3♦, 5♣]",2026-08-05T05:41:47.189Z,178590850718900
"""player 56 @ ACno-8Bk83"" calls 15",2026-08-05T05:41:46.357Z,178590850635700
"""player 57 @ TSZomjBthu"" raises to 15",2026-08-05T05:41:45.403Z,178590850540300
"""player 56 @ ACno-8Bk83"" posts a straddle of 10",2026-08-05T05:41:43.270Z,178590850327007
"""player 57 @ TSZomjBthu"" posts a big blind of 5",2026-08-05T05:41:43.270Z,178590850327006
"""player 56 @ ACno-8Bk83"" posts a small blind of 2",2026-08-05T05:41:43.270Z,178590850327005
"Player stacks: #2 ""player 56 @ ACno-8Bk83"" (4304) | #10 ""player 57 @ TSZomjBthu"" (1696)",2026-08-05T05:41:43.270Z,178590850327002
"-- starting hand #69 (id: ipshrwwhtnkd)  No Limit Texas Hold'em (dealer: ""player 56 @ ACno-8Bk83"") --",2026-08-05T05:41:43.270Z,178590850327001
"The player ""player 55 @ uewFolxPCK"" quits the game with a stack of 0.",2026-08-05T05:41:43.270Z,178590850327000
"-- ending hand #68 --",2026-08-05T05:41:37.201Z,178590849720104
"""player 55 @ uewFolxPCK"" shows a K♦, Q♠.",2026-08-05T05:41:37.201Z,178590849720103
"""player 56 @ ACno-8Bk83"" collected 2085 from pot with Two Pair, 8's & 2's (combination: Q♦, 2♣, 2♥, 8♦, 8♥)",2026-08-05T05:41:37.201Z,178590849720102
"""player 56 @ ACno-8Bk83"" shows a 8♦, 2♣.",2026-08-05T05:41:37.201Z,178590849720101
"Uncalled bet of 2219 returned to ""player 56 @ ACno-8Bk83""",2026-08-05T05:41:37.201Z,178590849720100
"""player 55 @ uewFolxPCK"" calls 810 and go all in",2026-08-05T05:41:36.379Z,178590849637900
"""player 56 @ ACno-8Bk83"" bets 3029 and go all in",2026-08-05T05:41:35.406Z,178590849540600
"River: 6♣, 2♥, Q♦, 8♥ [4♣]",2026-08-05T05:41:33.865Z,178590849386500
"""player 55 @ uewFolxPCK"" calls 155",2026-08-05T05:41:33.052Z,178590849305200
"""player 56 @ ACno-8Bk83"" bets 155",2026-08-05T05:41:25.127Z,178590848512700
"Turn: 6♣, 2♥, Q♦ [8♥]",2026-08-05T05:41:23.152Z,178590848315200
"""player 56 @ ACno-8Bk83"" calls 30",2026-08-05T05:41:22.346Z,178590848234600
"""player 55 @ uewFolxPCK"" raises to 30",2026-08-05T05:41:21.431Z,178590848143100
"""player 56 @ ACno-8Bk83"" bets 5",2026-08-05T05:41:18.838Z,178590847883800
"Flop:  [6♣, 2♥, Q♦]",2026-08-05T05:41:17.152Z,178590847715200
"""player 57 @ TSZomjBthu"" folds",2026-08-05T05:41:16.321Z,178590847632100
"""player 56 @ ACno-8Bk83"" calls 40",2026-08-05T05:41:15.071Z,178590847507100
"""player 55 @ uewFolxPCK"" raises to 40",2026-08-05T05:41:13.890Z,178590847389000
"""player 57 @ TSZomjBthu"" calls 15",2026-08-05T05:41:09.795Z,178590846979500
"""player 56 @ ACno-8Bk83"" raises to 15",2026-08-05T05:41:06.773Z,178590846677300
"""player 55 @ uewFolxPCK"" posts a straddle of 10",2026-08-05T05:41:05.407Z,178590846540707
"""player 57 @ TSZomjBthu"" posts a big blind of 5",2026-08-05T05:41:05.407Z,178590846540706
"""player 56 @ ACno-8Bk83"" posts a small blind of 2",2026-08-05T05:41:05.407Z,178590846540705
"Your hand is K♦, Q♠",2026-08-05T05:41:05.407Z,178590846540702
"Player stacks: #1 ""player 55 @ uewFolxPCK"" (1035) | #2 ""player 56 @ ACno-8Bk83"" (3254) | #10 ""player 57 @ TSZomjBthu"" (1711)",2026-08-05T05:41:05.407Z,178590846540701
"-- starting hand #68 (id: vm6v7iu1mrrc)  No Limit Texas Hold'em (dealer: ""player 55 @ uewFolxPCK"") --",2026-08-05T05:41:05.407Z,178590846540700
"-- ending hand #67 --",2026-08-05T05:40:59.351Z,178590845935103
"""player 55 @ uewFolxPCK"" collected 90 from pot with Two Pair, J's & 5's (combination: A♠, 5♣, 5♠, J♥, J♣)",2026-08-05T05:40:59.351Z,178590845935102
"""player 55 @ uewFolxPCK"" shows a A♠, 5♣.",2026-08-05T05:40:59.351Z,178590845935101
"""player 56 @ ACno-8Bk83"" shows a 8♦, K♣.",2026-08-05T05:40:59.351Z,178590845935100
"""player 55 @ uewFolxPCK"" calls 30",2026-08-05T05:40:58.521Z,178590845852100
"""player 56 @ ACno-8Bk83"" bets 30",2026-08-05T05:40:57.619Z,178590845761900
"""player 55 @ uewFolxPCK"" checks",2026-08-05T05:40:55.246Z,178590845524600
"River: J♥, J♣, 6♥, 10♣ [5♠]",2026-08-05T05:40:54.111Z,178590845411100
"""player 56 @ ACno-8Bk83"" checks",2026-08-05T05:40:53.288Z,178590845328800
"""player 55 @ uewFolxPCK"" checks",2026-08-05T05:40:52.388Z,178590845238800
"Turn: J♥, J♣, 6♥ [10♣]",2026-08-05T05:40:50.182Z,178590845018200
"""player 56 @ ACno-8Bk83"" checks",2026-08-05T05:40:49.366Z,178590844936600
"""player 55 @ uewFolxPCK"" checks",2026-08-05T05:40:48.414Z,178590844841400
"Flop:  [J♥, J♣, 6♥]",2026-08-05T05:40:46.771Z,178590844677100
"""player 56 @ ACno-8Bk83"" calls 15",2026-08-05T05:40:45.910Z,178590844591000
"""player 55 @ uewFolxPCK"" raises to 15",2026-08-05T05:40:44.915Z,178590844491500
"""player 57 @ TSZomjBthu"" folds",2026-08-05T05:40:43.235Z,178590844323500
"""player 56 @ ACno-8Bk83"" posts a big blind of 5",2026-08-05T05:40:42.081Z,178590844208106
"""player 55 @ uewFolxPCK"" posts a small blind of 2",2026-08-05T05:40:42.081Z,178590844208105
"Your hand is A♠, 5♣",2026-08-05T05:40:42.081Z,178590844208102
"Player stacks: #1 ""player 55 @ uewFolxPCK"" (990) | #2 ""player 56 @ ACno-8Bk83"" (3299) | #10 ""player 57 @ TSZomjBthu"" (1711)",2026-08-05T05:40:42.081Z,178590844208101
"-- starting hand #67 (id: cgg2ohxqao1i)  No Limit Texas Hold'em (dealer: ""player 57 @ TSZomjBthu"") --",2026-08-05T05:40:42.081Z,178590844208100
"""player 55 @ uewFolxPCK"" shows a 4♠.",2026-08-05T05:40:38.296Z,178590843829600
"""player 56 @ ACno-8Bk83"" shows a 7♣, 2♠.",2026-08-05T05:40:35.311Z,178590843531100
"Undealt cards:  [4♦, K♥, 6♣, 2♦, K♠]",2026-08-05T05:40:35.267Z,178590843526700
"-- ending hand #66 --",2026-08-05T05:40:34.762Z,178590843476202
"""player 56 @ ACno-8Bk83"" collected 22 from pot",2026-08-05T05:40:34.762Z,178590843476201
"Uncalled bet of 3277 returned to ""player 56 @ ACno-8Bk83""",2026-08-05T05:40:34.762Z,178590843476200
"""player 55 @ uewFolxPCK"" folds",2026-08-05T05:40:33.927Z,178590843392700
"""player 56 @ ACno-8Bk83"" raises to 3287 and go all in",2026-08-05T05:40:28.844Z,178590842884400
"""player 55 @ uewFolxPCK"" calls 10",2026-08-05T05:40:26.973Z,178590842697300
"""player 57 @ TSZomjBthu"" folds",2026-08-05T05:40:25.096Z,178590842509600
"""player 56 @ ACno-8Bk83"" posts a straddle of 10",2026-08-05T05:40:24.278Z,178590842427808
"""player 55 @ uewFolxPCK"" posts a big blind of 5",2026-08-05T05:40:24.278Z,178590842427807
"""player 57 @ TSZomjBthu"" posts a small blind of 2",2026-08-05T05:40:24.278Z,178590842427806
"Player stacks: #1 ""player 55 @ uewFolxPCK"" (1000) | #2 ""player 56 @ ACno-8Bk83"" (3287) | #10 ""player 57 @ TSZomjBthu"" (1713)",2026-08-05T05:40:24.278Z,178590842427802
"-- starting hand #66 (id: tqamynxvjgyw)  No Limit Texas Hold'em (dealer: ""player 56 @ ACno-8Bk83"") --",2026-08-05T05:40:24.278Z,178590842427801
"The player ""player 55 @ uewFolxPCK"" joined the game with a stack of 1000.",2026-08-05T05:40:24.278Z,178590842427800
"""player 57 @ TSZomjBthu"" shows a 4♠, 5♠.",2026-08-05T05:40:19.145Z,178590841914500
"-- ending hand #65 --",2026-08-05T05:40:17.682Z,178590841768202
"""player 56 @ ACno-8Bk83"" collected 60 from pot with Pair, 7's (combination: 10♣, K♥, A♣, 7♣, 7♦)",2026-08-05T05:40:17.682Z,178590841768201
"""player 56 @ ACno-8Bk83"" shows a 7♣, 4♥.",2026-08-05T05:40:17.682Z,178590841768200
"""player 57 @ TSZomjBthu"" calls 5",2026-08-05T05:40:16.828Z,178590841682800
"""player 56 @ ACno-8Bk83"" bets 5",2026-08-05T05:40:15.895Z,178590841589500
"River: 10♣, K♥, 7♦, A♣ [5♥]",2026-08-05T05:40:15.277Z,178590841527700
"""player 57 @ TSZomjBthu"" calls 5",2026-08-05T05:40:14.472Z,178590841447200
"""player 56 @ ACno-8Bk83"" bets 5",2026-08-05T05:40:13.010Z,178590841301000
"Turn: 10♣, K♥, 7♦ [A♣]",2026-08-05T05:40:12.274Z,178590841227400
"The admin approved the player ""player 55 @ uewFolxPCK"" participation with a stack of 1000.",2026-08-05T05:40:11.838Z,178590841183801
"The player ""player 55 @ uewFolxPCK"" requested a seat.",2026-08-05T05:40:11.838Z,178590841183800
"""player 57 @ TSZomjBthu"" calls 5",2026-08-05T05:40:11.428Z,178590841142800
"""player 56 @ ACno-8Bk83"" bets 5",2026-08-05T05:40:10.101Z,178590841010100
"Flop:  [10♣, K♥, 7♦]",2026-08-05T05:40:08.272Z,178590840827200
"""player 56 @ ACno-8Bk83"" calls 15",2026-08-05T05:40:07.359Z,178590840735900
"""player 57 @ TSZomjBthu"" raises to 15",2026-08-05T05:40:06.384Z,178590840638400
"""player 56 @ ACno-8Bk83"" posts a big blind of 5",2026-08-05T05:40:04.672Z,178590840467205
"""player 57 @ TSZomjBthu"" posts a small blind of 2",2026-08-05T05:40:04.672Z,178590840467204
"Player stacks: #2 ""player 56 @ ACno-8Bk83"" (3257) | #10 ""player 57 @ TSZomjBthu"" (1743)",2026-08-05T05:40:04.672Z,178590840467201
"-- starting hand #65 (id: f7klohkixrls)  No Limit Texas Hold'em (dealer: ""player 57 @ TSZomjBthu"") --",2026-08-05T05:40:04.672Z,178590840467200
"-- ending hand #64 --",2026-08-05T05:39:58.670Z,178590839867002
"""player 56 @ ACno-8Bk83"" collected 10 from pot",2026-08-05T05:39:58.670Z,178590839867001
"Uncalled bet of 5 returned to ""player 56 @ ACno-8Bk83""",2026-08-05T05:39:58.670Z,178590839867000
"""player 57 @ TSZomjBthu"" folds",2026-08-05T05:39:57.820Z,178590839782000
"""player 56 @ ACno-8Bk83"" posts a straddle of 10",2026-08-05T05:39:56.366Z,178590839636607
"""player 57 @ TSZomjBthu"" posts a big blind of 5",2026-08-05T05:39:56.366Z,178590839636606
"""player 56 @ ACno-8Bk83"" posts a small blind of 2",2026-08-05T05:39:56.366Z,178590839636605
"Player stacks: #2 ""player 56 @ ACno-8Bk83"" (3252) | #10 ""player 57 @ TSZomjBthu"" (1748)",2026-08-05T05:39:56.366Z,178590839636602
"-- starting hand #64 (id: dlyhboioovrw)  No Limit Texas Hold'em (dealer: ""player 56 @ ACno-8Bk83"") --",2026-08-05T05:39:56.366Z,178590839636601
"The player ""player 55 @ uewFolxPCK"" quits the game with a stack of 0.",2026-08-05T05:39:56.366Z,178590839636600
"""player 57 @ TSZomjBthu"" shows a 10♣, A♣.",2026-08-05T05:39:54.506Z,178590839450600
"-- ending hand #63 --",2026-08-05T05:39:47.853Z,178590838785302
"""player 56 @ ACno-8Bk83"" collected 547 from pot with Two Pair, 7's & 2's on the second run  (combination: 8♥, 2♦, 2♠, 7♥, 7♣)",2026-08-05T05:39:47.853Z,178590838785301
"""player 56 @ ACno-8Bk83"" collected 548 from pot with Full House, 7's over 5's (combination: 5♠, 5♦, 7♥, 7♣, 7♠)",2026-08-05T05:39:47.853Z,178590838785300
"River (second run): 2♦, 7♣, 5♠, 8♥ [2♠]",2026-08-05T05:39:43.802Z,178590838380200
"Turn (second run): 2♦, 7♣, 5♠ [8♥]",2026-08-05T05:39:39.797Z,178590837979700
"River: 2♦, 7♣, 5♠, 7♠ [5♦]",2026-08-05T05:39:35.777Z,178590837577700
"Turn: 2♦, 7♣, 5♠ [7♠]",2026-08-05T05:39:31.774Z,178590837177400
"""player 56 @ ACno-8Bk83"" shows a 7♥, 3♠.",2026-08-05T05:39:27.752Z,178590836775200
"""player 55 @ uewFolxPCK"" shows a 4♣, K♣.",2026-08-05T05:39:27.507Z,178590836750700
"All players in hand choose to run it twice.",2026-08-05T05:39:26.850Z,178590836685001
"""player 55 @ uewFolxPCK"" chooses to  run it twice.",2026-08-05T05:39:26.850Z,178590836685000
"""player 56 @ ACno-8Bk83"" chooses to  run it twice.",2026-08-05T05:39:26.480Z,178590836648000
"Remaining players decide whether to run it twice.",2026-08-05T05:39:25.851Z,178590836585101
"""player 56 @ ACno-8Bk83"" calls 480",2026-08-05T05:39:25.851Z,178590836585100
"""player 55 @ uewFolxPCK"" raises to 480 and go all in",2026-08-05T05:39:24.854Z,178590836485400
"""player 57 @ TSZomjBthu"" folds",2026-08-05T05:39:23.212Z,178590836321200
"""player 56 @ ACno-8Bk83"" bets 135",2026-08-05T05:39:22.142Z,178590836214200
"Flop:  [2♦, 7♣, 5♠]",2026-08-05T05:39:19.228Z,178590835922800
"""player 56 @ ACno-8Bk83"" calls 45",2026-08-05T05:39:18.413Z,178590835841300
"""player 55 @ uewFolxPCK"" calls 45",2026-08-05T05:39:17.453Z,178590835745300
"""player 57 @ TSZomjBthu"" raises to 45",2026-08-05T05:39:15.951Z,178590835595100
"""player 56 @ ACno-8Bk83"" raises to 15",2026-08-05T05:39:13.627Z,178590835362700
"""player 55 @ uewFolxPCK"" posts a straddle of 10",2026-08-05T05:39:11.111Z,178590835111107
"""player 57 @ TSZomjBthu"" posts a big blind of 5",2026-08-05T05:39:11.111Z,178590835111106
"""player 56 @ ACno-8Bk83"" posts a small blind of 2",2026-08-05T05:39:11.111Z,178590835111105
"Your hand is 4♣, K♣",2026-08-05T05:39:11.111Z,178590835111102
"Player stacks: #1 ""player 55 @ uewFolxPCK"" (525) | #2 ""player 56 @ ACno-8Bk83"" (2682) | #10 ""player 57 @ TSZomjBthu"" (1793)",2026-08-05T05:39:11.111Z,178590835111101
"-- starting hand #63 (id: 9tgjuht30sel)  No Limit Texas Hold'em (dealer: ""player 55 @ uewFolxPCK"") --",2026-08-05T05:39:11.111Z,178590835111100
"Undealt cards: 5♠, 6♠, Q♣, 3♠ [8♦]",2026-08-05T05:39:04.700Z,178590834470000
"""player 57 @ TSZomjBthu"" shows a 4♠, 3♦.",2026-08-05T05:39:04.682Z,178590834468200
"-- ending hand #62 --",2026-08-05T05:39:04.502Z,178590834450202
"""player 57 @ TSZomjBthu"" collected 261 from pot",2026-08-05T05:39:04.502Z,178590834450201
"Uncalled bet of 147 returned to ""player 57 @ TSZomjBthu""",2026-08-05T05:39:04.502Z,178590834450200
"""player 55 @ uewFolxPCK"" folds",2026-08-05T05:39:03.629Z,178590834362900
"""player 57 @ TSZomjBthu"" raises to 225",2026-08-05T05:38:57.468Z,178590833746800
"""player 55 @ uewFolxPCK"" bets 78",2026-08-05T05:38:53.188Z,178590833318800
"Turn: 5♠, 6♠, Q♣ [3♠]",2026-08-05T05:38:49.271Z,178590832927100
"""player 56 @ ACno-8Bk83"" folds",2026-08-05T05:38:48.466Z,178590832846600
"""player 55 @ uewFolxPCK"" calls 40",2026-08-05T05:38:47.505Z,178590832750500
"""player 57 @ TSZomjBthu"" raises to 40",2026-08-05T05:38:45.155Z,178590832515500
"""player 56 @ ACno-8Bk83"" calls 10",2026-08-05T05:38:43.186Z,178590832318600
"""player 55 @ uewFolxPCK"" bets 10",2026-08-05T05:38:42.272Z,178590832227200
"Flop:  [5♠, 6♠, Q♣]",2026-08-05T05:38:39.972Z,178590831997200
"""player 56 @ ACno-8Bk83"" checks",2026-08-05T05:38:39.154Z,178590831915400
"""player 55 @ uewFolxPCK"" calls 5",2026-08-05T05:38:38.206Z,178590831820600
"""player 57 @ TSZomjBthu"" calls 5",2026-08-05T05:38:35.350Z,178590831535000
"""player 56 @ ACno-8Bk83"" posts a big blind of 5",2026-08-05T05:38:33.961Z,178590831396106
"""player 55 @ uewFolxPCK"" posts a small blind of 2",2026-08-05T05:38:33.961Z,178590831396105
"Player stacks: #1 ""player 55 @ uewFolxPCK"" (648) | #2 ""player 56 @ ACno-8Bk83"" (2697) | #10 ""player 57 @ TSZomjBthu"" (1655)",2026-08-05T05:38:33.961Z,178590831396101
"-- starting hand #62 (id: rrpfqybt4gug)  No Limit Texas Hold'em (dealer: ""player 57 @ TSZomjBthu"") --",2026-08-05T05:38:33.961Z,178590831396100
"""player 56 @ ACno-8Bk83"" shows a 2♠, 7♠.",2026-08-05T05:38:27.966Z,178590830796600
"Undealt cards: 2♥, 2♣, 4♣ [A♣, 2♦]",2026-08-05T05:38:27.600Z,178590830760000
"-- ending hand #61 --",2026-08-05T05:38:27.325Z,178590830732502
"""player 56 @ ACno-8Bk83"" collected 42 from pot",2026-08-05T05:38:27.325Z,178590830732501
"Uncalled bet of 42 returned to ""player 56 @ ACno-8Bk83""",2026-08-05T05:38:27.325Z,178590830732500
"""player 55 @ uewFolxPCK"" folds",2026-08-05T05:38:26.519Z,178590830651900
"""player 56 @ ACno-8Bk83"" raises to 52",2026-08-05T05:38:20.119Z,178590830011900
"""player 55 @ uewFolxPCK"" bets 10",2026-08-05T05:38:17.877Z,178590829787700
"Flop:  [2♥, 2♣, 4♣]",2026-08-05T05:38:15.542Z,178590829554200
"""player 56 @ ACno-8Bk83"" checks",2026-08-05T05:38:14.740Z,178590829474000
"""player 55 @ uewFolxPCK"" calls 10",2026-08-05T05:38:13.825Z,178590829382500
"""player 57 @ TSZomjBthu"" folds",2026-08-05T05:38:12.703Z,178590829270300
"""player 56 @ ACno-8Bk83"" posts a straddle of 10",2026-08-05T05:38:11.412Z,178590829141207
"""player 55 @ uewFolxPCK"" posts a big blind of 5",2026-08-05T05:38:11.412Z,178590829141206
"""player 57 @ TSZomjBthu"" posts a small blind of 2",2026-08-05T05:38:11.412Z,178590829141205
"Player stacks: #1 ""player 55 @ uewFolxPCK"" (668) | #2 ""player 56 @ ACno-8Bk83"" (2675) | #10 ""player 57 @ TSZomjBthu"" (1657)",2026-08-05T05:38:11.412Z,178590829141201
"-- starting hand #61 (id: yatoztyg5vet)  No Limit Texas Hold'em (dealer: ""player 56 @ ACno-8Bk83"") --",2026-08-05T05:38:11.412Z,178590829141200
"""player 56 @ ACno-8Bk83"" shows a 6♦.",2026-08-05T05:38:09.600Z,178590828960000
"-- ending hand #60 --",2026-08-05T05:38:07.807Z,178590828780702
"""player 57 @ TSZomjBthu"" collected 285 from pot",2026-08-05T05:38:07.807Z,178590828780701
"Uncalled bet of 130 returned to ""player 57 @ TSZomjBthu""",2026-08-05T05:38:07.807Z,178590828780700
"""player 56 @ ACno-8Bk83"" folds",2026-08-05T05:38:06.944Z,178590828694400
"""player 57 @ TSZomjBthu"" raises to 225",2026-08-05T05:38:05.387Z,178590828538700
"""player 56 @ ACno-8Bk83"" bets 95",2026-08-05T05:37:54.065Z,178590827406500
"River: J♦, 2♠, 7♦, 4♦ [3♠]",2026-08-05T05:37:48.894Z,178590826889400
"""player 56 @ ACno-8Bk83"" calls 25",2026-08-05T05:37:48.070Z,178590826807000
"""player 55 @ uewFolxPCK"" folds",2026-08-05T05:37:47.180Z,178590826718000
"""player 57 @ TSZomjBthu"" raises to 25",2026-08-05T05:37:46.114Z,178590826611400
"""player 56 @ ACno-8Bk83"" bets 5",2026-08-05T05:37:42.951Z,178590826295100
"Turn: J♦, 2♠, 7♦ [4♦]",2026-08-05T05:37:41.866Z,178590826186600
"""player 55 @ uewFolxPCK"" checks",2026-08-05T05:37:41.055Z,178590826105500
"""player 57 @ TSZomjBthu"" checks",2026-08-05T05:37:39.911Z,178590825991100
"""player 56 @ ACno-8Bk83"" checks",2026-08-05T05:37:38.534Z,178590825853400
"Flop:  [J♦, 2♠, 7♦]",2026-08-05T05:37:36.756Z,178590825675600
"""player 55 @ uewFolxPCK"" calls 15",2026-08-05T05:37:35.945Z,178590825594500
"""player 57 @ TSZomjBthu"" calls 15",2026-08-05T05:37:34.898Z,178590825489800
"""player 56 @ ACno-8Bk83"" raises to 15",2026-08-05T05:37:33.400Z,178590825340000
"""player 55 @ uewFolxPCK"" posts a straddle of 10",2026-08-05T05:37:31.840Z,178590825184007
"""player 57 @ TSZomjBthu"" posts a big blind of 5",2026-08-05T05:37:31.840Z,178590825184006
"""player 56 @ ACno-8Bk83"" posts a small blind of 2",2026-08-05T05:37:31.840Z,178590825184005
"Player stacks: #1 ""player 55 @ uewFolxPCK"" (683) | #2 ""player 56 @ ACno-8Bk83"" (2810) | #10 ""player 57 @ TSZomjBthu"" (1507)",2026-08-05T05:37:31.840Z,178590825184001
"-- starting hand #60 (id: kpt2idqmyz4a)  No Limit Texas Hold'em (dealer: ""player 55 @ uewFolxPCK"") --",2026-08-05T05:37:31.840Z,178590825184000
"""player 57 @ TSZomjBthu"" shows a 4♦, 4♠.",2026-08-05T05:37:26.002Z,178590824600200
"Undealt cards: 6♣, J♠, 2♣ [Q♣, 7♦]",2026-08-05T05:37:25.739Z,178590824573900
"-- ending hand #59 --",2026-08-05T05:37:25.183Z,178590824518302
"""player 57 @ TSZomjBthu"" collected 135 from pot",2026-08-05T05:37:25.183Z,178590824518301
"Uncalled bet of 100 returned to ""player 57 @ TSZomjBthu""",2026-08-05T05:37:25.183Z,178590824518300
"""player 55 @ uewFolxPCK"" folds",2026-08-05T05:37:24.372Z,178590824437200
"""player 57 @ TSZomjBthu"" raises to 125",2026-08-05T05:37:13.934Z,178590823393400
"""player 55 @ uewFolxPCK"" bets 25",2026-08-05T05:37:09.790Z,178590822979000
"Flop:  [6♣, J♠, 2♣]",2026-08-05T05:37:06.573Z,178590822657300
"""player 57 @ TSZomjBthu"" calls 40",2026-08-05T05:37:05.704Z,178590822570400
"""player 56 @ ACno-8Bk83"" folds",2026-08-05T05:37:04.792Z,178590822479200
"""player 55 @ uewFolxPCK"" raises to 40",2026-08-05T05:37:02.630Z,178590822263000
"""player 57 @ TSZomjBthu"" raises to 15",2026-08-05T05:36:59.844Z,178590821984400
"""player 56 @ ACno-8Bk83"" posts a big blind of 5",2026-08-05T05:36:58.180Z,178590821818006
"""player 55 @ uewFolxPCK"" posts a small blind of 2",2026-08-05T05:36:58.180Z,178590821818005
"Player stacks: #1 ""player 55 @ uewFolxPCK"" (748) | #2 ""player 56 @ ACno-8Bk83"" (2815) | #10 ""player 57 @ TSZomjBthu"" (1437)",2026-08-05T05:36:58.180Z,178590821818001
"-- starting hand #59 (id: qghns4vmhorj)  No Limit Texas Hold'em (dealer: ""player 57 @ TSZomjBthu"") --",2026-08-05T05:36:58.180Z,178590821818000
"Undealt cards: K♠, 4♥, 10♠ [7♣, 2♠]",2026-08-05T05:36:52.716Z,178590821271600
"-- ending hand #58 --",2026-08-05T05:36:52.276Z,178590821227602
"""player 55 @ uewFolxPCK"" collected 45 from pot",2026-08-05T05:36:52.276Z,178590821227601
"Uncalled bet of 15 returned to ""player 55 @ uewFolxPCK""",2026-08-05T05:36:52.276Z,178590821227600
"""player 57 @ TSZomjBthu"" folds",2026-08-05T05:36:51.460Z,178590821146000
"""player 56 @ ACno-8Bk83"" folds",2026-08-05T05:36:45.953Z,178590820595300
"""player 55 @ uewFolxPCK"" bets 15",2026-08-05T05:36:45.067Z,178590820506700
"""player 57 @ TSZomjBthu"" checks",2026-08-05T05:36:43.052Z,178590820305200
"Flop:  [K♠, 4♥, 10♠]",2026-08-05T05:36:41.774Z,178590820177400
"""player 56 @ ACno-8Bk83"" calls 15",2026-08-05T05:36:40.962Z,178590820096200
"""player 55 @ uewFolxPCK"" calls 15",2026-08-05T05:36:40.011Z,178590820001100
"""player 57 @ TSZomjBthu"" raises to 15",2026-08-05T05:36:39.080Z,178590819908000
"""player 56 @ ACno-8Bk83"" posts a straddle of 10",2026-08-05T05:36:36.312Z,178590819631207
"""player 55 @ uewFolxPCK"" posts a big blind of 5",2026-08-05T05:36:36.312Z,178590819631206
"""player 57 @ TSZomjBthu"" posts a small blind of 2",2026-08-05T05:36:36.312Z,178590819631205
"Player stacks: #1 ""player 55 @ uewFolxPCK"" (718) | #2 ""player 56 @ ACno-8Bk83"" (2830) | #10 ""player 57 @ TSZomjBthu"" (1452)",2026-08-05T05:36:36.312Z,178590819631201
"-- starting hand #58 (id: dxfoq0dyt9rn)  No Limit Texas Hold'em (dealer: ""player 56 @ ACno-8Bk83"") --",2026-08-05T05:36:36.312Z,178590819631200
"""player 57 @ TSZomjBthu"" shows a 3♣, 3♥.",2026-08-05T05:36:33.357Z,178590819335700
"""player 56 @ ACno-8Bk83"" shows a K♣.",2026-08-05T05:36:29.713Z,178590818971300
"Undealt cards: 8♣, K♠, 10♥, Q♣ [3♦]",2026-08-05T05:36:29.398Z,178590818939800
"-- ending hand #57 --",2026-08-05T05:36:29.004Z,178590818900402
"""player 56 @ ACno-8Bk83"" collected 135 from pot",2026-08-05T05:36:29.004Z,178590818900401
"Uncalled bet of 135 returned to ""player 56 @ ACno-8Bk83""",2026-08-05T05:36:29.004Z,178590818900400
"""player 55 @ uewFolxPCK"" folds",2026-08-05T05:36:28.176Z,178590818817600
"""player 56 @ ACno-8Bk83"" bets 135",2026-08-05T05:36:24.231Z,178590818423100
"Turn: 8♣, K♠, 10♥ [Q♣]",2026-08-05T05:36:22.402Z,178590818240200
"""player 55 @ uewFolxPCK"" calls 45",2026-08-05T05:36:21.574Z,178590818157400
"""player 57 @ TSZomjBthu"" folds",2026-08-05T05:36:20.582Z,178590818058200
"""player 56 @ ACno-8Bk83"" bets 45",2026-08-05T05:36:16.410Z,178590817641000
"Flop:  [8♣, K♠, 10♥]",2026-08-05T05:36:14.157Z,178590817415700
"""player 55 @ uewFolxPCK"" calls 15",2026-08-05T05:36:13.336Z,178590817333600
"""player 57 @ TSZomjBthu"" calls 15",2026-08-05T05:36:12.378Z,178590817237800
"""player 56 @ ACno-8Bk83"" raises to 15",2026-08-05T05:36:11.174Z,178590817117400
"""player 55 @ uewFolxPCK"" posts a straddle of 10",2026-08-05T05:36:07.848Z,178590816784807
"""player 57 @ TSZomjBthu"" posts a big blind of 5",2026-08-05T05:36:07.848Z,178590816784806
"""player 56 @ ACno-8Bk83"" posts a small blind of 2",2026-08-05T05:36:07.848Z,178590816784805
"Player stacks: #1 ""player 55 @ uewFolxPCK"" (778) | #2 ""player 56 @ ACno-8Bk83"" (2755) | #10 ""player 57 @ TSZomjBthu"" (1467)",2026-08-05T05:36:07.848Z,178590816784801
"-- starting hand #57 (id: efcqxcmgmifi)  No Limit Texas Hold'em (dealer: ""player 55 @ uewFolxPCK"") --",2026-08-05T05:36:07.848Z,178590816784800
"-- ending hand #56 --",2026-08-05T05:36:01.815Z,178590816181502
"""player 56 @ ACno-8Bk83"" collected 180 from pot with Pair, J's (combination: 6♠, 8♠, 9♠, J♥, J♣)",2026-08-05T05:36:01.815Z,178590816181501
"""player 56 @ ACno-8Bk83"" shows a 6♠, J♥.",2026-08-05T05:36:01.815Z,178590816181500
"""player 55 @ uewFolxPCK"" folds",2026-08-05T05:36:00.979Z,178590816097900
"""player 57 @ TSZomjBthu"" calls 60",2026-08-05T05:35:59.703Z,178590815970300
"""player 56 @ ACno-8Bk83"" bets 60",2026-08-05T05:35:58.763Z,178590815876300
"""player 55 @ uewFolxPCK"" checks",2026-08-05T05:35:56.577Z,178590815657700
"River: J♣, 8♠, 9♠, 3♥ [2♠]",2026-08-05T05:35:55.249Z,178590815524900
"""player 57 @ TSZomjBthu"" checks",2026-08-05T05:35:54.401Z,178590815440100
"""player 56 @ ACno-8Bk83"" checks",2026-08-05T05:35:52.799Z,178590815279900
"""player 55 @ uewFolxPCK"" checks",2026-08-05T05:35:51.679Z,178590815167900
"Turn: J♣, 8♠, 9♠ [3♥]",2026-08-05T05:35:50.591Z,178590815059100
"""player 56 @ ACno-8Bk83"" calls 15",2026-08-05T05:35:49.720Z,178590814972000
"""player 55 @ uewFolxPCK"" calls 15",2026-08-05T05:35:48.825Z,178590814882500
"""player 57 @ TSZomjBthu"" raises to 15",2026-08-05T05:35:47.279Z,178590814727900
"""player 56 @ ACno-8Bk83"" calls 5",2026-08-05T05:35:45.177Z,178590814517700
"""player 55 @ uewFolxPCK"" bets 5",2026-08-05T05:35:43.920Z,178590814392000
"Flop:  [J♣, 8♠, 9♠]",2026-08-05T05:35:42.191Z,178590814219100
"""player 56 @ ACno-8Bk83"" checks",2026-08-05T05:35:41.295Z,178590814129500
"""player 55 @ uewFolxPCK"" calls 5",2026-08-05T05:35:40.346Z,178590814034600
"""player 57 @ TSZomjBthu"" calls 5",2026-08-05T05:35:39.435Z,178590813943500
"""player 56 @ ACno-8Bk83"" posts a big blind of 5",2026-08-05T05:35:38.388Z,178590813838806
"""player 55 @ uewFolxPCK"" posts a small blind of 2",2026-08-05T05:35:38.388Z,178590813838805
"Player stacks: #1 ""player 55 @ uewFolxPCK"" (798) | #2 ""player 56 @ ACno-8Bk83"" (2655) | #10 ""player 57 @ TSZomjBthu"" (1547)",2026-08-05T05:35:38.388Z,178590813838801
"-- starting hand #56 (id: bxhtwtpelyo2)  No Limit Texas Hold'em (dealer: ""player 57 @ TSZomjBthu"") --",2026-08-05T05:35:38.388Z,178590813838800
"""player 55 @ uewFolxPCK"" shows a 8♥.",2026-08-05T05:35:34.921Z,178590813492100
"-- ending hand #55 --",2026-08-05T05:35:31.786Z,178590813178602
"""player 57 @ TSZomjBthu"" collected 260 from pot with Two Pair, J's & 4's (combination: Q♥, 4♥, 4♠, J♥, J♠)",2026-08-05T05:35:31.786Z,178590813178601
"""player 57 @ TSZomjBthu"" shows a J♥, 4♥.",2026-08-05T05:35:31.786Z,178590813178600
"""player 55 @ uewFolxPCK"" checks",2026-08-05T05:35:30.923Z,178590813092300
"""player 57 @ TSZomjBthu"" checks",2026-08-05T05:35:29.843Z,178590812984300
"River: 5♦, Q♥, 4♠, J♠ [8♣]",2026-08-05T05:35:28.176Z,178590812817600
"""player 55 @ uewFolxPCK"" checks",2026-08-05T05:35:27.361Z,178590812736100
"""player 57 @ TSZomjBthu"" checks",2026-08-05T05:35:26.081Z,178590812608100
"Turn: 5♦, Q♥, 4♠ [J♠]",2026-08-05T05:35:24.224Z,178590812422400
"""player 55 @ uewFolxPCK"" calls 65",2026-08-05T05:35:23.391Z,178590812339100
"""player 57 @ TSZomjBthu"" bets 65",2026-08-05T05:35:16.349Z,178590811634900
"Flop:  [5♦, Q♥, 4♠]",2026-08-05T05:35:11.964Z,178590811196400
"""player 57 @ TSZomjBthu"" calls 60",2026-08-05T05:35:11.135Z,178590811113500
"""player 56 @ ACno-8Bk83"" folds",2026-08-05T05:35:08.292Z,178590810829200
"""player 55 @ uewFolxPCK"" raises to 60",2026-08-05T05:35:06.610Z,178590810661000
"""player 57 @ TSZomjBthu"" raises to 15",2026-08-05T05:35:02.324Z,178590810232400
"""player 56 @ ACno-8Bk83"" posts a straddle of 10",2026-08-05T05:34:59.702Z,178590809970207
"""player 55 @ uewFolxPCK"" posts a big blind of 5",2026-08-05T05:34:59.702Z,178590809970206
"""player 57 @ TSZomjBthu"" posts a small blind of 2",2026-08-05T05:34:59.702Z,178590809970205
"Player stacks: #1 ""player 55 @ uewFolxPCK"" (923) | #2 ""player 56 @ ACno-8Bk83"" (2665) | #10 ""player 57 @ TSZomjBthu"" (1412)",2026-08-05T05:34:59.702Z,178590809970201
"-- starting hand #55 (id: xggabmdg1j4a)  No Limit Texas Hold'em (dealer: ""player 56 @ ACno-8Bk83"") --",2026-08-05T05:34:59.702Z,178590809970200
"-- ending hand #54 --",2026-08-05T05:34:53.674Z,178590809367402
"""player 57 @ TSZomjBthu"" collected 209 from pot with Pair, J's (combination: 5♦, 8♥, K♦, J♥, J♦)",2026-08-05T05:34:53.674Z,178590809367401
"""player 57 @ TSZomjBthu"" shows a J♥, K♦.",2026-08-05T05:34:53.674Z,178590809367400
"""player 55 @ uewFolxPCK"" checks",2026-08-05T05:34:52.840Z,178590809284000
"""player 57 @ TSZomjBthu"" checks",2026-08-05T05:34:50.244Z,178590809024400
"River: 4♦, J♦, 5♦, 3♠ [8♥]",2026-08-05T05:34:48.487Z,178590808848700
"""player 57 @ TSZomjBthu"" calls 52",2026-08-05T05:34:47.675Z,178590808767500
"""player 55 @ uewFolxPCK"" bets 52",2026-08-05T05:34:46.618Z,178590808661800
"""player 57 @ TSZomjBthu"" checks",2026-08-05T05:34:40.230Z,178590808023000
"Turn: 4♦, J♦, 5♦ [3♠]",2026-08-05T05:34:37.860Z,178590807786000
"""player 57 @ TSZomjBthu"" calls 30",2026-08-05T05:34:36.963Z,178590807696300
"""player 56 @ ACno-8Bk83"" folds",2026-08-05T05:34:36.001Z,178590807600100
"""player 55 @ uewFolxPCK"" raises to 30",2026-08-05T05:34:35.097Z,178590807509700
"""player 57 @ TSZomjBthu"" bets 5",2026-08-05T05:34:31.992Z,178590807199200
"""player 56 @ ACno-8Bk83"" checks",2026-08-05T05:34:30.589Z,178590807058900
"Flop:  [4♦, J♦, 5♦]",2026-08-05T05:34:28.652Z,178590806865200
"""player 55 @ uewFolxPCK"" calls 15",2026-08-05T05:34:27.794Z,178590806779400
"""player 57 @ TSZomjBthu"" calls 15",2026-08-05T05:34:26.751Z,178590806675100
"""player 56 @ ACno-8Bk83"" raises to 15",2026-08-05T05:34:25.825Z,178590806582500
"""player 55 @ uewFolxPCK"" posts a straddle of 10",2026-08-05T05:34:24.449Z,178590806444907
"""player 57 @ TSZomjBthu"" posts a big blind of 5",2026-08-05T05:34:24.449Z,178590806444906
"""player 56 @ ACno-8Bk83"" posts a small blind of 2",2026-08-05T05:34:24.449Z,178590806444905
"Player stacks: #1 ""player 55 @ uewFolxPCK"" (1020) | #2 ""player 56 @ ACno-8Bk83"" (2680) | #10 ""player 57 @ TSZomjBthu"" (1300)",2026-08-05T05:34:24.449Z,178590806444901
"-- starting hand #54 (id: rp9j5m6tx2gb)  No Limit Texas Hold'em (dealer: ""player 55 @ uewFolxPCK"") --",2026-08-05T05:34:24.449Z,178590806444900
"-- ending hand #53 --",2026-08-05T05:34:18.433Z,178590805843302
"""player 57 @ TSZomjBthu"" collected 75 from pot with Two Pair, K's & J's (combination: Q♦, J♥, J♦, K♣, K♠)",2026-08-05T05:34:18.433Z,178590805843301
"""player 57 @ TSZomjBthu"" shows a 5♠, K♣.",2026-08-05T05:34:18.433Z,178590805843300
"""player 55 @ uewFolxPCK"" calls 25",2026-08-05T05:34:17.601Z,178590805760100
"""player 57 @ TSZomjBthu"" bets 25",2026-08-05T05:34:09.563Z,178590804956300
"""player 55 @ uewFolxPCK"" checks",2026-08-05T05:34:07.064Z,178590804706400
"River: 3♠, J♥, J♦, K♠ [Q♦]",2026-08-05T05:34:06.017Z,178590804601700
"""player 56 @ ACno-8Bk83"" folds",2026-08-05T05:34:05.103Z,178590804510300
"""player 55 @ uewFolxPCK"" calls 5",2026-08-05T05:34:04.111Z,178590804411100
"""player 57 @ TSZomjBthu"" bets 5",2026-08-05T05:34:03.121Z,178590804312100
"""player 56 @ ACno-8Bk83"" checks",2026-08-05T05:34:00.879Z,178590804087900
"""player 55 @ uewFolxPCK"" checks",2026-08-05T05:33:59.896Z,178590803989600
"Turn: 3♠, J♥, J♦ [K♠]",2026-08-05T05:33:58.395Z,178590803839500
"""player 57 @ TSZomjBthu"" checks",2026-08-05T05:33:57.565Z,178590803756500
"""player 56 @ ACno-8Bk83"" checks",2026-08-05T05:33:55.673Z,178590803567300
"""player 55 @ uewFolxPCK"" checks",2026-08-05T05:33:54.749Z,178590803474900
"Flop:  [3♠, J♥, J♦]",2026-08-05T05:33:52.600Z,178590803260000
"""player 56 @ ACno-8Bk83"" checks",2026-08-05T05:33:51.692Z,178590803169200
"""player 55 @ uewFolxPCK"" calls 5",2026-08-05T05:33:50.690Z,178590803069000
"""player 57 @ TSZomjBthu"" calls 5",2026-08-05T05:33:49.708Z,178590802970800
"""player 56 @ ACno-8Bk83"" posts a big blind of 5",2026-08-05T05:33:48.473Z,178590802847306
"""player 55 @ uewFolxPCK"" posts a small blind of 2",2026-08-05T05:33:48.473Z,178590802847305
"Player stacks: #1 ""player 55 @ uewFolxPCK"" (1055) | #2 ""player 56 @ ACno-8Bk83"" (2685) | #10 ""player 57 @ TSZomjBthu"" (1260)",2026-08-05T05:33:48.473Z,178590802847301
"-- starting hand #53 (id: rjw5yaqqp8ao)  No Limit Texas Hold'em (dealer: ""player 57 @ TSZomjBthu"") --",2026-08-05T05:33:48.473Z,178590802847300
"-- ending hand #52 --",2026-08-05T05:33:42.468Z,178590802246802
"""player 57 @ TSZomjBthu"" collected 480 from pot with Two Pair, J's & 7's (combination: Q♦, 7♣, 7♠, J♣, J♥)",2026-08-05T05:33:42.468Z,178590802246801
"""player 57 @ TSZomjBthu"" shows a 9♠, 7♣.",2026-08-05T05:33:42.468Z,178590802246800
"""player 55 @ uewFolxPCK"" checks",2026-08-05T05:33:41.664Z,178590802166400
"""player 57 @ TSZomjBthu"" checks",2026-08-05T05:33:33.206Z,178590801320600
"River: 7♠, J♣, J♥, Q♦ [4♠]",2026-08-05T05:33:31.583Z,178590801158300
"""player 55 @ uewFolxPCK"" calls 120",2026-08-05T05:33:30.724Z,178590801072400
"""player 57 @ TSZomjBthu"" bets 120",2026-08-05T05:33:27.870Z,178590800787000
"Turn: 7♠, J♣, J♥ [Q♦]",2026-08-05T05:33:24.382Z,178590800438200
"""player 56 @ ACno-8Bk83"" folds",2026-08-05T05:33:23.518Z,178590800351800
"""player 55 @ uewFolxPCK"" calls 60",2026-08-05T05:33:21.816Z,178590800181600
"""player 57 @ TSZomjBthu"" bets 60",2026-08-05T05:33:19.069Z,178590799906900
"Flop:  [7♠, J♣, J♥]",2026-08-05T05:33:12.771Z,178590799277100
"""player 57 @ TSZomjBthu"" calls 40",2026-08-05T05:33:11.904Z,178590799190400
"""player 56 @ ACno-8Bk83"" calls 40",2026-08-05T05:33:10.121Z,178590799012100
"""player 55 @ uewFolxPCK"" raises to 40",2026-08-05T05:33:08.669Z,178590798866900
"""player 57 @ TSZomjBthu"" calls 10",2026-08-05T05:33:05.904Z,178590798590400
"""player 56 @ ACno-8Bk83"" posts a straddle of 10",2026-08-05T05:33:03.723Z,178590798372309
"""player 55 @ uewFolxPCK"" posts a big blind of 5",2026-08-05T05:33:03.723Z,178590798372308
"""player 57 @ TSZomjBthu"" posts a small blind of 2",2026-08-05T05:33:03.723Z,178590798372307
"Player stacks: #1 ""player 55 @ uewFolxPCK"" (1275) | #2 ""player 56 @ ACno-8Bk83"" (2725) | #10 ""player 57 @ TSZomjBthu"" (1000)",2026-08-05T05:33:03.723Z,178590798372303
"-- starting hand #52 (id: gwnzuzin3d01)  No Limit Texas Hold'em (dealer: ""player 56 @ ACno-8Bk83"") --",2026-08-05T05:33:03.723Z,178590798372302
"The player ""player 57 @ TSZomjBthu"" joined the game with a stack of 1000.",2026-08-05T05:33:03.723Z,178590798372301
"The admin updated the player ""player 57 @ TSZomjBthu"" stack from 100 to 1000.",2026-08-05T05:33:03.723Z,178590798372300
"""player 56 @ ACno-8Bk83"" shows a 4♠, A♠.",2026-08-05T05:33:00.697Z,178590798069700
"Undealt cards: 2♣, 4♦, 5♠, 6♠ [3♠]",2026-08-05T05:32:57.411Z,178590797741100
"-- ending hand #51 --",2026-08-05T05:32:57.095Z,178590797709502
"""player 56 @ ACno-8Bk83"" collected 90 from pot",2026-08-05T05:32:57.095Z,178590797709501
"Uncalled bet of 90 returned to ""player 56 @ ACno-8Bk83""",2026-08-05T05:32:57.095Z,178590797709500
"""player 55 @ uewFolxPCK"" folds",2026-08-05T05:32:56.258Z,178590797625800
"""player 56 @ ACno-8Bk83"" bets 90",2026-08-05T05:32:50.309Z,178590797030900
"WARNING: the admin queued the stack change for the player ""player 57 @ TSZomjBthu"" adding 900 chips in the next hand.",2026-08-05T05:32:47.192Z,178590796719200
"Turn: 2♣, 4♦, 5♠ [6♠]",2026-08-05T05:32:41.951Z,178590796195100
"""player 55 @ uewFolxPCK"" calls 5",2026-08-05T05:32:41.097Z,178590796109700
"The admin approved the player ""player 57 @ TSZomjBthu"" participation with a stack of 100.",2026-08-05T05:32:37.669Z,178590795766900
"""player 56 @ ACno-8Bk83"" bets 5",2026-08-05T05:32:35.191Z,178590795519100
"The player ""player 57 @ TSZomjBthu"" requested a seat.",2026-08-05T05:32:33.440Z,178590795344000
"Flop:  [2♣, 4♦, 5♠]",2026-08-05T05:32:33.289Z,178590795328900
"""player 56 @ ACno-8Bk83"" calls 40",2026-08-05T05:32:32.400Z,178590795240000
"""player 55 @ uewFolxPCK"" raises to 40",2026-08-05T05:32:31.486Z,178590795148600
"""player 56 @ ACno-8Bk83"" raises to 15",2026-08-05T05:32:28.661Z,178590794866100
"""player 55 @ uewFolxPCK"" posts a straddle of 10",2026-08-05T05:32:27.156Z,178590794715606
"""player 56 @ ACno-8Bk83"" posts a big blind of 5",2026-08-05T05:32:27.156Z,178590794715605
"""player 55 @ uewFolxPCK"" posts a small blind of 2",2026-08-05T05:32:27.156Z,178590794715604
"Player stacks: #1 ""player 55 @ uewFolxPCK"" (1320) | #2 ""player 56 @ ACno-8Bk83"" (2680)",2026-08-05T05:32:27.156Z,178590794715601
"-- starting hand #51 (id: 4siybxo9evmi)  No Limit Texas Hold'em (dealer: ""player 55 @ uewFolxPCK"") --",2026-08-05T05:32:27.156Z,178590794715600
"""player 56 @ ACno-8Bk83"" shows a 2♦, 2♥.",2026-08-05T05:32:24.091Z,178590794409100
"-- ending hand #50 --",2026-08-05T05:32:23.552Z,178590794355202
"""player 56 @ ACno-8Bk83"" collected 70 from pot",2026-08-05T05:32:23.552Z,178590794355201
"Uncalled bet of 70 returned to ""player 56 @ ACno-8Bk83""",2026-08-05T05:32:23.552Z,178590794355200
"""player 55 @ uewFolxPCK"" folds",2026-08-05T05:32:22.736Z,178590794273600
"""player 56 @ ACno-8Bk83"" bets 70",2026-08-05T05:32:21.511Z,178590794151100
"""player 55 @ uewFolxPCK"" checks",2026-08-05T05:32:18.721Z,178590793872100
"River: 4♥, 7♣, A♣, Q♣ [2♣]",2026-08-05T05:32:10.477Z,178590793047700
"""player 56 @ ACno-8Bk83"" checks",2026-08-05T05:32:09.591Z,178590792959100
"""player 55 @ uewFolxPCK"" checks",2026-08-05T05:32:06.643Z,178590792664300
"Turn: 4♥, 7♣, A♣ [Q♣]",2026-08-05T05:31:59.760Z,178590791976000
"""player 56 @ ACno-8Bk83"" calls 15",2026-08-05T05:31:58.912Z,178590791891200
"""player 55 @ uewFolxPCK"" bets 15",2026-08-05T05:31:58.023Z,178590791802300
"Flop:  [4♥, 7♣, A♣]",2026-08-05T05:31:55.029Z,178590791502900
"""player 56 @ ACno-8Bk83"" calls 20",2026-08-05T05:31:54.194Z,178590791419400
"""player 55 @ uewFolxPCK"" raises to 20",2026-08-05T05:31:53.101Z,178590791310100
"""player 56 @ ACno-8Bk83"" posts a straddle of 10",2026-08-05T05:31:48.262Z,178590790826206
"""player 55 @ uewFolxPCK"" posts a big blind of 5",2026-08-05T05:31:48.262Z,178590790826205
"""player 56 @ ACno-8Bk83"" posts a small blind of 2",2026-08-05T05:31:48.262Z,178590790826204
"Player stacks: #1 ""player 55 @ uewFolxPCK"" (1355) | #2 ""player 56 @ ACno-8Bk83"" (2645)",2026-08-05T05:31:48.262Z,178590790826201
"-- starting hand #50 (id: xs30rsflxwvw)  No Limit Texas Hold'em (dealer: ""player 56 @ ACno-8Bk83"") --",2026-08-05T05:31:48.262Z,178590790826200
"-- ending hand #49 --",2026-08-05T05:31:45.355Z,178590790535502
"""player 55 @ uewFolxPCK"" collected 30 from pot",2026-08-05T05:31:45.355Z,178590790535501
"Uncalled bet of 30 returned to ""player 55 @ uewFolxPCK""",2026-08-05T05:31:45.355Z,178590790535500
"""player 56 @ ACno-8Bk83"" folds",2026-08-05T05:31:44.497Z,178590790449700
"""player 55 @ uewFolxPCK"" bets 30",2026-08-05T05:31:43.040Z,178590790304000
"""player 56 @ ACno-8Bk83"" checks",2026-08-05T05:31:40.891Z,178590790089100
"River: Q♣, 7♣, 3♥, K♦ [10♦]",2026-08-05T05:31:39.860Z,178590789986000
"""player 55 @ uewFolxPCK"" checks",2026-08-05T05:31:39.058Z,178590789905800
"""player 56 @ ACno-8Bk83"" checks",2026-08-05T05:31:38.082Z,178590789808200
"Turn: Q♣, 7♣, 3♥ [K♦]",2026-08-05T05:31:37.416Z,178590789741600
"""player 55 @ uewFolxPCK"" checks",2026-08-05T05:31:36.598Z,178590789659800
"""player 56 @ ACno-8Bk83"" checks",2026-08-05T05:31:35.325Z,178590789532500
"Flop:  [Q♣, 7♣, 3♥]",2026-08-05T05:31:32.748Z,178590789274800
"""player 55 @ uewFolxPCK"" calls 15",2026-08-05T05:31:31.863Z,178590789186300
"""player 56 @ ACno-8Bk83"" raises to 15",2026-08-05T05:31:30.913Z,178590789091300
"""player 55 @ uewFolxPCK"" posts a straddle of 10",2026-08-05T05:31:28.505Z,178590788850506
"""player 56 @ ACno-8Bk83"" posts a big blind of 5",2026-08-05T05:31:28.505Z,178590788850505
"""player 55 @ uewFolxPCK"" posts a small blind of 2",2026-08-05T05:31:28.505Z,178590788850504
"Player stacks: #1 ""player 55 @ uewFolxPCK"" (1340) | #2 ""player 56 @ ACno-8Bk83"" (2660)",2026-08-05T05:31:28.505Z,178590788850501
"-- starting hand #49 (id: diybnoydf5cg)  No Limit Texas Hold'em (dealer: ""player 55 @ uewFolxPCK"") --",2026-08-05T05:31:28.505Z,178590788850500
"Undealt cards: 2♥, 5♠, 7♥ [6♥, K♦]",2026-08-05T05:31:22.560Z,178590788256000
"""player 56 @ ACno-8Bk83"" shows a 2♣, 7♦.",2026-08-05T05:31:22.336Z,178590788233600
"-- ending hand #48 --",2026-08-05T05:31:21.899Z,178590788189902
"""player 56 @ ACno-8Bk83"" collected 70 from pot",2026-08-05T05:31:21.899Z,178590788189901
"Uncalled bet of 2590 returned to ""player 56 @ ACno-8Bk83""",2026-08-05T05:31:21.899Z,178590788189900
"""player 55 @ uewFolxPCK"" folds",2026-08-05T05:31:21.060Z,178590788106000
"""player 56 @ ACno-8Bk83"" raises to 2605 and go all in",2026-08-05T05:31:04.768Z,178590786476800
"""player 55 @ uewFolxPCK"" bets 15",2026-08-05T05:31:02.923Z,178590786292300
"Flop:  [2♥, 5♠, 7♥]",2026-08-05T05:31:00.672Z,178590786067200
"""player 56 @ ACno-8Bk83"" calls 20",2026-08-05T05:30:59.847Z,178590785984700
"""player 55 @ uewFolxPCK"" raises to 20",2026-08-05T05:30:58.943Z,178590785894300
"""player 56 @ ACno-8Bk83"" posts a straddle of 10",2026-08-05T05:30:57.560Z,178590785756007
"""player 55 @ uewFolxPCK"" posts a big blind of 5",2026-08-05T05:30:57.560Z,178590785756006
"""player 56 @ ACno-8Bk83"" posts a small blind of 2",2026-08-05T05:30:57.560Z,178590785756005
"Player stacks: #1 ""player 55 @ uewFolxPCK"" (1375) | #2 ""player 56 @ ACno-8Bk83"" (2625)",2026-08-05T05:30:57.560Z,178590785756002
"-- starting hand #48 (id: od6jkuo5pcby)  No Limit Texas Hold'em (dealer: ""player 56 @ ACno-8Bk83"") --",2026-08-05T05:30:57.560Z,178590785756001
"The player ""player 57 @ TSZomjBthu"" quits the game with a stack of 0.",2026-08-05T05:30:57.560Z,178590785756000
"-- ending hand #47 --",2026-08-05T05:30:51.553Z,178590785155304
"""player 57 @ TSZomjBthu"" shows a 3♥, 2♠.",2026-08-05T05:30:51.553Z,178590785155303
"""player 56 @ ACno-8Bk83"" collected 1015 from pot with Flush, 10 High (combination: 3♣, 7♣, 8♣, 9♣, 10♣)",2026-08-05T05:30:51.553Z,178590785155302
"""player 56 @ ACno-8Bk83"" shows a 7♣, 9♣.",2026-08-05T05:30:51.553Z,178590785155301
"Uncalled bet of 1610 returned to ""player 56 @ ACno-8Bk83""",2026-08-05T05:30:51.553Z,178590785155300
"""player 57 @ TSZomjBthu"" calls 440 and go all in",2026-08-05T05:30:50.696Z,178590785069600
"""player 56 @ ACno-8Bk83"" bets 2050 and go all in",2026-08-05T05:30:38.789Z,178590783878900
"River: 8♥, 3♣, 8♣, J♠ [10♣]",2026-08-05T05:30:36.950Z,178590783695000
"""player 56 @ ACno-8Bk83"" calls 45",2026-08-05T05:30:36.143Z,178590783614300
"""player 55 @ uewFolxPCK"" folds",2026-08-05T05:30:35.228Z,178590783522800
"""player 57 @ TSZomjBthu"" bets 45",2026-08-05T05:30:33.727Z,178590783372700
"""player 56 @ ACno-8Bk83"" checks",2026-08-05T05:30:31.356Z,178590783135600
"Turn: 8♥, 3♣, 8♣ [J♠]",2026-08-05T05:30:29.944Z,178590782994400
"""player 55 @ uewFolxPCK"" checks",2026-08-05T05:30:29.097Z,178590782909700
"""player 57 @ TSZomjBthu"" checks",2026-08-05T05:30:28.042Z,178590782804200
"""player 56 @ ACno-8Bk83"" checks",2026-08-05T05:30:26.622Z,178590782662200
"Flop:  [8♥, 3♣, 8♣]",2026-08-05T05:30:24.603Z,178590782460300
"""player 55 @ uewFolxPCK"" calls 15",2026-08-05T05:30:23.770Z,178590782377000
"""player 57 @ TSZomjBthu"" calls 15",2026-08-05T05:30:22.762Z,178590782276200
"""player 56 @ ACno-8Bk83"" raises to 15",2026-08-05T05:30:21.360Z,178590782136000
"""player 55 @ uewFolxPCK"" posts a straddle of 10",2026-08-05T05:30:19.735Z,178590781973508
"""player 57 @ TSZomjBthu"" posts a big blind of 5",2026-08-05T05:30:19.735Z,178590781973507
"""player 56 @ ACno-8Bk83"" posts a small blind of 2",2026-08-05T05:30:19.735Z,178590781973506
"Player stacks: #1 ""player 55 @ uewFolxPCK"" (1390) | #2 ""player 56 @ ACno-8Bk83"" (2110) | #10 ""player 57 @ TSZomjBthu"" (500)",2026-08-05T05:30:19.735Z,178590781973502
"-- starting hand #47 (id: lphpiewwx11e)  No Limit Texas Hold'em (dealer: ""player 55 @ uewFolxPCK"") --",2026-08-05T05:30:19.735Z,178590781973501
"The player ""player 57 @ TSZomjBthu"" joined the game with a stack of 500.",2026-08-05T05:30:19.735Z,178590781973500
"-- ending hand #46 --",2026-08-05T05:30:13.731Z,178590781373103
"""player 56 @ ACno-8Bk83"" collected 300 from pot with Pair, K's (combination: 6♥, 7♠, 8♠, K♦, K♣)",2026-08-05T05:30:13.731Z,178590781373102
"""player 56 @ ACno-8Bk83"" shows a K♦, 7♠.",2026-08-05T05:30:13.731Z,178590781373101
"""player 55 @ uewFolxPCK"" shows a 4♠, 8♥.",2026-08-05T05:30:13.731Z,178590781373100
"""player 56 @ ACno-8Bk83"" calls 90",2026-08-05T05:30:12.881Z,178590781288100
"""player 55 @ uewFolxPCK"" bets 90",2026-08-05T05:30:11.991Z,178590781199100
"River: K♣, 5♣, 8♠, 6♥ [3♣]",2026-08-05T05:30:08.735Z,178590780873500
"""player 55 @ uewFolxPCK"" calls 40",2026-08-05T05:30:07.931Z,178590780793100
"""player 56 @ ACno-8Bk83"" bets 40",2026-08-05T05:30:01.849Z,178590780184900
"""player 55 @ uewFolxPCK"" checks",2026-08-05T05:29:59.736Z,178590779973600
"The admin approved the player ""player 57 @ TSZomjBthu"" participation with a stack of 500.",2026-08-05T05:29:57.914Z,178590779791400
"Turn: K♣, 5♣, 8♠ [6♥]",2026-08-05T05:29:55.872Z,178590779587200
"""player 56 @ ACno-8Bk83"" calls 10",2026-08-05T05:29:55.066Z,178590779506600
"The player ""player 57 @ TSZomjBthu"" requested a seat.",2026-08-05T05:29:54.763Z,178590779476300
"""player 55 @ uewFolxPCK"" bets 10",2026-08-05T05:29:54.150Z,178590779415000
"Flop:  [K♣, 5♣, 8♠]",2026-08-05T05:29:52.271Z,178590779227100
"""player 56 @ ACno-8Bk83"" checks",2026-08-05T05:29:51.453Z,178590779145300
"""player 55 @ uewFolxPCK"" calls 10",2026-08-05T05:29:50.525Z,178590779052500
"""player 56 @ ACno-8Bk83"" posts a straddle of 10",2026-08-05T05:29:49.570Z,178590778957007
"""player 55 @ uewFolxPCK"" posts a big blind of 5",2026-08-05T05:29:49.570Z,178590778957006
"""player 56 @ ACno-8Bk83"" posts a small blind of 2",2026-08-05T05:29:49.570Z,178590778957005
"Your hand is 4♠, 8♥",2026-08-05T05:29:49.570Z,178590778957003
"Player stacks: #1 ""player 55 @ uewFolxPCK"" (1540) | #2 ""player 56 @ ACno-8Bk83"" (1960)",2026-08-05T05:29:49.570Z,178590778957002
"-- starting hand #46 (id: wan2xfqjg0oc)  No Limit Texas Hold'em (dealer: ""player 56 @ ACno-8Bk83"") --",2026-08-05T05:29:49.570Z,178590778957001
"The player ""player 57 @ TSZomjBthu"" quits the game with a stack of 0.",2026-08-05T05:29:49.570Z,178590778957000
"-- ending hand #45 --",2026-08-05T05:29:43.559Z,178590778355904
"""player 57 @ TSZomjBthu"" shows a 10♠, K♦.",2026-08-05T05:29:43.559Z,178590778355903
"""player 55 @ uewFolxPCK"" collected 1199 from pot with Two Pair, A's & 10's (combination: 9♦, 10♦, 10♣, A♦, A♣)",2026-08-05T05:29:43.559Z,178590778355902
"""player 55 @ uewFolxPCK"" shows a 10♦, A♦.",2026-08-05T05:29:43.559Z,178590778355901
"Uncalled bet of 61 returned to ""player 55 @ uewFolxPCK""",2026-08-05T05:29:43.559Z,178590778355900
"""player 57 @ TSZomjBthu"" calls 335 and go all in",2026-08-05T05:29:42.695Z,178590778269500
"""player 55 @ uewFolxPCK"" bets 396",2026-08-05T05:29:37.400Z,178590777740000
"""player 57 @ TSZomjBthu"" checks",2026-08-05T05:29:35.228Z,178590777522800
"River: 9♦, 7♦, 10♣, A♣ [5♠]",2026-08-05T05:29:33.153Z,178590777315300
"""player 57 @ TSZomjBthu"" calls 132",2026-08-05T05:29:32.299Z,178590777229900
"""player 55 @ uewFolxPCK"" bets 132",2026-08-05T05:29:30.146Z,178590777014600
"""player 57 @ TSZomjBthu"" checks",2026-08-05T05:29:27.122Z,178590776712200
"Turn: 9♦, 7♦, 10♣ [A♣]",2026-08-05T05:29:12.655Z,178590775265500
"""player 57 @ TSZomjBthu"" calls 45",2026-08-05T05:29:11.775Z,178590775177500
"""player 55 @ uewFolxPCK"" bets 45",2026-08-05T05:29:10.752Z,178590775075200
"""player 57 @ TSZomjBthu"" checks",2026-08-05T05:29:07.277Z,178590774727700
"Flop:  [9♦, 7♦, 10♣]",2026-08-05T05:29:05.354Z,178590774535400
"""player 57 @ TSZomjBthu"" calls 80",2026-08-05T05:29:04.528Z,178590774452800
"""player 56 @ ACno-8Bk83"" folds",2026-08-05T05:29:03.595Z,178590774359500
"""player 55 @ uewFolxPCK"" raises to 80",2026-08-05T05:29:01.700Z,178590774170000
"""player 57 @ TSZomjBthu"" raises to 20",2026-08-05T05:28:58.388Z,178590773838800
"""player 56 @ ACno-8Bk83"" raises to 15",2026-08-05T05:28:56.806Z,178590773680600
"""player 55 @ uewFolxPCK"" posts a straddle of 10",2026-08-05T05:28:54.770Z,178590773477007
"""player 57 @ TSZomjBthu"" posts a big blind of 5",2026-08-05T05:28:54.770Z,178590773477006
"""player 56 @ ACno-8Bk83"" posts a small blind of 2",2026-08-05T05:28:54.770Z,178590773477005
"Your hand is 10♦, A♦",2026-08-05T05:28:54.770Z,178590773477002
"Player stacks: #1 ""player 55 @ uewFolxPCK"" (933) | #2 ""player 56 @ ACno-8Bk83"" (1975) | #10 ""player 57 @ TSZomjBthu"" (592)",2026-08-05T05:28:54.770Z,178590773477001
"-- starting hand #45 (id: dh2xijpz8f4q)  No Limit Texas Hold'em (dealer: ""player 55 @ uewFolxPCK"") --",2026-08-05T05:28:54.770Z,178590773477000
"-- ending hand #44 --",2026-08-05T05:28:48.765Z,178590772876503
"""player 56 @ ACno-8Bk83"" collected 70 from pot with Two Pair, Q's & 6's (combination: K♦, 6♣, 6♥, Q♣, Q♥)",2026-08-05T05:28:48.765Z,178590772876502
"""player 56 @ ACno-8Bk83"" shows a 8♦, 6♣.",2026-08-05T05:28:48.765Z,178590772876501
"""player 55 @ uewFolxPCK"" shows a 7♥, 4♠.",2026-08-05T05:28:48.765Z,178590772876500
"""player 56 @ ACno-8Bk83"" checks",2026-08-05T05:28:47.941Z,178590772794100
"""player 55 @ uewFolxPCK"" checks",2026-08-05T05:28:46.993Z,178590772699300
"River: Q♣, 5♦, 6♥, Q♥ [K♦]",2026-08-05T05:28:44.358Z,178590772435800
"""player 56 @ ACno-8Bk83"" calls 20",2026-08-05T05:28:43.554Z,178590772355400
"""player 55 @ uewFolxPCK"" bets 20",2026-08-05T05:28:42.653Z,178590772265300
"Turn: Q♣, 5♦, 6♥ [Q♥]",2026-08-05T05:28:40.354Z,178590772035400
"""player 56 @ ACno-8Bk83"" calls 10",2026-08-05T05:28:39.533Z,178590771953300
"""player 55 @ uewFolxPCK"" bets 10",2026-08-05T05:28:38.631Z,178590771863100
"Flop:  [Q♣, 5♦, 6♥]",2026-08-05T05:28:36.112Z,178590771611200
"""player 56 @ ACno-8Bk83"" checks",2026-08-05T05:28:35.291Z,178590771529100
"""player 55 @ uewFolxPCK"" calls 5",2026-08-05T05:28:34.353Z,178590771435300
"""player 57 @ TSZomjBthu"" folds",2026-08-05T05:28:32.338Z,178590771233800
"""player 56 @ ACno-8Bk83"" posts a big blind of 5",2026-08-05T05:28:31.468Z,178590771146806
"""player 55 @ uewFolxPCK"" posts a small blind of 2",2026-08-05T05:28:31.468Z,178590771146805
"Your hand is 7♥, 4♠",2026-08-05T05:28:31.468Z,178590771146802
"Player stacks: #1 ""player 55 @ uewFolxPCK"" (968) | #2 ""player 56 @ ACno-8Bk83"" (1940) | #10 ""player 57 @ TSZomjBthu"" (592)",2026-08-05T05:28:31.468Z,178590771146801
"-- starting hand #44 (id: weqsbjb0bc9y)  No Limit Texas Hold'em (dealer: ""player 57 @ TSZomjBthu"") --",2026-08-05T05:28:31.468Z,178590771146800
"-- ending hand #43 --",2026-08-05T05:28:25.450Z,178590770545003
"""player 55 @ uewFolxPCK"" collected 60 from pot with Pair, Q's (combination: 7♠, 10♠, A♣, Q♠, Q♦)",2026-08-05T05:28:25.450Z,178590770545002
"""player 55 @ uewFolxPCK"" shows a Q♠, 6♦.",2026-08-05T05:28:25.450Z,178590770545001
"""player 57 @ TSZomjBthu"" shows a 8♥, 2♣.",2026-08-05T05:28:25.450Z,178590770545000
"""player 55 @ uewFolxPCK"" checks",2026-08-05T05:28:24.640Z,178590770464000
"""player 57 @ TSZomjBthu"" checks",2026-08-05T05:28:23.600Z,178590770360000
"River: Q♦, 7♠, 10♠, A♣ [5♥]",2026-08-05T05:28:21.407Z,178590770140700
"""player 56 @ ACno-8Bk83"" folds",2026-08-05T05:28:20.571Z,178590770057100
"""player 55 @ uewFolxPCK"" calls 15",2026-08-05T05:28:08.537Z,178590768853700
"""player 57 @ TSZomjBthu"" bets 15",2026-08-05T05:28:06.942Z,178590768694200
"Turn: Q♦, 7♠, 10♠ [A♣]",2026-08-05T05:28:03.798Z,178590768379800
"""player 56 @ ACno-8Bk83"" checks",2026-08-05T05:28:02.912Z,178590768291200
"""player 55 @ uewFolxPCK"" checks",2026-08-05T05:28:01.912Z,178590768191200
"""player 57 @ TSZomjBthu"" checks",2026-08-05T05:28:00.754Z,178590768075400
"Flop:  [Q♦, 7♠, 10♠]",2026-08-05T05:27:59.472Z,178590767947200
"""player 55 @ uewFolxPCK"" calls 10",2026-08-05T05:27:58.666Z,178590767866600
"""player 57 @ TSZomjBthu"" calls 10",2026-08-05T05:27:57.620Z,178590767762000
"""player 56 @ ACno-8Bk83"" raises to 10",2026-08-05T05:27:56.330Z,178590767633000
"""player 55 @ uewFolxPCK"" posts a big blind of 5",2026-08-05T05:27:54.973Z,178590767497306
"""player 57 @ TSZomjBthu"" posts a small blind of 2",2026-08-05T05:27:54.973Z,178590767497305
"Your hand is Q♠, 6♦",2026-08-05T05:27:54.973Z,178590767497302
"Player stacks: #1 ""player 55 @ uewFolxPCK"" (933) | #2 ""player 56 @ ACno-8Bk83"" (1950) | #10 ""player 57 @ TSZomjBthu"" (617)",2026-08-05T05:27:54.973Z,178590767497301
"-- starting hand #43 (id: glwl0mbiew0r)  No Limit Texas Hold'em (dealer: ""player 56 @ ACno-8Bk83"") --",2026-08-05T05:27:54.973Z,178590767497300
"Undealt cards: 9♠, 5♣, K♠ [10♦, 3♥]",2026-08-05T05:27:49.882Z,178590766988200
"-- ending hand #42 --",2026-08-05T05:27:49.066Z,178590766906602
"""player 57 @ TSZomjBthu"" collected 25 from pot",2026-08-05T05:27:49.066Z,178590766906601
"Uncalled bet of 40 returned to ""player 57 @ TSZomjBthu""",2026-08-05T05:27:49.066Z,178590766906600
"""player 56 @ ACno-8Bk83"" folds",2026-08-05T05:27:48.204Z,178590766820400
"""player 55 @ uewFolxPCK"" folds",2026-08-05T05:27:46.340Z,178590766634000
"""player 57 @ TSZomjBthu"" raises to 45",2026-08-05T05:27:45.354Z,178590766535400
"""player 56 @ ACno-8Bk83"" bets 5",2026-08-05T05:27:43.459Z,178590766345900
"Flop:  [9♠, 5♣, K♠]",2026-08-05T05:27:42.168Z,178590766216800
"""player 57 @ TSZomjBthu"" checks",2026-08-05T05:27:41.353Z,178590766135300
"""player 56 @ ACno-8Bk83"" calls 5",2026-08-05T05:27:40.381Z,178590766038100
"""player 55 @ uewFolxPCK"" calls 5",2026-08-05T05:27:39.463Z,178590765946300
"""player 57 @ TSZomjBthu"" posts a big blind of 5",2026-08-05T05:27:38.367Z,178590765836706
"""player 56 @ ACno-8Bk83"" posts a small blind of 2",2026-08-05T05:27:38.367Z,178590765836705
"Player stacks: #1 ""player 55 @ uewFolxPCK"" (938) | #2 ""player 56 @ ACno-8Bk83"" (1960) | #10 ""player 57 @ TSZomjBthu"" (602)",2026-08-05T05:27:38.367Z,178590765836701
"-- starting hand #42 (id: cbaxaqt1og1n)  No Limit Texas Hold'em (dealer: ""player 55 @ uewFolxPCK"") --",2026-08-05T05:27:38.367Z,178590765836700
"""player 56 @ ACno-8Bk83"" shows a 4♦, 9♦.",2026-08-05T05:27:35.180Z,178590765518000
"Undealt cards: 7♦, 7♥, 6♣ [4♥, 4♣]",2026-08-05T05:27:32.083Z,178590765208300
"-- ending hand #41 --",2026-08-05T05:27:31.761Z,178590765176102
"""player 55 @ uewFolxPCK"" collected 30 from pot",2026-08-05T05:27:31.761Z,178590765176101
"Uncalled bet of 10 returned to ""player 55 @ uewFolxPCK""",2026-08-05T05:27:31.761Z,178590765176100
"""player 56 @ ACno-8Bk83"" folds",2026-08-05T05:27:30.946Z,178590765094600
"""player 55 @ uewFolxPCK"" bets 10",2026-08-05T05:27:28.956Z,178590764895600
"Flop:  [7♦, 7♥, 6♣]",2026-08-05T05:27:25.886Z,178590764588600
"""player 56 @ ACno-8Bk83"" calls 15",2026-08-05T05:27:25.025Z,178590764502500
"""player 55 @ uewFolxPCK"" raises to 15",2026-08-05T05:27:23.524Z,178590764352400
"""player 57 @ TSZomjBthu"" folds",2026-08-05T05:27:21.829Z,178590764182900
"""player 56 @ ACno-8Bk83"" posts a big blind of 5",2026-08-05T05:27:20.608Z,178590764060806
"""player 55 @ uewFolxPCK"" posts a small blind of 2",2026-08-05T05:27:20.608Z,178590764060805
"Player stacks: #1 ""player 55 @ uewFolxPCK"" (923) | #2 ""player 56 @ ACno-8Bk83"" (1975) | #10 ""player 57 @ TSZomjBthu"" (602)",2026-08-05T05:27:20.608Z,178590764060801
"-- starting hand #41 (id: xpjlpz7cipg2)  No Limit Texas Hold'em (dealer: ""player 57 @ TSZomjBthu"") --",2026-08-05T05:27:20.608Z,178590764060800
"""player 56 @ ACno-8Bk83"" shows a J♦, 10♣.",2026-08-05T05:27:17.507Z,178590763750700
"-- ending hand #40 --",2026-08-05T05:27:17.004Z,178590763700402
"""player 56 @ ACno-8Bk83"" collected 231 from pot",2026-08-05T05:27:17.004Z,178590763700401
"Uncalled bet of 1744 returned to ""player 56 @ ACno-8Bk83""",2026-08-05T05:27:17.004Z,178590763700400
"""player 55 @ uewFolxPCK"" folds",2026-08-05T05:27:16.154Z,178590763615400
"""player 57 @ TSZomjBthu"" folds",2026-08-05T05:27:03.487Z,178590762348700
"""player 56 @ ACno-8Bk83"" bets 1744 and go all in",2026-08-05T05:27:02.226Z,178590762222600
"""player 55 @ uewFolxPCK"" checks",2026-08-05T05:27:00.129Z,178590762012900
"""player 57 @ TSZomjBthu"" checks",2026-08-05T05:26:55.561Z,178590761556100
"River: Q♦, 7♥, 9♣, 10♦ [K♥]",2026-08-05T05:26:54.300Z,178590761430000
"""player 56 @ ACno-8Bk83"" calls 45",2026-08-05T05:26:53.480Z,178590761348000
"""player 55 @ uewFolxPCK"" calls 45",2026-08-05T05:26:52.510Z,178590761251000
"""player 57 @ TSZomjBthu"" bets 45",2026-08-05T05:26:50.842Z,178590761084200
"Turn: Q♦, 7♥, 9♣ [10♦]",2026-08-05T05:26:45.586Z,178590760558600
"""player 57 @ TSZomjBthu"" calls 15",2026-08-05T05:26:44.775Z,178590760477500
"""player 56 @ ACno-8Bk83"" calls 15",2026-08-05T05:26:43.867Z,178590760386700
"""player 55 @ uewFolxPCK"" bets 15",2026-08-05T05:26:42.921Z,178590760292100
"""player 57 @ TSZomjBthu"" checks",2026-08-05T05:26:40.829Z,178590760082900
"Flop:  [Q♦, 7♥, 9♣]",2026-08-05T05:26:39.471Z,178590759947100
"""player 55 @ uewFolxPCK"" calls 17",2026-08-05T05:26:38.663Z,178590759866300
"""player 57 @ TSZomjBthu"" calls 17",2026-08-05T05:26:37.155Z,178590759715500
"""player 56 @ ACno-8Bk83"" raises to 17",2026-08-05T05:26:36.081Z,178590759608100
"""player 55 @ uewFolxPCK"" posts a big blind of 5",2026-08-05T05:26:33.780Z,178590759378008
"""player 57 @ TSZomjBthu"" posts a small blind of 2",2026-08-05T05:26:33.780Z,178590759378007
"Player stacks: #1 ""player 55 @ uewFolxPCK"" (1000) | #2 ""player 56 @ ACno-8Bk83"" (1821) | #10 ""player 57 @ TSZomjBthu"" (679)",2026-08-05T05:26:33.780Z,178590759378003
"-- starting hand #40 (id: 9gee62wsk29t)  No Limit Texas Hold'em (dealer: ""player 56 @ ACno-8Bk83"") --",2026-08-05T05:26:33.780Z,178590759378002
"The player ""player 55 @ uewFolxPCK"" joined the game with a stack of 1000.",2026-08-05T05:26:33.780Z,178590759378001
"The admin updated the player ""player 55 @ uewFolxPCK"" stack from 500 to 1000.",2026-08-05T05:26:33.780Z,178590759378000
"WARNING: the admin queued the stack change for the player ""player 55 @ uewFolxPCK"" adding 500 chips in the next hand.",2026-08-05T05:26:32.483Z,178590759248300
"-- ending hand #39 --",2026-08-05T05:26:27.777Z,178590758777702
"""player 56 @ ACno-8Bk83"" collected 60 from pot",2026-08-05T05:26:27.777Z,178590758777701
"Uncalled bet of 60 returned to ""player 56 @ ACno-8Bk83""",2026-08-05T05:26:27.777Z,178590758777700
"""player 57 @ TSZomjBthu"" folds",2026-08-05T05:26:26.927Z,178590758692700
"""player 56 @ ACno-8Bk83"" bets 60",2026-08-05T05:26:25.915Z,178590758591500
"Turn: 7♥, J♥, 10♥ [10♦]",2026-08-05T05:26:23.955Z,178590758395500
"""player 57 @ TSZomjBthu"" calls 20",2026-08-05T05:26:23.066Z,178590758306600
"""player 56 @ ACno-8Bk83"" bets 20",2026-08-05T05:26:21.507Z,178590758150700
"The admin approved the player ""player 55 @ uewFolxPCK"" participation with a stack of 500.",2026-08-05T05:26:19.186Z,178590757918601
"The player ""player 55 @ uewFolxPCK"" requested a seat.",2026-08-05T05:26:19.186Z,178590757918600
"Flop:  [7♥, J♥, 10♥]",2026-08-05T05:26:17.961Z,178590757796100
"""player 56 @ ACno-8Bk83"" calls 10",2026-08-05T05:26:17.089Z,178590757708900
"""player 57 @ TSZomjBthu"" raises to 10",2026-08-05T05:26:16.193Z,178590757619300
"""player 56 @ ACno-8Bk83"" posts a big blind of 5",2026-08-05T05:26:14.157Z,178590757415706
"""player 57 @ TSZomjBthu"" posts a small blind of 2",2026-08-05T05:26:14.157Z,178590757415705
"Player stacks: #2 ""player 56 @ ACno-8Bk83"" (1791) | #10 ""player 57 @ TSZomjBthu"" (709)",2026-08-05T05:26:14.157Z,178590757415702
"-- starting hand #39 (id: zrzei8fvsqm4)  No Limit Texas Hold'em (dealer: ""player 57 @ TSZomjBthu"") --",2026-08-05T05:26:14.157Z,178590757415701
"The player ""player 55 @ uewFolxPCK"" quits the game with a stack of 0.",2026-08-05T05:26:14.157Z,178590757415700
"-- ending hand #38 --",2026-08-05T05:26:06.150Z,178590756615002
"""player 56 @ ACno-8Bk83"" collected 98 from pot with Pair, Q's on the second run  (combination: 5♥, 8♣, J♦, Q♥, Q♣)",2026-08-05T05:26:06.150Z,178590756615001
"""player 56 @ ACno-8Bk83"" collected 98 from pot with Pair, Q's (combination: 7♥, J♦, K♥, Q♥, Q♣)",2026-08-05T05:26:06.150Z,178590756615000
"River (second run): J♦, Q♣, 4♦, 8♣ [5♥]",2026-08-05T05:26:02.043Z,178590756204300
"Turn (second run): J♦, Q♣, 4♦ [8♣]",2026-08-05T05:25:57.978Z,178590755797800
"River: J♦, Q♣, 4♦, K♥ [7♥]",2026-08-05T05:25:53.929Z,178590755392900
"Turn: J♦, Q♣, 4♦ [K♥]",2026-08-05T05:25:49.922Z,178590754992200
"""player 56 @ ACno-8Bk83"" shows a Q♥, 2♥.",2026-08-05T05:25:45.872Z,178590754587201
"Uncalled bet of 1595 returned to ""player 56 @ ACno-8Bk83""",2026-08-05T05:25:45.872Z,178590754587200
"""player 55 @ uewFolxPCK"" shows a J♠, 9♠.",2026-08-05T05:25:45.500Z,178590754550000
"All players in hand choose to run it twice.",2026-08-05T05:25:45.000Z,178590754500001
"""player 56 @ ACno-8Bk83"" chooses to  run it twice.",2026-08-05T05:25:45.000Z,178590754500000
"""player 55 @ uewFolxPCK"" chooses to  run it twice.",2026-08-05T05:25:44.824Z,178590754482400
"Remaining players decide whether to run it twice.",2026-08-05T05:25:44.284Z,178590754428401
"""player 55 @ uewFolxPCK"" calls 72 and go all in",2026-08-05T05:25:44.284Z,178590754428400
"""player 56 @ ACno-8Bk83"" raises to 1667 and go all in",2026-08-05T05:25:43.358Z,178590754335800
"""player 55 @ uewFolxPCK"" bets 20",2026-08-05T05:25:41.226Z,178590754122600
"Flop:  [J♦, Q♣, 4♦]",2026-08-05T05:25:38.974Z,178590753897400
"""player 56 @ ACno-8Bk83"" calls 25",2026-08-05T05:25:38.144Z,178590753814400
"""player 55 @ uewFolxPCK"" raises to 25",2026-08-05T05:25:37.182Z,178590753718200
"""player 57 @ TSZomjBthu"" folds",2026-08-05T05:25:35.303Z,178590753530300
"""player 56 @ ACno-8Bk83"" raises to 10",2026-08-05T05:25:34.038Z,178590753403800
"""player 55 @ uewFolxPCK"" posts a big blind of 5",2026-08-05T05:25:32.568Z,178590753256806
"""player 57 @ TSZomjBthu"" posts a small blind of 2",2026-08-05T05:25:32.568Z,178590753256805
"Your hand is J♠, 9♠",2026-08-05T05:25:32.568Z,178590753256802
"Player stacks: #1 ""player 55 @ uewFolxPCK"" (97) | #2 ""player 56 @ ACno-8Bk83"" (1692) | #10 ""player 57 @ TSZomjBthu"" (711)",2026-08-05T05:25:32.568Z,178590753256801
"-- starting hand #38 (id: ap3jfbqmsjng)  No Limit Texas Hold'em (dealer: ""player 56 @ ACno-8Bk83"") --",2026-08-05T05:25:32.568Z,178590753256800
"-- ending hand #37 --",2026-08-05T05:25:26.555Z,178590752655503
"""player 57 @ TSZomjBthu"" collected 126 from pot with Two Pair, A's & 4's (combination: K♥, 4♥, 4♠, A♦, A♠)",2026-08-05T05:25:26.555Z,178590752655502
"""player 57 @ TSZomjBthu"" shows a K♥, 10♣.",2026-08-05T05:25:26.555Z,178590752655501
"""player 55 @ uewFolxPCK"" shows a 10♠, 9♣.",2026-08-05T05:25:26.555Z,178590752655500
"""player 57 @ TSZomjBthu"" calls 42",2026-08-05T05:25:25.732Z,178590752573200
"""player 55 @ uewFolxPCK"" bets 42",2026-08-05T05:25:24.675Z,178590752467500
"""player 57 @ TSZomjBthu"" checks",2026-08-05T05:25:22.962Z,178590752296200
"River: Q♣, A♦, 4♥, A♠ [4♠]",2026-08-05T05:25:21.555Z,178590752155500
"""player 55 @ uewFolxPCK"" calls 5",2026-08-05T05:25:20.746Z,178590752074600
"""player 57 @ TSZomjBthu"" bets 5",2026-08-05T05:25:19.264Z,178590751926400
"Turn: Q♣, A♦, 4♥ [A♠]",2026-08-05T05:25:17.882Z,178590751788200
"""player 55 @ uewFolxPCK"" checks",2026-08-05T05:25:17.004Z,178590751700400
"""player 57 @ TSZomjBthu"" checks",2026-08-05T05:25:15.983Z,178590751598300
"Flop:  [Q♣, A♦, 4♥]",2026-08-05T05:25:13.867Z,178590751386700
"""player 57 @ TSZomjBthu"" calls 15",2026-08-05T05:25:13.056Z,178590751305600
"""player 56 @ ACno-8Bk83"" folds",2026-08-05T05:25:12.008Z,178590751200800
"""player 55 @ uewFolxPCK"" raises to 15",2026-08-05T05:25:02.592Z,178590750259200
"""player 57 @ TSZomjBthu"" posts a big blind of 5",2026-08-05T05:25:00.587Z,178590750058706
"""player 56 @ ACno-8Bk83"" posts a small blind of 2",2026-08-05T05:25:00.587Z,178590750058705
"Your hand is 10♠, 9♣",2026-08-05T05:25:00.587Z,178590750058702
"Player stacks: #1 ""player 55 @ uewFolxPCK"" (159) | #2 ""player 56 @ ACno-8Bk83"" (1694) | #10 ""player 57 @ TSZomjBthu"" (647)",2026-08-05T05:25:00.587Z,178590750058701
"-- starting hand #37 (id: lexwua5o9u0w)  No Limit Texas Hold'em (dealer: ""player 55 @ uewFolxPCK"") --",2026-08-05T05:25:00.587Z,178590750058700
"""player 56 @ ACno-8Bk83"" shows a 2♣, 2♠.",2026-08-05T05:24:55.979Z,178590749597900
"-- ending hand #36 --",2026-08-05T05:24:52.077Z,178590749207702
"""player 57 @ TSZomjBthu"" collected 323 from pot with Two Pair, A's & 10's on the second run  (combination: Q♦, 10♥, 10♠, A♠, A♣)",2026-08-05T05:24:52.077Z,178590749207701
"""player 57 @ TSZomjBthu"" collected 324 from pot with Two Pair, A's & 10's (combination: Q♦, 10♥, 10♠, A♠, A♣)",2026-08-05T05:24:52.077Z,178590749207700
"River (second run): 10♠, A♣, Q♦, 9♣ [3♥]",2026-08-05T05:24:48.070Z,178590748807000
"Turn (second run): 10♠, A♣, Q♦ [9♣]",2026-08-05T05:24:44.059Z,178590748405900
"River: 10♠, A♣, Q♦, 7♣ [2♦]",2026-08-05T05:24:40.053Z,178590748005300
"Turn: 10♠, A♣, Q♦ [7♣]",2026-08-05T05:24:36.021Z,178590747602100
"""player 57 @ TSZomjBthu"" shows a A♠, 10♥.",2026-08-05T05:24:32.015Z,178590747201500
"""player 55 @ uewFolxPCK"" shows a 7♥, A♦.",2026-08-05T05:24:31.560Z,178590747156000
"All players in hand choose to run it twice.",2026-08-05T05:24:31.187Z,178590747118701
"""player 57 @ TSZomjBthu"" chooses to  run it twice.",2026-08-05T05:24:31.187Z,178590747118700
"""player 55 @ uewFolxPCK"" chooses to  run it twice.",2026-08-05T05:24:30.236Z,178590747023600
"Remaining players decide whether to run it twice.",2026-08-05T05:24:29.658Z,178590746965801
"""player 55 @ uewFolxPCK"" calls 271",2026-08-05T05:24:29.658Z,178590746965800
"""player 57 @ TSZomjBthu"" raises to 271 and go all in",2026-08-05T05:24:28.678Z,178590746867800
"""player 55 @ uewFolxPCK"" raises to 100",2026-08-05T05:24:24.735Z,178590746473500
"""player 57 @ TSZomjBthu"" raises to 50",2026-08-05T05:24:09.644Z,178590744964400
"""player 56 @ ACno-8Bk83"" folds",2026-08-05T05:24:06.950Z,178590744695000
"""player 55 @ uewFolxPCK"" bets 25",2026-08-05T05:24:05.984Z,178590744598400
"Flop:  [10♠, A♣, Q♦]",2026-08-05T05:24:03.760Z,178590744376000
"""player 55 @ uewFolxPCK"" calls 35",2026-08-05T05:24:02.897Z,178590744289700
"""player 57 @ TSZomjBthu"" calls 35",2026-08-05T05:24:00.890Z,178590744089000
"""player 56 @ ACno-8Bk83"" raises to 35",2026-08-05T05:23:59.940Z,178590743994000
"""player 55 @ uewFolxPCK"" raises to 20",2026-08-05T05:23:58.533Z,178590743853300
"""player 57 @ TSZomjBthu"" calls 5",2026-08-05T05:23:56.516Z,178590743651600
"""player 56 @ ACno-8Bk83"" posts a big blind of 5",2026-08-05T05:23:53.992Z,178590743399206
"""player 55 @ uewFolxPCK"" posts a small blind of 2",2026-08-05T05:23:53.992Z,178590743399205
"Your hand is 7♥, A♦",2026-08-05T05:23:53.992Z,178590743399202
"Player stacks: #1 ""player 55 @ uewFolxPCK"" (465) | #2 ""player 56 @ ACno-8Bk83"" (1729) | #10 ""player 57 @ TSZomjBthu"" (306)",2026-08-05T05:23:53.992Z,178590743399201
"-- starting hand #36 (id: xowhajtxiapq)  No Limit Texas Hold'em (dealer: ""player 57 @ TSZomjBthu"") --",2026-08-05T05:23:53.992Z,178590743399200
"""player 56 @ ACno-8Bk83"" shows a A♣.",2026-08-05T05:23:48.196Z,178590742819600
"Undealt cards: A♥, 8♠, 8♦ [J♦, 5♦]",2026-08-05T05:23:47.672Z,178590742767200
"-- ending hand #35 --",2026-08-05T05:23:47.386Z,178590742738602
"""player 56 @ ACno-8Bk83"" collected 72 from pot",2026-08-05T05:23:47.386Z,178590742738601
"Uncalled bet of 72 returned to ""player 56 @ ACno-8Bk83""",2026-08-05T05:23:47.386Z,178590742738600
"""player 55 @ uewFolxPCK"" folds",2026-08-05T05:23:46.521Z,178590742652100
"""player 56 @ ACno-8Bk83"" raises to 90",2026-08-05T05:23:42.445Z,178590742244500
"""player 55 @ uewFolxPCK"" bets 18",2026-08-05T05:23:40.486Z,178590742048600
"Flop:  [A♥, 8♠, 8♦]",2026-08-05T05:23:36.400Z,178590741640000
"""player 55 @ uewFolxPCK"" calls 17",2026-08-05T05:23:35.579Z,178590741557900
"""player 57 @ TSZomjBthu"" folds",2026-08-05T05:23:31.798Z,178590741179800
"""player 56 @ ACno-8Bk83"" raises to 17",2026-08-05T05:23:30.879Z,178590741087900
"""player 55 @ uewFolxPCK"" posts a big blind of 5",2026-08-05T05:23:28.671Z,178590740867107
"""player 57 @ TSZomjBthu"" posts a small blind of 2",2026-08-05T05:23:28.671Z,178590740867106
"Player stacks: #1 ""player 55 @ uewFolxPCK"" (500) | #2 ""player 56 @ ACno-8Bk83"" (1692) | #10 ""player 57 @ TSZomjBthu"" (308)",2026-08-05T05:23:28.671Z,178590740867102
"-- starting hand #35 (id: f6vtfvpqyhcv)  No Limit Texas Hold'em (dealer: ""player 56 @ ACno-8Bk83"") --",2026-08-05T05:23:28.671Z,178590740867101
"The player ""player 55 @ uewFolxPCK"" joined the game with a stack of 500.",2026-08-05T05:23:28.671Z,178590740867100
"Undealt cards: 8♦, A♣, J♦, Q♣ [2♦]",2026-08-05T05:23:23.941Z,178590740394100
"""player 56 @ ACno-8Bk83"" shows a 8♣, Q♦.",2026-08-05T05:23:22.871Z,178590740287100
"-- ending hand #34 --",2026-08-05T05:23:22.064Z,178590740206402
"""player 56 @ ACno-8Bk83"" collected 30 from pot",2026-08-05T05:23:22.064Z,178590740206401
"Uncalled bet of 30 returned to ""player 56 @ ACno-8Bk83""",2026-08-05T05:23:22.064Z,178590740206400
"""player 57 @ TSZomjBthu"" folds",2026-08-05T05:23:21.252Z,178590740125200
"""player 56 @ ACno-8Bk83"" bets 30",2026-08-05T05:23:20.181Z,178590740018100
"Turn: 8♦, A♣, J♦ [Q♣]",2026-08-05T05:23:16.261Z,178590739626100
"""player 57 @ TSZomjBthu"" calls 10",2026-08-05T05:23:15.458Z,178590739545800
"""player 56 @ ACno-8Bk83"" bets 10",2026-08-05T05:23:14.516Z,178590739451600
"The admin approved the player ""player 55 @ uewFolxPCK"" participation with a stack of 500.",2026-08-05T05:23:13.266Z,178590739326601
"The player ""player 55 @ uewFolxPCK"" requested a seat.",2026-08-05T05:23:13.266Z,178590739326600
"Flop:  [8♦, A♣, J♦]",2026-08-05T05:23:11.986Z,178590739198600
"""player 56 @ ACno-8Bk83"" checks",2026-08-05T05:23:11.150Z,178590739115000
"""player 57 @ TSZomjBthu"" calls 5",2026-08-05T05:23:10.200Z,178590739020000
"""player 56 @ ACno-8Bk83"" posts a big blind of 5",2026-08-05T05:23:08.952Z,178590738895206
"""player 57 @ TSZomjBthu"" posts a small blind of 2",2026-08-05T05:23:08.952Z,178590738895205
"Player stacks: #2 ""player 56 @ ACno-8Bk83"" (1677) | #10 ""player 57 @ TSZomjBthu"" (323)",2026-08-05T05:23:08.952Z,178590738895202
"-- starting hand #34 (id: 8z9xgdadt9gl)  No Limit Texas Hold'em (dealer: ""player 57 @ TSZomjBthu"") --",2026-08-05T05:23:08.952Z,178590738895201
"The player ""player 55 @ uewFolxPCK"" quits the game with a stack of 0.",2026-08-05T05:23:08.952Z,178590738895200
"-- ending hand #33 --",2026-08-05T05:23:02.907Z,178590738290703
"""player 56 @ ACno-8Bk83"" collected 1018 from pot with Two Pair, 10's & 7's (combination: 9♥, 7♠, 7♣, 10♣, 10♠)",2026-08-05T05:23:02.907Z,178590738290702
"""player 56 @ ACno-8Bk83"" shows a 9♥, 10♣.",2026-08-05T05:23:02.907Z,178590738290701
"""player 55 @ uewFolxPCK"" shows a 5♣, A♣.",2026-08-05T05:23:02.907Z,178590738290700
"""player 56 @ ACno-8Bk83"" calls 418",2026-08-05T05:23:02.079Z,178590738207900
"""player 55 @ uewFolxPCK"" bets 418 and go all in",2026-08-05T05:23:00.906Z,178590738090600
"River: 7♠, 2♦, 2♠, 7♣ [10♠]",2026-08-05T05:22:59.284Z,178590737928400
"""player 56 @ ACno-8Bk83"" calls 40",2026-08-05T05:22:58.472Z,178590737847200
"""player 55 @ uewFolxPCK"" bets 40",2026-08-05T05:22:57.578Z,178590737757800
"Turn: 7♠, 2♦, 2♠ [7♣]",2026-08-05T05:22:54.877Z,178590737487700
"""player 56 @ ACno-8Bk83"" calls 20",2026-08-05T05:22:53.989Z,178590737398900
"""player 55 @ uewFolxPCK"" bets 20",2026-08-05T05:22:52.714Z,178590737271400
"Flop:  [7♠, 2♦, 2♠]",2026-08-05T05:22:49.276Z,178590736927600
"""player 56 @ ACno-8Bk83"" calls 30",2026-08-05T05:22:48.395Z,178590736839500
"""player 55 @ uewFolxPCK"" raises to 30",2026-08-05T05:22:47.487Z,178590736748700
"""player 57 @ TSZomjBthu"" folds",2026-08-05T05:22:44.964Z,178590736496400
"""player 56 @ ACno-8Bk83"" raises to 10",2026-08-05T05:22:43.803Z,178590736380300
"""player 55 @ uewFolxPCK"" posts a big blind of 5",2026-08-05T05:22:41.922Z,178590736192206
"""player 57 @ TSZomjBthu"" posts a small blind of 2",2026-08-05T05:22:41.922Z,178590736192205
"Your hand is 5♣, A♣",2026-08-05T05:22:41.922Z,178590736192202
"Player stacks: #1 ""player 55 @ uewFolxPCK"" (508) | #2 ""player 56 @ ACno-8Bk83"" (1167) | #10 ""player 57 @ TSZomjBthu"" (325)",2026-08-05T05:22:41.922Z,178590736192201
"-- starting hand #33 (id: bmgjfswmvodr)  No Limit Texas Hold'em (dealer: ""player 56 @ ACno-8Bk83"") --",2026-08-05T05:22:41.922Z,178590736192200
"-- ending hand #32 --",2026-08-05T05:22:33.918Z,178590735391802
"""player 57 @ TSZomjBthu"" collected 325 from pot with Flush, K High on the second run  (combination: 3♥, 8♥, 10♥, J♥, K♥)",2026-08-05T05:22:33.918Z,178590735391801
"""player 55 @ uewFolxPCK"" collected 325 from pot with Two Pair, J's & 8's (combination: 6♣, 8♥, 8♣, J♣, J♥)",2026-08-05T05:22:33.918Z,178590735391800
"River (second run): J♥, 8♥, 5♦, 3♥ [2♠]",2026-08-05T05:22:29.896Z,178590734989600
"Turn (second run): J♥, 8♥, 5♦ [3♥]",2026-08-05T05:22:25.892Z,178590734589200
"River: J♥, 8♥, 5♦, 8♣ [6♣]",2026-08-05T05:22:21.859Z,178590734185900
"Turn: J♥, 8♥, 5♦ [8♣]",2026-08-05T05:22:17.807Z,178590733780700
"""player 57 @ TSZomjBthu"" shows a 10♥, K♥.",2026-08-05T05:22:13.710Z,178590733371001
"Uncalled bet of 183 returned to ""player 55 @ uewFolxPCK""",2026-08-05T05:22:13.710Z,178590733371000
"""player 55 @ uewFolxPCK"" shows a J♣, 2♦.",2026-08-05T05:22:13.365Z,178590733336500
"All players in hand choose to run it twice.",2026-08-05T05:22:12.904Z,178590733290401
"""player 55 @ uewFolxPCK"" chooses to  run it twice.",2026-08-05T05:22:12.904Z,178590733290400
"""player 57 @ TSZomjBthu"" chooses to  run it twice.",2026-08-05T05:22:12.809Z,178590733280900
"Remaining players decide whether to run it twice.",2026-08-05T05:22:11.910Z,178590733191001
"""player 57 @ TSZomjBthu"" calls 295 and go all in",2026-08-05T05:22:11.910Z,178590733191000
"""player 55 @ uewFolxPCK"" raises to 478 and go all in",2026-08-05T05:22:11.002Z,178590733100200
"""player 57 @ TSZomjBthu"" raises to 90",2026-08-05T05:22:07.953Z,178590732795300
"""player 56 @ ACno-8Bk83"" folds",2026-08-05T05:22:06.098Z,178590732609800
"""player 55 @ uewFolxPCK"" raises to 30",2026-08-05T05:22:05.031Z,178590732503100
"""player 57 @ TSZomjBthu"" bets 5",2026-08-05T05:22:02.813Z,178590732281300
"""player 56 @ ACno-8Bk83"" checks",2026-08-05T05:22:01.255Z,178590732125500
"Flop:  [J♥, 8♥, 5♦]",2026-08-05T05:21:59.282Z,178590731928200
"""player 56 @ ACno-8Bk83"" calls 20",2026-08-05T05:21:58.451Z,178590731845100
"""player 55 @ uewFolxPCK"" calls 20",2026-08-05T05:21:57.523Z,178590731752300
"""player 57 @ TSZomjBthu"" raises to 20",2026-08-05T05:21:56.017Z,178590731601700
"""player 56 @ ACno-8Bk83"" raises to 15",2026-08-05T05:21:54.427Z,178590731442700
"""player 55 @ uewFolxPCK"" posts a straddle of 10",2026-08-05T05:21:52.877Z,178590731287707
"""player 57 @ TSZomjBthu"" posts a big blind of 5",2026-08-05T05:21:52.877Z,178590731287706
"""player 56 @ ACno-8Bk83"" posts a small blind of 2",2026-08-05T05:21:52.877Z,178590731287705
"Your hand is J♣, 2♦",2026-08-05T05:21:52.877Z,178590731287702
"Player stacks: #1 ""player 55 @ uewFolxPCK"" (498) | #2 ""player 56 @ ACno-8Bk83"" (1187) | #10 ""player 57 @ TSZomjBthu"" (315)",2026-08-05T05:21:52.877Z,178590731287701
"-- starting hand #32 (id: dtm2yb5yjbqi)  No Limit Texas Hold'em (dealer: ""player 55 @ uewFolxPCK"") --",2026-08-05T05:21:52.877Z,178590731287700
"-- ending hand #31 --",2026-08-05T05:21:46.869Z,178590730686902
"""player 56 @ ACno-8Bk83"" collected 42 from pot with Flush, A High (combination: 3♣, 5♣, 10♣, K♣, A♣)",2026-08-05T05:21:46.869Z,178590730686901
"""player 56 @ ACno-8Bk83"" shows a 5♣, 9♠.",2026-08-05T05:21:46.869Z,178590730686900
"""player 57 @ TSZomjBthu"" calls 5",2026-08-05T05:21:46.009Z,178590730600900
"""player 56 @ ACno-8Bk83"" bets 5",2026-08-05T05:21:45.097Z,178590730509700
"River: 10♣, K♣, A♣, Q♠ [3♣]",2026-08-05T05:21:43.978Z,178590730397800
"""player 57 @ TSZomjBthu"" calls 5",2026-08-05T05:21:43.150Z,178590730315000
"""player 56 @ ACno-8Bk83"" bets 5",2026-08-05T05:21:41.982Z,178590730198200
"Turn: 10♣, K♣, A♣ [Q♠]",2026-08-05T05:21:41.064Z,178590730106400
"""player 57 @ TSZomjBthu"" calls 5",2026-08-05T05:21:40.225Z,178590730022500
"""player 56 @ ACno-8Bk83"" bets 5",2026-08-05T05:21:39.238Z,178590729923800
"Flop:  [10♣, K♣, A♣]",2026-08-05T05:21:37.247Z,178590729724700
"""player 56 @ ACno-8Bk83"" checks",2026-08-05T05:21:36.437Z,178590729643700
"""player 55 @ uewFolxPCK"" folds",2026-08-05T05:21:35.350Z,178590729535000
"""player 57 @ TSZomjBthu"" calls 5",2026-08-05T05:21:33.937Z,178590729393700
"""player 56 @ ACno-8Bk83"" posts a big blind of 5",2026-08-05T05:21:32.770Z,178590729277006
"""player 55 @ uewFolxPCK"" posts a small blind of 2",2026-08-05T05:21:32.770Z,178590729277005
"Player stacks: #1 ""player 55 @ uewFolxPCK"" (500) | #2 ""player 56 @ ACno-8Bk83"" (1165) | #10 ""player 57 @ TSZomjBthu"" (335)",2026-08-05T05:21:32.770Z,178590729277001
"-- starting hand #31 (id: yj0tj7d7amt6)  No Limit Texas Hold'em (dealer: ""player 57 @ TSZomjBthu"") --",2026-08-05T05:21:32.770Z,178590729277000
"""player 56 @ ACno-8Bk83"" shows a A♥.",2026-08-05T05:21:26.838Z,178590728683800
"Undealt cards: 3♣, 10♥, A♣ [9♦, 8♥]",2026-08-05T05:21:26.559Z,178590728655900
"-- ending hand #30 --",2026-08-05T05:21:26.106Z,178590728610602
"""player 56 @ ACno-8Bk83"" collected 30 from pot",2026-08-05T05:21:26.106Z,178590728610601
"Uncalled bet of 30 returned to ""player 56 @ ACno-8Bk83""",2026-08-05T05:21:26.106Z,178590728610600
"""player 55 @ uewFolxPCK"" folds",2026-08-05T05:21:25.290Z,178590728529000
"""player 57 @ TSZomjBthu"" folds",2026-08-05T05:21:06.468Z,178590726646800
"""player 56 @ ACno-8Bk83"" bets 30",2026-08-05T05:20:58.774Z,178590725877400
"""player 55 @ uewFolxPCK"" checks",2026-08-05T05:20:56.180Z,178590725618000
"""player 57 @ TSZomjBthu"" checks",2026-08-05T05:20:55.155Z,178590725515500
"Flop:  [3♣, 10♥, A♣]",2026-08-05T05:20:53.047Z,178590725304700
"""player 55 @ uewFolxPCK"" calls 10",2026-08-05T05:20:52.213Z,178590725221300
"""player 57 @ TSZomjBthu"" calls 10",2026-08-05T05:20:51.268Z,178590725126800
"""player 56 @ ACno-8Bk83"" raises to 10",2026-08-05T05:20:48.750Z,178590724875000
"""player 55 @ uewFolxPCK"" posts a big blind of 5",2026-08-05T05:20:46.507Z,178590724650706
"""player 57 @ TSZomjBthu"" posts a small blind of 2",2026-08-05T05:20:46.507Z,178590724650705
"Player stacks: #1 ""player 55 @ uewFolxPCK"" (510) | #2 ""player 56 @ ACno-8Bk83"" (1145) | #10 ""player 57 @ TSZomjBthu"" (345)",2026-08-05T05:20:46.507Z,178590724650701
"-- starting hand #30 (id: mv0qxzcz0fuc)  No Limit Texas Hold'em (dealer: ""player 56 @ ACno-8Bk83"") --",2026-08-05T05:20:46.507Z,178590724650700
"-- ending hand #29 --",2026-08-05T05:20:38.504Z,178590723850402
"""player 55 @ uewFolxPCK"" collected 510 from pot with Flush, 8 High on the second run  (combination: 2♦, 3♦, 4♦, 7♦, 8♦)",2026-08-05T05:20:38.504Z,178590723850401
"""player 56 @ ACno-8Bk83"" collected 511 from pot with Straight, 8 High (combination: 4♥, 5♠, 6♠, 7♣, 8♥)",2026-08-05T05:20:38.504Z,178590723850400
"River (second run): 2♦, 7♣, 4♥, 4♦ [8♦]",2026-08-05T05:20:34.458Z,178590723445800
"Turn (second run): 2♦, 7♣, 4♥ [4♦]",2026-08-05T05:20:30.381Z,178590723038100
"River: 2♦, 7♣, 4♥, 5♠ [6♠]",2026-08-05T05:20:26.375Z,178590722637500
"Turn: 2♦, 7♣, 4♥ [5♠]",2026-08-05T05:20:22.368Z,178590722236800
"""player 56 @ ACno-8Bk83"" shows a A♥, 8♥.",2026-08-05T05:20:18.350Z,178590721835001
"Uncalled bet of 634 returned to ""player 56 @ ACno-8Bk83""",2026-08-05T05:20:18.350Z,178590721835000
"""player 55 @ uewFolxPCK"" shows a 7♦, 3♦.",2026-08-05T05:20:17.897Z,178590721789700
"All players in hand choose to run it twice.",2026-08-05T05:20:17.510Z,178590721751001
"""player 56 @ ACno-8Bk83"" chooses to  run it twice.",2026-08-05T05:20:17.510Z,178590721751000
"""player 55 @ uewFolxPCK"" chooses to  run it twice.",2026-08-05T05:20:17.188Z,178590721718800
"Remaining players decide whether to run it twice.",2026-08-05T05:20:16.852Z,178590721685201
"""player 55 @ uewFolxPCK"" calls 493 and go all in",2026-08-05T05:20:16.852Z,178590721685200
"""player 56 @ ACno-8Bk83"" raises to 1127 and go all in",2026-08-05T05:20:15.861Z,178590721586100
"""player 55 @ uewFolxPCK"" raises to 30",2026-08-05T05:20:14.022Z,178590721402200
"""player 56 @ ACno-8Bk83"" bets 5",2026-08-05T05:20:11.078Z,178590721107800
"Flop:  [2♦, 7♣, 4♥]",2026-08-05T05:20:08.854Z,178590720885400
"""player 55 @ uewFolxPCK"" calls 15",2026-08-05T05:20:08.029Z,178590720802900
"""player 57 @ TSZomjBthu"" folds",2026-08-05T05:20:07.072Z,178590720707200
"""player 56 @ ACno-8Bk83"" raises to 15",2026-08-05T05:20:04.959Z,178590720495900
"""player 55 @ uewFolxPCK"" posts a straddle of 10",2026-08-05T05:20:03.538Z,178590720353807
"""player 57 @ TSZomjBthu"" posts a big blind of 5",2026-08-05T05:20:03.538Z,178590720353806
"""player 56 @ ACno-8Bk83"" posts a small blind of 2",2026-08-05T05:20:03.538Z,178590720353805
"Your hand is 7♦, 3♦",2026-08-05T05:20:03.538Z,178590720353802
"Player stacks: #1 ""player 55 @ uewFolxPCK"" (508) | #2 ""player 56 @ ACno-8Bk83"" (1142) | #10 ""player 57 @ TSZomjBthu"" (350)",2026-08-05T05:20:03.538Z,178590720353801
"-- starting hand #29 (id: ohnepdkfcomn)  No Limit Texas Hold'em (dealer: ""player 55 @ uewFolxPCK"") --",2026-08-05T05:20:03.538Z,178590720353800
"Undealt cards: J♠, 9♥, 3♦ [A♦, A♠]",2026-08-05T05:19:58.549Z,178590719854900
"-- ending hand #28 --",2026-08-05T05:19:57.565Z,178590719756502
"""player 55 @ uewFolxPCK"" collected 90 from pot",2026-08-05T05:19:57.565Z,178590719756501
"Uncalled bet of 45 returned to ""player 55 @ uewFolxPCK""",2026-08-05T05:19:57.565Z,178590719756500
"""player 57 @ TSZomjBthu"" folds",2026-08-05T05:19:56.663Z,178590719666300
"""player 56 @ ACno-8Bk83"" folds",2026-08-05T05:19:55.751Z,178590719575100
"""player 55 @ uewFolxPCK"" bets 45",2026-08-05T05:19:54.584Z,178590719458400
"Flop:  [J♠, 9♥, 3♦]",2026-08-05T05:19:52.199Z,178590719219900
"""player 57 @ TSZomjBthu"" calls 30",2026-08-05T05:19:51.386Z,178590719138600
"""player 56 @ ACno-8Bk83"" calls 30",2026-08-05T05:19:50.022Z,178590719002200
"""player 55 @ uewFolxPCK"" raises to 30",2026-08-05T05:19:48.998Z,178590718899800
"""player 57 @ TSZomjBthu"" posts a straddle of 10",2026-08-05T05:19:46.574Z,178590718657407
"""player 56 @ ACno-8Bk83"" posts a big blind of 5",2026-08-05T05:19:46.574Z,178590718657406
"""player 55 @ uewFolxPCK"" posts a small blind of 2",2026-08-05T05:19:46.574Z,178590718657405
"Player stacks: #1 ""player 55 @ uewFolxPCK"" (448) | #2 ""player 56 @ ACno-8Bk83"" (1172) | #10 ""player 57 @ TSZomjBthu"" (380)",2026-08-05T05:19:46.574Z,178590718657401
"-- starting hand #28 (id: lcspgrvpms3x)  No Limit Texas Hold'em (dealer: ""player 57 @ TSZomjBthu"") --",2026-08-05T05:19:46.574Z,178590718657400
"-- ending hand #27 --",2026-08-05T05:19:40.554Z,178590718055402
"""player 55 @ uewFolxPCK"" collected 60 from pot with Flush, Q High (combination: 5♣, 6♣, 8♣, 9♣, Q♣)",2026-08-05T05:19:40.554Z,178590718055401
"""player 55 @ uewFolxPCK"" shows a 5♣, 4♥.",2026-08-05T05:19:40.554Z,178590718055400
"""player 57 @ TSZomjBthu"" calls 10",2026-08-05T05:19:39.687Z,178590717968700
"""player 56 @ ACno-8Bk83"" calls 10",2026-08-05T05:19:38.034Z,178590717803400
"""player 55 @ uewFolxPCK"" bets 10",2026-08-05T05:19:37.138Z,178590717713800
"""player 57 @ TSZomjBthu"" checks",2026-08-05T05:19:35.478Z,178590717547800
"River: Q♣, 9♣, 8♣, 6♣ [10♠]",2026-08-05T05:19:33.950Z,178590717395000
"""player 56 @ ACno-8Bk83"" checks",2026-08-05T05:19:33.029Z,178590717302900
"""player 55 @ uewFolxPCK"" checks",2026-08-05T05:19:32.067Z,178590717206700
"""player 57 @ TSZomjBthu"" checks",2026-08-05T05:19:30.781Z,178590717078100
"Turn: Q♣, 9♣, 8♣ [6♣]",2026-08-05T05:19:29.942Z,178590716994200
"""player 56 @ ACno-8Bk83"" checks",2026-08-05T05:19:29.021Z,178590716902100
"""player 55 @ uewFolxPCK"" checks",2026-08-05T05:19:28.012Z,178590716801200
"""player 57 @ TSZomjBthu"" checks",2026-08-05T05:19:26.862Z,178590716686200
"Flop:  [Q♣, 9♣, 8♣]",2026-08-05T05:19:24.505Z,178590716450500
"""player 55 @ uewFolxPCK"" calls 10",2026-08-05T05:19:23.685Z,178590716368500
"""player 57 @ TSZomjBthu"" calls 10",2026-08-05T05:19:22.194Z,178590716219400
"""player 56 @ ACno-8Bk83"" raises to 10",2026-08-05T05:19:20.664Z,178590716066400
"""player 55 @ uewFolxPCK"" posts a big blind of 5",2026-08-05T05:19:19.104Z,178590715910406
"""player 57 @ TSZomjBthu"" posts a small blind of 2",2026-08-05T05:19:19.104Z,178590715910405
"Your hand is 5♣, 4♥",2026-08-05T05:19:19.104Z,178590715910402
"Player stacks: #1 ""player 55 @ uewFolxPCK"" (408) | #2 ""player 56 @ ACno-8Bk83"" (1192) | #10 ""player 57 @ TSZomjBthu"" (400)",2026-08-05T05:19:19.104Z,178590715910401
"-- starting hand #27 (id: snxnpvku2mxv)  No Limit Texas Hold'em (dealer: ""player 56 @ ACno-8Bk83"") --",2026-08-05T05:19:19.104Z,178590715910400
"-- ending hand #26 --",2026-08-05T05:19:16.111Z,178590715611102
"""player 55 @ uewFolxPCK"" collected 35 from pot",2026-08-05T05:19:16.111Z,178590715611101
"Uncalled bet of 30 returned to ""player 55 @ uewFolxPCK""",2026-08-05T05:19:16.111Z,178590715611100
"""player 56 @ ACno-8Bk83"" folds",2026-08-05T05:19:15.256Z,178590715525600
"""player 55 @ uewFolxPCK"" bets 30",2026-08-05T05:19:14.344Z,178590715434400
"""player 56 @ ACno-8Bk83"" checks",2026-08-05T05:19:11.358Z,178590715135800
"River: 9♣, 5♦, 8♦, K♥ [2♠]",2026-08-05T05:19:09.699Z,178590714969900
"""player 55 @ uewFolxPCK"" checks",2026-08-05T05:19:08.859Z,178590714885900
"""player 56 @ ACno-8Bk83"" checks",2026-08-05T05:19:07.525Z,178590714752500
"Turn: 9♣, 5♦, 8♦ [K♥]",2026-08-05T05:19:06.139Z,178590714613900
"""player 55 @ uewFolxPCK"" checks",2026-08-05T05:19:05.313Z,178590714531300
"""player 56 @ ACno-8Bk83"" checks",2026-08-05T05:19:04.052Z,178590714405200
"Flop:  [9♣, 5♦, 8♦]",2026-08-05T05:19:02.119Z,178590714211900
"""player 55 @ uewFolxPCK"" calls 15",2026-08-05T05:19:01.215Z,178590714121500
"""player 57 @ TSZomjBthu"" folds",2026-08-05T05:19:00.166Z,178590714016600
"""player 56 @ ACno-8Bk83"" raises to 15",2026-08-05T05:18:53.386Z,178590713338600
"""player 55 @ uewFolxPCK"" posts a straddle of 10",2026-08-05T05:18:49.896Z,178590712989607
"""player 57 @ TSZomjBthu"" posts a big blind of 5",2026-08-05T05:18:49.896Z,178590712989606
"""player 56 @ ACno-8Bk83"" posts a small blind of 2",2026-08-05T05:18:49.896Z,178590712989605
"Player stacks: #1 ""player 55 @ uewFolxPCK"" (388) | #2 ""player 56 @ ACno-8Bk83"" (1207) | #10 ""player 57 @ TSZomjBthu"" (405)",2026-08-05T05:18:49.896Z,178590712989601
"-- starting hand #26 (id: qqfavjxwarz9)  No Limit Texas Hold'em (dealer: ""player 55 @ uewFolxPCK"") --",2026-08-05T05:18:49.896Z,178590712989600
"-- ending hand #25 --",2026-08-05T05:18:43.881Z,178590712388103
"""player 56 @ ACno-8Bk83"" collected 10 from pot with K High (combination: 6♦, 7♣, 8♥, J♥, K♣)",2026-08-05T05:18:43.881Z,178590712388102
"""player 56 @ ACno-8Bk83"" shows a 6♦, J♥.",2026-08-05T05:18:43.881Z,178590712388101
"""player 55 @ uewFolxPCK"" shows a 10♠, 3♦.",2026-08-05T05:18:43.881Z,178590712388100
"""player 56 @ ACno-8Bk83"" checks",2026-08-05T05:18:43.038Z,178590712303800
"""player 55 @ uewFolxPCK"" checks",2026-08-05T05:18:40.054Z,178590712005400
"River: 8♥, 2♥, 4♥, K♣ [7♣]",2026-08-05T05:18:37.380Z,178590711738000
"""player 56 @ ACno-8Bk83"" checks",2026-08-05T05:18:36.561Z,178590711656100
"""player 55 @ uewFolxPCK"" checks",2026-08-05T05:18:35.598Z,178590711559800
"Turn: 8♥, 2♥, 4♥ [K♣]",2026-08-05T05:18:34.270Z,178590711427000
"""player 56 @ ACno-8Bk83"" checks",2026-08-05T05:18:33.463Z,178590711346300
"""player 55 @ uewFolxPCK"" checks",2026-08-05T05:18:32.551Z,178590711255100
"Flop:  [8♥, 2♥, 4♥]",2026-08-05T05:18:30.267Z,178590711026700
"""player 56 @ ACno-8Bk83"" checks",2026-08-05T05:18:29.379Z,178590710937900
"""player 55 @ uewFolxPCK"" calls 5",2026-08-05T05:18:28.486Z,178590710848600
"""player 57 @ TSZomjBthu"" folds",2026-08-05T05:18:27.561Z,178590710756100
"""player 56 @ ACno-8Bk83"" posts a big blind of 5",2026-08-05T05:18:26.262Z,178590710626206
"""player 55 @ uewFolxPCK"" posts a small blind of 2",2026-08-05T05:18:26.262Z,178590710626205
"Your hand is 10♠, 3♦",2026-08-05T05:18:26.262Z,178590710626202
"Player stacks: #1 ""player 55 @ uewFolxPCK"" (393) | #2 ""player 56 @ ACno-8Bk83"" (1202) | #10 ""player 57 @ TSZomjBthu"" (405)",2026-08-05T05:18:26.262Z,178590710626201
"-- starting hand #25 (id: jt7yedg9sqnt)  No Limit Texas Hold'em (dealer: ""player 57 @ TSZomjBthu"") --",2026-08-05T05:18:26.262Z,178590710626200
"Undealt cards: 2♥, K♣, J♠, 5♦ [2♠]",2026-08-05T05:18:20.621Z,178590710062100
"-- ending hand #24 --",2026-08-05T05:18:20.268Z,178590710026802
"""player 56 @ ACno-8Bk83"" collected 60 from pot",2026-08-05T05:18:20.268Z,178590710026801
"Uncalled bet of 1142 returned to ""player 56 @ ACno-8Bk83""",2026-08-05T05:18:20.268Z,178590710026800
"""player 57 @ TSZomjBthu"" folds",2026-08-05T05:18:19.416Z,178590709941600
"""player 56 @ ACno-8Bk83"" raises to 1157 and go all in",2026-08-05T05:18:18.287Z,178590709828700
"""player 55 @ uewFolxPCK"" folds",2026-08-05T05:18:16.131Z,178590709613100
"""player 57 @ TSZomjBthu"" bets 15",2026-08-05T05:18:15.110Z,178590709511000
"Turn: 2♥, K♣, J♠ [5♦]",2026-08-05T05:18:13.459Z,178590709345900
"""player 56 @ ACno-8Bk83"" checks",2026-08-05T05:18:12.572Z,178590709257200
"""player 55 @ uewFolxPCK"" checks",2026-08-05T05:18:11.660Z,178590709166000
"""player 57 @ TSZomjBthu"" checks",2026-08-05T05:18:10.698Z,178590709069800
"Flop:  [2♥, K♣, J♠]",2026-08-05T05:18:08.656Z,178590708865600
"""player 55 @ uewFolxPCK"" calls 10",2026-08-05T05:18:07.768Z,178590708776800
"""player 57 @ TSZomjBthu"" calls 10",2026-08-05T05:18:06.796Z,178590708679600
"""player 56 @ ACno-8Bk83"" raises to 10",2026-08-05T05:18:05.722Z,178590708572200
"""player 55 @ uewFolxPCK"" posts a big blind of 5",2026-08-05T05:18:04.454Z,178590708445406
"""player 57 @ TSZomjBthu"" posts a small blind of 2",2026-08-05T05:18:04.454Z,178590708445405
"Player stacks: #1 ""player 55 @ uewFolxPCK"" (403) | #2 ""player 56 @ ACno-8Bk83"" (1167) | #10 ""player 57 @ TSZomjBthu"" (430)",2026-08-05T05:18:04.454Z,178590708445401
"-- starting hand #24 (id: pkwc764eza2l)  No Limit Texas Hold'em (dealer: ""player 56 @ ACno-8Bk83"") --",2026-08-05T05:18:04.454Z,178590708445400
"-- ending hand #23 --",2026-08-05T05:17:56.425Z,178590707642502
"""player 57 @ TSZomjBthu"" collected 215 from pot with Two Pair, A's & K's on the second run  (combination: 9♣, K♠, K♣, A♣, A♥)",2026-08-05T05:17:56.425Z,178590707642501
"""player 57 @ TSZomjBthu"" collected 215 from pot with Straight, 5 High (combination: A♣, 2♣, 3♣, 4♥, 5♣)",2026-08-05T05:17:56.425Z,178590707642500
"River (second run): 9♣, A♥, K♠, K♣ [2♦]",2026-08-05T05:17:52.423Z,178590707242300
"Turn (second run): 9♣, A♥, K♠ [K♣]",2026-08-05T05:17:48.401Z,178590706840100
"Flop (second run):  [9♣, A♥, K♠]",2026-08-05T05:17:44.393Z,178590706439300
"River: 9♠, 3♣, 4♥, 2♣ [Q♠]",2026-08-05T05:17:40.388Z,178590706038800
"Turn: 9♠, 3♣, 4♥ [2♣]",2026-08-05T05:17:36.269Z,178590705626900
"Flop:  [9♠, 3♣, 4♥]",2026-08-05T05:17:32.262Z,178590705226200
"""player 57 @ TSZomjBthu"" shows a 5♣, A♣.",2026-08-05T05:17:28.244Z,178590704824401
"""player 56 @ ACno-8Bk83"" shows a 8♥, 10♦.",2026-08-05T05:17:28.244Z,178590704824400
"All players in hand choose to run it twice.",2026-08-05T05:17:27.421Z,178590704742101
"""player 57 @ TSZomjBthu"" chooses to  run it twice.",2026-08-05T05:17:27.421Z,178590704742100
"""player 56 @ ACno-8Bk83"" chooses to  run it twice.",2026-08-05T05:17:27.387Z,178590704738700
"Remaining players decide whether to run it twice.",2026-08-05T05:17:26.360Z,178590704636001
"""player 56 @ ACno-8Bk83"" calls 210",2026-08-05T05:17:26.360Z,178590704636000
"""player 55 @ uewFolxPCK"" folds",2026-08-05T05:17:25.428Z,178590704542800
"""player 57 @ TSZomjBthu"" raises to 210 and go all in",2026-08-05T05:17:24.275Z,178590704427500
"""player 56 @ ACno-8Bk83"" calls 10",2026-08-05T05:17:22.097Z,178590704209700
"""player 55 @ uewFolxPCK"" posts a straddle of 10",2026-08-05T05:17:19.398Z,178590703939807
"""player 57 @ TSZomjBthu"" posts a big blind of 5",2026-08-05T05:17:19.398Z,178590703939806
"""player 56 @ ACno-8Bk83"" posts a small blind of 2",2026-08-05T05:17:19.398Z,178590703939805
"Player stacks: #1 ""player 55 @ uewFolxPCK"" (413) | #2 ""player 56 @ ACno-8Bk83"" (1377) | #10 ""player 57 @ TSZomjBthu"" (210)",2026-08-05T05:17:19.398Z,178590703939801
"-- starting hand #23 (id: puj7jueyrgxs)  No Limit Texas Hold'em (dealer: ""player 55 @ uewFolxPCK"") --",2026-08-05T05:17:19.398Z,178590703939800
"-- ending hand #22 --",2026-08-05T05:17:13.376Z,178590703337604
"""player 56 @ ACno-8Bk83"" collected 810 from pot with Pair, 8's (combination: 9♦, 10♣, Q♣, 8♥, 8♠)",2026-08-05T05:17:13.376Z,178590703337603
"""player 56 @ ACno-8Bk83"" shows a 8♥, Q♣.",2026-08-05T05:17:13.376Z,178590703337602
"""player 55 @ uewFolxPCK"" shows a K♦, 5♠.",2026-08-05T05:17:13.376Z,178590703337601
"""player 57 @ TSZomjBthu"" shows a J♦, A♣.",2026-08-05T05:17:13.376Z,178590703337600
"""player 56 @ ACno-8Bk83"" calls 225",2026-08-05T05:17:12.533Z,178590703253300
"""player 55 @ uewFolxPCK"" calls 225",2026-08-05T05:17:11.628Z,178590703162800
"""player 57 @ TSZomjBthu"" bets 225",2026-08-05T05:16:48.578Z,178590700857800
"""player 56 @ ACno-8Bk83"" checks",2026-08-05T05:16:38.090Z,178590699809000
"""player 55 @ uewFolxPCK"" checks",2026-08-05T05:16:37.203Z,178590699720300
"River: 10♣, 9♦, 8♠, 5♦ [3♠]",2026-08-05T05:16:35.805Z,178590699580500
"""player 56 @ ACno-8Bk83"" calls 25",2026-08-05T05:16:34.974Z,178590699497400
"""player 55 @ uewFolxPCK"" calls 25",2026-08-05T05:16:34.065Z,178590699406500
"""player 57 @ TSZomjBthu"" bets 25",2026-08-05T05:16:32.608Z,178590699260800
"""player 56 @ ACno-8Bk83"" checks",2026-08-05T05:16:30.180Z,178590699018000
"""player 55 @ uewFolxPCK"" checks",2026-08-05T05:16:29.211Z,178590698921100
"Turn: 10♣, 9♦, 8♠ [5♦]",2026-08-05T05:16:27.361Z,178590698736100
"""player 56 @ ACno-8Bk83"" calls 10",2026-08-05T05:16:26.542Z,178590698654200
"""player 55 @ uewFolxPCK"" calls 10",2026-08-05T05:16:25.623Z,178590698562300
"""player 57 @ TSZomjBthu"" bets 10",2026-08-05T05:16:24.470Z,178590698447000
"""player 56 @ ACno-8Bk83"" checks",2026-08-05T05:16:21.616Z,178590698161600
"""player 55 @ uewFolxPCK"" checks",2026-08-05T05:16:20.600Z,178590698060000
"Flop:  [10♣, 9♦, 8♠]",2026-08-05T05:16:17.355Z,178590697735500
"""player 56 @ ACno-8Bk83"" calls 10",2026-08-05T05:16:16.475Z,178590697647500
"""player 55 @ uewFolxPCK"" calls 10",2026-08-05T05:16:15.563Z,178590697556300
"""player 57 @ TSZomjBthu"" raises to 10",2026-08-05T05:16:14.488Z,178590697448800
"""player 56 @ ACno-8Bk83"" posts a big blind of 5",2026-08-05T05:16:11.553Z,178590697155307
"""player 55 @ uewFolxPCK"" posts a small blind of 2",2026-08-05T05:16:11.553Z,178590697155306
"Your hand is K♦, 5♠",2026-08-05T05:16:11.553Z,178590697155303
"Player stacks: #1 ""player 55 @ uewFolxPCK"" (683) | #2 ""player 56 @ ACno-8Bk83"" (837) | #10 ""player 57 @ TSZomjBthu"" (480)",2026-08-05T05:16:11.553Z,178590697155302
"-- starting hand #22 (id: gvr1tonpotg2)  No Limit Texas Hold'em (dealer: ""player 57 @ TSZomjBthu"") --",2026-08-05T05:16:11.553Z,178590697155301
"The admin updated the player ""player 55 @ uewFolxPCK"" stack from 183 to 683.",2026-08-05T05:16:11.553Z,178590697155300
"-- ending hand #21 --",2026-08-05T05:16:08.557Z,178590696855702
"""player 56 @ ACno-8Bk83"" collected 45 from pot",2026-08-05T05:16:08.557Z,178590696855701
"Uncalled bet of 45 returned to ""player 56 @ ACno-8Bk83""",2026-08-05T05:16:08.557Z,178590696855700
"""player 57 @ TSZomjBthu"" folds",2026-08-05T05:16:07.734Z,178590696773400
"""player 56 @ ACno-8Bk83"" bets 45",2026-08-05T05:15:59.156Z,178590695915600
"""player 57 @ TSZomjBthu"" checks",2026-08-05T05:15:56.406Z,178590695640600
"River: J♦, 4♦, A♦, J♥ [6♣]",2026-08-05T05:15:55.883Z,178590695588300
"""player 56 @ ACno-8Bk83"" checks",2026-08-05T05:15:55.065Z,178590695506500
"""player 57 @ TSZomjBthu"" checks",2026-08-05T05:15:54.081Z,178590695408100
"Turn: J♦, 4♦, A♦ [J♥]",2026-08-05T05:15:53.077Z,178590695307700
"""player 56 @ ACno-8Bk83"" checks",2026-08-05T05:15:52.261Z,178590695226100
"""player 57 @ TSZomjBthu"" checks",2026-08-05T05:15:51.318Z,178590695131800
"Flop:  [J♦, 4♦, A♦]",2026-08-05T05:15:49.474Z,178590694947400
"""player 56 @ ACno-8Bk83"" calls 20",2026-08-05T05:15:48.661Z,178590694866100
"""player 55 @ uewFolxPCK"" folds",2026-08-05T05:15:47.708Z,178590694770800
"WARNING: the admin queued the stack change for the player ""player 55 @ uewFolxPCK"" adding 500 chips in the next hand.",2026-08-05T05:15:45.506Z,178590694550600
"""player 57 @ TSZomjBthu"" raises to 20",2026-08-05T05:15:45.085Z,178590694508500
"""player 56 @ ACno-8Bk83"" raises to 10",2026-08-05T05:15:43.258Z,178590694325800
"""player 55 @ uewFolxPCK"" posts a big blind of 5",2026-08-05T05:15:41.867Z,178590694186707
"""player 57 @ TSZomjBthu"" posts a small blind of 2",2026-08-05T05:15:41.867Z,178590694186706
"Player stacks: #1 ""player 55 @ uewFolxPCK"" (188) | #2 ""player 56 @ ACno-8Bk83"" (812) | #10 ""player 57 @ TSZomjBthu"" (500)",2026-08-05T05:15:41.867Z,178590694186702
"-- starting hand #21 (id: gonenbflfscn)  No Limit Texas Hold'em (dealer: ""player 56 @ ACno-8Bk83"") --",2026-08-05T05:15:41.867Z,178590694186701
"The player ""player 57 @ TSZomjBthu"" joined the game with a stack of 500.",2026-08-05T05:15:41.867Z,178590694186700
"-- ending hand #20 --",2026-08-05T05:15:38.960Z,178590693896002
"""player 56 @ ACno-8Bk83"" collected 40 from pot",2026-08-05T05:15:38.960Z,178590693896001
"Uncalled bet of 40 returned to ""player 56 @ ACno-8Bk83""",2026-08-05T05:15:38.960Z,178590693896000
"""player 55 @ uewFolxPCK"" folds",2026-08-05T05:15:38.114Z,178590693811400
"The admin approved the player ""player 57 @ TSZomjBthu"" participation with a stack of 500.",2026-08-05T05:15:36.526Z,178590693652600
"""player 56 @ ACno-8Bk83"" bets 40",2026-08-05T05:15:32.892Z,178590693289200
"The player ""player 57 @ TSZomjBthu"" requested a seat.",2026-08-05T05:15:32.747Z,178590693274700
"River: 7♠, 10♦, J♥, 5♣ [Q♣]",2026-08-05T05:15:30.431Z,178590693043100
"""player 55 @ uewFolxPCK"" checks",2026-08-05T05:15:29.610Z,178590692961000
"""player 56 @ ACno-8Bk83"" checks",2026-08-05T05:15:28.544Z,178590692854400
"Turn: 7♠, 10♦, J♥ [5♣]",2026-08-05T05:15:27.152Z,178590692715200
"""player 55 @ uewFolxPCK"" calls 5",2026-08-05T05:15:26.295Z,178590692629500
"""player 56 @ ACno-8Bk83"" bets 5",2026-08-05T05:15:22.474Z,178590692247400
"Flop:  [7♠, 10♦, J♥]",2026-08-05T05:15:20.749Z,178590692074900
"""player 55 @ uewFolxPCK"" calls 15",2026-08-05T05:15:19.875Z,178590691987500
"""player 56 @ ACno-8Bk83"" raises to 15",2026-08-05T05:15:18.937Z,178590691893700
"""player 55 @ uewFolxPCK"" posts a straddle of 10",2026-08-05T05:15:17.374Z,178590691737406
"""player 56 @ ACno-8Bk83"" posts a big blind of 5",2026-08-05T05:15:17.374Z,178590691737405
"""player 55 @ uewFolxPCK"" posts a small blind of 2",2026-08-05T05:15:17.374Z,178590691737404
"Player stacks: #1 ""player 55 @ uewFolxPCK"" (208) | #2 ""player 56 @ ACno-8Bk83"" (792)",2026-08-05T05:15:17.374Z,178590691737401
"-- starting hand #20 (id: nuagc91kwecj)  No Limit Texas Hold'em (dealer: ""player 55 @ uewFolxPCK"") --",2026-08-05T05:15:17.374Z,178590691737400
"-- ending hand #19 --",2026-08-05T05:15:09.347Z,178590690934702
"""player 55 @ uewFolxPCK"" collected 208 from pot with Pair, 2's on the second run  (combination: 8♠, 9♣, Q♥, 2♥, 2♠)",2026-08-05T05:15:09.347Z,178590690934701
"""player 56 @ ACno-8Bk83"" collected 208 from pot with Pair, 5's (combination: 4♦, 9♣, Q♥, 5♥, 5♣)",2026-08-05T05:15:09.347Z,178590690934700
"River (second run): 4♦, 2♠, Q♥, 9♣ [8♠]",2026-08-05T05:15:05.339Z,178590690533900
"River: 4♦, 2♠, Q♥, 9♣ [5♣]",2026-08-05T05:15:01.292Z,178590690129200
"""player 56 @ ACno-8Bk83"" shows a 3♣, 5♥.",2026-08-05T05:14:57.269Z,178590689726900
"""player 55 @ uewFolxPCK"" shows a 2♥, 7♠.",2026-08-05T05:14:56.975Z,178590689697500
"All players in hand choose to run it twice.",2026-08-05T05:14:56.419Z,178590689641901
"""player 55 @ uewFolxPCK"" chooses to  run it twice.",2026-08-05T05:14:56.419Z,178590689641900
"""player 56 @ ACno-8Bk83"" chooses to  run it twice.",2026-08-05T05:14:56.139Z,178590689613900
"Remaining players decide whether to run it twice.",2026-08-05T05:14:55.261Z,178590689526101
"""player 56 @ ACno-8Bk83"" calls 148",2026-08-05T05:14:55.261Z,178590689526100
"""player 55 @ uewFolxPCK"" bets 148 and go all in",2026-08-05T05:14:53.361Z,178590689336100
"Turn: 4♦, 2♠, Q♥ [9♣]",2026-08-05T05:14:51.592Z,178590689159200
"""player 56 @ ACno-8Bk83"" calls 30",2026-08-05T05:14:50.764Z,178590689076400
"""player 55 @ uewFolxPCK"" bets 30",2026-08-05T05:14:49.474Z,178590688947400
"Flop:  [4♦, 2♠, Q♥]",2026-08-05T05:14:47.299Z,178590688729900
"""player 56 @ ACno-8Bk83"" calls 30",2026-08-05T05:14:46.468Z,178590688646800
"""player 55 @ uewFolxPCK"" raises to 30",2026-08-05T05:14:45.567Z,178590688556700
"""player 56 @ ACno-8Bk83"" raises to 10",2026-08-05T05:14:43.373Z,178590688337300
"""player 55 @ uewFolxPCK"" posts a big blind of 5",2026-08-05T05:14:42.055Z,178590688205505
"""player 56 @ ACno-8Bk83"" posts a small blind of 2",2026-08-05T05:14:42.055Z,178590688205504
"Your hand is 2♥, 7♠",2026-08-05T05:14:42.055Z,178590688205502
"Player stacks: #1 ""player 55 @ uewFolxPCK"" (208) | #2 ""player 56 @ ACno-8Bk83"" (792)",2026-08-05T05:14:42.055Z,178590688205501
"-- starting hand #19 (id: qsgektahspou)  No Limit Texas Hold'em (dealer: ""player 56 @ ACno-8Bk83"") --",2026-08-05T05:14:42.055Z,178590688205500
"""player 56 @ ACno-8Bk83"" shows a 7♠.",2026-08-05T05:14:38.902Z,178590687890200
"Undealt cards: 7♥, 6♦, 2♥ [A♦, K♠]",2026-08-05T05:14:35.696Z,178590687569600
"-- ending hand #18 --",2026-08-05T05:14:35.381Z,178590687538102
"""player 56 @ ACno-8Bk83"" collected 30 from pot",2026-08-05T05:14:35.381Z,178590687538101
"Uncalled bet of 30 returned to ""player 56 @ ACno-8Bk83""",2026-08-05T05:14:35.381Z,178590687538100
"""player 55 @ uewFolxPCK"" folds",2026-08-05T05:14:34.509Z,178590687450900
"""player 56 @ ACno-8Bk83"" bets 30",2026-08-05T05:14:28.020Z,178590686802000
"Flop:  [7♥, 6♦, 2♥]",2026-08-05T05:14:25.623Z,178590686562300
"""player 55 @ uewFolxPCK"" calls 15",2026-08-05T05:14:24.814Z,178590686481400
"""player 56 @ ACno-8Bk83"" raises to 15",2026-08-05T05:14:23.843Z,178590686384300
"""player 55 @ uewFolxPCK"" posts a straddle of 10",2026-08-05T05:14:22.286Z,178590686228606
"""player 56 @ ACno-8Bk83"" posts a big blind of 5",2026-08-05T05:14:22.286Z,178590686228605
"""player 55 @ uewFolxPCK"" posts a small blind of 2",2026-08-05T05:14:22.286Z,178590686228604
"Player stacks: #1 ""player 55 @ uewFolxPCK"" (223) | #2 ""player 56 @ ACno-8Bk83"" (777)",2026-08-05T05:14:22.286Z,178590686228601
"-- starting hand #18 (id: catfp9nzwm94)  No Limit Texas Hold'em (dealer: ""player 55 @ uewFolxPCK"") --",2026-08-05T05:14:22.286Z,178590686228600
"Undealt cards: 10♣, 7♥, Q♠ [9♣, 2♦]",2026-08-05T05:14:16.546Z,178590685654600
"-- ending hand #17 --",2026-08-05T05:14:16.379Z,178590685637902
"""player 56 @ ACno-8Bk83"" collected 20 from pot",2026-08-05T05:14:16.379Z,178590685637901
"Uncalled bet of 20 returned to ""player 56 @ ACno-8Bk83""",2026-08-05T05:14:16.379Z,178590685637900
"""player 55 @ uewFolxPCK"" folds",2026-08-05T05:14:15.571Z,178590685557100
"""player 56 @ ACno-8Bk83"" bets 20",2026-08-05T05:14:07.914Z,178590684791400
"""player 55 @ uewFolxPCK"" checks",2026-08-05T05:14:05.526Z,178590684552600
"Flop:  [10♣, 7♥, Q♠]",2026-08-05T05:14:02.165Z,178590684216500
"""player 55 @ uewFolxPCK"" calls 10",2026-08-05T05:14:01.315Z,178590684131500
"""player 56 @ ACno-8Bk83"" raises to 10",2026-08-05T05:14:00.387Z,178590684038700
"""player 55 @ uewFolxPCK"" posts a big blind of 5",2026-08-05T05:13:58.495Z,178590683849505
"""player 56 @ ACno-8Bk83"" posts a small blind of 2",2026-08-05T05:13:58.495Z,178590683849504
"Player stacks: #1 ""player 55 @ uewFolxPCK"" (233) | #2 ""player 56 @ ACno-8Bk83"" (767)",2026-08-05T05:13:58.495Z,178590683849501
"-- starting hand #17 (id: vox3arnmqjec)  No Limit Texas Hold'em (dealer: ""player 56 @ ACno-8Bk83"") --",2026-08-05T05:13:58.495Z,178590683849500
"""player 55 @ uewFolxPCK"" shows a 4♣, 10♣.",2026-08-05T05:13:53.783Z,178590683378300
"Undealt cards: 4♦, 5♥, 3♣ [7♣, A♣]",2026-08-05T05:13:52.161Z,178590683216100
"-- ending hand #16 --",2026-08-05T05:13:51.893Z,178590683189302
"""player 55 @ uewFolxPCK"" collected 30 from pot",2026-08-05T05:13:51.893Z,178590683189301
"Uncalled bet of 10 returned to ""player 55 @ uewFolxPCK""",2026-08-05T05:13:51.893Z,178590683189300
"""player 56 @ ACno-8Bk83"" folds",2026-08-05T05:13:51.076Z,178590683107600
"""player 55 @ uewFolxPCK"" bets 10",2026-08-05T05:13:50.174Z,178590683017400
"""player 56 @ ACno-8Bk83"" checks",2026-08-05T05:13:48.403Z,178590682840300
"Flop:  [4♦, 5♥, 3♣]",2026-08-05T05:13:46.689Z,178590682668900
"""player 55 @ uewFolxPCK"" calls 15",2026-08-05T05:13:45.802Z,178590682580200
"""player 56 @ ACno-8Bk83"" raises to 15",2026-08-05T05:13:44.410Z,178590682441000
"""player 55 @ uewFolxPCK"" posts a straddle of 10",2026-08-05T05:13:43.198Z,178590682319806
"""player 56 @ ACno-8Bk83"" posts a big blind of 5",2026-08-05T05:13:43.198Z,178590682319805
"""player 55 @ uewFolxPCK"" posts a small blind of 2",2026-08-05T05:13:43.198Z,178590682319804
"Your hand is 4♣, 10♣",2026-08-05T05:13:43.198Z,178590682319802
"Player stacks: #1 ""player 55 @ uewFolxPCK"" (218) | #2 ""player 56 @ ACno-8Bk83"" (782)",2026-08-05T05:13:43.198Z,178590682319801
"-- starting hand #16 (id: mas3nfofuvil)  No Limit Texas Hold'em (dealer: ""player 55 @ uewFolxPCK"") --",2026-08-05T05:13:43.198Z,178590682319800
"-- ending hand #15 --",2026-08-05T05:13:40.286Z,178590682028602
"""player 56 @ ACno-8Bk83"" collected 40 from pot",2026-08-05T05:13:40.286Z,178590682028601
"Uncalled bet of 10 returned to ""player 56 @ ACno-8Bk83""",2026-08-05T05:13:40.286Z,178590682028600
"""player 55 @ uewFolxPCK"" folds",2026-08-05T05:13:39.415Z,178590681941500
"""player 56 @ ACno-8Bk83"" raises to 20",2026-08-05T05:13:36.396Z,178590681639600
"""player 55 @ uewFolxPCK"" bets 10",2026-08-05T05:13:35.018Z,178590681501800
"River: 5♠, Q♥, 7♠, 5♣ [4♠]",2026-08-05T05:13:32.957Z,178590681295700
"""player 56 @ ACno-8Bk83"" checks",2026-08-05T05:13:32.153Z,178590681215300
"""player 55 @ uewFolxPCK"" checks",2026-08-05T05:13:31.220Z,178590681122000
"Turn: 5♠, Q♥, 7♠ [5♣]",2026-08-05T05:13:30.172Z,178590681017200
"""player 56 @ ACno-8Bk83"" checks",2026-08-05T05:13:29.358Z,178590680935800
"""player 55 @ uewFolxPCK"" checks",2026-08-05T05:13:28.468Z,178590680846800
"Flop:  [5♠, Q♥, 7♠]",2026-08-05T05:13:25.751Z,178590680575100
"""player 55 @ uewFolxPCK"" calls 10",2026-08-05T05:13:24.938Z,178590680493800
"""player 56 @ ACno-8Bk83"" raises to 10",2026-08-05T05:13:23.955Z,178590680395500
"""player 55 @ uewFolxPCK"" posts a big blind of 5",2026-08-05T05:13:22.869Z,178590680286905
"""player 56 @ ACno-8Bk83"" posts a small blind of 2",2026-08-05T05:13:22.869Z,178590680286904
"Player stacks: #1 ""player 55 @ uewFolxPCK"" (238) | #2 ""player 56 @ ACno-8Bk83"" (762)",2026-08-05T05:13:22.869Z,178590680286901
"-- starting hand #15 (id: cpswprpdeewr)  No Limit Texas Hold'em (dealer: ""player 56 @ ACno-8Bk83"") --",2026-08-05T05:13:22.869Z,178590680286900
"-- ending hand #14 --",2026-08-05T05:13:19.929Z,178590679992902
"""player 55 @ uewFolxPCK"" collected 118 from pot",2026-08-05T05:13:19.929Z,178590679992901
"Uncalled bet of 120 returned to ""player 55 @ uewFolxPCK""",2026-08-05T05:13:19.929Z,178590679992900
"""player 56 @ ACno-8Bk83"" folds",2026-08-05T05:13:19.078Z,178590679907800
"""player 55 @ uewFolxPCK"" raises to 164 and go all in",2026-08-05T05:13:17.489Z,178590679748900
"""player 56 @ ACno-8Bk83"" raises to 44",2026-08-05T05:13:15.508Z,178590679550800
"""player 55 @ uewFolxPCK"" bets 22",2026-08-05T05:13:14.059Z,178590679405900
"""player 56 @ ACno-8Bk83"" checks",2026-08-05T05:13:11.740Z,178590679174000
"River: 3♠, 9♥, Q♥, 3♦ [5♠]",2026-08-05T05:13:08.650Z,178590678865000
"""player 55 @ uewFolxPCK"" checks",2026-08-05T05:13:07.758Z,178590678775800
"""player 56 @ ACno-8Bk83"" checks",2026-08-05T05:13:05.804Z,178590678580400
"Turn: 3♠, 9♥, Q♥ [3♦]",2026-08-05T05:13:04.627Z,178590678462700
"""player 55 @ uewFolxPCK"" checks",2026-08-05T05:13:03.790Z,178590678379000
"""player 56 @ ACno-8Bk83"" checks",2026-08-05T05:13:02.685Z,178590678268500
"Flop:  [3♠, 9♥, Q♥]",2026-08-05T05:13:00.678Z,178590678067800
"""player 55 @ uewFolxPCK"" calls 15",2026-08-05T05:12:59.771Z,178590677977100
"""player 56 @ ACno-8Bk83"" raises to 15",2026-08-05T05:12:58.853Z,178590677885300
"""player 55 @ uewFolxPCK"" posts a straddle of 10",2026-08-05T05:12:56.877Z,178590677687706
"""player 56 @ ACno-8Bk83"" posts a big blind of 5",2026-08-05T05:12:56.877Z,178590677687705
"""player 55 @ uewFolxPCK"" posts a small blind of 2",2026-08-05T05:12:56.877Z,178590677687704
"Player stacks: #1 ""player 55 @ uewFolxPCK"" (179) | #2 ""player 56 @ ACno-8Bk83"" (821)",2026-08-05T05:12:56.877Z,178590677687701
"-- starting hand #14 (id: 3zxrbeiiojfq)  No Limit Texas Hold'em (dealer: ""player 55 @ uewFolxPCK"") --",2026-08-05T05:12:56.877Z,178590677687700
"""player 55 @ uewFolxPCK"" shows a Q♥.",2026-08-05T05:12:53.012Z,178590677301200
"Undealt cards:  [Q♠, 5♥, 4♣, 6♥, K♦]",2026-08-05T05:12:50.552Z,178590677055200
"-- ending hand #13 --",2026-08-05T05:12:50.270Z,178590677027002
"""player 56 @ ACno-8Bk83"" collected 10 from pot",2026-08-05T05:12:50.270Z,178590677027001
"Uncalled bet of 174 returned to ""player 56 @ ACno-8Bk83""",2026-08-05T05:12:50.270Z,178590677027000
"""player 55 @ uewFolxPCK"" folds",2026-08-05T05:12:49.406Z,178590676940600
"""player 56 @ ACno-8Bk83"" raises to 179",2026-08-05T05:12:44.795Z,178590676479500
"""player 55 @ uewFolxPCK"" posts a big blind of 5",2026-08-05T05:12:39.675Z,178590675967505
"""player 56 @ ACno-8Bk83"" posts a small blind of 2",2026-08-05T05:12:39.675Z,178590675967504
"Player stacks: #1 ""player 55 @ uewFolxPCK"" (184) | #2 ""player 56 @ ACno-8Bk83"" (816)",2026-08-05T05:12:39.675Z,178590675967501
"-- starting hand #13 (id: tcihuxzbvdns)  No Limit Texas Hold'em (dealer: ""player 56 @ ACno-8Bk83"") --",2026-08-05T05:12:39.675Z,178590675967500
"Undealt cards: 3♠, 10♣, 8♥ [4♦, 5♦]",2026-08-05T05:12:34.015Z,178590675401500
"-- ending hand #12 --",2026-08-05T05:12:33.760Z,178590675376002
"""player 55 @ uewFolxPCK"" collected 40 from pot",2026-08-05T05:12:33.760Z,178590675376001
"Uncalled bet of 35 returned to ""player 55 @ uewFolxPCK""",2026-08-05T05:12:33.760Z,178590675376000
"""player 56 @ ACno-8Bk83"" folds",2026-08-05T05:12:32.927Z,178590675292700
"""player 55 @ uewFolxPCK"" raises to 40",2026-08-05T05:12:31.742Z,178590675174200
"""player 56 @ ACno-8Bk83"" bets 5",2026-08-05T05:12:27.596Z,178590674759600
"Flop:  [3♠, 10♣, 8♥]",2026-08-05T05:12:26.058Z,178590674605800
"""player 55 @ uewFolxPCK"" calls 15",2026-08-05T05:12:25.200Z,178590674520000
"""player 56 @ ACno-8Bk83"" raises to 15",2026-08-05T05:12:22.594Z,178590674259400
"""player 55 @ uewFolxPCK"" posts a straddle of 10",2026-08-05T05:12:20.891Z,178590674089106
"""player 56 @ ACno-8Bk83"" posts a big blind of 5",2026-08-05T05:12:20.891Z,178590674089105
"""player 55 @ uewFolxPCK"" posts a small blind of 2",2026-08-05T05:12:20.891Z,178590674089104
"Player stacks: #1 ""player 55 @ uewFolxPCK"" (164) | #2 ""player 56 @ ACno-8Bk83"" (836)",2026-08-05T05:12:20.891Z,178590674089101
"-- starting hand #12 (id: odbyz3ymc7zi)  No Limit Texas Hold'em (dealer: ""player 55 @ uewFolxPCK"") --",2026-08-05T05:12:20.891Z,178590674089100
"-- ending hand #11 --",2026-08-05T05:12:14.855Z,178590673485504
"""player 56 @ ACno-8Bk83"" collected 30 from pot with Pair, 3's (combination: 10♦, J♠, Q♦, 3♠, 3♥)",2026-08-05T05:12:14.855Z,178590673485503
"""player 55 @ uewFolxPCK"" collected 30 from pot with Pair, 3's (combination: 10♦, J♠, Q♦, 3♦, 3♥)",2026-08-05T05:12:14.855Z,178590673485502
"""player 56 @ ACno-8Bk83"" shows a 6♣, 3♠.",2026-08-05T05:12:14.855Z,178590673485501
"""player 55 @ uewFolxPCK"" shows a 7♠, 3♦.",2026-08-05T05:12:14.855Z,178590673485500
"""player 56 @ ACno-8Bk83"" calls 10",2026-08-05T05:12:14.023Z,178590673402300
"""player 55 @ uewFolxPCK"" bets 10",2026-08-05T05:12:13.089Z,178590673308900
"River: 2♠, 3♥, Q♦, J♠ [10♦]",2026-08-05T05:12:10.654Z,178590673065400
"""player 56 @ ACno-8Bk83"" checks",2026-08-05T05:12:09.826Z,178590672982600
"""player 55 @ uewFolxPCK"" checks",2026-08-05T05:12:08.905Z,178590672890500
"Turn: 2♠, 3♥, Q♦ [J♠]",2026-08-05T05:12:03.894Z,178590672389400
"""player 56 @ ACno-8Bk83"" calls 10",2026-08-05T05:12:03.077Z,178590672307700
"""player 55 @ uewFolxPCK"" bets 10",2026-08-05T05:12:01.664Z,178590672166400
"Flop:  [2♠, 3♥, Q♦]",2026-08-05T05:11:59.750Z,178590671975000
"""player 55 @ uewFolxPCK"" calls 10",2026-08-05T05:11:58.885Z,178590671888500
"""player 56 @ ACno-8Bk83"" raises to 10",2026-08-05T05:11:57.983Z,178590671798300
"""player 55 @ uewFolxPCK"" posts a big blind of 5",2026-08-05T05:11:56.571Z,178590671657105
"""player 56 @ ACno-8Bk83"" posts a small blind of 2",2026-08-05T05:11:56.571Z,178590671657104
"Your hand is 7♠, 3♦",2026-08-05T05:11:56.571Z,178590671657102
"Player stacks: #1 ""player 55 @ uewFolxPCK"" (164) | #2 ""player 56 @ ACno-8Bk83"" (836)",2026-08-05T05:11:56.571Z,178590671657101
"-- starting hand #11 (id: g1w1iqmpcucn)  No Limit Texas Hold'em (dealer: ""player 56 @ ACno-8Bk83"") --",2026-08-05T05:11:56.571Z,178590671657100
"-- ending hand #10 --",2026-08-05T05:11:48.519Z,178590670851902
"""player 55 @ uewFolxPCK"" collected 82 from pot with Three of a Kind, 10's on the second run  (combination: 8♣, K♠, 10♣, 10♦, 10♥)",2026-08-05T05:11:48.519Z,178590670851901
"""player 55 @ uewFolxPCK"" collected 82 from pot with Two Pair, 10's & 5's (combination: K♠, 5♠, 5♦, 10♣, 10♦)",2026-08-05T05:11:48.519Z,178590670851900
"River (second run): 3♠, K♠, 10♦, 10♥ [8♣]",2026-08-05T05:11:44.509Z,178590670450900
"Turn (second run): 3♠, K♠, 10♦ [10♥]",2026-08-05T05:11:40.504Z,178590670050400
"River: 3♠, K♠, 10♦, 5♦ [8♦]",2026-08-05T05:11:36.502Z,178590669650200
"Turn: 3♠, K♠, 10♦ [5♦]",2026-08-05T05:11:32.486Z,178590669248600
"""player 56 @ ACno-8Bk83"" shows a 2♣, K♦.",2026-08-05T05:11:28.484Z,178590668848401
"Uncalled bet of 836 returned to ""player 56 @ ACno-8Bk83""",2026-08-05T05:11:28.484Z,178590668848400
"""player 55 @ uewFolxPCK"" shows a 5♠, 10♣.",2026-08-05T05:11:27.957Z,178590668795700
"All players in hand choose to run it twice.",2026-08-05T05:11:27.636Z,178590668763601
"""player 56 @ ACno-8Bk83"" chooses to  run it twice.",2026-08-05T05:11:27.636Z,178590668763600
"""player 55 @ uewFolxPCK"" chooses to  run it twice.",2026-08-05T05:11:27.318Z,178590668731800
"Remaining players decide whether to run it twice.",2026-08-05T05:11:26.775Z,178590668677501
"""player 55 @ uewFolxPCK"" calls 67 and go all in",2026-08-05T05:11:26.775Z,178590668677500
"""player 56 @ ACno-8Bk83"" bets 903 and go all in",2026-08-05T05:11:25.847Z,178590668584700
"Flop:  [3♠, K♠, 10♦]",2026-08-05T05:11:23.599Z,178590668359900
"""player 55 @ uewFolxPCK"" calls 15",2026-08-05T05:11:22.789Z,178590668278900
"""player 56 @ ACno-8Bk83"" raises to 15",2026-08-05T05:11:21.695Z,178590668169500
"""player 55 @ uewFolxPCK"" posts a straddle of 10",2026-08-05T05:11:20.398Z,178590668039806
"""player 56 @ ACno-8Bk83"" posts a big blind of 5",2026-08-05T05:11:20.398Z,178590668039805
"""player 55 @ uewFolxPCK"" posts a small blind of 2",2026-08-05T05:11:20.398Z,178590668039804
"Your hand is 5♠, 10♣",2026-08-05T05:11:20.398Z,178590668039802
"Player stacks: #1 ""player 55 @ uewFolxPCK"" (82) | #2 ""player 56 @ ACno-8Bk83"" (918)",2026-08-05T05:11:20.398Z,178590668039801
"-- starting hand #10 (id: 7xruey9cp7wt)  No Limit Texas Hold'em (dealer: ""player 55 @ uewFolxPCK"") --",2026-08-05T05:11:20.398Z,178590668039800
"Undealt cards:  [A♠, 2♦, 4♠, 3♦, 2♣]",2026-08-05T05:11:14.747Z,178590667474700
"-- ending hand #9 --",2026-08-05T05:11:14.479Z,178590667447902
"""player 55 @ uewFolxPCK"" collected 4 from pot",2026-08-05T05:11:14.479Z,178590667447901
"Uncalled bet of 3 returned to ""player 55 @ uewFolxPCK""",2026-08-05T05:11:14.479Z,178590667447900
"""player 56 @ ACno-8Bk83"" folds",2026-08-05T05:11:13.594Z,178590667359400
"""player 55 @ uewFolxPCK"" posts a big blind of 5",2026-08-05T05:11:12.460Z,178590667246005
"""player 56 @ ACno-8Bk83"" posts a small blind of 2",2026-08-05T05:11:12.460Z,178590667246004
"Player stacks: #1 ""player 55 @ uewFolxPCK"" (80) | #2 ""player 56 @ ACno-8Bk83"" (920)",2026-08-05T05:11:12.460Z,178590667246001
"-- starting hand #9 (id: wufvcwibigg5)  No Limit Texas Hold'em (dealer: ""player 56 @ ACno-8Bk83"") --",2026-08-05T05:11:12.460Z,178590667246000
"Undealt cards:  [6♣, 9♥, K♠, 7♦, J♥]",2026-08-05T05:11:06.804Z,178590666680400
"-- ending hand #8 --",2026-08-05T05:11:06.552Z,178590666655202
"""player 56 @ ACno-8Bk83"" collected 20 from pot",2026-08-05T05:11:06.552Z,178590666655201
"Uncalled bet of 5 returned to ""player 56 @ ACno-8Bk83""",2026-08-05T05:11:06.552Z,178590666655200
"""player 55 @ uewFolxPCK"" folds",2026-08-05T05:11:05.733Z,178590666573300
"""player 56 @ ACno-8Bk83"" raises to 15",2026-08-05T05:11:04.561Z,178590666456100
"""player 55 @ uewFolxPCK"" posts a straddle of 10",2026-08-05T05:11:02.316Z,178590666231606
"""player 56 @ ACno-8Bk83"" posts a big blind of 5",2026-08-05T05:11:02.316Z,178590666231605
"""player 55 @ uewFolxPCK"" posts a small blind of 2",2026-08-05T05:11:02.316Z,178590666231604
"Player stacks: #1 ""player 55 @ uewFolxPCK"" (90) | #2 ""player 56 @ ACno-8Bk83"" (910)",2026-08-05T05:11:02.316Z,178590666231601
"-- starting hand #8 (id: qcoywte9dog5)  No Limit Texas Hold'em (dealer: ""player 55 @ uewFolxPCK"") --",2026-08-05T05:11:02.316Z,178590666231600
"Undealt cards:  [K♦, 5♥, K♥, 4♦, 10♦]",2026-08-05T05:10:56.866Z,178590665686600
"-- ending hand #7 --",2026-08-05T05:10:56.284Z,178590665628402
"""player 55 @ uewFolxPCK"" collected 4 from pot",2026-08-05T05:10:56.284Z,178590665628401
"Uncalled bet of 3 returned to ""player 55 @ uewFolxPCK""",2026-08-05T05:10:56.284Z,178590665628400
"""player 56 @ ACno-8Bk83"" folds",2026-08-05T05:10:55.416Z,178590665541600
"""player 55 @ uewFolxPCK"" posts a big blind of 5",2026-08-05T05:10:51.382Z,178590665138205
"""player 56 @ ACno-8Bk83"" posts a small blind of 2",2026-08-05T05:10:51.382Z,178590665138204
"Player stacks: #1 ""player 55 @ uewFolxPCK"" (88) | #2 ""player 56 @ ACno-8Bk83"" (912)",2026-08-05T05:10:51.382Z,178590665138201
"-- starting hand #7 (id: t255vx8o78mj)  No Limit Texas Hold'em (dealer: ""player 56 @ ACno-8Bk83"") --",2026-08-05T05:10:51.382Z,178590665138200
"-- ending hand #6 --",2026-08-05T05:10:45.378Z,178590664537803
"""player 55 @ uewFolxPCK"" shows a 6♠, 10♦.",2026-08-05T05:10:45.378Z,178590664537802
"""player 56 @ ACno-8Bk83"" collected 912 from pot with Full House, 9's over 7's (combination: 7♥, 7♣, 9♥, 9♠, 9♣)",2026-08-05T05:10:45.378Z,178590664537801
"""player 56 @ ACno-8Bk83"" shows a 7♥, 9♥.",2026-08-05T05:10:45.378Z,178590664537800
"""player 55 @ uewFolxPCK"" calls 436",2026-08-05T05:10:44.573Z,178590664457300
"""player 56 @ ACno-8Bk83"" bets 436 and go all in",2026-08-05T05:10:28.620Z,178590662862000
"River: 9♠, K♦, 10♣, 9♣ [7♣]",2026-08-05T05:10:26.960Z,178590662696000
"""player 55 @ uewFolxPCK"" calls 5",2026-08-05T05:10:26.149Z,178590662614900
"""player 56 @ ACno-8Bk83"" bets 5",2026-08-05T05:10:25.230Z,178590662523000
"Turn: 9♠, K♦, 10♣ [9♣]",2026-08-05T05:10:24.189Z,178590662418900
"""player 55 @ uewFolxPCK"" calls 5",2026-08-05T05:10:23.362Z,178590662336200
"""player 56 @ ACno-8Bk83"" bets 5",2026-08-05T05:10:21.186Z,178590662118600
"Flop:  [9♠, K♦, 10♣]",2026-08-05T05:10:18.674Z,178590661867400
"""player 55 @ uewFolxPCK"" checks",2026-08-05T05:10:17.866Z,178590661786600
"""player 56 @ ACno-8Bk83"" calls 10",2026-08-05T05:10:13.558Z,178590661355800
"""player 55 @ uewFolxPCK"" posts a straddle of 10",2026-08-05T05:10:11.859Z,178590661185906
"""player 56 @ ACno-8Bk83"" posts a big blind of 5",2026-08-05T05:10:11.859Z,178590661185905
"""player 55 @ uewFolxPCK"" posts a small blind of 2",2026-08-05T05:10:11.859Z,178590661185904
"Your hand is 6♠, 10♦",2026-08-05T05:10:11.859Z,178590661185902
"Player stacks: #1 ""player 55 @ uewFolxPCK"" (544) | #2 ""player 56 @ ACno-8Bk83"" (456)",2026-08-05T05:10:11.859Z,178590661185901
"-- starting hand #6 (id: zoeovpf8tiqp)  No Limit Texas Hold'em (dealer: ""player 55 @ uewFolxPCK"") --",2026-08-05T05:10:11.859Z,178590661185900
"Undealt cards:  [3♦, 9♣, 5♥, 6♦, 10♦]",2026-08-05T05:10:06.432Z,178590660643200
"-- ending hand #5 --",2026-08-05T05:10:05.952Z,178590660595202
"""player 55 @ uewFolxPCK"" collected 4 from pot",2026-08-05T05:10:05.952Z,178590660595201
"Uncalled bet of 3 returned to ""player 55 @ uewFolxPCK""",2026-08-05T05:10:05.952Z,178590660595200
"""player 56 @ ACno-8Bk83"" folds",2026-08-05T05:10:05.061Z,178590660506100
"""player 55 @ uewFolxPCK"" posts a big blind of 5",2026-08-05T05:10:02.401Z,178590660240105
"""player 56 @ ACno-8Bk83"" posts a small blind of 2",2026-08-05T05:10:02.401Z,178590660240104
"Player stacks: #1 ""player 55 @ uewFolxPCK"" (542) | #2 ""player 56 @ ACno-8Bk83"" (458)",2026-08-05T05:10:02.401Z,178590660240101
"-- starting hand #5 (id: gvq2oabol4pe)  No Limit Texas Hold'em (dealer: ""player 56 @ ACno-8Bk83"") --",2026-08-05T05:10:02.401Z,178590660240100
"Undealt cards: 6♥, A♥, 5♥ [6♠, 2♥]",2026-08-05T05:09:56.730Z,178590659673000
"-- ending hand #4 --",2026-08-05T05:09:56.383Z,178590659638302
"""player 55 @ uewFolxPCK"" collected 30 from pot",2026-08-05T05:09:56.383Z,178590659638301
"Uncalled bet of 25 returned to ""player 55 @ uewFolxPCK""",2026-08-05T05:09:56.383Z,178590659638300
"""player 56 @ ACno-8Bk83"" folds",2026-08-05T05:09:55.512Z,178590659551200
"""player 55 @ uewFolxPCK"" raises to 30",2026-08-05T05:09:54.248Z,178590659424800
"""player 56 @ ACno-8Bk83"" bets 5",2026-08-05T05:09:51.873Z,178590659187300
"Flop:  [6♥, A♥, 5♥]",2026-08-05T05:09:49.778Z,178590658977800
"""player 55 @ uewFolxPCK"" checks",2026-08-05T05:09:48.974Z,178590658897400
"""player 56 @ ACno-8Bk83"" calls 10",2026-08-05T05:09:47.745Z,178590658774500
"""player 55 @ uewFolxPCK"" posts a straddle of 10",2026-08-05T05:09:45.695Z,178590658569506
"""player 56 @ ACno-8Bk83"" posts a big blind of 5",2026-08-05T05:09:45.695Z,178590658569505
"""player 55 @ uewFolxPCK"" posts a small blind of 2",2026-08-05T05:09:45.695Z,178590658569504
"Player stacks: #1 ""player 55 @ uewFolxPCK"" (527) | #2 ""player 56 @ ACno-8Bk83"" (473)",2026-08-05T05:09:45.695Z,178590658569501
"-- starting hand #4 (id: bqwuw0bo5s0p)  No Limit Texas Hold'em (dealer: ""player 55 @ uewFolxPCK"") --",2026-08-05T05:09:45.695Z,178590658569500
"Undealt cards: 5♠, 3♦, Q♥, 9♥ [3♣]",2026-08-05T05:09:40.838Z,178590658083800
"-- ending hand #3 --",2026-08-05T05:09:39.775Z,178590657977502
"""player 55 @ uewFolxPCK"" collected 40 from pot",2026-08-05T05:09:39.775Z,178590657977501
"Uncalled bet of 30 returned to ""player 55 @ uewFolxPCK""",2026-08-05T05:09:39.775Z,178590657977500
"""player 56 @ ACno-8Bk83"" folds",2026-08-05T05:09:38.915Z,178590657891500
"""player 55 @ uewFolxPCK"" bets 30",2026-08-05T05:09:37.677Z,178590657767700
"Turn: 5♠, 3♦, Q♥ [9♥]",2026-08-05T05:09:34.212Z,178590657421200
"""player 56 @ ACno-8Bk83"" calls 10",2026-08-05T05:09:33.372Z,178590657337200
"""player 55 @ uewFolxPCK"" bets 10",2026-08-05T05:09:32.395Z,178590657239500
"Flop:  [5♠, 3♦, Q♥]",2026-08-05T05:09:30.457Z,178590657045700
"""player 55 @ uewFolxPCK"" calls 10",2026-08-05T05:09:29.625Z,178590656962500
"""player 56 @ ACno-8Bk83"" raises to 10",2026-08-05T05:09:27.491Z,178590656749100
"""player 55 @ uewFolxPCK"" posts a big blind of 5",2026-08-05T05:09:22.853Z,178590656285305
"""player 56 @ ACno-8Bk83"" posts a small blind of 2",2026-08-05T05:09:22.853Z,178590656285304
"Player stacks: #1 ""player 55 @ uewFolxPCK"" (507) | #2 ""player 56 @ ACno-8Bk83"" (493)",2026-08-05T05:09:22.853Z,178590656285301
"-- starting hand #3 (id: fkdye6xsx3mt)  No Limit Texas Hold'em (dealer: ""player 56 @ ACno-8Bk83"") --",2026-08-05T05:09:22.853Z,178590656285300
"Undealt cards:  [K♥, 8♣, A♣, K♣, 5♦]",2026-08-05T05:09:19.431Z,178590655943100
"-- ending hand #2 --",2026-08-05T05:09:16.933Z,178590655693302
"""player 55 @ uewFolxPCK"" collected 10 from pot",2026-08-05T05:09:16.933Z,178590655693301
"Uncalled bet of 5 returned to ""player 55 @ uewFolxPCK""",2026-08-05T05:09:16.933Z,178590655693300
"""player 56 @ ACno-8Bk83"" folds",2026-08-05T05:09:16.118Z,178590655611800
"""player 55 @ uewFolxPCK"" posts a straddle of 10",2026-08-05T05:08:56.188Z,178590653618806
"""player 56 @ ACno-8Bk83"" posts a big blind of 5",2026-08-05T05:08:56.188Z,178590653618805
"""player 55 @ uewFolxPCK"" posts a small blind of 2",2026-08-05T05:08:56.188Z,178590653618804
"Player stacks: #1 ""player 55 @ uewFolxPCK"" (502) | #2 ""player 56 @ ACno-8Bk83"" (498)",2026-08-05T05:08:56.188Z,178590653618801
"-- starting hand #2 (id: tzdw5dkoezqk)  No Limit Texas Hold'em (dealer: ""player 55 @ uewFolxPCK"") --",2026-08-05T05:08:56.188Z,178590653618800
"""player 55 @ uewFolxPCK"" shows a Q♥, K♥.",2026-08-05T05:08:52.520Z,178590653252000
"Undealt cards:  [K♦, 5♥, 9♣, 5♦, A♦]",2026-08-05T05:08:50.037Z,178590653003700
"-- ending hand #1 --",2026-08-05T05:08:49.568Z,178590652956802
"""player 55 @ uewFolxPCK"" collected 4 from pot",2026-08-05T05:08:49.568Z,178590652956801
"Uncalled bet of 3 returned to ""player 55 @ uewFolxPCK""",2026-08-05T05:08:49.568Z,178590652956800
"""player 56 @ ACno-8Bk83"" folds",2026-08-05T05:08:48.761Z,178590652876100
"""player 55 @ uewFolxPCK"" posts a big blind of 5",2026-08-05T05:08:47.325Z,178590652732507
"""player 56 @ ACno-8Bk83"" posts a small blind of 2",2026-08-05T05:08:47.325Z,178590652732506
"Your hand is Q♥, K♥",2026-08-05T05:08:47.325Z,178590652732504
"Player stacks: #1 ""player 55 @ uewFolxPCK"" (500) | #2 ""player 56 @ ACno-8Bk83"" (500)",2026-08-05T05:08:47.325Z,178590652732503
"The player ""player 56 @ ACno-8Bk83"" joined the game with a stack of 500.",2026-08-05T05:08:47.325Z,178590652732502
"The player ""player 55 @ uewFolxPCK"" joined the game with a stack of 500.",2026-08-05T05:08:47.325Z,178590652732501
"-- starting hand #1 (id: pngb5c7gyoof)  No Limit Texas Hold'em (dealer: ""player 56 @ ACno-8Bk83"") --",2026-08-05T05:08:47.325Z,178590652732500
"The admin approved the player ""player 56 @ ACno-8Bk83"" participation with a stack of 500.",2026-08-05T05:08:44.955Z,178590652495500
"The player ""player 56 @ ACno-8Bk83"" requested a seat.",2026-08-05T05:08:35.505Z,178590651550500
"The game's ante was changed from 0 to 0.",2026-08-05T05:00:21.125Z,178590602112503
"The game's big blind was changed from 20 to 5.",2026-08-05T05:00:21.125Z,178590602112502
"The game's small blind was changed from 10 to 2.",2026-08-05T05:00:21.125Z,178590602112501
"Game Config Changes
* Allow Straddle: off » on
* Nit Minimum Players: off » 3
* Allow Rebuy: off » off
* Blind Schedule: L1: 10/20 » L1: 2/5
* Rabbit Hunt: off » on
* Allow Run it Twice: no » ask players
* Restart Blind Schedule at Level: none » 1",2026-08-05T05:00:21.125Z,178590602112500
"The admin approved the player ""player 55 @ uewFolxPCK"" participation with a stack of 500.",2026-08-05T05:00:01.102Z,178590600110201
"The player ""player 55 @ uewFolxPCK"" requested a seat.",2026-08-05T05:00:01.102Z,178590600110200
