entry,at,order
"The player ""player 35 @ uewFolxPCK"" passed the room ownership to ""player 7 @ O8SRi7DfXR"".",2026-09-11T11:19:15.495Z,178912555549500
"The player ""player 35 @ uewFolxPCK"" quits the game with a stack of 4210.",2026-09-11T10:17:55.642Z,178912187564200
"""player 35 @ uewFolxPCK"" shows a 5♥, 8♦.",2026-09-11T10:17:54.221Z,178912187422100
"The admin ""player 35 @ uewFolxPCK"" enqueued the game stop on next hand.",2026-09-11T10:17:52.778Z,178912187277800
"""player 7 @ O8SRi7DfXR"" shows a 4♥.",2026-09-11T10:17:50.078Z,178912187007800
"Undealt cards: K♥, K♠, 10♣ [4♦, A♣]",2026-09-11T10:17:49.295Z,178912186929500
"-- ending hand #241 --",2026-09-11T10:17:48.255Z,178912186825501
"""player 35 @ uewFolxPCK"" collected 20 from pot",2026-09-11T10:17:48.255Z,178912186825500
"""player 7 @ O8SRi7DfXR"" folds",2026-09-11T10:17:47.451Z,178912186745100
"Flop:  [K♥, K♠, 10♣]",2026-09-11T10:17:44.234Z,178912186423400
"""player 35 @ uewFolxPCK"" checks",2026-09-11T10:17:43.342Z,178912186334200
"""player 7 @ O8SRi7DfXR"" calls 10",2026-09-11T10:17:42.459Z,178912186245900
"""player 19 @ hwP7SzeYai"" folds",2026-09-11T10:17:27.446Z,178912184744600
"""player 35 @ uewFolxPCK"" posts a big blind of 10",2026-09-11T10:17:25.183Z,178912184518306
"""player 7 @ O8SRi7DfXR"" posts a small blind of 5",2026-09-11T10:17:25.183Z,178912184518305
"Your hand is 5♥, 8♦",2026-09-11T10:17:25.183Z,178912184518304
"Player stacks: #1 ""player 19 @ hwP7SzeYai"" (568) | #2 ""player 7 @ O8SRi7DfXR"" (1482) | #5 ""player 35 @ uewFolxPCK"" (4200)",2026-09-11T10:17:25.183Z,178912184518301
"-- starting hand #241 (id: nmzdztliginr)  No Limit Texas Hold'em (dealer: ""player 19 @ hwP7SzeYai"") --",2026-09-11T10:17:25.183Z,178912184518300
"""player 7 @ O8SRi7DfXR"" shows a 5♥, 8♠.",2026-09-11T10:17:23.946Z,178912184394600
"-- ending hand #240 --",2026-09-11T10:17:21.580Z,178912184158001
"""player 35 @ uewFolxPCK"" collected 30 from pot",2026-09-11T10:17:21.580Z,178912184158000
"""player 7 @ O8SRi7DfXR"" folds",2026-09-11T10:17:20.739Z,178912184073900
"""player 19 @ hwP7SzeYai"" folds",2026-09-11T10:17:18.708Z,178912183870800
"River: 9♥, 3♥, 7♠, Q♦ [10♦]",2026-09-11T10:17:15.981Z,178912183598100
"""player 35 @ uewFolxPCK"" checks",2026-09-11T10:17:15.113Z,178912183511300
"""player 7 @ O8SRi7DfXR"" checks",2026-09-11T10:17:14.181Z,178912183418100
"""player 19 @ hwP7SzeYai"" checks",2026-09-11T10:17:13.221Z,178912183322100
"Turn: 9♥, 3♥, 7♠ [Q♦]",2026-09-11T10:17:12.095Z,178912183209500
"""player 35 @ uewFolxPCK"" checks",2026-09-11T10:17:11.231Z,178912183123100
"""player 7 @ O8SRi7DfXR"" checks",2026-09-11T10:17:10.063Z,178912183006300
"""player 19 @ hwP7SzeYai"" checks",2026-09-11T10:17:09.131Z,178912182913100
"Flop:  [9♥, 3♥, 7♠]",2026-09-11T10:17:07.093Z,178912182709300
"""player 7 @ O8SRi7DfXR"" checks",2026-09-11T10:17:06.277Z,178912182627700
"""player 19 @ hwP7SzeYai"" calls 10",2026-09-11T10:16:57.294Z,178912181729400
"""player 35 @ uewFolxPCK"" calls 10",2026-09-11T10:16:55.245Z,178912181524500
"""player 7 @ O8SRi7DfXR"" posts a big blind of 10",2026-09-11T10:16:54.334Z,178912181433406
"""player 19 @ hwP7SzeYai"" posts a small blind of 5",2026-09-11T10:16:54.334Z,178912181433405
"Player stacks: #1 ""player 19 @ hwP7SzeYai"" (578) | #2 ""player 7 @ O8SRi7DfXR"" (1492) | #5 ""player 35 @ uewFolxPCK"" (4180)",2026-09-11T10:16:54.334Z,178912181433401
"-- starting hand #240 (id: nqzzzehhfvxf)  No Limit Texas Hold'em (dealer: ""player 35 @ uewFolxPCK"") --",2026-09-11T10:16:54.334Z,178912181433400
"""player 19 @ hwP7SzeYai"" shows a A♣, A♠.",2026-09-11T10:16:51.964Z,178912181196400
"-- ending hand #239 --",2026-09-11T10:16:50.730Z,178912181073001
"""player 19 @ hwP7SzeYai"" collected 150 from pot",2026-09-11T10:16:50.730Z,178912181073000
"""player 35 @ uewFolxPCK"" folds",2026-09-11T10:16:49.883Z,178912180988300
"River: 4♥, 8♦, 3♥, J♣ [7♦]",2026-09-11T10:16:47.469Z,178912180746900
"""player 19 @ hwP7SzeYai"" checks",2026-09-11T10:16:46.632Z,178912180663200
"""player 35 @ uewFolxPCK"" checks",2026-09-11T10:16:44.990Z,178912180499000
"Turn: 4♥, 8♦, 3♥ [J♣]",2026-09-11T10:16:44.267Z,178912180426700
"""player 19 @ hwP7SzeYai"" checks",2026-09-11T10:16:43.385Z,178912180338500
"""player 35 @ uewFolxPCK"" checks",2026-09-11T10:16:40.214Z,178912180021400
"Flop:  [4♥, 8♦, 3♥]",2026-09-11T10:16:38.662Z,178912179866200
"""player 35 @ uewFolxPCK"" calls 70",2026-09-11T10:16:37.761Z,178912179776100
"""player 7 @ O8SRi7DfXR"" folds",2026-09-11T10:16:29.874Z,178912178987400
"""player 19 @ hwP7SzeYai"" raises to 70",2026-09-11T10:16:25.801Z,178912178580100
"""player 35 @ uewFolxPCK"" calls 10",2026-09-11T10:16:20.473Z,178912178047300
"""player 7 @ O8SRi7DfXR"" calls 10",2026-09-11T10:16:18.703Z,178912177870300
"""player 19 @ hwP7SzeYai"" posts a big blind of 10",2026-09-11T10:16:15.301Z,178912177530106
"""player 35 @ uewFolxPCK"" posts a small blind of 5",2026-09-11T10:16:15.301Z,178912177530105
"Player stacks: #1 ""player 19 @ hwP7SzeYai"" (498) | #2 ""player 7 @ O8SRi7DfXR"" (1502) | #5 ""player 35 @ uewFolxPCK"" (4250)",2026-09-11T10:16:15.301Z,178912177530101
"-- starting hand #239 (id: bwtiyuiqpkxc)  No Limit Texas Hold'em (dealer: ""player 7 @ O8SRi7DfXR"") --",2026-09-11T10:16:15.301Z,178912177530100
"""player 35 @ uewFolxPCK"" shows a 6♦.",2026-09-11T10:16:12.849Z,178912177284900
"-- ending hand #238 --",2026-09-11T10:16:08.776Z,178912176877602
"""player 7 @ O8SRi7DfXR"" collected 100 from pot with Two Pair, K's & 10's (combination: 5♦, 10♣, 10♦, K♣, K♠)",2026-09-11T10:16:08.776Z,178912176877601
"""player 7 @ O8SRi7DfXR"" shows a 10♣, 2♦.",2026-09-11T10:16:08.776Z,178912176877600
"""player 35 @ uewFolxPCK"" calls 10",2026-09-11T10:16:07.954Z,178912176795400
"""player 7 @ O8SRi7DfXR"" bets 10",2026-09-11T10:16:06.444Z,178912176644400
"River: 10♦, K♣, K♠, 5♦ [2♣]",2026-09-11T10:16:05.803Z,178912176580300
"""player 35 @ uewFolxPCK"" calls 10",2026-09-11T10:16:04.978Z,178912176497800
"""player 7 @ O8SRi7DfXR"" bets 10",2026-09-11T10:16:04.061Z,178912176406100
"Turn: 10♦, K♣, K♠ [5♦]",2026-09-11T10:16:02.167Z,178912176216700
"""player 7 @ O8SRi7DfXR"" calls 10",2026-09-11T10:16:01.315Z,178912176131500
"""player 35 @ uewFolxPCK"" bets 10",2026-09-11T10:16:00.203Z,178912176020300
"""player 7 @ O8SRi7DfXR"" checks",2026-09-11T10:15:58.829Z,178912175882900
"Flop:  [10♦, K♣, K♠]",2026-09-11T10:15:54.436Z,178912175443600
"""player 35 @ uewFolxPCK"" calls 20",2026-09-11T10:15:53.586Z,178912175358600
"""player 7 @ O8SRi7DfXR"" raises to 20",2026-09-11T10:15:46.767Z,178912174676700
"""player 19 @ hwP7SzeYai"" folds",2026-09-11T10:15:42.423Z,178912174242300
"""player 35 @ uewFolxPCK"" posts a big blind of 10",2026-09-11T10:15:40.740Z,178912174074006
"""player 7 @ O8SRi7DfXR"" posts a small blind of 5",2026-09-11T10:15:40.740Z,178912174074005
"Player stacks: #1 ""player 19 @ hwP7SzeYai"" (498) | #2 ""player 7 @ O8SRi7DfXR"" (1452) | #5 ""player 35 @ uewFolxPCK"" (4300)",2026-09-11T10:15:40.740Z,178912174074001
"-- starting hand #238 (id: 8hnggdd4jq1m)  No Limit Texas Hold'em (dealer: ""player 19 @ hwP7SzeYai"") --",2026-09-11T10:15:40.740Z,178912174074000
"""player 35 @ uewFolxPCK"" shows a J♠.",2026-09-11T10:15:39.387Z,178912173938700
"""player 7 @ O8SRi7DfXR"" shows a 7♥, 9♥.",2026-09-11T10:15:37.861Z,178912173786100
"-- ending hand #237 --",2026-09-11T10:15:36.381Z,178912173638102
"""player 35 @ uewFolxPCK"" collected 30 from pot",2026-09-11T10:15:36.381Z,178912173638101
"Uncalled bet of 10 returned to ""player 35 @ uewFolxPCK""",2026-09-11T10:15:36.381Z,178912173638100
"""player 7 @ O8SRi7DfXR"" folds",2026-09-11T10:15:35.562Z,178912173556200
"""player 35 @ uewFolxPCK"" bets 10",2026-09-11T10:15:33.965Z,178912173396500
"""player 7 @ O8SRi7DfXR"" checks",2026-09-11T10:15:32.923Z,178912173292300
"""player 19 @ hwP7SzeYai"" folds",2026-09-11T10:15:31.744Z,178912173174400
"River: 5♣, J♣, 5♦, 6♦ [10♣]",2026-09-11T10:15:29.378Z,178912172937800
"""player 35 @ uewFolxPCK"" checks",2026-09-11T10:15:28.497Z,178912172849700
"""player 7 @ O8SRi7DfXR"" checks",2026-09-11T10:15:27.104Z,178912172710400
"""player 19 @ hwP7SzeYai"" checks",2026-09-11T10:15:25.752Z,178912172575200
"Turn: 5♣, J♣, 5♦ [6♦]",2026-09-11T10:15:23.575Z,178912172357500
"""player 35 @ uewFolxPCK"" checks",2026-09-11T10:15:22.732Z,178912172273200
"""player 7 @ O8SRi7DfXR"" checks",2026-09-11T10:15:21.779Z,178912172177900
"""player 19 @ hwP7SzeYai"" checks",2026-09-11T10:15:15.024Z,178912171502400
"Flop:  [5♣, J♣, 5♦]",2026-09-11T10:15:12.444Z,178912171244400
"""player 7 @ O8SRi7DfXR"" checks",2026-09-11T10:15:11.585Z,178912171158500
"""player 19 @ hwP7SzeYai"" calls 10",2026-09-11T10:15:02.154Z,178912170215400
"""player 35 @ uewFolxPCK"" calls 10",2026-09-11T10:14:59.135Z,178912169913500
"""player 7 @ O8SRi7DfXR"" posts a big blind of 10",2026-09-11T10:14:58.084Z,178912169808406
"""player 19 @ hwP7SzeYai"" posts a small blind of 5",2026-09-11T10:14:58.084Z,178912169808405
"Player stacks: #1 ""player 19 @ hwP7SzeYai"" (508) | #2 ""player 7 @ O8SRi7DfXR"" (1462) | #5 ""player 35 @ uewFolxPCK"" (4280)",2026-09-11T10:14:58.084Z,178912169808401
"-- starting hand #237 (id: 5lfwhdwswh3r)  No Limit Texas Hold'em (dealer: ""player 35 @ uewFolxPCK"") --",2026-09-11T10:14:58.084Z,178912169808400
"""player 19 @ hwP7SzeYai"" shows a 6♣.",2026-09-11T10:14:56.504Z,178912169650400
"""player 7 @ O8SRi7DfXR"" shows a Q♦, J♣.",2026-09-11T10:14:52.901Z,178912169290100
"Undealt cards: A♣, K♥, 8♣, Q♣ [10♠]",2026-09-11T10:14:51.416Z,178912169141600
"-- ending hand #236 --",2026-09-11T10:14:50.767Z,178912169076702
"""player 19 @ hwP7SzeYai"" collected 225 from pot",2026-09-11T10:14:50.767Z,178912169076701
"Uncalled bet of 283 returned to ""player 19 @ hwP7SzeYai""",2026-09-11T10:14:50.767Z,178912169076700
"""player 35 @ uewFolxPCK"" folds",2026-09-11T10:14:49.963Z,178912168996300
"""player 19 @ hwP7SzeYai"" bets 283 and go all in",2026-09-11T10:14:47.888Z,178912168788800
"""player 35 @ uewFolxPCK"" checks",2026-09-11T10:14:45.428Z,178912168542800
"Turn: A♣, K♥, 8♣ [Q♣]",2026-09-11T10:14:44.759Z,178912168475900
"""player 35 @ uewFolxPCK"" calls 75",2026-09-11T10:14:43.920Z,178912168392000
"""player 7 @ O8SRi7DfXR"" folds",2026-09-11T10:14:42.765Z,178912168276500
"""player 19 @ hwP7SzeYai"" bets 75",2026-09-11T10:14:39.176Z,178912167917600
"""player 35 @ uewFolxPCK"" checks",2026-09-11T10:14:35.901Z,178912167590100
"Flop:  [A♣, K♥, 8♣]",2026-09-11T10:14:34.446Z,178912167444600
"""player 19 @ hwP7SzeYai"" calls 25",2026-09-11T10:14:33.635Z,178912167363500
"""player 35 @ uewFolxPCK"" calls 25",2026-09-11T10:14:32.255Z,178912167225500
"""player 7 @ O8SRi7DfXR"" raises to 25",2026-09-11T10:14:30.964Z,178912167096400
"""player 19 @ hwP7SzeYai"" posts a big blind of 10",2026-09-11T10:14:28.436Z,178912166843606
"""player 35 @ uewFolxPCK"" posts a small blind of 5",2026-09-11T10:14:28.436Z,178912166843605
"Player stacks: #1 ""player 19 @ hwP7SzeYai"" (383) | #2 ""player 7 @ O8SRi7DfXR"" (1487) | #5 ""player 35 @ uewFolxPCK"" (4380)",2026-09-11T10:14:28.436Z,178912166843601
"-- starting hand #236 (id: mibwavjm488a)  No Limit Texas Hold'em (dealer: ""player 7 @ O8SRi7DfXR"") --",2026-09-11T10:14:28.436Z,178912166843600
"Undealt cards: 3♥, 5♣, 4♣, 10♣ [Q♠]",2026-09-11T10:14:23.245Z,178912166324500
"-- ending hand #235 --",2026-09-11T10:14:22.452Z,178912166245202
"""player 35 @ uewFolxPCK"" collected 256 from pot",2026-09-11T10:14:22.452Z,178912166245201
"Uncalled bet of 10 returned to ""player 35 @ uewFolxPCK""",2026-09-11T10:14:22.452Z,178912166245200
"""player 7 @ O8SRi7DfXR"" folds",2026-09-11T10:14:21.647Z,178912166164700
"""player 35 @ uewFolxPCK"" bets 10",2026-09-11T10:14:19.733Z,178912165973300
"""player 7 @ O8SRi7DfXR"" checks",2026-09-11T10:14:15.798Z,178912165579800
"Turn: 3♥, 5♣, 4♣ [10♣]",2026-09-11T10:14:13.026Z,178912165302600
"""player 35 @ uewFolxPCK"" calls 67",2026-09-11T10:14:12.206Z,178912165220600
"""player 7 @ O8SRi7DfXR"" bets 67",2026-09-11T10:14:11.297Z,178912165129700
"Flop:  [3♥, 5♣, 4♣]",2026-09-11T10:14:03.046Z,178912164304600
"""player 7 @ O8SRi7DfXR"" calls 56",2026-09-11T10:14:02.127Z,178912164212700
"""player 19 @ hwP7SzeYai"" folds",2026-09-11T10:13:55.766Z,178912163576600
"""player 35 @ uewFolxPCK"" raises to 56",2026-09-11T10:13:52.051Z,178912163205100
"""player 7 @ O8SRi7DfXR"" calls 10",2026-09-11T10:13:50.028Z,178912163002800
"""player 19 @ hwP7SzeYai"" calls 10",2026-09-11T10:13:47.117Z,178912162711700
"""player 35 @ uewFolxPCK"" posts a big blind of 10",2026-09-11T10:13:43.620Z,178912162362006
"""player 7 @ O8SRi7DfXR"" posts a small blind of 5",2026-09-11T10:13:43.620Z,178912162362005
"Player stacks: #1 ""player 19 @ hwP7SzeYai"" (393) | #2 ""player 7 @ O8SRi7DfXR"" (1610) | #5 ""player 35 @ uewFolxPCK"" (4247)",2026-09-11T10:13:43.620Z,178912162362001
"-- starting hand #235 (id: hnificim7hwu)  No Limit Texas Hold'em (dealer: ""player 19 @ hwP7SzeYai"") --",2026-09-11T10:13:43.620Z,178912162362000
"""player 7 @ O8SRi7DfXR"" shows a 7♦, 5♠.",2026-09-11T10:13:40.357Z,178912162035700
"-- ending hand #234 --",2026-09-11T10:13:39.979Z,178912161997902
"""player 35 @ uewFolxPCK"" collected 50 from pot",2026-09-11T10:13:39.979Z,178912161997901
"Uncalled bet of 56 returned to ""player 35 @ uewFolxPCK""",2026-09-11T10:13:39.979Z,178912161997900
"""player 7 @ O8SRi7DfXR"" folds",2026-09-11T10:13:39.155Z,178912161915500
"""player 35 @ uewFolxPCK"" raises to 66",2026-09-11T10:13:30.694Z,178912161069400
"""player 7 @ O8SRi7DfXR"" bets 10",2026-09-11T10:13:27.585Z,178912160758500
"""player 19 @ hwP7SzeYai"" folds",2026-09-11T10:13:22.805Z,178912160280500
"River: Q♦, 6♣, Q♥, Q♣ [5♥]",2026-09-11T10:12:55.082Z,178912157508200
"""player 35 @ uewFolxPCK"" checks",2026-09-11T10:12:54.242Z,178912157424200
"""player 7 @ O8SRi7DfXR"" checks",2026-09-11T10:12:53.219Z,178912157321900
"""player 19 @ hwP7SzeYai"" checks",2026-09-11T10:12:50.365Z,178912157036500
"Turn: Q♦, 6♣, Q♥ [Q♣]",2026-09-11T10:12:48.878Z,178912156887800
"""player 35 @ uewFolxPCK"" checks",2026-09-11T10:12:47.998Z,178912156799800
"""player 7 @ O8SRi7DfXR"" checks",2026-09-11T10:12:46.459Z,178912156645900
"""player 19 @ hwP7SzeYai"" checks",2026-09-11T10:12:45.107Z,178912156510700
"Flop:  [Q♦, 6♣, Q♥]",2026-09-11T10:12:43.349Z,178912156334900
"""player 7 @ O8SRi7DfXR"" checks",2026-09-11T10:12:42.504Z,178912156250400
"""player 19 @ hwP7SzeYai"" calls 10",2026-09-11T10:12:40.675Z,178912156067500
"""player 35 @ uewFolxPCK"" calls 10",2026-09-11T10:12:38.617Z,178912155861700
"""player 7 @ O8SRi7DfXR"" posts a big blind of 10",2026-09-11T10:12:29.850Z,178912154985006
"""player 19 @ hwP7SzeYai"" posts a small blind of 5",2026-09-11T10:12:29.850Z,178912154985005
"Player stacks: #1 ""player 19 @ hwP7SzeYai"" (403) | #2 ""player 7 @ O8SRi7DfXR"" (1630) | #5 ""player 35 @ uewFolxPCK"" (4217)",2026-09-11T10:12:29.850Z,178912154985001
"-- starting hand #234 (id: hq3qvmidor2v)  No Limit Texas Hold'em (dealer: ""player 35 @ uewFolxPCK"") --",2026-09-11T10:12:29.850Z,178912154985000
"-- ending hand #233 --",2026-09-11T10:12:23.783Z,178912154378303
"""player 19 @ hwP7SzeYai"" collected 30 from pot with Two Pair, 9's & 6's (combination: K♥, 6♥, 6♠, 9♥, 9♠)",2026-09-11T10:12:23.783Z,178912154378302
"""player 19 @ hwP7SzeYai"" shows a 9♥, 9♠.",2026-09-11T10:12:23.783Z,178912154378301
"""player 35 @ uewFolxPCK"" shows a 8♣, Q♠.",2026-09-11T10:12:23.783Z,178912154378300
"""player 7 @ O8SRi7DfXR"" checks",2026-09-11T10:12:22.959Z,178912154295900
"""player 19 @ hwP7SzeYai"" checks",2026-09-11T10:12:22.069Z,178912154206900
"""player 35 @ uewFolxPCK"" checks",2026-09-11T10:12:21.170Z,178912154117000
"River: 3♦, J♦, 6♥, K♥ [6♠]",2026-09-11T10:12:18.643Z,178912153864300
"""player 7 @ O8SRi7DfXR"" checks",2026-09-11T10:12:17.824Z,178912153782400
"""player 19 @ hwP7SzeYai"" checks",2026-09-11T10:12:16.920Z,178912153692000
"""player 35 @ uewFolxPCK"" checks",2026-09-11T10:12:15.894Z,178912153589400
"Turn: 3♦, J♦, 6♥ [K♥]",2026-09-11T10:12:12.468Z,178912153246800
"""player 7 @ O8SRi7DfXR"" checks",2026-09-11T10:12:11.614Z,178912153161400
"""player 19 @ hwP7SzeYai"" checks",2026-09-11T10:12:03.723Z,178912152372300
"""player 35 @ uewFolxPCK"" checks",2026-09-11T10:12:02.335Z,178912152233500
"Flop:  [3♦, J♦, 6♥]",2026-09-11T10:12:00.962Z,178912152096200
"""player 19 @ hwP7SzeYai"" checks",2026-09-11T10:12:00.142Z,178912152014200
"""player 35 @ uewFolxPCK"" calls 10",2026-09-11T10:11:57.516Z,178912151751600
"""player 7 @ O8SRi7DfXR"" calls 10",2026-09-11T10:11:55.696Z,178912151569600
"""player 19 @ hwP7SzeYai"" posts a big blind of 10",2026-09-11T10:11:49.399Z,178912150939906
"""player 35 @ uewFolxPCK"" posts a small blind of 5",2026-09-11T10:11:49.399Z,178912150939905
"Your hand is 8♣, Q♠",2026-09-11T10:11:49.399Z,178912150939904
"Player stacks: #1 ""player 19 @ hwP7SzeYai"" (383) | #2 ""player 7 @ O8SRi7DfXR"" (1640) | #5 ""player 35 @ uewFolxPCK"" (4227)",2026-09-11T10:11:49.399Z,178912150939901
"-- starting hand #233 (id: y1cma1ijzki9)  No Limit Texas Hold'em (dealer: ""player 7 @ O8SRi7DfXR"") --",2026-09-11T10:11:49.399Z,178912150939900
"-- ending hand #232 --",2026-09-11T10:11:43.387Z,178912150338703
"""player 19 @ hwP7SzeYai"" collected 61 from pot with Pair, 5's (combination: 9♦, Q♠, A♥, 5♥, 5♠)",2026-09-11T10:11:43.387Z,178912150338702
"""player 19 @ hwP7SzeYai"" shows a A♥, Q♠.",2026-09-11T10:11:43.387Z,178912150338701
"""player 35 @ uewFolxPCK"" shows a 7♦, K♥.",2026-09-11T10:11:43.387Z,178912150338700
"""player 19 @ hwP7SzeYai"" checks",2026-09-11T10:11:42.559Z,178912150255900
"""player 35 @ uewFolxPCK"" checks",2026-09-11T10:11:41.594Z,178912150159400
"River: 9♦, 8♦, 4♠, 5♥ [5♠]",2026-09-11T10:11:40.492Z,178912150049200
"""player 19 @ hwP7SzeYai"" checks",2026-09-11T10:11:39.678Z,178912149967800
"""player 35 @ uewFolxPCK"" checks",2026-09-11T10:11:38.751Z,178912149875100
"Turn: 9♦, 8♦, 4♠ [5♥]",2026-09-11T10:11:37.636Z,178912149763600
"""player 19 @ hwP7SzeYai"" checks",2026-09-11T10:11:36.830Z,178912149683000
"""player 35 @ uewFolxPCK"" checks",2026-09-11T10:11:35.928Z,178912149592800
"Flop:  [9♦, 8♦, 4♠]",2026-09-11T10:11:33.985Z,178912149398500
"""player 35 @ uewFolxPCK"" calls 28",2026-09-11T10:11:33.168Z,178912149316800
"""player 7 @ O8SRi7DfXR"" folds",2026-09-11T10:11:32.223Z,178912149222300
"""player 19 @ hwP7SzeYai"" raises to 28",2026-09-11T10:11:31.335Z,178912149133500
"""player 35 @ uewFolxPCK"" posts a big blind of 10",2026-09-11T10:11:26.335Z,178912148633506
"""player 7 @ O8SRi7DfXR"" posts a small blind of 5",2026-09-11T10:11:26.335Z,178912148633505
"Your hand is 7♦, K♥",2026-09-11T10:11:26.335Z,178912148633504
"Player stacks: #1 ""player 19 @ hwP7SzeYai"" (350) | #2 ""player 7 @ O8SRi7DfXR"" (1645) | #5 ""player 35 @ uewFolxPCK"" (4255)",2026-09-11T10:11:26.335Z,178912148633501
"-- starting hand #232 (id: mttgup3zoi9b)  No Limit Texas Hold'em (dealer: ""player 19 @ hwP7SzeYai"") --",2026-09-11T10:11:26.335Z,178912148633500
"""player 19 @ hwP7SzeYai"" shows a A♦.",2026-09-11T10:11:22.175Z,178912148217500
"Undealt cards:  [2♠, 5♥, K♠, J♦, A♠]",2026-09-11T10:11:21.240Z,178912148124000
"""player 7 @ O8SRi7DfXR"" shows a K♦, Q♥.",2026-09-11T10:11:20.831Z,178912148083100
"-- ending hand #231 --",2026-09-11T10:11:18.975Z,178912147897502
"""player 7 @ O8SRi7DfXR"" collected 30 from pot",2026-09-11T10:11:18.975Z,178912147897501
"Uncalled bet of 40 returned to ""player 7 @ O8SRi7DfXR""",2026-09-11T10:11:18.975Z,178912147897500
"""player 19 @ hwP7SzeYai"" folds",2026-09-11T10:11:18.134Z,178912147813400
"""player 35 @ uewFolxPCK"" folds",2026-09-11T10:11:16.834Z,178912147683400
"""player 7 @ O8SRi7DfXR"" raises to 50",2026-09-11T10:11:14.078Z,178912147407800
"""player 19 @ hwP7SzeYai"" calls 10",2026-09-11T10:11:12.143Z,178912147214300
"""player 35 @ uewFolxPCK"" calls 10",2026-09-11T10:11:10.739Z,178912147073900
"""player 7 @ O8SRi7DfXR"" posts a big blind of 10",2026-09-11T10:11:07.297Z,178912146729706
"""player 19 @ hwP7SzeYai"" posts a small blind of 5",2026-09-11T10:11:07.297Z,178912146729705
"Player stacks: #1 ""player 19 @ hwP7SzeYai"" (360) | #2 ""player 7 @ O8SRi7DfXR"" (1625) | #5 ""player 35 @ uewFolxPCK"" (4265)",2026-09-11T10:11:07.297Z,178912146729701
"-- starting hand #231 (id: zsyhgqxfklbq)  No Limit Texas Hold'em (dealer: ""player 35 @ uewFolxPCK"") --",2026-09-11T10:11:07.297Z,178912146729700
"-- ending hand #230 --",2026-09-11T10:11:01.226Z,178912146122604
"""player 7 @ O8SRi7DfXR"" collected 30 from pot with Two Pair, 8's & 7's (combination: K♦, 7♦, 7♥, 8♠, 8♥)",2026-09-11T10:11:01.226Z,178912146122603
"""player 7 @ O8SRi7DfXR"" shows a K♦, 8♠.",2026-09-11T10:11:01.226Z,178912146122602
"""player 19 @ hwP7SzeYai"" shows a 2♦, 6♣.",2026-09-11T10:11:01.226Z,178912146122601
"""player 35 @ uewFolxPCK"" shows a Q♥, J♣.",2026-09-11T10:11:01.226Z,178912146122600
"""player 7 @ O8SRi7DfXR"" checks",2026-09-11T10:11:00.395Z,178912146039500
"""player 19 @ hwP7SzeYai"" checks",2026-09-11T10:10:59.422Z,178912145942200
"""player 35 @ uewFolxPCK"" checks",2026-09-11T10:10:58.091Z,178912145809100
"River: 8♥, 2♥, 7♦, 4♣ [7♥]",2026-09-11T10:10:57.280Z,178912145728000
"""player 7 @ O8SRi7DfXR"" checks",2026-09-11T10:10:56.429Z,178912145642900
"""player 19 @ hwP7SzeYai"" checks",2026-09-11T10:10:55.494Z,178912145549400
"""player 35 @ uewFolxPCK"" checks",2026-09-11T10:10:52.998Z,178912145299800
"Turn: 8♥, 2♥, 7♦ [4♣]",2026-09-11T10:10:52.476Z,178912145247600
"""player 7 @ O8SRi7DfXR"" checks",2026-09-11T10:10:51.644Z,178912145164400
"""player 19 @ hwP7SzeYai"" checks",2026-09-11T10:10:50.754Z,178912145075400
"""player 35 @ uewFolxPCK"" checks",2026-09-11T10:10:48.229Z,178912144822900
"Flop:  [8♥, 2♥, 7♦]",2026-09-11T10:10:47.135Z,178912144713500
"""player 19 @ hwP7SzeYai"" checks",2026-09-11T10:10:46.282Z,178912144628200
"""player 35 @ uewFolxPCK"" calls 10",2026-09-11T10:10:45.372Z,178912144537200
"""player 7 @ O8SRi7DfXR"" calls 10",2026-09-11T10:10:41.843Z,178912144184300
"""player 19 @ hwP7SzeYai"" posts a big blind of 10",2026-09-11T10:10:38.855Z,178912143885506
"""player 35 @ uewFolxPCK"" posts a small blind of 5",2026-09-11T10:10:38.855Z,178912143885505
"Your hand is Q♥, J♣",2026-09-11T10:10:38.855Z,178912143885504
"Player stacks: #1 ""player 19 @ hwP7SzeYai"" (370) | #2 ""player 7 @ O8SRi7DfXR"" (1605) | #5 ""player 35 @ uewFolxPCK"" (4275)",2026-09-11T10:10:38.855Z,178912143885501
"-- starting hand #230 (id: xbhxj5uetht4)  No Limit Texas Hold'em (dealer: ""player 7 @ O8SRi7DfXR"") --",2026-09-11T10:10:38.855Z,178912143885500
"-- ending hand #229 --",2026-09-11T10:10:32.774Z,178912143277402
"""player 7 @ O8SRi7DfXR"" collected 222 from pot with Full House, 2's over 7's (combination: 7♦, 7♥, 2♣, 2♥, 2♦)",2026-09-11T10:10:32.774Z,178912143277401
"""player 7 @ O8SRi7DfXR"" shows a 2♣, 2♥.",2026-09-11T10:10:32.774Z,178912143277400
"""player 35 @ uewFolxPCK"" calls 67",2026-09-11T10:10:31.967Z,178912143196700
"""player 7 @ O8SRi7DfXR"" bets 67",2026-09-11T10:10:30.947Z,178912143094700
"River: 7♦, 7♥, 10♣, 2♦ [3♣]",2026-09-11T10:10:28.251Z,178912142825100
"""player 35 @ uewFolxPCK"" calls 22",2026-09-11T10:10:27.382Z,178912142738200
"""player 7 @ O8SRi7DfXR"" bets 22",2026-09-11T10:10:22.925Z,178912142292500
"Turn: 7♦, 7♥, 10♣ [2♦]",2026-09-11T10:10:19.846Z,178912141984600
"""player 35 @ uewFolxPCK"" checks",2026-09-11T10:10:19.034Z,178912141903400
"""player 7 @ O8SRi7DfXR"" checks",2026-09-11T10:10:17.718Z,178912141771800
"Flop:  [7♦, 7♥, 10♣]",2026-09-11T10:10:07.039Z,178912140703900
"""player 35 @ uewFolxPCK"" calls 22",2026-09-11T10:10:06.227Z,178912140622700
"""player 7 @ O8SRi7DfXR"" raises to 22",2026-09-11T10:09:36.879Z,178912137687900
"""player 19 @ hwP7SzeYai"" folds",2026-09-11T10:09:34.315Z,178912137431500
"""player 35 @ uewFolxPCK"" posts a big blind of 10",2026-09-11T10:09:32.666Z,178912137266606
"""player 7 @ O8SRi7DfXR"" posts a small blind of 5",2026-09-11T10:09:32.666Z,178912137266605
"Player stacks: #1 ""player 19 @ hwP7SzeYai"" (370) | #2 ""player 7 @ O8SRi7DfXR"" (1494) | #5 ""player 35 @ uewFolxPCK"" (4386)",2026-09-11T10:09:32.666Z,178912137266601
"-- starting hand #229 (id: pszrlmr3kt3y)  No Limit Texas Hold'em (dealer: ""player 19 @ hwP7SzeYai"") --",2026-09-11T10:09:32.666Z,178912137266600
"""player 7 @ O8SRi7DfXR"" shows a J♠.",2026-09-11T10:09:30.819Z,178912137081900
"""player 7 @ O8SRi7DfXR"" shows a A♣.",2026-09-11T10:09:30.159Z,178912137015900
"-- ending hand #228 --",2026-09-11T10:09:26.059Z,178912136605902
"""player 7 @ O8SRi7DfXR"" collected 30 from pot",2026-09-11T10:09:26.059Z,178912136605901
"Uncalled bet of 40 returned to ""player 7 @ O8SRi7DfXR""",2026-09-11T10:09:26.059Z,178912136605900
"""player 19 @ hwP7SzeYai"" folds",2026-09-11T10:09:25.243Z,178912136524300
"""player 35 @ uewFolxPCK"" folds",2026-09-11T10:09:21.291Z,178912136129100
"""player 7 @ O8SRi7DfXR"" raises to 50",2026-09-11T10:09:18.591Z,178912135859100
"""player 19 @ hwP7SzeYai"" calls 10",2026-09-11T10:09:14.134Z,178912135413400
"""player 35 @ uewFolxPCK"" calls 10",2026-09-11T10:09:12.061Z,178912135206100
"""player 7 @ O8SRi7DfXR"" posts a big blind of 10",2026-09-11T10:09:10.475Z,178912135047506
"""player 19 @ hwP7SzeYai"" posts a small blind of 5",2026-09-11T10:09:10.475Z,178912135047505
"Player stacks: #1 ""player 19 @ hwP7SzeYai"" (380) | #2 ""player 7 @ O8SRi7DfXR"" (1474) | #5 ""player 35 @ uewFolxPCK"" (4396)",2026-09-11T10:09:10.475Z,178912135047501
"-- starting hand #228 (id: zwj1wxkswtlr)  No Limit Texas Hold'em (dealer: ""player 35 @ uewFolxPCK"") --",2026-09-11T10:09:10.475Z,178912135047500
"""player 35 @ uewFolxPCK"" shows a K♦, K♥.",2026-09-11T10:09:07.179Z,178912134717900
"""player 7 @ O8SRi7DfXR"" shows a 6♠, 7♠.",2026-09-11T10:09:06.669Z,178912134666900
"-- ending hand #227 --",2026-09-11T10:09:06.152Z,178912134615202
"""player 7 @ O8SRi7DfXR"" collected 320 from pot",2026-09-11T10:09:06.152Z,178912134615201
"Uncalled bet of 167 returned to ""player 7 @ O8SRi7DfXR""",2026-09-11T10:09:06.152Z,178912134615200
"""player 35 @ uewFolxPCK"" folds",2026-09-11T10:09:05.340Z,178912134534000
"""player 7 @ O8SRi7DfXR"" bets 167",2026-09-11T10:08:58.177Z,178912133817700
"""player 35 @ uewFolxPCK"" checks",2026-09-11T10:08:56.063Z,178912133606300
"River: A♠, 10♣, 4♠, J♠ [3♥]",2026-09-11T10:08:55.461Z,178912133546100
"""player 35 @ uewFolxPCK"" calls 67",2026-09-11T10:08:54.639Z,178912133463900
"""player 7 @ O8SRi7DfXR"" bets 67",2026-09-11T10:08:53.669Z,178912133366900
"""player 35 @ uewFolxPCK"" checks",2026-09-11T10:08:51.684Z,178912133168400
"Turn: A♠, 10♣, 4♠ [J♠]",2026-09-11T10:08:50.956Z,178912133095600
"""player 7 @ O8SRi7DfXR"" checks",2026-09-11T10:08:50.084Z,178912133008400
"""player 35 @ uewFolxPCK"" checks",2026-09-11T10:08:48.899Z,178912132889900
"Flop:  [A♠, 10♣, 4♠]",2026-09-11T10:08:46.181Z,178912132618100
"""player 7 @ O8SRi7DfXR"" calls 88",2026-09-11T10:08:45.370Z,178912132537000
"""player 19 @ hwP7SzeYai"" folds",2026-09-11T10:08:41.941Z,178912132194100
"""player 35 @ uewFolxPCK"" raises to 88",2026-09-11T10:08:40.998Z,178912132099800
"""player 7 @ O8SRi7DfXR"" raises to 42",2026-09-11T10:08:38.279Z,178912131827900
"""player 19 @ hwP7SzeYai"" posts a big blind of 10",2026-09-11T10:08:29.844Z,178912130984406
"""player 35 @ uewFolxPCK"" posts a small blind of 5",2026-09-11T10:08:29.844Z,178912130984405
"Your hand is K♦, K♥",2026-09-11T10:08:29.844Z,178912130984404
"Player stacks: #1 ""player 19 @ hwP7SzeYai"" (390) | #2 ""player 7 @ O8SRi7DfXR"" (1309) | #5 ""player 35 @ uewFolxPCK"" (4551)",2026-09-11T10:08:29.844Z,178912130984401
"-- starting hand #227 (id: rvtytsl3y5vq)  No Limit Texas Hold'em (dealer: ""player 7 @ O8SRi7DfXR"") --",2026-09-11T10:08:29.844Z,178912130984400
"Undealt cards: 6♦, A♦, 9♦ [7♣, K♦]",2026-09-11T10:08:28.726Z,178912130872600
"-- ending hand #226 --",2026-09-11T10:08:23.907Z,178912130390701
"""player 35 @ uewFolxPCK"" collected 20 from pot",2026-09-11T10:08:23.907Z,178912130390700
"""player 7 @ O8SRi7DfXR"" folds",2026-09-11T10:08:23.099Z,178912130309900
"Flop:  [6♦, A♦, 9♦]",2026-09-11T10:08:20.741Z,178912130074100
"""player 35 @ uewFolxPCK"" checks",2026-09-11T10:08:19.922Z,178912129992200
"""player 7 @ O8SRi7DfXR"" calls 10",2026-09-11T10:08:10.451Z,178912129045100
"""player 19 @ hwP7SzeYai"" folds",2026-09-11T10:08:02.851Z,178912128285100
"""player 35 @ uewFolxPCK"" posts a big blind of 10",2026-09-11T10:07:58.888Z,178912127888806
"""player 7 @ O8SRi7DfXR"" posts a small blind of 5",2026-09-11T10:07:58.888Z,178912127888805
"Player stacks: #1 ""player 19 @ hwP7SzeYai"" (390) | #2 ""player 7 @ O8SRi7DfXR"" (1319) | #5 ""player 35 @ uewFolxPCK"" (4541)",2026-09-11T10:07:58.888Z,178912127888801
"-- starting hand #226 (id: jjjtqxpr83qy)  No Limit Texas Hold'em (dealer: ""player 19 @ hwP7SzeYai"") --",2026-09-11T10:07:58.888Z,178912127888800
"""player 35 @ uewFolxPCK"" shows a J♥.",2026-09-11T10:07:56.760Z,178912127676000
"""player 19 @ hwP7SzeYai"" shows a A♠, Q♦.",2026-09-11T10:07:55.041Z,178912127504100
"""player 35 @ uewFolxPCK"" shows a 10♦.",2026-09-11T10:07:52.996Z,178912127299600
"-- ending hand #225 --",2026-09-11T10:07:51.845Z,178912127184502
"""player 7 @ O8SRi7DfXR"" collected 332 from pot with Pair, 10's (combination: 9♦, Q♣, A♥, 10♣, 10♥)",2026-09-11T10:07:51.845Z,178912127184501
"""player 7 @ O8SRi7DfXR"" shows a 10♣, A♥.",2026-09-11T10:07:51.845Z,178912127184500
"""player 35 @ uewFolxPCK"" checks",2026-09-11T10:07:50.957Z,178912127095700
"""player 7 @ O8SRi7DfXR"" checks",2026-09-11T10:07:49.970Z,178912126997000
"River: 3♥, 2♦, 10♥, 9♦ [Q♣]",2026-09-11T10:07:48.245Z,178912126824500
"""player 35 @ uewFolxPCK"" calls 67",2026-09-11T10:07:47.412Z,178912126741200
"""player 7 @ O8SRi7DfXR"" bets 67",2026-09-11T10:07:46.516Z,178912126651600
"Turn: 3♥, 2♦, 10♥ [9♦]",2026-09-11T10:07:42.642Z,178912126264200
"""player 19 @ hwP7SzeYai"" folds",2026-09-11T10:07:41.769Z,178912126176900
"""player 35 @ uewFolxPCK"" calls 66",2026-09-11T10:07:36.078Z,178912125607800
"""player 7 @ O8SRi7DfXR"" bets 66",2026-09-11T10:07:34.537Z,178912125453700
"""player 19 @ hwP7SzeYai"" checks",2026-09-11T10:07:30.781Z,178912125078100
"Flop:  [3♥, 2♦, 10♥]",2026-09-11T10:07:28.632Z,178912124863200
"""player 7 @ O8SRi7DfXR"" calls 22",2026-09-11T10:07:27.698Z,178912124769800
"""player 19 @ hwP7SzeYai"" calls 22",2026-09-11T10:07:19.166Z,178912123916600
"""player 35 @ uewFolxPCK"" raises to 22",2026-09-11T10:07:17.183Z,178912123718300
"""player 7 @ O8SRi7DfXR"" posts a big blind of 10",2026-09-11T10:07:15.246Z,178912123524606
"""player 19 @ hwP7SzeYai"" posts a small blind of 5",2026-09-11T10:07:15.246Z,178912123524605
"Player stacks: #1 ""player 19 @ hwP7SzeYai"" (412) | #2 ""player 7 @ O8SRi7DfXR"" (1142) | #5 ""player 35 @ uewFolxPCK"" (4696)",2026-09-11T10:07:15.246Z,178912123524601
"-- starting hand #225 (id: j64ulimjbapm)  No Limit Texas Hold'em (dealer: ""player 35 @ uewFolxPCK"") --",2026-09-11T10:07:15.246Z,178912123524600
"""player 19 @ hwP7SzeYai"" shows a Q♣.",2026-09-11T10:07:13.120Z,178912123312000
"""player 35 @ uewFolxPCK"" shows a 10♠.",2026-09-11T10:07:12.536Z,178912123253600
"""player 7 @ O8SRi7DfXR"" shows a 3♠.",2026-09-11T10:07:10.714Z,178912123071400
"-- ending hand #224 --",2026-09-11T10:07:10.225Z,178912123022502
"""player 35 @ uewFolxPCK"" collected 30 from pot",2026-09-11T10:07:10.225Z,178912123022501
"Uncalled bet of 11 returned to ""player 35 @ uewFolxPCK""",2026-09-11T10:07:10.225Z,178912123022500
"""player 7 @ O8SRi7DfXR"" folds",2026-09-11T10:07:09.407Z,178912122940700
"""player 19 @ hwP7SzeYai"" folds",2026-09-11T10:07:07.659Z,178912122765900
"""player 35 @ uewFolxPCK"" bets 11",2026-09-11T10:07:05.799Z,178912122579900
"River: 5♦, 2♠, 3♥, 9♣ [10♥]",2026-09-11T10:07:03.429Z,178912122342900
"""player 7 @ O8SRi7DfXR"" checks",2026-09-11T10:07:02.611Z,178912122261100
"""player 19 @ hwP7SzeYai"" checks",2026-09-11T10:06:56.216Z,178912121621600
"""player 35 @ uewFolxPCK"" checks",2026-09-11T10:06:55.158Z,178912121515800
"Turn: 5♦, 2♠, 3♥ [9♣]",2026-09-11T10:06:54.460Z,178912121446000
"""player 7 @ O8SRi7DfXR"" checks",2026-09-11T10:06:53.650Z,178912121365000
"""player 19 @ hwP7SzeYai"" checks",2026-09-11T10:06:51.094Z,178912121109400
"""player 35 @ uewFolxPCK"" checks",2026-09-11T10:06:50.113Z,178912121011300
"Flop:  [5♦, 2♠, 3♥]",2026-09-11T10:06:36.647Z,178912119664700
"""player 19 @ hwP7SzeYai"" checks",2026-09-11T10:06:35.808Z,178912119580800
"""player 35 @ uewFolxPCK"" calls 10",2026-09-11T10:06:34.402Z,178912119440200
"""player 7 @ O8SRi7DfXR"" calls 10",2026-09-11T10:06:30.695Z,178912119069500
"""player 19 @ hwP7SzeYai"" posts a big blind of 10",2026-09-11T10:06:28.140Z,178912118814006
"""player 35 @ uewFolxPCK"" posts a small blind of 5",2026-09-11T10:06:28.140Z,178912118814005
"Player stacks: #1 ""player 19 @ hwP7SzeYai"" (422) | #2 ""player 7 @ O8SRi7DfXR"" (1152) | #5 ""player 35 @ uewFolxPCK"" (4676)",2026-09-11T10:06:28.140Z,178912118814001
"-- starting hand #224 (id: zi1xgcjleckp)  No Limit Texas Hold'em (dealer: ""player 7 @ O8SRi7DfXR"") --",2026-09-11T10:06:28.140Z,178912118814000
"""player 19 @ hwP7SzeYai"" shows a 10♦, 7♠.",2026-09-11T10:06:25.579Z,178912118557900
"""player 35 @ uewFolxPCK"" shows a 4♦, 7♦.",2026-09-11T10:06:24.437Z,178912118443700
"""player 7 @ O8SRi7DfXR"" shows a 8♣, 8♠.",2026-09-11T10:06:24.279Z,178912118427900
"-- ending hand #223 --",2026-09-11T10:06:23.135Z,178912118313501
"""player 35 @ uewFolxPCK"" collected 768 from pot",2026-09-11T10:06:23.135Z,178912118313500
"""player 7 @ O8SRi7DfXR"" folds",2026-09-11T10:06:22.294Z,178912118229400
"River: 7♥, 10♠, 4♠, A♦ [4♣]",2026-09-11T10:06:19.437Z,178912117943700
"""player 35 @ uewFolxPCK"" calls 256",2026-09-11T10:06:18.630Z,178912117863000
"""player 7 @ O8SRi7DfXR"" raises to 256",2026-09-11T10:06:16.481Z,178912117648100
"""player 35 @ uewFolxPCK"" bets 64",2026-09-11T10:06:00.471Z,178912116047100
"""player 7 @ O8SRi7DfXR"" checks",2026-09-11T10:05:49.904Z,178912114990400
"Turn: 7♥, 10♠, 4♠ [A♦]",2026-09-11T10:05:48.354Z,178912114835400
"""player 7 @ O8SRi7DfXR"" calls 64",2026-09-11T10:05:47.509Z,178912114750900
"""player 35 @ uewFolxPCK"" bets 64",2026-09-11T10:05:38.024Z,178912113802400
"""player 7 @ O8SRi7DfXR"" checks",2026-09-11T10:05:35.552Z,178912113555200
"Flop:  [7♥, 10♠, 4♠]",2026-09-11T10:05:33.742Z,178912113374200
"""player 35 @ uewFolxPCK"" calls 64",2026-09-11T10:05:32.899Z,178912113289900
"""player 7 @ O8SRi7DfXR"" raises to 64",2026-09-11T10:05:30.705Z,178912113070500
"""player 19 @ hwP7SzeYai"" folds",2026-09-11T10:05:20.924Z,178912112092400
"""player 35 @ uewFolxPCK"" posts a big blind of 10",2026-09-11T10:05:17.395Z,178912111739506
"""player 7 @ O8SRi7DfXR"" posts a small blind of 5",2026-09-11T10:05:17.395Z,178912111739505
"Your hand is 4♦, 7♦",2026-09-11T10:05:17.395Z,178912111739504
"Player stacks: #1 ""player 19 @ hwP7SzeYai"" (422) | #2 ""player 7 @ O8SRi7DfXR"" (1536) | #5 ""player 35 @ uewFolxPCK"" (4292)",2026-09-11T10:05:17.395Z,178912111739501
"-- starting hand #223 (id: 2q3hx9ekn0le)  No Limit Texas Hold'em (dealer: ""player 19 @ hwP7SzeYai"") --",2026-09-11T10:05:17.395Z,178912111739500
"""player 35 @ uewFolxPCK"" shows a 5♠, 2♣.",2026-09-11T10:05:14.465Z,178912111446500
"""player 7 @ O8SRi7DfXR"" shows a 3♠, 6♠.",2026-09-11T10:05:13.459Z,178912111345900
"-- ending hand #222 --",2026-09-11T10:05:13.089Z,178912111308902
"""player 35 @ uewFolxPCK"" collected 298 from pot",2026-09-11T10:05:13.089Z,178912111308901
"Uncalled bet of 511 returned to ""player 35 @ uewFolxPCK""",2026-09-11T10:05:13.089Z,178912111308900
"""player 7 @ O8SRi7DfXR"" folds",2026-09-11T10:05:12.225Z,178912111222500
"""player 35 @ uewFolxPCK"" bets 511",2026-09-11T10:04:46.363Z,178912108636300
"""player 7 @ O8SRi7DfXR"" checks",2026-09-11T10:04:34.215Z,178912107421500
"River: 5♣, 2♦, 4♦, 3♦ [5♥]",2026-09-11T10:04:32.009Z,178912107200900
"""player 35 @ uewFolxPCK"" calls 67",2026-09-11T10:04:31.177Z,178912107117700
"""player 7 @ O8SRi7DfXR"" bets 67",2026-09-11T10:04:30.160Z,178912107016000
"Turn: 5♣, 2♦, 4♦ [3♦]",2026-09-11T10:04:20.307Z,178912106030700
"""player 35 @ uewFolxPCK"" calls 67",2026-09-11T10:04:19.483Z,178912105948300
"""player 7 @ O8SRi7DfXR"" raises to 67",2026-09-11T10:04:17.988Z,178912105798800
"""player 19 @ hwP7SzeYai"" folds",2026-09-11T10:04:13.278Z,178912105327800
"""player 35 @ uewFolxPCK"" raises to 22",2026-09-11T10:04:10.519Z,178912105051900
"""player 7 @ O8SRi7DfXR"" bets 10",2026-09-11T10:04:08.819Z,178912104881900
"""player 19 @ hwP7SzeYai"" checks",2026-09-11T10:04:06.976Z,178912104697600
"Flop:  [5♣, 2♦, 4♦]",2026-09-11T10:04:02.848Z,178912104284800
"""player 7 @ O8SRi7DfXR"" checks",2026-09-11T10:04:02.022Z,178912104202200
"""player 19 @ hwP7SzeYai"" calls 10",2026-09-11T10:03:59.633Z,178912103963300
"""player 35 @ uewFolxPCK"" calls 10",2026-09-11T10:03:57.515Z,178912103751500
"""player 7 @ O8SRi7DfXR"" posts a big blind of 10",2026-09-11T10:03:56.544Z,178912103654406
"""player 19 @ hwP7SzeYai"" posts a small blind of 5",2026-09-11T10:03:56.544Z,178912103654405
"Your hand is 5♠, 2♣",2026-09-11T10:03:56.544Z,178912103654404
"Player stacks: #1 ""player 19 @ hwP7SzeYai"" (432) | #2 ""player 7 @ O8SRi7DfXR"" (1680) | #5 ""player 35 @ uewFolxPCK"" (4138)",2026-09-11T10:03:56.544Z,178912103654401
"-- starting hand #222 (id: lp2cjzxmhshn)  No Limit Texas Hold'em (dealer: ""player 35 @ uewFolxPCK"") --",2026-09-11T10:03:56.544Z,178912103654400
"-- ending hand #221 --",2026-09-11T10:03:50.542Z,178912103054202
"""player 19 @ hwP7SzeYai"" collected 164 from pot with Full House, J's over K's (combination: K♦, K♠, J♠, J♣, J♥)",2026-09-11T10:03:50.542Z,178912103054201
"""player 19 @ hwP7SzeYai"" shows a 4♠, K♦.",2026-09-11T10:03:50.542Z,178912103054200
"""player 35 @ uewFolxPCK"" calls 67",2026-09-11T10:03:49.686Z,178912102968600
"""player 7 @ O8SRi7DfXR"" folds",2026-09-11T10:03:40.650Z,178912102065000
"""player 19 @ hwP7SzeYai"" bets 67",2026-09-11T10:03:38.908Z,178912101890800
"""player 35 @ uewFolxPCK"" checks",2026-09-11T10:03:33.594Z,178912101359400
"River: K♠, J♠, J♣, J♥ [2♠]",2026-09-11T10:03:29.887Z,178912100988700
"""player 7 @ O8SRi7DfXR"" checks",2026-09-11T10:03:29.063Z,178912100906300
"""player 19 @ hwP7SzeYai"" checks",2026-09-11T10:03:28.158Z,178912100815800
"""player 35 @ uewFolxPCK"" checks",2026-09-11T10:03:26.316Z,178912100631600
"Turn: K♠, J♠, J♣ [J♥]",2026-09-11T10:03:14.044Z,178912099404400
"""player 7 @ O8SRi7DfXR"" checks",2026-09-11T10:03:13.225Z,178912099322500
"""player 19 @ hwP7SzeYai"" checks",2026-09-11T10:03:11.299Z,178912099129900
"""player 35 @ uewFolxPCK"" checks",2026-09-11T10:03:10.107Z,178912099010700
"Flop:  [K♠, J♠, J♣]",2026-09-11T10:03:08.837Z,178912098883700
"""player 19 @ hwP7SzeYai"" checks",2026-09-11T10:03:07.991Z,178912098799100
"""player 35 @ uewFolxPCK"" calls 10",2026-09-11T10:03:06.167Z,178912098616700
"""player 7 @ O8SRi7DfXR"" calls 10",2026-09-11T10:03:03.542Z,178912098354200
"""player 19 @ hwP7SzeYai"" posts a big blind of 10",2026-09-11T10:03:02.500Z,178912098250006
"""player 35 @ uewFolxPCK"" posts a small blind of 5",2026-09-11T10:03:02.500Z,178912098250005
"Player stacks: #1 ""player 19 @ hwP7SzeYai"" (345) | #2 ""player 7 @ O8SRi7DfXR"" (1690) | #5 ""player 35 @ uewFolxPCK"" (4215)",2026-09-11T10:03:02.500Z,178912098250001
"-- starting hand #221 (id: qjzg7rwcyfto)  No Limit Texas Hold'em (dealer: ""player 7 @ O8SRi7DfXR"") --",2026-09-11T10:03:02.500Z,178912098250000
"Undealt cards:  [Q♠, 7♦, Q♣, A♣, 3♥]",2026-09-11T10:02:57.999Z,178912097799900
"-- ending hand #220 --",2026-09-11T10:02:56.547Z,178912097654702
"""player 35 @ uewFolxPCK"" collected 10 from pot",2026-09-11T10:02:56.547Z,178912097654701
"Uncalled bet of 5 returned to ""player 35 @ uewFolxPCK""",2026-09-11T10:02:56.547Z,178912097654700
"""player 7 @ O8SRi7DfXR"" folds",2026-09-11T10:02:55.696Z,178912097569600
"""player 19 @ hwP7SzeYai"" folds",2026-09-11T10:02:54.778Z,178912097477800
"""player 35 @ uewFolxPCK"" posts a big blind of 10",2026-09-11T10:02:53.080Z,178912097308006
"""player 7 @ O8SRi7DfXR"" posts a small blind of 5",2026-09-11T10:02:53.080Z,178912097308005
"Player stacks: #1 ""player 19 @ hwP7SzeYai"" (345) | #2 ""player 7 @ O8SRi7DfXR"" (1695) | #5 ""player 35 @ uewFolxPCK"" (4210)",2026-09-11T10:02:53.080Z,178912097308001
"-- starting hand #220 (id: qlpejl5k0i3m)  No Limit Texas Hold'em (dealer: ""player 19 @ hwP7SzeYai"") --",2026-09-11T10:02:53.080Z,178912097308000
"-- ending hand #219 --",2026-09-11T10:02:47.067Z,178912096706703
"""player 35 @ uewFolxPCK"" collected 49 from pot with A High (combination: 4♣, 8♥, Q♥, K♦, A♠)",2026-09-11T10:02:47.067Z,178912096706702
"""player 35 @ uewFolxPCK"" shows a A♠, 2♣.",2026-09-11T10:02:47.067Z,178912096706701
"""player 7 @ O8SRi7DfXR"" shows a 5♥, 9♥.",2026-09-11T10:02:47.067Z,178912096706700
"""player 35 @ uewFolxPCK"" checks",2026-09-11T10:02:46.223Z,178912096622300
"""player 7 @ O8SRi7DfXR"" checks",2026-09-11T10:02:45.312Z,178912096531200
"River: 4♣, Q♥, 3♣, K♦ [8♥]",2026-09-11T10:02:43.972Z,178912096397200
"""player 35 @ uewFolxPCK"" checks",2026-09-11T10:02:43.151Z,178912096315100
"""player 7 @ O8SRi7DfXR"" checks",2026-09-11T10:02:42.201Z,178912096220100
"Turn: 4♣, Q♥, 3♣ [K♦]",2026-09-11T10:02:41.267Z,178912096126700
"""player 35 @ uewFolxPCK"" checks",2026-09-11T10:02:40.440Z,178912096044000
"""player 7 @ O8SRi7DfXR"" checks",2026-09-11T10:02:39.458Z,178912095945800
"Flop:  [4♣, Q♥, 3♣]",2026-09-11T10:02:37.938Z,178912095793800
"""player 7 @ O8SRi7DfXR"" calls 22",2026-09-11T10:02:37.114Z,178912095711400
"""player 19 @ hwP7SzeYai"" folds",2026-09-11T10:02:35.908Z,178912095590800
"""player 35 @ uewFolxPCK"" raises to 22",2026-09-11T10:02:34.646Z,178912095464600
"""player 7 @ O8SRi7DfXR"" posts a big blind of 10",2026-09-11T10:02:33.464Z,178912095346406
"""player 19 @ hwP7SzeYai"" posts a small blind of 5",2026-09-11T10:02:33.464Z,178912095346405
"Your hand is A♠, 2♣",2026-09-11T10:02:33.464Z,178912095346404
"Player stacks: #1 ""player 19 @ hwP7SzeYai"" (350) | #2 ""player 7 @ O8SRi7DfXR"" (1717) | #5 ""player 35 @ uewFolxPCK"" (4183)",2026-09-11T10:02:33.464Z,178912095346401
"-- starting hand #219 (id: etye0an84fsk)  No Limit Texas Hold'em (dealer: ""player 35 @ uewFolxPCK"") --",2026-09-11T10:02:33.464Z,178912095346400
"""player 35 @ uewFolxPCK"" shows a J♥, 7♥.",2026-09-11T10:02:31.718Z,178912095171800
"""player 19 @ hwP7SzeYai"" shows a 5♠.",2026-09-11T10:02:29.680Z,178912094968000
"Undealt cards:  [5♦, 8♣, K♠, 10♠, 10♦]",2026-09-11T10:02:26.511Z,178912094651100
"-- ending hand #218 --",2026-09-11T10:02:26.156Z,178912094615602
"""player 35 @ uewFolxPCK"" collected 20 from pot",2026-09-11T10:02:26.156Z,178912094615601
"Uncalled bet of 12 returned to ""player 35 @ uewFolxPCK""",2026-09-11T10:02:26.156Z,178912094615600
"""player 19 @ hwP7SzeYai"" folds",2026-09-11T10:02:25.336Z,178912094533600
"""player 35 @ uewFolxPCK"" raises to 22",2026-09-11T10:02:23.912Z,178912094391200
"""player 7 @ O8SRi7DfXR"" folds",2026-09-11T10:02:21.921Z,178912094192100
"""player 19 @ hwP7SzeYai"" posts a big blind of 10",2026-09-11T10:02:19.586Z,178912093958606
"""player 35 @ uewFolxPCK"" posts a small blind of 5",2026-09-11T10:02:19.586Z,178912093958605
"Your hand is J♥, 7♥",2026-09-11T10:02:19.586Z,178912093958604
"Player stacks: #1 ""player 19 @ hwP7SzeYai"" (360) | #2 ""player 7 @ O8SRi7DfXR"" (1717) | #5 ""player 35 @ uewFolxPCK"" (4173)",2026-09-11T10:02:19.586Z,178912093958601
"-- starting hand #218 (id: ozo2gbx6qbuv)  No Limit Texas Hold'em (dealer: ""player 7 @ O8SRi7DfXR"") --",2026-09-11T10:02:19.586Z,178912093958600
"Undealt cards:  [A♠, 5♣, 2♥, Q♥, 7♦]",2026-09-11T10:02:14.546Z,178912093454600
"-- ending hand #217 --",2026-09-11T10:02:13.651Z,178912093365102
"""player 35 @ uewFolxPCK"" collected 10 from pot",2026-09-11T10:02:13.651Z,178912093365101
"Uncalled bet of 5 returned to ""player 35 @ uewFolxPCK""",2026-09-11T10:02:13.651Z,178912093365100
"""player 7 @ O8SRi7DfXR"" folds",2026-09-11T10:02:12.796Z,178912093279600
"""player 19 @ hwP7SzeYai"" folds",2026-09-11T10:02:11.251Z,178912093125100
"""player 35 @ uewFolxPCK"" posts a big blind of 10",2026-09-11T10:02:00.274Z,178912092027406
"""player 7 @ O8SRi7DfXR"" posts a small blind of 5",2026-09-11T10:02:00.274Z,178912092027405
"Player stacks: #1 ""player 19 @ hwP7SzeYai"" (360) | #2 ""player 7 @ O8SRi7DfXR"" (1722) | #5 ""player 35 @ uewFolxPCK"" (4168)",2026-09-11T10:02:00.274Z,178912092027401
"-- starting hand #217 (id: u7xasqo8qrfu)  No Limit Texas Hold'em (dealer: ""player 19 @ hwP7SzeYai"") --",2026-09-11T10:02:00.274Z,178912092027400
"Undealt cards:  [7♠, 10♦, 2♥, Q♥, A♦]",2026-09-11T10:01:55.766Z,178912091576600
"-- ending hand #216 --",2026-09-11T10:01:54.348Z,178912091434802
"""player 35 @ uewFolxPCK"" collected 25 from pot",2026-09-11T10:01:54.348Z,178912091434801
"Uncalled bet of 12 returned to ""player 35 @ uewFolxPCK""",2026-09-11T10:01:54.348Z,178912091434800
"""player 7 @ O8SRi7DfXR"" folds",2026-09-11T10:01:53.481Z,178912091348100
"""player 19 @ hwP7SzeYai"" folds",2026-09-11T10:01:52.028Z,178912091202800
"""player 35 @ uewFolxPCK"" raises to 22",2026-09-11T10:01:50.719Z,178912091071900
"""player 7 @ O8SRi7DfXR"" posts a big blind of 10",2026-09-11T10:01:48.203Z,178912090820306
"""player 19 @ hwP7SzeYai"" posts a small blind of 5",2026-09-11T10:01:48.203Z,178912090820305
"Player stacks: #1 ""player 19 @ hwP7SzeYai"" (365) | #2 ""player 7 @ O8SRi7DfXR"" (1732) | #5 ""player 35 @ uewFolxPCK"" (4153)",2026-09-11T10:01:48.203Z,178912090820301
"-- starting hand #216 (id: x8z0lepd13rd)  No Limit Texas Hold'em (dealer: ""player 35 @ uewFolxPCK"") --",2026-09-11T10:01:48.203Z,178912090820300
"""player 19 @ hwP7SzeYai"" shows a 8♠, 6♦.",2026-09-11T10:01:45.544Z,178912090554400
"Undealt cards: J♣, 9♠, 6♣ [Q♦, 10♦]",2026-09-11T10:01:41.842Z,178912090184200
"-- ending hand #215 --",2026-09-11T10:01:41.595Z,178912090159502
"""player 7 @ O8SRi7DfXR"" collected 54 from pot",2026-09-11T10:01:41.595Z,178912090159501
"Uncalled bet of 40 returned to ""player 7 @ O8SRi7DfXR""",2026-09-11T10:01:41.595Z,178912090159500
"""player 35 @ uewFolxPCK"" folds",2026-09-11T10:01:40.757Z,178912090075700
"""player 7 @ O8SRi7DfXR"" bets 40",2026-09-11T10:01:39.801Z,178912089980100
"""player 35 @ uewFolxPCK"" checks",2026-09-11T10:01:34.619Z,178912089461900
"Flop:  [J♣, 9♠, 6♣]",2026-09-11T10:01:33.191Z,178912089319100
"""player 19 @ hwP7SzeYai"" folds",2026-09-11T10:01:32.378Z,178912089237800
"""player 35 @ uewFolxPCK"" calls 22",2026-09-11T10:01:30.344Z,178912089034400
"""player 7 @ O8SRi7DfXR"" raises to 22",2026-09-11T10:01:28.930Z,178912088893000
"""player 19 @ hwP7SzeYai"" posts a big blind of 10",2026-09-11T10:01:23.375Z,178912088337506
"""player 35 @ uewFolxPCK"" posts a small blind of 5",2026-09-11T10:01:23.375Z,178912088337505
"Player stacks: #1 ""player 19 @ hwP7SzeYai"" (375) | #2 ""player 7 @ O8SRi7DfXR"" (1700) | #5 ""player 35 @ uewFolxPCK"" (4175)",2026-09-11T10:01:23.375Z,178912088337501
"-- starting hand #215 (id: ldjsxnaptfjz)  No Limit Texas Hold'em (dealer: ""player 7 @ O8SRi7DfXR"") --",2026-09-11T10:01:23.375Z,178912088337500
"-- ending hand #214 --",2026-09-11T10:01:15.368Z,178912087536802
"""player 19 @ hwP7SzeYai"" collected 187 from pot with Pair, 9's on the second run  (combination: 6♣, K♥, A♣, 9♥, 9♣)",2026-09-11T10:01:15.368Z,178912087536801
"""player 19 @ hwP7SzeYai"" collected 188 from pot with Two Pair, A's & K's (combination: 8♣, K♥, K♦, A♣, A♥)",2026-09-11T10:01:15.368Z,178912087536800
"River (second run): 9♥, 5♦, 6♣, 3♣ [9♣]",2026-09-11T10:01:11.321Z,178912087132100
"Turn (second run): 9♥, 5♦, 6♣ [3♣]",2026-09-11T10:01:07.315Z,178912086731500
"Flop (second run):  [9♥, 5♦, 6♣]",2026-09-11T10:01:03.303Z,178912086330300
"River: A♥, K♦, 8♣, 3♠ [3♥]",2026-09-11T10:00:59.262Z,178912085926200
"Turn: A♥, K♦, 8♣ [3♠]",2026-09-11T10:00:55.260Z,178912085526000
"Flop:  [A♥, K♦, 8♣]",2026-09-11T10:00:51.255Z,178912085125500
"""player 19 @ hwP7SzeYai"" shows a A♣, K♥.",2026-09-11T10:00:47.210Z,178912084721000
"""player 35 @ uewFolxPCK"" shows a 8♥, 10♥.",2026-09-11T10:00:46.573Z,178912084657300
"All players in hand choose to run it twice.",2026-09-11T10:00:46.362Z,178912084636201
"""player 19 @ hwP7SzeYai"" chooses to  run it twice.",2026-09-11T10:00:46.362Z,178912084636200
"""player 35 @ uewFolxPCK"" chooses to  run it twice.",2026-09-11T10:00:45.238Z,178912084523800
"Remaining players decide whether to run it twice.",2026-09-11T10:00:44.476Z,178912084447601
"""player 35 @ uewFolxPCK"" calls 185",2026-09-11T10:00:44.476Z,178912084447600
"""player 7 @ O8SRi7DfXR"" folds",2026-09-11T10:00:43.509Z,178912084350900
"""player 19 @ hwP7SzeYai"" raises to 185 and go all in",2026-09-11T10:00:40.861Z,178912084086100
"""player 35 @ uewFolxPCK"" posts a big blind of 10",2026-09-11T10:00:34.990Z,178912083499006
"""player 7 @ O8SRi7DfXR"" posts a small blind of 5",2026-09-11T10:00:34.990Z,178912083499005
"Your hand is 8♥, 10♥",2026-09-11T10:00:34.990Z,178912083499004
"Player stacks: #1 ""player 19 @ hwP7SzeYai"" (185) | #2 ""player 7 @ O8SRi7DfXR"" (1705) | #5 ""player 35 @ uewFolxPCK"" (4360)",2026-09-11T10:00:34.990Z,178912083499001
"-- starting hand #214 (id: e2usr26c04zp)  No Limit Texas Hold'em (dealer: ""player 19 @ hwP7SzeYai"") --",2026-09-11T10:00:34.990Z,178912083499000
"""player 19 @ hwP7SzeYai"" shows a A♥.",2026-09-11T10:00:31.359Z,178912083135900
"-- ending hand #213 --",2026-09-11T10:00:28.386Z,178912082838602
"""player 7 @ O8SRi7DfXR"" collected 120 from pot with Two Pair, K's & Q's (combination: A♣, Q♣, Q♥, K♣, K♦)",2026-09-11T10:00:28.386Z,178912082838601
"""player 7 @ O8SRi7DfXR"" shows a Q♣, 2♣.",2026-09-11T10:00:28.386Z,178912082838600
"""player 35 @ uewFolxPCK"" checks",2026-09-11T10:00:27.573Z,178912082757300
"""player 7 @ O8SRi7DfXR"" checks",2026-09-11T10:00:25.926Z,178912082592600
"River: Q♥, K♣, 6♦, A♣ [K♦]",2026-09-11T10:00:21.452Z,178912082145200
"""player 35 @ uewFolxPCK"" calls 30",2026-09-11T10:00:20.623Z,178912082062300
"""player 7 @ O8SRi7DfXR"" bets 30",2026-09-11T10:00:19.575Z,178912081957500
"Turn: Q♥, K♣, 6♦ [A♣]",2026-09-11T10:00:15.995Z,178912081599500
"""player 19 @ hwP7SzeYai"" folds",2026-09-11T10:00:15.085Z,178912081508500
"""player 35 @ uewFolxPCK"" calls 15",2026-09-11T10:00:14.000Z,178912081400000
"""player 7 @ O8SRi7DfXR"" bets 15",2026-09-11T10:00:11.280Z,178912081128000
"""player 19 @ hwP7SzeYai"" checks",2026-09-11T10:00:08.055Z,178912080805500
"Flop:  [Q♥, K♣, 6♦]",2026-09-11T10:00:04.320Z,178912080432000
"""player 7 @ O8SRi7DfXR"" checks",2026-09-11T10:00:03.465Z,178912080346500
"""player 19 @ hwP7SzeYai"" calls 10",2026-09-11T10:00:02.496Z,178912080249600
"""player 35 @ uewFolxPCK"" calls 10",2026-09-11T09:59:59.699Z,178912079969900
"""player 7 @ O8SRi7DfXR"" posts a big blind of 10",2026-09-11T09:59:58.492Z,178912079849206
"""player 19 @ hwP7SzeYai"" posts a small blind of 5",2026-09-11T09:59:58.492Z,178912079849205
"Player stacks: #1 ""player 19 @ hwP7SzeYai"" (195) | #2 ""player 7 @ O8SRi7DfXR"" (1640) | #5 ""player 35 @ uewFolxPCK"" (4415)",2026-09-11T09:59:58.492Z,178912079849201
"-- starting hand #213 (id: n09cqwvzctm7)  No Limit Texas Hold'em (dealer: ""player 35 @ uewFolxPCK"") --",2026-09-11T09:59:58.492Z,178912079849200
"-- ending hand #212 --",2026-09-11T09:59:50.488Z,178912079048802
"""player 19 @ hwP7SzeYai"" collected 195 from pot with Two Pair, K's & 10's on the second run  (combination: 8♥, 10♦, 10♥, K♥, K♣)",2026-09-11T09:59:50.488Z,178912079048801
"""player 7 @ O8SRi7DfXR"" collected 196 from pot with Two Pair, K's & 8's (combination: 6♥, 8♦, 8♥, K♦, K♣)",2026-09-11T09:59:50.488Z,178912079048800
"River (second run): 5♣, 5♠, 8♥, K♣ [10♥]",2026-09-11T09:59:46.461Z,178912078646100
"River: 5♣, 5♠, 8♥, K♣ [6♥]",2026-09-11T09:59:42.367Z,178912078236700
"""player 7 @ O8SRi7DfXR"" shows a 8♦, K♦.",2026-09-11T09:59:38.340Z,178912077834001
"""player 19 @ hwP7SzeYai"" shows a 10♦, K♥.",2026-09-11T09:59:38.340Z,178912077834000
"All players in hand choose to run it twice.",2026-09-11T09:59:37.471Z,178912077747101
"""player 19 @ hwP7SzeYai"" chooses to  run it twice.",2026-09-11T09:59:37.471Z,178912077747100
"""player 7 @ O8SRi7DfXR"" chooses to  run it twice.",2026-09-11T09:59:36.707Z,178912077670700
"Remaining players decide whether to run it twice.",2026-09-11T09:59:35.745Z,178912077574501
"""player 35 @ uewFolxPCK"" folds",2026-09-11T09:59:35.745Z,178912077574500
"""player 7 @ O8SRi7DfXR"" calls 158",2026-09-11T09:59:34.796Z,178912077479600
"""player 19 @ hwP7SzeYai"" bets 158 and go all in",2026-09-11T09:59:20.784Z,178912076078400
"""player 35 @ uewFolxPCK"" checks",2026-09-11T09:59:17.452Z,178912075745200
"Turn: 5♣, 5♠, 8♥ [K♣]",2026-09-11T09:59:16.837Z,178912075683700
"""player 7 @ O8SRi7DfXR"" checks",2026-09-11T09:59:16.007Z,178912075600700
"""player 19 @ hwP7SzeYai"" checks",2026-09-11T09:59:15.110Z,178912075511000
"""player 35 @ uewFolxPCK"" checks",2026-09-11T09:59:14.104Z,178912075410400
"Flop:  [5♣, 5♠, 8♥]",2026-09-11T09:59:12.999Z,178912075299900
"""player 19 @ hwP7SzeYai"" calls 25",2026-09-11T09:59:12.134Z,178912075213400
"""player 35 @ uewFolxPCK"" calls 25",2026-09-11T09:59:10.925Z,178912075092500
"""player 7 @ O8SRi7DfXR"" raises to 25",2026-09-11T09:59:09.645Z,178912074964500
"""player 19 @ hwP7SzeYai"" posts a big blind of 10",2026-09-11T09:59:04.995Z,178912074499506
"""player 35 @ uewFolxPCK"" posts a small blind of 5",2026-09-11T09:59:04.995Z,178912074499505
"Player stacks: #1 ""player 19 @ hwP7SzeYai"" (183) | #2 ""player 7 @ O8SRi7DfXR"" (1627) | #5 ""player 35 @ uewFolxPCK"" (4440)",2026-09-11T09:59:04.995Z,178912074499501
"-- starting hand #212 (id: ur7ujlonn19e)  No Limit Texas Hold'em (dealer: ""player 7 @ O8SRi7DfXR"") --",2026-09-11T09:59:04.995Z,178912074499500
"-- ending hand #211 --",2026-09-11T09:58:58.957Z,178912073895702
"""player 7 @ O8SRi7DfXR"" collected 20 from pot with Pair, A's (combination: 10♣, J♣, Q♦, A♣, A♦)",2026-09-11T09:58:58.957Z,178912073895701
"""player 7 @ O8SRi7DfXR"" shows a Q♦, 9♠.",2026-09-11T09:58:58.957Z,178912073895700
"""player 35 @ uewFolxPCK"" checks",2026-09-11T09:58:58.090Z,178912073809000
"""player 7 @ O8SRi7DfXR"" checks",2026-09-11T09:58:57.172Z,178912073717200
"River: A♣, 5♥, 10♣, A♦ [J♣]",2026-09-11T09:58:56.066Z,178912073606600
"""player 35 @ uewFolxPCK"" checks",2026-09-11T09:58:55.236Z,178912073523600
"""player 7 @ O8SRi7DfXR"" checks",2026-09-11T09:58:54.333Z,178912073433300
"Turn: A♣, 5♥, 10♣ [A♦]",2026-09-11T09:58:53.155Z,178912073315500
"""player 35 @ uewFolxPCK"" checks",2026-09-11T09:58:52.284Z,178912073228400
"""player 7 @ O8SRi7DfXR"" checks",2026-09-11T09:58:51.397Z,178912073139700
"Flop:  [A♣, 5♥, 10♣]",2026-09-11T09:58:49.556Z,178912072955600
"""player 35 @ uewFolxPCK"" checks",2026-09-11T09:58:48.734Z,178912072873400
"""player 7 @ O8SRi7DfXR"" calls 10",2026-09-11T09:58:47.835Z,178912072783500
"""player 19 @ hwP7SzeYai"" folds",2026-09-11T09:58:46.872Z,178912072687200
"""player 35 @ uewFolxPCK"" posts a big blind of 10",2026-09-11T09:58:45.353Z,178912072535306
"""player 7 @ O8SRi7DfXR"" posts a small blind of 5",2026-09-11T09:58:45.353Z,178912072535305
"Player stacks: #1 ""player 19 @ hwP7SzeYai"" (183) | #2 ""player 7 @ O8SRi7DfXR"" (1617) | #5 ""player 35 @ uewFolxPCK"" (4450)",2026-09-11T09:58:45.353Z,178912072535301
"-- starting hand #211 (id: 9sfmxpzbnq8n)  No Limit Texas Hold'em (dealer: ""player 19 @ hwP7SzeYai"") --",2026-09-11T09:58:45.353Z,178912072535300
"""player 35 @ uewFolxPCK"" shows a 4♦.",2026-09-11T09:58:43.495Z,178912072349500
"""player 7 @ O8SRi7DfXR"" shows a 6♣, 7♦.",2026-09-11T09:58:42.956Z,178912072295600
"-- ending hand #210 --",2026-09-11T09:58:40.998Z,178912072099801
"""player 35 @ uewFolxPCK"" collected 99 from pot",2026-09-11T09:58:40.998Z,178912072099800
"""player 7 @ O8SRi7DfXR"" folds",2026-09-11T09:58:40.144Z,178912072014400
"River: Q♥, 5♣, J♥, A♣ [4♣]",2026-09-11T09:58:38.196Z,178912071819600
"""player 35 @ uewFolxPCK"" checks",2026-09-11T09:58:37.377Z,178912071737700
"""player 7 @ O8SRi7DfXR"" checks",2026-09-11T09:58:35.689Z,178912071568900
"Turn: Q♥, 5♣, J♥ [A♣]",2026-09-11T09:58:34.531Z,178912071453100
"""player 35 @ uewFolxPCK"" checks",2026-09-11T09:58:33.702Z,178912071370200
"""player 7 @ O8SRi7DfXR"" checks",2026-09-11T09:58:32.682Z,178912071268200
"Flop:  [Q♥, 5♣, J♥]",2026-09-11T09:58:31.328Z,178912071132800
"""player 7 @ O8SRi7DfXR"" calls 47",2026-09-11T09:58:30.472Z,178912071047200
"""player 19 @ hwP7SzeYai"" folds",2026-09-11T09:58:28.615Z,178912070861500
"""player 35 @ uewFolxPCK"" raises to 47",2026-09-11T09:58:27.670Z,178912070767000
"""player 7 @ O8SRi7DfXR"" posts a big blind of 10",2026-09-11T09:58:25.725Z,178912070572506
"""player 19 @ hwP7SzeYai"" posts a small blind of 5",2026-09-11T09:58:25.725Z,178912070572505
"Player stacks: #1 ""player 19 @ hwP7SzeYai"" (188) | #2 ""player 7 @ O8SRi7DfXR"" (1664) | #5 ""player 35 @ uewFolxPCK"" (4398)",2026-09-11T09:58:25.725Z,178912070572501
"-- starting hand #210 (id: v7wtzuvayaiv)  No Limit Texas Hold'em (dealer: ""player 35 @ uewFolxPCK"") --",2026-09-11T09:58:25.725Z,178912070572500
"""player 35 @ uewFolxPCK"" shows a K♦.",2026-09-11T09:58:22.508Z,178912070250800
"""player 7 @ O8SRi7DfXR"" shows a 4♠.",2026-09-11T09:58:20.634Z,178912070063400
"""player 19 @ hwP7SzeYai"" shows a K♣.",2026-09-11T09:58:20.527Z,178912070052700
"Undealt cards:  [2♦, 4♦, 3♠, 10♠, K♠]",2026-09-11T09:58:19.602Z,178912069960200
"-- ending hand #209 --",2026-09-11T09:58:17.720Z,178912069772002
"""player 35 @ uewFolxPCK"" collected 30 from pot",2026-09-11T09:58:17.720Z,178912069772001
"Uncalled bet of 20 returned to ""player 35 @ uewFolxPCK""",2026-09-11T09:58:17.720Z,178912069772000
"""player 7 @ O8SRi7DfXR"" folds",2026-09-11T09:58:16.903Z,178912069690300
"""player 19 @ hwP7SzeYai"" folds",2026-09-11T09:58:09.769Z,178912068976900
"""player 35 @ uewFolxPCK"" raises to 30",2026-09-11T09:58:08.494Z,178912068849400
"""player 7 @ O8SRi7DfXR"" calls 10",2026-09-11T09:58:06.190Z,178912068619000
"""player 19 @ hwP7SzeYai"" posts a big blind of 10",2026-09-11T09:58:03.583Z,178912068358306
"""player 35 @ uewFolxPCK"" posts a small blind of 5",2026-09-11T09:58:03.583Z,178912068358305
"Player stacks: #1 ""player 19 @ hwP7SzeYai"" (198) | #2 ""player 7 @ O8SRi7DfXR"" (1674) | #5 ""player 35 @ uewFolxPCK"" (4378)",2026-09-11T09:58:03.583Z,178912068358301
"-- starting hand #209 (id: ndkag7brctju)  No Limit Texas Hold'em (dealer: ""player 7 @ O8SRi7DfXR"") --",2026-09-11T09:58:03.583Z,178912068358300
"Undealt cards:  [K♠, Q♦, K♥, 10♦, 5♠]",2026-09-11T09:57:58.782Z,178912067878200
"-- ending hand #208 --",2026-09-11T09:57:57.657Z,178912067765702
"""player 35 @ uewFolxPCK"" collected 10 from pot",2026-09-11T09:57:57.657Z,178912067765701
"Uncalled bet of 5 returned to ""player 35 @ uewFolxPCK""",2026-09-11T09:57:57.657Z,178912067765700
"""player 7 @ O8SRi7DfXR"" folds",2026-09-11T09:57:56.839Z,178912067683900
"""player 19 @ hwP7SzeYai"" folds",2026-09-11T09:57:55.896Z,178912067589600
"""player 35 @ uewFolxPCK"" posts a big blind of 10",2026-09-11T09:57:54.279Z,178912067427906
"""player 7 @ O8SRi7DfXR"" posts a small blind of 5",2026-09-11T09:57:54.279Z,178912067427905
"Player stacks: #1 ""player 19 @ hwP7SzeYai"" (198) | #2 ""player 7 @ O8SRi7DfXR"" (1679) | #5 ""player 35 @ uewFolxPCK"" (4373)",2026-09-11T09:57:54.279Z,178912067427901
"-- starting hand #208 (id: bogisulssd8w)  No Limit Texas Hold'em (dealer: ""player 19 @ hwP7SzeYai"") --",2026-09-11T09:57:54.279Z,178912067427900
"-- ending hand #207 --",2026-09-11T09:57:48.275Z,178912066827503
"""player 35 @ uewFolxPCK"" collected 25 from pot with Pair, A's (combination: 8♠, 9♥, J♦, A♥, A♣)",2026-09-11T09:57:48.275Z,178912066827502
"""player 35 @ uewFolxPCK"" shows a 8♠, 4♥.",2026-09-11T09:57:48.275Z,178912066827501
"""player 7 @ O8SRi7DfXR"" shows a 5♥, 3♣.",2026-09-11T09:57:48.275Z,178912066827500
"""player 35 @ uewFolxPCK"" checks",2026-09-11T09:57:47.464Z,178912066746400
"""player 7 @ O8SRi7DfXR"" checks",2026-09-11T09:57:46.550Z,178912066655000
"River: 7♠, J♦, A♥, 9♥ [A♣]",2026-09-11T09:57:39.939Z,178912065993900
"""player 35 @ uewFolxPCK"" checks",2026-09-11T09:57:39.102Z,178912065910200
"""player 7 @ O8SRi7DfXR"" checks",2026-09-11T09:57:37.972Z,178912065797200
"Turn: 7♠, J♦, A♥ [9♥]",2026-09-11T09:57:37.262Z,178912065726200
"""player 35 @ uewFolxPCK"" checks",2026-09-11T09:57:36.445Z,178912065644500
"""player 7 @ O8SRi7DfXR"" checks",2026-09-11T09:57:35.552Z,178912065555200
"Flop:  [7♠, J♦, A♥]",2026-09-11T09:57:34.642Z,178912065464200
"""player 7 @ O8SRi7DfXR"" checks",2026-09-11T09:57:33.837Z,178912065383700
"""player 19 @ hwP7SzeYai"" folds",2026-09-11T09:57:32.659Z,178912065265900
"""player 35 @ uewFolxPCK"" calls 10",2026-09-11T09:57:31.447Z,178912065144700
"""player 7 @ O8SRi7DfXR"" posts a big blind of 10",2026-09-11T09:57:29.932Z,178912064993206
"""player 19 @ hwP7SzeYai"" posts a small blind of 5",2026-09-11T09:57:29.932Z,178912064993205
"Your hand is 8♠, 4♥",2026-09-11T09:57:29.932Z,178912064993204
"Player stacks: #1 ""player 19 @ hwP7SzeYai"" (203) | #2 ""player 7 @ O8SRi7DfXR"" (1689) | #5 ""player 35 @ uewFolxPCK"" (4358)",2026-09-11T09:57:29.932Z,178912064993201
"-- starting hand #207 (id: mstgmbzoy399)  No Limit Texas Hold'em (dealer: ""player 35 @ uewFolxPCK"") --",2026-09-11T09:57:29.932Z,178912064993200
"""player 7 @ O8SRi7DfXR"" shows a 10♦.",2026-09-11T09:57:28.630Z,178912064863000
"-- ending hand #206 --",2026-09-11T09:57:23.397Z,178912064339703
"""player 19 @ hwP7SzeYai"" collected 200 from pot with Pair, 4's (combination: 10♣, J♦, K♥, 4♣, 4♦)",2026-09-11T09:57:23.397Z,178912064339702
"""player 19 @ hwP7SzeYai"" shows a 4♣, 4♦.",2026-09-11T09:57:23.397Z,178912064339701
"""player 35 @ uewFolxPCK"" shows a Q♥, 7♦.",2026-09-11T09:57:23.397Z,178912064339700
"""player 19 @ hwP7SzeYai"" checks",2026-09-11T09:57:22.569Z,178912064256900
"""player 35 @ uewFolxPCK"" checks",2026-09-11T09:57:21.315Z,178912064131500
"River: K♥, 6♠, 2♣, 10♣ [J♦]",2026-09-11T09:57:21.146Z,178912064114600
"""player 19 @ hwP7SzeYai"" checks",2026-09-11T09:57:20.332Z,178912064033200
"""player 35 @ uewFolxPCK"" checks",2026-09-11T09:57:19.202Z,178912063920200
"Turn: K♥, 6♠, 2♣ [10♣]",2026-09-11T09:57:18.747Z,178912063874700
"""player 19 @ hwP7SzeYai"" checks",2026-09-11T09:57:17.926Z,178912063792600
"""player 35 @ uewFolxPCK"" checks",2026-09-11T09:57:16.144Z,178912063614400
"Flop:  [K♥, 6♠, 2♣]",2026-09-11T09:57:14.791Z,178912063479100
"""player 19 @ hwP7SzeYai"" calls 100",2026-09-11T09:57:13.955Z,178912063395500
"""player 35 @ uewFolxPCK"" raises to 100",2026-09-11T09:57:12.848Z,178912063284800
"""player 7 @ O8SRi7DfXR"" folds",2026-09-11T09:57:09.261Z,178912062926100
"""player 19 @ hwP7SzeYai"" posts a big blind of 10",2026-09-11T09:57:06.188Z,178912062618806
"""player 35 @ uewFolxPCK"" posts a small blind of 5",2026-09-11T09:57:06.188Z,178912062618805
"Your hand is Q♥, 7♦",2026-09-11T09:57:06.188Z,178912062618804
"Player stacks: #1 ""player 19 @ hwP7SzeYai"" (103) | #2 ""player 7 @ O8SRi7DfXR"" (1689) | #5 ""player 35 @ uewFolxPCK"" (4458)",2026-09-11T09:57:06.188Z,178912062618801
"-- starting hand #206 (id: naoaujs1dbbn)  No Limit Texas Hold'em (dealer: ""player 7 @ O8SRi7DfXR"") --",2026-09-11T09:57:06.188Z,178912062618800
"-- ending hand #205 --",2026-09-11T09:56:58.144Z,178912061814402
"""player 35 @ uewFolxPCK"" collected 102 from pot with Straight, 5 High on the second run  (combination: A♣, 2♥, 3♦, 4♥, 5♣)",2026-09-11T09:56:58.144Z,178912061814401
"""player 19 @ hwP7SzeYai"" collected 103 from pot with Flush, Q High (combination: 2♦, 5♦, 6♦, J♦, Q♦)",2026-09-11T09:56:58.144Z,178912061814400
"River (second run): 3♦, 2♥, 10♦, A♣ [5♣]",2026-09-11T09:56:54.092Z,178912061409200
"Turn (second run): 3♦, 2♥, 10♦ [A♣]",2026-09-11T09:56:50.087Z,178912061008700
"Flop (second run):  [3♦, 2♥, 10♦]",2026-09-11T09:56:46.032Z,178912060603200
"River: 2♦, 6♥, 3♠, 6♦ [5♦]",2026-09-11T09:56:41.986Z,178912060198600
"Turn: 2♦, 6♥, 3♠ [6♦]",2026-09-11T09:56:37.931Z,178912059793100
"Flop:  [2♦, 6♥, 3♠]",2026-09-11T09:56:33.924Z,178912059392400
"""player 19 @ hwP7SzeYai"" shows a J♦, Q♦.",2026-09-11T09:56:29.848Z,178912058984800
"""player 35 @ uewFolxPCK"" shows a J♣, 4♥.",2026-09-11T09:56:29.534Z,178912058953400
"All players in hand choose to run it twice.",2026-09-11T09:56:29.009Z,178912058900901
"""player 19 @ hwP7SzeYai"" chooses to  run it twice.",2026-09-11T09:56:29.009Z,178912058900900
"""player 35 @ uewFolxPCK"" chooses to  run it twice.",2026-09-11T09:56:28.454Z,178912058845400
"Remaining players decide whether to run it twice.",2026-09-11T09:56:27.613Z,178912058761301
"""player 35 @ uewFolxPCK"" calls 100",2026-09-11T09:56:27.613Z,178912058761300
"""player 7 @ O8SRi7DfXR"" folds",2026-09-11T09:56:26.686Z,178912058668600
"""player 19 @ hwP7SzeYai"" raises to 100 and go all in",2026-09-11T09:56:22.405Z,178912058240500
"""player 35 @ uewFolxPCK"" posts a big blind of 10",2026-09-11T09:56:18.948Z,178912057894806
"""player 7 @ O8SRi7DfXR"" posts a small blind of 5",2026-09-11T09:56:18.948Z,178912057894805
"Your hand is J♣, 4♥",2026-09-11T09:56:18.948Z,178912057894804
"Player stacks: #1 ""player 19 @ hwP7SzeYai"" (100) | #2 ""player 7 @ O8SRi7DfXR"" (1694) | #5 ""player 35 @ uewFolxPCK"" (4456)",2026-09-11T09:56:18.948Z,178912057894801
"-- starting hand #205 (id: mz2onpeqsgul)  No Limit Texas Hold'em (dealer: ""player 19 @ hwP7SzeYai"") --",2026-09-11T09:56:18.948Z,178912057894800
"-- ending hand #204 --",2026-09-11T09:56:12.883Z,178912057288303
"""player 35 @ uewFolxPCK"" collected 1451 from pot with Two Pair, K's & 5's (combination: Q♣, 5♥, 5♦, K♠, K♥)",2026-09-11T09:56:12.883Z,178912057288302
"""player 35 @ uewFolxPCK"" shows a 5♥, K♠.",2026-09-11T09:56:12.883Z,178912057288301
"""player 7 @ O8SRi7DfXR"" shows a Q♦, 3♦.",2026-09-11T09:56:12.883Z,178912057288300
"""player 35 @ uewFolxPCK"" calls 657",2026-09-11T09:56:12.065Z,178912057206500
"""player 7 @ O8SRi7DfXR"" raises to 657",2026-09-11T09:56:10.504Z,178912057050400
"""player 35 @ uewFolxPCK"" bets 222",2026-09-11T09:55:54.158Z,178912055415800
"""player 7 @ O8SRi7DfXR"" checks",2026-09-11T09:55:50.698Z,178912055069800
"River: Q♣, K♥, 3♠, 6♥ [5♦]",2026-09-11T09:55:48.632Z,178912054863200
"""player 7 @ O8SRi7DfXR"" calls 22",2026-09-11T09:55:47.793Z,178912054779300
"""player 35 @ uewFolxPCK"" bets 22",2026-09-11T09:55:46.476Z,178912054647600
"""player 7 @ O8SRi7DfXR"" checks",2026-09-11T09:55:45.016Z,178912054501600
"Turn: Q♣, K♥, 3♠ [6♥]",2026-09-11T09:55:43.345Z,178912054334500
"""player 7 @ O8SRi7DfXR"" calls 22",2026-09-11T09:55:42.519Z,178912054251900
"""player 35 @ uewFolxPCK"" bets 22",2026-09-11T09:55:41.506Z,178912054150600
"""player 7 @ O8SRi7DfXR"" checks",2026-09-11T09:55:39.707Z,178912053970700
"Flop:  [Q♣, K♥, 3♠]",2026-09-11T09:55:37.742Z,178912053774200
"""player 7 @ O8SRi7DfXR"" calls 22",2026-09-11T09:55:36.906Z,178912053690600
"""player 19 @ hwP7SzeYai"" folds",2026-09-11T09:55:36.017Z,178912053601700
"""player 35 @ uewFolxPCK"" raises to 22",2026-09-11T09:55:30.290Z,178912053029000
"""player 7 @ O8SRi7DfXR"" posts a big blind of 10",2026-09-11T09:55:27.684Z,178912052768406
"""player 19 @ hwP7SzeYai"" posts a small blind of 5",2026-09-11T09:55:27.684Z,178912052768405
"Your hand is 5♥, K♠",2026-09-11T09:55:27.684Z,178912052768404
"Player stacks: #1 ""player 19 @ hwP7SzeYai"" (105) | #2 ""player 7 @ O8SRi7DfXR"" (2417) | #5 ""player 35 @ uewFolxPCK"" (3728)",2026-09-11T09:55:27.684Z,178912052768401
"-- starting hand #204 (id: whigr2hi27jw)  No Limit Texas Hold'em (dealer: ""player 35 @ uewFolxPCK"") --",2026-09-11T09:55:27.684Z,178912052768400
"""player 35 @ uewFolxPCK"" shows a 4♦, Q♦.",2026-09-11T09:55:24.799Z,178912052479900
"""player 7 @ O8SRi7DfXR"" shows a Q♣, A♥.",2026-09-11T09:55:23.587Z,178912052358700
"-- ending hand #203 --",2026-09-11T09:55:23.334Z,178912052333402
"""player 35 @ uewFolxPCK"" collected 346 from pot",2026-09-11T09:55:23.334Z,178912052333401
"Uncalled bet of 222 returned to ""player 35 @ uewFolxPCK""",2026-09-11T09:55:23.334Z,178912052333400
"""player 7 @ O8SRi7DfXR"" folds",2026-09-11T09:55:22.486Z,178912052248600
"""player 35 @ uewFolxPCK"" bets 222",2026-09-11T09:55:20.880Z,178912052088000
"River: 3♦, 9♦, Q♥, 9♥ [2♦]",2026-09-11T09:55:13.869Z,178912051386900
"""player 35 @ uewFolxPCK"" calls 67",2026-09-11T09:55:13.061Z,178912051306100
"""player 7 @ O8SRi7DfXR"" bets 67",2026-09-11T09:55:12.147Z,178912051214700
"""player 35 @ uewFolxPCK"" checks",2026-09-11T09:55:07.976Z,178912050797600
"Turn: 3♦, 9♦, Q♥ [9♥]",2026-09-11T09:55:06.570Z,178912050657000
"""player 35 @ uewFolxPCK"" calls 56",2026-09-11T09:55:05.722Z,178912050572200
"""player 7 @ O8SRi7DfXR"" bets 56",2026-09-11T09:55:03.762Z,178912050376200
"""player 35 @ uewFolxPCK"" checks",2026-09-11T09:55:00.877Z,178912050087700
"Flop:  [3♦, 9♦, Q♥]",2026-09-11T09:54:58.706Z,178912049870600
"""player 19 @ hwP7SzeYai"" folds",2026-09-11T09:54:57.891Z,178912049789100
"""player 35 @ uewFolxPCK"" calls 45",2026-09-11T09:54:52.231Z,178912049223100
"""player 7 @ O8SRi7DfXR"" raises to 45",2026-09-11T09:54:37.750Z,178912047775000
"""player 19 @ hwP7SzeYai"" posts a big blind of 10",2026-09-11T09:54:34.875Z,178912047487506
"""player 35 @ uewFolxPCK"" posts a small blind of 5",2026-09-11T09:54:34.875Z,178912047487505
"Your hand is 4♦, Q♦",2026-09-11T09:54:34.875Z,178912047487504
"Player stacks: #1 ""player 19 @ hwP7SzeYai"" (115) | #2 ""player 7 @ O8SRi7DfXR"" (2585) | #5 ""player 35 @ uewFolxPCK"" (3550)",2026-09-11T09:54:34.875Z,178912047487501
"-- starting hand #203 (id: qq9cc3wqctik)  No Limit Texas Hold'em (dealer: ""player 7 @ O8SRi7DfXR"") --",2026-09-11T09:54:34.875Z,178912047487500
"-- ending hand #202 --",2026-09-11T09:54:28.842Z,178912046884202
"""player 7 @ O8SRi7DfXR"" collected 30 from pot with Pair, 3's (combination: 9♣, J♠, Q♠, 3♠, 3♦)",2026-09-11T09:54:28.842Z,178912046884201
"""player 7 @ O8SRi7DfXR"" shows a 7♥, J♠.",2026-09-11T09:54:28.842Z,178912046884200
"""player 19 @ hwP7SzeYai"" folds",2026-09-11T09:54:27.935Z,178912046793500
"""player 35 @ uewFolxPCK"" checks",2026-09-11T09:54:26.973Z,178912046697300
"""player 7 @ O8SRi7DfXR"" checks",2026-09-11T09:54:07.453Z,178912044745300
"River: 3♠, 4♣, 3♦, 9♣ [Q♠]",2026-09-11T09:54:03.035Z,178912044303500
"""player 19 @ hwP7SzeYai"" checks",2026-09-11T09:54:02.197Z,178912044219700
"""player 35 @ uewFolxPCK"" checks",2026-09-11T09:54:01.139Z,178912044113900
"""player 7 @ O8SRi7DfXR"" checks",2026-09-11T09:53:35.352Z,178912041535200
"Turn: 3♠, 4♣, 3♦ [9♣]",2026-09-11T09:53:27.339Z,178912040733900
"""player 19 @ hwP7SzeYai"" checks",2026-09-11T09:53:26.529Z,178912040652900
"""player 35 @ uewFolxPCK"" checks",2026-09-11T09:53:25.572Z,178912040557200
"""player 7 @ O8SRi7DfXR"" checks",2026-09-11T09:53:14.772Z,178912039477200
"Flop:  [3♠, 4♣, 3♦]",2026-09-11T09:53:11.703Z,178912039170300
"""player 35 @ uewFolxPCK"" checks",2026-09-11T09:53:10.852Z,178912039085200
"""player 7 @ O8SRi7DfXR"" calls 10",2026-09-11T09:53:09.191Z,178912038919100
"""player 19 @ hwP7SzeYai"" calls 10",2026-09-11T09:53:06.382Z,178912038638200
"""player 35 @ uewFolxPCK"" posts a big blind of 10",2026-09-11T09:53:04.213Z,178912038421306
"""player 7 @ O8SRi7DfXR"" posts a small blind of 5",2026-09-11T09:53:04.213Z,178912038421305
"Player stacks: #1 ""player 19 @ hwP7SzeYai"" (125) | #2 ""player 7 @ O8SRi7DfXR"" (2565) | #5 ""player 35 @ uewFolxPCK"" (3560)",2026-09-11T09:53:04.213Z,178912038421301
"-- starting hand #202 (id: 3f8fxzuloqsh)  No Limit Texas Hold'em (dealer: ""player 19 @ hwP7SzeYai"") --",2026-09-11T09:53:04.213Z,178912038421300
"""player 19 @ hwP7SzeYai"" shows a 9♥.",2026-09-11T09:52:59.769Z,178912037976900
"""player 35 @ uewFolxPCK"" shows a A♠.",2026-09-11T09:52:58.482Z,178912037848200
"""player 7 @ O8SRi7DfXR"" shows a 2♣, K♣.",2026-09-11T09:52:56.511Z,178912037651100
"Undealt cards:  [9♠, 7♥, 3♠, Q♠, 10♠]",2026-09-11T09:52:56.367Z,178912037636700
"-- ending hand #201 --",2026-09-11T09:52:56.167Z,178912037616702
"""player 35 @ uewFolxPCK"" collected 25 from pot",2026-09-11T09:52:56.167Z,178912037616701
"Uncalled bet of 20 returned to ""player 35 @ uewFolxPCK""",2026-09-11T09:52:56.167Z,178912037616700
"""player 7 @ O8SRi7DfXR"" folds",2026-09-11T09:52:55.344Z,178912037534400
"""player 19 @ hwP7SzeYai"" folds",2026-09-11T09:52:53.823Z,178912037382300
"""player 35 @ uewFolxPCK"" raises to 30",2026-09-11T09:52:52.100Z,178912037210000
"""player 7 @ O8SRi7DfXR"" posts a big blind of 10",2026-09-11T09:52:50.791Z,178912037079106
"""player 19 @ hwP7SzeYai"" posts a small blind of 5",2026-09-11T09:52:50.791Z,178912037079105
"Player stacks: #1 ""player 19 @ hwP7SzeYai"" (130) | #2 ""player 7 @ O8SRi7DfXR"" (2575) | #5 ""player 35 @ uewFolxPCK"" (3545)",2026-09-11T09:52:50.791Z,178912037079101
"-- starting hand #201 (id: 9yuw0zx2hw1r)  No Limit Texas Hold'em (dealer: ""player 35 @ uewFolxPCK"") --",2026-09-11T09:52:50.791Z,178912037079100
"""player 7 @ O8SRi7DfXR"" shows a 9♥, J♥.",2026-09-11T09:52:48.460Z,178912036846000
"-- ending hand #200 --",2026-09-11T09:52:47.160Z,178912036716001
"""player 7 @ O8SRi7DfXR"" collected 150 from pot",2026-09-11T09:52:47.160Z,178912036716000
"""player 35 @ uewFolxPCK"" folds",2026-09-11T09:52:46.288Z,178912036628800
"River: 8♦, 3♦, J♦, J♣ [K♣]",2026-09-11T09:52:44.152Z,178912036415200
"""player 35 @ uewFolxPCK"" calls 45",2026-09-11T09:52:43.344Z,178912036334400
"""player 7 @ O8SRi7DfXR"" bets 45",2026-09-11T09:52:42.453Z,178912036245300
"""player 19 @ hwP7SzeYai"" folds",2026-09-11T09:52:35.891Z,178912035589100
"""player 35 @ uewFolxPCK"" checks",2026-09-11T09:52:34.560Z,178912035456000
"Turn: 8♦, 3♦, J♦ [J♣]",2026-09-11T09:52:34.146Z,178912035414600
"""player 7 @ O8SRi7DfXR"" checks",2026-09-11T09:52:33.268Z,178912035326800
"""player 19 @ hwP7SzeYai"" checks",2026-09-11T09:52:31.581Z,178912035158100
"""player 35 @ uewFolxPCK"" checks",2026-09-11T09:52:24.773Z,178912034477300
"Flop:  [8♦, 3♦, J♦]",2026-09-11T09:52:15.805Z,178912033580500
"""player 19 @ hwP7SzeYai"" calls 20",2026-09-11T09:52:14.930Z,178912033493000
"""player 35 @ uewFolxPCK"" calls 20",2026-09-11T09:52:12.673Z,178912033267300
"""player 7 @ O8SRi7DfXR"" raises to 20",2026-09-11T09:51:58.661Z,178912031866100
"""player 19 @ hwP7SzeYai"" posts a big blind of 10",2026-09-11T09:51:54.288Z,178912031428806
"""player 35 @ uewFolxPCK"" posts a small blind of 5",2026-09-11T09:51:54.288Z,178912031428805
"Player stacks: #1 ""player 19 @ hwP7SzeYai"" (150) | #2 ""player 7 @ O8SRi7DfXR"" (2490) | #5 ""player 35 @ uewFolxPCK"" (3610)",2026-09-11T09:51:54.288Z,178912031428801
"-- starting hand #200 (id: edw5mwqvtq9s)  No Limit Texas Hold'em (dealer: ""player 7 @ O8SRi7DfXR"") --",2026-09-11T09:51:54.288Z,178912031428800
"""player 35 @ uewFolxPCK"" shows a 9♣, K♠.",2026-09-11T09:51:51.080Z,178912031108000
"""player 7 @ O8SRi7DfXR"" shows a 7♥, A♦.",2026-09-11T09:51:50.644Z,178912031064400
"-- ending hand #199 --",2026-09-11T09:51:49.981Z,178912030998102
"""player 35 @ uewFolxPCK"" collected 42 from pot",2026-09-11T09:51:49.981Z,178912030998101
"Uncalled bet of 11 returned to ""player 35 @ uewFolxPCK""",2026-09-11T09:51:49.981Z,178912030998100
"""player 7 @ O8SRi7DfXR"" folds",2026-09-11T09:51:49.086Z,178912030908600
"""player 35 @ uewFolxPCK"" bets 11",2026-09-11T09:51:44.087Z,178912030408700
"""player 7 @ O8SRi7DfXR"" checks",2026-09-11T09:51:40.388Z,178912030038800
"River: 8♦, 4♣, 5♥, K♣ [9♠]",2026-09-11T09:51:39.175Z,178912029917500
"""player 7 @ O8SRi7DfXR"" calls 11",2026-09-11T09:51:38.348Z,178912029834800
"""player 35 @ uewFolxPCK"" bets 11",2026-09-11T09:51:37.293Z,178912029729300
"""player 7 @ O8SRi7DfXR"" checks",2026-09-11T09:51:35.273Z,178912029527300
"Turn: 8♦, 4♣, 5♥ [K♣]",2026-09-11T09:51:34.029Z,178912029402900
"""player 35 @ uewFolxPCK"" checks",2026-09-11T09:51:33.171Z,178912029317100
"""player 7 @ O8SRi7DfXR"" checks",2026-09-11T09:51:31.742Z,178912029174200
"Flop:  [8♦, 4♣, 5♥]",2026-09-11T09:51:29.832Z,178912028983200
"""player 35 @ uewFolxPCK"" checks",2026-09-11T09:51:29.017Z,178912028901700
"""player 7 @ O8SRi7DfXR"" calls 10",2026-09-11T09:51:21.342Z,178912028134200
"""player 19 @ hwP7SzeYai"" folds",2026-09-11T09:51:17.964Z,178912027796400
"""player 35 @ uewFolxPCK"" posts a big blind of 10",2026-09-11T09:51:16.381Z,178912027638106
"""player 7 @ O8SRi7DfXR"" posts a small blind of 5",2026-09-11T09:51:16.381Z,178912027638105
"Your hand is 9♣, K♠",2026-09-11T09:51:16.381Z,178912027638104
"Player stacks: #1 ""player 19 @ hwP7SzeYai"" (150) | #2 ""player 7 @ O8SRi7DfXR"" (2511) | #5 ""player 35 @ uewFolxPCK"" (3589)",2026-09-11T09:51:16.381Z,178912027638101
"-- starting hand #199 (id: qurcgyrpcekf)  No Limit Texas Hold'em (dealer: ""player 19 @ hwP7SzeYai"") --",2026-09-11T09:51:16.381Z,178912027638100
"-- ending hand #198 --",2026-09-11T09:51:10.377Z,178912027037702
"""player 7 @ O8SRi7DfXR"" collected 190 from pot with Pair, Q's (combination: 5♠, 9♥, J♦, Q♥, Q♠)",2026-09-11T09:51:10.377Z,178912027037701
"""player 7 @ O8SRi7DfXR"" shows a Q♥, 4♥.",2026-09-11T09:51:10.377Z,178912027037700
"""player 35 @ uewFolxPCK"" calls 35",2026-09-11T09:51:09.551Z,178912026955100
"""player 7 @ O8SRi7DfXR"" bets 35",2026-09-11T09:51:02.343Z,178912026234300
"River: 5♠, 3♥, Q♠, J♦ [9♥]",2026-09-11T09:50:53.258Z,178912025325800
"""player 35 @ uewFolxPCK"" calls 30",2026-09-11T09:50:52.418Z,178912025241800
"""player 7 @ O8SRi7DfXR"" bets 30",2026-09-11T09:50:49.748Z,178912024974800
"Turn: 5♠, 3♥, Q♠ [J♦]",2026-09-11T09:50:43.699Z,178912024369900
"""player 19 @ hwP7SzeYai"" folds",2026-09-11T09:50:42.889Z,178912024288900
"""player 35 @ uewFolxPCK"" calls 15",2026-09-11T09:50:40.972Z,178912024097200
"""player 7 @ O8SRi7DfXR"" bets 15",2026-09-11T09:50:38.875Z,178912023887500
"""player 19 @ hwP7SzeYai"" checks",2026-09-11T09:50:33.361Z,178912023336100
"Flop:  [5♠, 3♥, Q♠]",2026-09-11T09:50:31.494Z,178912023149400
"""player 7 @ O8SRi7DfXR"" checks",2026-09-11T09:50:30.679Z,178912023067900
"""player 19 @ hwP7SzeYai"" calls 10",2026-09-11T09:50:26.939Z,178912022693900
"""player 35 @ uewFolxPCK"" calls 10",2026-09-11T09:50:24.339Z,178912022433900
"""player 7 @ O8SRi7DfXR"" posts a big blind of 10",2026-09-11T09:50:15.532Z,178912021553206
"""player 19 @ hwP7SzeYai"" posts a small blind of 5",2026-09-11T09:50:15.532Z,178912021553205
"Player stacks: #1 ""player 19 @ hwP7SzeYai"" (160) | #2 ""player 7 @ O8SRi7DfXR"" (2411) | #5 ""player 35 @ uewFolxPCK"" (3679)",2026-09-11T09:50:15.532Z,178912021553201
"-- starting hand #198 (id: ftoupfffvuom)  No Limit Texas Hold'em (dealer: ""player 35 @ uewFolxPCK"") --",2026-09-11T09:50:15.532Z,178912021553200
"-- ending hand #197 --",2026-09-11T09:50:09.530Z,178912020953002
"""player 35 @ uewFolxPCK"" collected 30 from pot with Pair, Q's (combination: 5♠, 7♦, K♦, Q♥, Q♣)",2026-09-11T09:50:09.530Z,178912020953001
"""player 35 @ uewFolxPCK"" shows a 7♦, K♦.",2026-09-11T09:50:09.530Z,178912020953000
"""player 7 @ O8SRi7DfXR"" checks",2026-09-11T09:50:08.723Z,178912020872300
"""player 19 @ hwP7SzeYai"" folds",2026-09-11T09:50:06.990Z,178912020699000
"""player 35 @ uewFolxPCK"" checks",2026-09-11T09:50:06.045Z,178912020604500
"River: 2♥, 5♠, Q♥, Q♣ [4♦]",2026-09-11T09:50:04.892Z,178912020489200
"""player 7 @ O8SRi7DfXR"" checks",2026-09-11T09:50:04.089Z,178912020408900
"""player 19 @ hwP7SzeYai"" checks",2026-09-11T09:50:03.166Z,178912020316600
"""player 35 @ uewFolxPCK"" checks",2026-09-11T09:50:02.215Z,178912020221500
"Turn: 2♥, 5♠, Q♥ [Q♣]",2026-09-11T09:49:57.040Z,178912019704000
"""player 7 @ O8SRi7DfXR"" checks",2026-09-11T09:49:56.234Z,178912019623400
"""player 19 @ hwP7SzeYai"" checks",2026-09-11T09:49:55.302Z,178912019530200
"""player 35 @ uewFolxPCK"" checks",2026-09-11T09:49:54.277Z,178912019427700
"Flop:  [2♥, 5♠, Q♥]",2026-09-11T09:49:49.048Z,178912018904800
"""player 19 @ hwP7SzeYai"" checks",2026-09-11T09:49:48.240Z,178912018824000
"""player 35 @ uewFolxPCK"" calls 10",2026-09-11T09:49:46.471Z,178912018647100
"""player 7 @ O8SRi7DfXR"" calls 10",2026-09-11T09:49:39.816Z,178912017981600
"""player 19 @ hwP7SzeYai"" posts a big blind of 10",2026-09-11T09:49:37.974Z,178912017797406
"""player 35 @ uewFolxPCK"" posts a small blind of 5",2026-09-11T09:49:37.974Z,178912017797405
"Your hand is 7♦, K♦",2026-09-11T09:49:37.974Z,178912017797404
"Player stacks: #1 ""player 19 @ hwP7SzeYai"" (170) | #2 ""player 7 @ O8SRi7DfXR"" (2421) | #5 ""player 35 @ uewFolxPCK"" (3659)",2026-09-11T09:49:37.974Z,178912017797401
"-- starting hand #197 (id: 5mvk7bojyjge)  No Limit Texas Hold'em (dealer: ""player 7 @ O8SRi7DfXR"") --",2026-09-11T09:49:37.974Z,178912017797400
"""player 7 @ O8SRi7DfXR"" shows a K♦.",2026-09-11T09:49:36.406Z,178912017640600
"-- ending hand #196 --",2026-09-11T09:49:34.297Z,178912017429702
"""player 7 @ O8SRi7DfXR"" collected 60 from pot",2026-09-11T09:49:34.297Z,178912017429701
"Uncalled bet of 15 returned to ""player 7 @ O8SRi7DfXR""",2026-09-11T09:49:34.297Z,178912017429700
"""player 35 @ uewFolxPCK"" folds",2026-09-11T09:49:33.465Z,178912017346500
"""player 7 @ O8SRi7DfXR"" bets 15",2026-09-11T09:49:30.016Z,178912017001600
"River: 4♠, A♦, K♣, 10♠ [8♣]",2026-09-11T09:49:23.355Z,178912016335500
"""player 19 @ hwP7SzeYai"" folds",2026-09-11T09:49:22.530Z,178912016253000
"""player 35 @ uewFolxPCK"" calls 15",2026-09-11T09:49:21.603Z,178912016160300
"""player 7 @ O8SRi7DfXR"" bets 15",2026-09-11T09:49:18.202Z,178912015820200
"Turn: 4♠, A♦, K♣ [10♠]",2026-09-11T09:49:15.636Z,178912015563600
"""player 19 @ hwP7SzeYai"" checks",2026-09-11T09:49:14.824Z,178912015482400
"""player 35 @ uewFolxPCK"" checks",2026-09-11T09:49:13.908Z,178912015390800
"""player 7 @ O8SRi7DfXR"" checks",2026-09-11T09:49:06.053Z,178912014605300
"Flop:  [4♠, A♦, K♣]",2026-09-11T09:49:00.705Z,178912014070500
"""player 35 @ uewFolxPCK"" checks",2026-09-11T09:48:59.891Z,178912013989100
"""player 7 @ O8SRi7DfXR"" calls 10",2026-09-11T09:48:56.712Z,178912013671200
"""player 19 @ hwP7SzeYai"" calls 10",2026-09-11T09:48:52.003Z,178912013200300
"""player 35 @ uewFolxPCK"" posts a big blind of 10",2026-09-11T09:48:50.259Z,178912013025906
"""player 7 @ O8SRi7DfXR"" posts a small blind of 5",2026-09-11T09:48:50.259Z,178912013025905
"Player stacks: #1 ""player 19 @ hwP7SzeYai"" (180) | #2 ""player 7 @ O8SRi7DfXR"" (2386) | #5 ""player 35 @ uewFolxPCK"" (3684)",2026-09-11T09:48:50.259Z,178912013025901
"-- starting hand #196 (id: nbwpbihunber)  No Limit Texas Hold'em (dealer: ""player 19 @ hwP7SzeYai"") --",2026-09-11T09:48:50.259Z,178912013025900
"""player 19 @ hwP7SzeYai"" shows a J♠.",2026-09-11T09:48:46.030Z,178912012603000
"-- ending hand #195 --",2026-09-11T09:48:43.696Z,178912012369603
"""player 35 @ uewFolxPCK"" collected 65 from pot with A High (combination: 7♦, 10♥, J♥, Q♥, A♦)",2026-09-11T09:48:43.696Z,178912012369602
"""player 35 @ uewFolxPCK"" shows a A♦, 7♦.",2026-09-11T09:48:43.696Z,178912012369601
"""player 7 @ O8SRi7DfXR"" shows a 9♦, 4♣.",2026-09-11T09:48:43.696Z,178912012369600
"""player 35 @ uewFolxPCK"" checks",2026-09-11T09:48:42.875Z,178912012287500
"""player 7 @ O8SRi7DfXR"" checks",2026-09-11T09:48:41.337Z,178912012133700
"River: 2♠, 3♦, J♥, Q♥ [10♥]",2026-09-11T09:48:30.845Z,178912011084500
"""player 35 @ uewFolxPCK"" checks",2026-09-11T09:48:29.985Z,178912010998500
"""player 7 @ O8SRi7DfXR"" checks",2026-09-11T09:48:21.807Z,178912010180700
"Turn: 2♠, 3♦, J♥ [Q♥]",2026-09-11T09:48:20.290Z,178912010029000
"""player 35 @ uewFolxPCK"" checks",2026-09-11T09:48:19.475Z,178912009947500
"""player 7 @ O8SRi7DfXR"" checks",2026-09-11T09:48:11.952Z,178912009195200
"Flop:  [2♠, 3♦, J♥]",2026-09-11T09:48:10.025Z,178912009002500
"""player 7 @ O8SRi7DfXR"" calls 30",2026-09-11T09:48:09.125Z,178912008912500
"""player 19 @ hwP7SzeYai"" folds",2026-09-11T09:48:07.668Z,178912008766800
"""player 35 @ uewFolxPCK"" raises to 30",2026-09-11T09:48:06.635Z,178912008663500
"""player 7 @ O8SRi7DfXR"" posts a big blind of 10",2026-09-11T09:48:02.673Z,178912008267306
"""player 19 @ hwP7SzeYai"" posts a small blind of 5",2026-09-11T09:48:02.673Z,178912008267305
"Your hand is A♦, 7♦",2026-09-11T09:48:02.673Z,178912008267304
"Player stacks: #1 ""player 19 @ hwP7SzeYai"" (185) | #2 ""player 7 @ O8SRi7DfXR"" (2416) | #5 ""player 35 @ uewFolxPCK"" (3649)",2026-09-11T09:48:02.673Z,178912008267301
"-- starting hand #195 (id: tre6dairtfcu)  No Limit Texas Hold'em (dealer: ""player 35 @ uewFolxPCK"") --",2026-09-11T09:48:02.673Z,178912008267300
"-- ending hand #194 --",2026-09-11T09:47:56.632Z,178912007663202
"""player 35 @ uewFolxPCK"" collected 50 from pot with Pair, 8's (combination: 7♥, J♦, Q♣, 8♦, 8♥)",2026-09-11T09:47:56.632Z,178912007663201
"""player 35 @ uewFolxPCK"" shows a 8♦, 6♦.",2026-09-11T09:47:56.632Z,178912007663200
"""player 7 @ O8SRi7DfXR"" calls 10",2026-09-11T09:47:55.813Z,178912007581300
"""player 19 @ hwP7SzeYai"" folds",2026-09-11T09:47:54.822Z,178912007482200
"""player 35 @ uewFolxPCK"" bets 10",2026-09-11T09:47:51.321Z,178912007132100
"River: 2♦, 7♥, Q♣, J♦ [8♥]",2026-09-11T09:47:50.233Z,178912007023300
"""player 7 @ O8SRi7DfXR"" checks",2026-09-11T09:47:49.416Z,178912006941600
"""player 19 @ hwP7SzeYai"" checks",2026-09-11T09:47:47.676Z,178912006767600
"""player 35 @ uewFolxPCK"" checks",2026-09-11T09:47:46.685Z,178912006668500
"Turn: 2♦, 7♥, Q♣ [J♦]",2026-09-11T09:47:45.272Z,178912006527200
"""player 7 @ O8SRi7DfXR"" checks",2026-09-11T09:47:44.416Z,178912006441600
"""player 19 @ hwP7SzeYai"" checks",2026-09-11T09:47:42.698Z,178912006269800
"""player 35 @ uewFolxPCK"" checks",2026-09-11T09:47:41.791Z,178912006179100
"Flop:  [2♦, 7♥, Q♣]",2026-09-11T09:47:38.271Z,178912005827100
"""player 19 @ hwP7SzeYai"" checks",2026-09-11T09:47:37.456Z,178912005745600
"""player 35 @ uewFolxPCK"" calls 10",2026-09-11T09:47:36.498Z,178912005649800
"""player 7 @ O8SRi7DfXR"" calls 10",2026-09-11T09:47:34.190Z,178912005419000
"""player 19 @ hwP7SzeYai"" posts a big blind of 10",2026-09-11T09:47:26.585Z,178912004658506
"""player 35 @ uewFolxPCK"" posts a small blind of 5",2026-09-11T09:47:26.585Z,178912004658505
"Your hand is 8♦, 6♦",2026-09-11T09:47:26.585Z,178912004658504
"Player stacks: #1 ""player 19 @ hwP7SzeYai"" (195) | #2 ""player 7 @ O8SRi7DfXR"" (2436) | #5 ""player 35 @ uewFolxPCK"" (3619)",2026-09-11T09:47:26.585Z,178912004658501
"-- starting hand #194 (id: povpz1hn2i6t)  No Limit Texas Hold'em (dealer: ""player 7 @ O8SRi7DfXR"") --",2026-09-11T09:47:26.585Z,178912004658500
"""player 7 @ O8SRi7DfXR"" shows a 4♦, 4♠.",2026-09-11T09:47:23.891Z,178912004389100
"""player 35 @ uewFolxPCK"" shows a 8♠.",2026-09-11T09:47:22.579Z,178912004257900
"-- ending hand #193 --",2026-09-11T09:47:22.262Z,178912004226202
"""player 7 @ O8SRi7DfXR"" collected 270 from pot",2026-09-11T09:47:22.262Z,178912004226201
"Uncalled bet of 202 returned to ""player 7 @ O8SRi7DfXR""",2026-09-11T09:47:22.262Z,178912004226200
"""player 35 @ uewFolxPCK"" folds",2026-09-11T09:47:21.446Z,178912004144600
"""player 7 @ O8SRi7DfXR"" raises to 322",2026-09-11T09:47:00.755Z,178912002075500
"""player 35 @ uewFolxPCK"" raises to 120",2026-09-11T09:46:51.604Z,178912001160400
"""player 7 @ O8SRi7DfXR"" bets 30",2026-09-11T09:46:48.245Z,178912000824500
"River: 4♣, 10♦, 8♦, 8♥ [Q♣]",2026-09-11T09:46:45.338Z,178912000533800
"""player 19 @ hwP7SzeYai"" folds",2026-09-11T09:46:44.532Z,178912000453200
"""player 35 @ uewFolxPCK"" checks",2026-09-11T09:46:43.134Z,178912000313400
"""player 7 @ O8SRi7DfXR"" checks",2026-09-11T09:46:42.171Z,178912000217100
"Turn: 4♣, 10♦, 8♦ [8♥]",2026-09-11T09:46:40.274Z,178912000027400
"""player 19 @ hwP7SzeYai"" checks",2026-09-11T09:46:39.458Z,178911999945800
"""player 35 @ uewFolxPCK"" checks",2026-09-11T09:46:38.209Z,178911999820900
"""player 7 @ O8SRi7DfXR"" checks",2026-09-11T09:46:37.275Z,178911999727500
"Flop:  [4♣, 10♦, 8♦]",2026-09-11T09:46:36.052Z,178911999605200
"""player 35 @ uewFolxPCK"" checks",2026-09-11T09:46:35.176Z,178911999517600
"""player 7 @ O8SRi7DfXR"" calls 10",2026-09-11T09:46:32.933Z,178911999293300
"""player 19 @ hwP7SzeYai"" calls 10",2026-09-11T09:46:31.980Z,178911999198000
"""player 35 @ uewFolxPCK"" posts a big blind of 10",2026-09-11T09:46:25.145Z,178911998514506
"""player 7 @ O8SRi7DfXR"" posts a small blind of 5",2026-09-11T09:46:25.145Z,178911998514505
"Player stacks: #1 ""player 19 @ hwP7SzeYai"" (205) | #2 ""player 7 @ O8SRi7DfXR"" (2296) | #5 ""player 35 @ uewFolxPCK"" (3749)",2026-09-11T09:46:25.145Z,178911998514501
"-- starting hand #193 (id: ibk7f7nww5xm)  No Limit Texas Hold'em (dealer: ""player 19 @ hwP7SzeYai"") --",2026-09-11T09:46:25.145Z,178911998514500
"""player 35 @ uewFolxPCK"" shows a 7♥.",2026-09-11T09:46:21.932Z,178911998193200
"""player 19 @ hwP7SzeYai"" shows a 2♦, Q♥.",2026-09-11T09:46:18.742Z,178911997874200
"-- ending hand #192 --",2026-09-11T09:46:18.143Z,178911997814302
"""player 7 @ O8SRi7DfXR"" collected 97 from pot with Flush, 10 High (combination: 2♠, 6♠, 7♠, 8♠, 10♠)",2026-09-11T09:46:18.143Z,178911997814301
"""player 7 @ O8SRi7DfXR"" shows a 6♠, 8♠.",2026-09-11T09:46:18.143Z,178911997814300
"""player 35 @ uewFolxPCK"" calls 24",2026-09-11T09:46:17.322Z,178911997732200
"""player 7 @ O8SRi7DfXR"" bets 24",2026-09-11T09:46:16.437Z,178911997643700
"River: 10♠, 2♠, 7♠, Q♦ [K♣]",2026-09-11T09:46:13.208Z,178911997320800
"""player 35 @ uewFolxPCK"" checks",2026-09-11T09:46:12.399Z,178911997239900
"""player 7 @ O8SRi7DfXR"" checks",2026-09-11T09:46:11.496Z,178911997149600
"Turn: 10♠, 2♠, 7♠ [Q♦]",2026-09-11T09:46:11.210Z,178911997121000
"""player 35 @ uewFolxPCK"" checks",2026-09-11T09:46:10.395Z,178911997039500
"""player 7 @ O8SRi7DfXR"" checks",2026-09-11T09:46:09.499Z,178911996949900
"Flop:  [10♠, 2♠, 7♠]",2026-09-11T09:46:07.200Z,178911996720000
"""player 7 @ O8SRi7DfXR"" calls 22",2026-09-11T09:46:06.326Z,178911996632600
"""player 19 @ hwP7SzeYai"" folds",2026-09-11T09:46:05.438Z,178911996543800
"""player 35 @ uewFolxPCK"" raises to 22",2026-09-11T09:46:04.378Z,178911996437800
"""player 7 @ O8SRi7DfXR"" posts a big blind of 10",2026-09-11T09:46:01.624Z,178911996162406
"""player 19 @ hwP7SzeYai"" posts a small blind of 5",2026-09-11T09:46:01.624Z,178911996162405
"Player stacks: #1 ""player 19 @ hwP7SzeYai"" (210) | #2 ""player 7 @ O8SRi7DfXR"" (2245) | #5 ""player 35 @ uewFolxPCK"" (3795)",2026-09-11T09:46:01.624Z,178911996162401
"-- starting hand #192 (id: xllovcloilve)  No Limit Texas Hold'em (dealer: ""player 35 @ uewFolxPCK"") --",2026-09-11T09:46:01.624Z,178911996162400
"""player 19 @ hwP7SzeYai"" shows a 8♠.",2026-09-11T09:45:58.272Z,178911995827200
"""player 35 @ uewFolxPCK"" shows a 3♣.",2026-09-11T09:45:57.959Z,178911995795900
"""player 7 @ O8SRi7DfXR"" shows a 5♦, 7♣.",2026-09-11T09:45:57.047Z,178911995704700
"-- ending hand #191 --",2026-09-11T09:45:56.580Z,178911995658002
"""player 35 @ uewFolxPCK"" collected 30 from pot",2026-09-11T09:45:56.580Z,178911995658001
"Uncalled bet of 11 returned to ""player 35 @ uewFolxPCK""",2026-09-11T09:45:56.580Z,178911995658000
"""player 7 @ O8SRi7DfXR"" folds",2026-09-11T09:45:55.768Z,178911995576800
"""player 35 @ uewFolxPCK"" bets 11",2026-09-11T09:45:54.881Z,178911995488100
"River: 6♠, 2♠, 2♦, Q♥ [8♦]",2026-09-11T09:45:52.887Z,178911995288700
"""player 7 @ O8SRi7DfXR"" checks",2026-09-11T09:45:52.005Z,178911995200500
"""player 35 @ uewFolxPCK"" checks",2026-09-11T09:45:50.251Z,178911995025100
"Turn: 6♠, 2♠, 2♦ [Q♥]",2026-09-11T09:45:50.146Z,178911995014600
"""player 7 @ O8SRi7DfXR"" checks",2026-09-11T09:45:49.318Z,178911994931800
"""player 19 @ hwP7SzeYai"" folds",2026-09-11T09:45:47.861Z,178911994786100
"""player 35 @ uewFolxPCK"" checks",2026-09-11T09:45:46.970Z,178911994697000
"Flop:  [6♠, 2♠, 2♦]",2026-09-11T09:45:45.573Z,178911994557300
"""player 19 @ hwP7SzeYai"" checks",2026-09-11T09:45:44.770Z,178911994477000
"""player 35 @ uewFolxPCK"" calls 10",2026-09-11T09:45:43.814Z,178911994381400
"""player 7 @ O8SRi7DfXR"" calls 10",2026-09-11T09:45:42.661Z,178911994266100
"""player 19 @ hwP7SzeYai"" posts a big blind of 10",2026-09-11T09:45:40.278Z,178911994027806
"""player 35 @ uewFolxPCK"" posts a small blind of 5",2026-09-11T09:45:40.278Z,178911994027805
"Player stacks: #1 ""player 19 @ hwP7SzeYai"" (220) | #2 ""player 7 @ O8SRi7DfXR"" (2255) | #5 ""player 35 @ uewFolxPCK"" (3775)",2026-09-11T09:45:40.278Z,178911994027801
"-- starting hand #191 (id: lzjnl0w95u1d)  No Limit Texas Hold'em (dealer: ""player 7 @ O8SRi7DfXR"") --",2026-09-11T09:45:40.278Z,178911994027800
"-- ending hand #190 --",2026-09-11T09:45:34.271Z,178911993427102
"""player 7 @ O8SRi7DfXR"" collected 100 from pot with Pair, 9's (combination: J♠, Q♣, A♣, 9♥, 9♦)",2026-09-11T09:45:34.271Z,178911993427101
"""player 7 @ O8SRi7DfXR"" shows a Q♣, A♣.",2026-09-11T09:45:34.271Z,178911993427100
"""player 35 @ uewFolxPCK"" checks",2026-09-11T09:45:33.429Z,178911993342900
"""player 7 @ O8SRi7DfXR"" checks",2026-09-11T09:45:32.520Z,178911993252000
"River: 9♥, 4♥, 9♦, J♠ [3♦]",2026-09-11T09:45:31.972Z,178911993197200
"""player 35 @ uewFolxPCK"" checks",2026-09-11T09:45:31.151Z,178911993115100
"""player 7 @ O8SRi7DfXR"" checks",2026-09-11T09:45:30.233Z,178911993023300
"Turn: 9♥, 4♥, 9♦ [J♠]",2026-09-11T09:45:29.270Z,178911992927000
"""player 35 @ uewFolxPCK"" checks",2026-09-11T09:45:28.418Z,178911992841800
"""player 7 @ O8SRi7DfXR"" checks",2026-09-11T09:45:27.480Z,178911992748000
"Flop:  [9♥, 4♥, 9♦]",2026-09-11T09:45:25.370Z,178911992537000
"""player 35 @ uewFolxPCK"" calls 50",2026-09-11T09:45:24.556Z,178911992455600
"""player 7 @ O8SRi7DfXR"" raises to 50",2026-09-11T09:45:22.856Z,178911992285600
"""player 19 @ hwP7SzeYai"" folds",2026-09-11T09:45:19.589Z,178911991958900
"""player 35 @ uewFolxPCK"" posts a big blind of 10",2026-09-11T09:45:18.099Z,178911991809906
"""player 7 @ O8SRi7DfXR"" posts a small blind of 5",2026-09-11T09:45:18.099Z,178911991809905
"Player stacks: #1 ""player 19 @ hwP7SzeYai"" (220) | #2 ""player 7 @ O8SRi7DfXR"" (2205) | #5 ""player 35 @ uewFolxPCK"" (3825)",2026-09-11T09:45:18.099Z,178911991809901
"-- starting hand #190 (id: dfdhun3xcixu)  No Limit Texas Hold'em (dealer: ""player 19 @ hwP7SzeYai"") --",2026-09-11T09:45:18.099Z,178911991809900
"""player 35 @ uewFolxPCK"" shows a 5♦.",2026-09-11T09:45:13.896Z,178911991389600
"""player 7 @ O8SRi7DfXR"" shows a 7♠, J♥.",2026-09-11T09:45:13.800Z,178911991380000
"""player 19 @ hwP7SzeYai"" shows a 10♥, 9♦.",2026-09-11T09:45:13.702Z,178911991370200
"-- ending hand #189 --",2026-09-11T09:45:13.061Z,178911991306101
"""player 35 @ uewFolxPCK"" collected 155 from pot",2026-09-11T09:45:13.061Z,178911991306100
"""player 7 @ O8SRi7DfXR"" folds",2026-09-11T09:45:12.250Z,178911991225000
"River: 10♦, 4♠, 9♥, 9♠ [5♣]",2026-09-11T09:45:09.729Z,178911990972900
"""player 7 @ O8SRi7DfXR"" calls 25",2026-09-11T09:45:08.905Z,178911990890500
"""player 35 @ uewFolxPCK"" bets 25",2026-09-11T09:45:03.911Z,178911990391100
"""player 7 @ O8SRi7DfXR"" checks",2026-09-11T09:45:02.223Z,178911990222300
"Turn: 10♦, 4♠, 9♥ [9♠]",2026-09-11T09:45:00.588Z,178911990058800
"""player 7 @ O8SRi7DfXR"" calls 25",2026-09-11T09:44:59.720Z,178911989972000
"""player 35 @ uewFolxPCK"" bets 25",2026-09-11T09:44:56.980Z,178911989698000
"""player 7 @ O8SRi7DfXR"" checks",2026-09-11T09:44:55.031Z,178911989503100
"Flop:  [10♦, 4♠, 9♥]",2026-09-11T09:44:53.236Z,178911989323600
"""player 7 @ O8SRi7DfXR"" calls 25",2026-09-11T09:44:52.422Z,178911989242200
"""player 19 @ hwP7SzeYai"" folds",2026-09-11T09:44:48.890Z,178911988889000
"""player 35 @ uewFolxPCK"" raises to 25",2026-09-11T09:44:47.605Z,178911988760500
"""player 7 @ O8SRi7DfXR"" posts a big blind of 10",2026-09-11T09:44:46.236Z,178911988623606
"""player 19 @ hwP7SzeYai"" posts a small blind of 5",2026-09-11T09:44:46.236Z,178911988623605
"Player stacks: #1 ""player 19 @ hwP7SzeYai"" (225) | #2 ""player 7 @ O8SRi7DfXR"" (2280) | #5 ""player 35 @ uewFolxPCK"" (3745)",2026-09-11T09:44:46.236Z,178911988623601
"-- starting hand #189 (id: tpav43x7k0cl)  No Limit Texas Hold'em (dealer: ""player 35 @ uewFolxPCK"") --",2026-09-11T09:44:46.236Z,178911988623600
"""player 35 @ uewFolxPCK"" shows a 2♥, A♥.",2026-09-11T09:44:43.448Z,178911988344800
"""player 7 @ O8SRi7DfXR"" shows a 3♥, 8♣.",2026-09-11T09:44:41.507Z,178911988150700
"Undealt cards:  [3♦, 4♠, 7♣, K♣, K♠]",2026-09-11T09:44:39.795Z,178911987979500
"-- ending hand #188 --",2026-09-11T09:44:38.855Z,178911987885502
"""player 35 @ uewFolxPCK"" collected 20 from pot",2026-09-11T09:44:38.855Z,178911987885501
"Uncalled bet of 12 returned to ""player 35 @ uewFolxPCK""",2026-09-11T09:44:38.855Z,178911987885500
"""player 19 @ hwP7SzeYai"" folds",2026-09-11T09:44:38.039Z,178911987803900
"""player 35 @ uewFolxPCK"" raises to 22",2026-09-11T09:44:36.907Z,178911987690700
"""player 7 @ O8SRi7DfXR"" folds",2026-09-11T09:44:35.193Z,178911987519300
"""player 19 @ hwP7SzeYai"" posts a big blind of 10",2026-09-11T09:44:32.681Z,178911987268106
"""player 35 @ uewFolxPCK"" posts a small blind of 5",2026-09-11T09:44:32.681Z,178911987268105
"Your hand is 2♥, A♥",2026-09-11T09:44:32.681Z,178911987268104
"Player stacks: #1 ""player 19 @ hwP7SzeYai"" (235) | #2 ""player 7 @ O8SRi7DfXR"" (2280) | #5 ""player 35 @ uewFolxPCK"" (3735)",2026-09-11T09:44:32.681Z,178911987268101
"-- starting hand #188 (id: w8q7czzyogdf)  No Limit Texas Hold'em (dealer: ""player 7 @ O8SRi7DfXR"") --",2026-09-11T09:44:32.681Z,178911987268100
"""player 35 @ uewFolxPCK"" shows a 2♥, 8♥.",2026-09-11T09:44:27.812Z,178911986781200
"Undealt cards: 2♦, 7♦, 3♥ [K♥, 5♥]",2026-09-11T09:44:27.202Z,178911986720200
"-- ending hand #187 --",2026-09-11T09:44:26.077Z,178911986607702
"""player 35 @ uewFolxPCK"" collected 20 from pot",2026-09-11T09:44:26.077Z,178911986607701
"Uncalled bet of 28 returned to ""player 35 @ uewFolxPCK""",2026-09-11T09:44:26.077Z,178911986607700
"""player 7 @ O8SRi7DfXR"" folds",2026-09-11T09:44:25.242Z,178911986524200
"""player 35 @ uewFolxPCK"" bets 28",2026-09-11T09:44:23.322Z,178911986332200
"""player 7 @ O8SRi7DfXR"" checks",2026-09-11T09:44:21.142Z,178911986114200
"Flop:  [2♦, 7♦, 3♥]",2026-09-11T09:44:19.319Z,178911985931900
"""player 35 @ uewFolxPCK"" checks",2026-09-11T09:44:18.502Z,178911985850200
"""player 7 @ O8SRi7DfXR"" calls 10",2026-09-11T09:44:16.494Z,178911985649400
"""player 19 @ hwP7SzeYai"" folds",2026-09-11T09:44:14.260Z,178911985426000
"""player 35 @ uewFolxPCK"" posts a big blind of 10",2026-09-11T09:44:12.719Z,178911985271906
"""player 7 @ O8SRi7DfXR"" posts a small blind of 5",2026-09-11T09:44:12.719Z,178911985271905
"Your hand is 2♥, 8♥",2026-09-11T09:44:12.719Z,178911985271904
"Player stacks: #1 ""player 19 @ hwP7SzeYai"" (235) | #2 ""player 7 @ O8SRi7DfXR"" (2290) | #5 ""player 35 @ uewFolxPCK"" (3725)",2026-09-11T09:44:12.719Z,178911985271901
"-- starting hand #187 (id: z0don533lbip)  No Limit Texas Hold'em (dealer: ""player 19 @ hwP7SzeYai"") --",2026-09-11T09:44:12.719Z,178911985271900
"Undealt cards:  [2♠, K♠, Q♠, K♦, 7♣]",2026-09-11T09:44:08.194Z,178911984819400
"-- ending hand #186 --",2026-09-11T09:44:06.801Z,178911984680102
"""player 35 @ uewFolxPCK"" collected 25 from pot",2026-09-11T09:44:06.801Z,178911984680101
"Uncalled bet of 12 returned to ""player 35 @ uewFolxPCK""",2026-09-11T09:44:06.801Z,178911984680100
"""player 7 @ O8SRi7DfXR"" folds",2026-09-11T09:44:05.959Z,178911984595900
"""player 19 @ hwP7SzeYai"" folds",2026-09-11T09:44:05.025Z,178911984502500
"""player 35 @ uewFolxPCK"" raises to 22",2026-09-11T09:44:04.010Z,178911984401000
"""player 7 @ O8SRi7DfXR"" posts a big blind of 10",2026-09-11T09:44:01.190Z,178911984119006
"""player 19 @ hwP7SzeYai"" posts a small blind of 5",2026-09-11T09:44:01.190Z,178911984119005
"Player stacks: #1 ""player 19 @ hwP7SzeYai"" (240) | #2 ""player 7 @ O8SRi7DfXR"" (2300) | #5 ""player 35 @ uewFolxPCK"" (3710)",2026-09-11T09:44:01.190Z,178911984119001
"-- starting hand #186 (id: lpxbxo5p3yxu)  No Limit Texas Hold'em (dealer: ""player 35 @ uewFolxPCK"") --",2026-09-11T09:44:01.190Z,178911984119000
"""player 19 @ hwP7SzeYai"" shows a 6♠, 10♠.",2026-09-11T09:43:58.747Z,178911983874700
"""player 7 @ O8SRi7DfXR"" shows a A♥, 4♥.",2026-09-11T09:43:57.704Z,178911983770400
"-- ending hand #185 --",2026-09-11T09:43:56.856Z,178911983685601
"""player 7 @ O8SRi7DfXR"" collected 25 from pot",2026-09-11T09:43:56.856Z,178911983685600
"""player 19 @ hwP7SzeYai"" folds",2026-09-11T09:43:55.996Z,178911983599600
"River: 3♣, Q♠, 7♠, 2♦ [K♥]",2026-09-11T09:43:54.187Z,178911983418700
"""player 7 @ O8SRi7DfXR"" checks",2026-09-11T09:43:53.352Z,178911983335200
"""player 19 @ hwP7SzeYai"" checks",2026-09-11T09:43:52.155Z,178911983215500
"Turn: 3♣, Q♠, 7♠ [2♦]",2026-09-11T09:43:50.587Z,178911983058700
"""player 7 @ O8SRi7DfXR"" checks",2026-09-11T09:43:49.783Z,178911982978300
"""player 19 @ hwP7SzeYai"" checks",2026-09-11T09:43:47.410Z,178911982741000
"Flop:  [3♣, Q♠, 7♠]",2026-09-11T09:43:43.148Z,178911982314800
"""player 19 @ hwP7SzeYai"" checks",2026-09-11T09:43:42.306Z,178911982230600
"""player 35 @ uewFolxPCK"" folds",2026-09-11T09:43:41.144Z,178911982114400
"""player 7 @ O8SRi7DfXR"" calls 10",2026-09-11T09:43:40.168Z,178911982016800
"""player 19 @ hwP7SzeYai"" posts a big blind of 10",2026-09-11T09:43:35.870Z,178911981587007
"""player 35 @ uewFolxPCK"" posts a small blind of 5",2026-09-11T09:43:35.870Z,178911981587006
"Player stacks: #1 ""player 19 @ hwP7SzeYai"" (250) | #2 ""player 7 @ O8SRi7DfXR"" (2285) | #5 ""player 35 @ uewFolxPCK"" (3715)",2026-09-11T09:43:35.870Z,178911981587002
"-- starting hand #185 (id: 6ntzzt4k3vz8)  No Limit Texas Hold'em (dealer: ""player 7 @ O8SRi7DfXR"") --",2026-09-11T09:43:35.870Z,178911981587001
"The player ""player 19 @ hwP7SzeYai"" joined the game with a stack of 250.",2026-09-11T09:43:35.870Z,178911981587000
"-- ending hand #184 --",2026-09-11T09:43:29.868Z,178911980986803
"""player 7 @ O8SRi7DfXR"" collected 88 from pot with Pair, 8's (combination: 6♠, J♦, A♦, 8♠, 8♦)",2026-09-11T09:43:29.868Z,178911980986802
"""player 7 @ O8SRi7DfXR"" shows a 8♠, J♦.",2026-09-11T09:43:29.868Z,178911980986801
"""player 35 @ uewFolxPCK"" shows a 9♥, Q♦.",2026-09-11T09:43:29.868Z,178911980986800
"""player 7 @ O8SRi7DfXR"" calls 22",2026-09-11T09:43:29.050Z,178911980905000
"""player 35 @ uewFolxPCK"" bets 22",2026-09-11T09:43:26.786Z,178911980678600
"""player 7 @ O8SRi7DfXR"" checks",2026-09-11T09:43:25.005Z,178911980500500
"River: A♦, 5♦, 3♠, 8♦ [6♠]",2026-09-11T09:43:23.632Z,178911980363200
"""player 35 @ uewFolxPCK"" checks",2026-09-11T09:43:22.809Z,178911980280900
"""player 7 @ O8SRi7DfXR"" checks",2026-09-11T09:43:21.892Z,178911980189200
"Turn: A♦, 5♦, 3♠ [8♦]",2026-09-11T09:43:20.330Z,178911980033000
"""player 35 @ uewFolxPCK"" checks",2026-09-11T09:43:19.521Z,178911979952100
"""player 7 @ O8SRi7DfXR"" checks",2026-09-11T09:43:17.975Z,178911979797500
"The admin approved the player ""player 19 @ hwP7SzeYai"" participation with a stack of 250.",2026-09-11T09:43:12.900Z,178911979290000
"Flop:  [A♦, 5♦, 3♠]",2026-09-11T09:43:11.625Z,178911979162500
"""player 7 @ O8SRi7DfXR"" calls 22",2026-09-11T09:43:10.795Z,178911979079500
"The player ""player 19 @ hwP7SzeYai"" requested a seat.",2026-09-11T09:43:09.701Z,178911978970100
"""player 35 @ uewFolxPCK"" raises to 22",2026-09-11T09:43:08.567Z,178911978856700
"""player 7 @ O8SRi7DfXR"" posts a big blind of 10",2026-09-11T09:43:05.655Z,178911978565506
"""player 35 @ uewFolxPCK"" posts a small blind of 5",2026-09-11T09:43:05.655Z,178911978565505
"Your hand is 9♥, Q♦",2026-09-11T09:43:05.655Z,178911978565504
"Player stacks: #2 ""player 7 @ O8SRi7DfXR"" (2241) | #5 ""player 35 @ uewFolxPCK"" (3759)",2026-09-11T09:43:05.655Z,178911978565502
"-- starting hand #184 (id: mwis8lt2eojf)  No Limit Texas Hold'em (dealer: ""player 35 @ uewFolxPCK"") --",2026-09-11T09:43:05.655Z,178911978565501
"The player ""player 19 @ hwP7SzeYai"" quits the game with a stack of 0.",2026-09-11T09:43:05.655Z,178911978565500
"-- ending hand #183 --",2026-09-11T09:42:59.647Z,178911977964703
"""player 7 @ O8SRi7DfXR"" collected 93 from pot with Three of a Kind, Q's (combination: J♥, K♠, Q♣, Q♦, Q♠)",2026-09-11T09:42:59.647Z,178911977964702
"""player 7 @ O8SRi7DfXR"" shows a Q♣, J♥.",2026-09-11T09:42:59.647Z,178911977964701
"""player 35 @ uewFolxPCK"" shows a 3♣, 10♦.",2026-09-11T09:42:59.647Z,178911977964700
"""player 7 @ O8SRi7DfXR"" checks",2026-09-11T09:42:58.840Z,178911977884000
"""player 35 @ uewFolxPCK"" checks",2026-09-11T09:42:54.654Z,178911977465400
"River: K♠, 8♥, 5♣, Q♦ [Q♠]",2026-09-11T09:42:54.444Z,178911977444400
"""player 7 @ O8SRi7DfXR"" checks",2026-09-11T09:42:53.638Z,178911977363800
"""player 35 @ uewFolxPCK"" checks",2026-09-11T09:42:52.738Z,178911977273800
"Turn: K♠, 8♥, 5♣ [Q♦]",2026-09-11T09:42:52.643Z,178911977264300
"""player 7 @ O8SRi7DfXR"" checks",2026-09-11T09:42:51.818Z,178911977181800
"""player 35 @ uewFolxPCK"" checks",2026-09-11T09:42:50.695Z,178911977069500
"Flop:  [K♠, 8♥, 5♣]",2026-09-11T09:42:49.041Z,178911976904100
"""player 7 @ O8SRi7DfXR"" calls 31",2026-09-11T09:42:48.237Z,178911976823700
"""player 35 @ uewFolxPCK"" calls 31",2026-09-11T09:42:46.952Z,178911976695200
"""player 19 @ hwP7SzeYai"" raises to 31 and go all in",2026-09-11T09:42:44.696Z,178911976469600
"""player 7 @ O8SRi7DfXR"" posts a big blind of 10",2026-09-11T09:42:40.448Z,178911976044806
"""player 35 @ uewFolxPCK"" posts a small blind of 5",2026-09-11T09:42:40.448Z,178911976044805
"Your hand is 3♣, 10♦",2026-09-11T09:42:40.448Z,178911976044804
"Player stacks: #2 ""player 7 @ O8SRi7DfXR"" (2179) | #3 ""player 19 @ hwP7SzeYai"" (31) | #5 ""player 35 @ uewFolxPCK"" (3790)",2026-09-11T09:42:40.448Z,178911976044801
"-- starting hand #183 (id: ljiswa5ea3rc)  No Limit Texas Hold'em (dealer: ""player 19 @ hwP7SzeYai"") --",2026-09-11T09:42:40.448Z,178911976044800
"-- ending hand #182 --",2026-09-11T09:42:34.445Z,178911975444503
"""player 19 @ hwP7SzeYai"" shows a 3♥, 7♠.",2026-09-11T09:42:34.445Z,178911975444502
"""player 7 @ O8SRi7DfXR"" collected 2179 from pot with Full House, 8's over 7's (combination: 7♥, 7♦, 8♦, 8♣, 8♥)",2026-09-11T09:42:34.445Z,178911975444501
"""player 7 @ O8SRi7DfXR"" shows a 8♦, 6♥.",2026-09-11T09:42:34.445Z,178911975444500
"""player 19 @ hwP7SzeYai"" calls 975",2026-09-11T09:42:33.611Z,178911975361100
"""player 7 @ O8SRi7DfXR"" raises to 975 and go all in",2026-09-11T09:42:30.856Z,178911975085600
"""player 35 @ uewFolxPCK"" folds",2026-09-11T09:42:28.808Z,178911974880800
"""player 19 @ hwP7SzeYai"" raises to 737",2026-09-11T09:42:26.486Z,178911974648600
"""player 7 @ O8SRi7DfXR"" raises to 176",2026-09-11T09:42:17.861Z,178911973786100
"""player 35 @ uewFolxPCK"" bets 88",2026-09-11T09:42:07.825Z,178911972782500
"""player 19 @ hwP7SzeYai"" checks",2026-09-11T09:42:00.232Z,178911972023200
"River: 7♥, 8♣, 6♠, 7♦ [8♥]",2026-09-11T09:41:57.742Z,178911971774200
"""player 7 @ O8SRi7DfXR"" calls 37",2026-09-11T09:41:56.890Z,178911971689000
"""player 35 @ uewFolxPCK"" calls 37",2026-09-11T09:41:51.179Z,178911971117900
"""player 19 @ hwP7SzeYai"" bets 37",2026-09-11T09:41:49.022Z,178911970902200
"Turn: 7♥, 8♣, 6♠ [7♦]",2026-09-11T09:41:45.459Z,178911970545900
"""player 7 @ O8SRi7DfXR"" checks",2026-09-11T09:41:44.617Z,178911970461700
"""player 35 @ uewFolxPCK"" checks",2026-09-11T09:41:43.724Z,178911970372400
"""player 19 @ hwP7SzeYai"" checks",2026-09-11T09:41:42.325Z,178911970232500
"Flop:  [7♥, 8♣, 6♠]",2026-09-11T09:41:37.443Z,178911969744300
"""player 35 @ uewFolxPCK"" checks",2026-09-11T09:41:36.586Z,178911969658600
"""player 19 @ hwP7SzeYai"" calls 10",2026-09-11T09:41:34.661Z,178911969466100
"""player 7 @ O8SRi7DfXR"" calls 10",2026-09-11T09:41:32.325Z,178911969232500
"""player 35 @ uewFolxPCK"" posts a big blind of 10",2026-09-11T09:41:30.043Z,178911969004306
"""player 19 @ hwP7SzeYai"" posts a small blind of 5",2026-09-11T09:41:30.043Z,178911969004305
"Player stacks: #2 ""player 7 @ O8SRi7DfXR"" (1022) | #3 ""player 19 @ hwP7SzeYai"" (1053) | #5 ""player 35 @ uewFolxPCK"" (3925)",2026-09-11T09:41:30.043Z,178911969004301
"-- starting hand #182 (id: sxzxmmljvrt3)  No Limit Texas Hold'em (dealer: ""player 7 @ O8SRi7DfXR"") --",2026-09-11T09:41:30.043Z,178911969004300
"-- ending hand #181 --",2026-09-11T09:41:24.003Z,178911968400303
"""player 19 @ hwP7SzeYai"" collected 138 from pot with Two Pair, 6's & 5's (combination: A♠, 5♥, 5♠, 6♣, 6♦)",2026-09-11T09:41:24.003Z,178911968400302
"""player 19 @ hwP7SzeYai"" shows a 6♣, 7♠.",2026-09-11T09:41:24.003Z,178911968400301
"""player 35 @ uewFolxPCK"" shows a 9♣, 3♣.",2026-09-11T09:41:24.003Z,178911968400300
"""player 19 @ hwP7SzeYai"" calls 44",2026-09-11T09:41:23.168Z,178911968316800
"""player 35 @ uewFolxPCK"" bets 44",2026-09-11T09:41:22.150Z,178911968215000
"""player 19 @ hwP7SzeYai"" checks",2026-09-11T09:41:20.381Z,178911968038100
"River: A♠, 5♥, 5♠, 3♦ [6♦]",2026-09-11T09:41:17.736Z,178911967773600
"""player 19 @ hwP7SzeYai"" calls 10",2026-09-11T09:41:16.880Z,178911967688000
"""player 7 @ O8SRi7DfXR"" folds",2026-09-11T09:41:15.792Z,178911967579200
"""player 35 @ uewFolxPCK"" bets 10",2026-09-11T09:41:12.544Z,178911967254400
"""player 19 @ hwP7SzeYai"" checks",2026-09-11T09:41:11.473Z,178911967147300
"""player 7 @ O8SRi7DfXR"" checks",2026-09-11T09:41:03.625Z,178911966362500
"Turn: A♠, 5♥, 5♠ [3♦]",2026-09-11T09:41:00.773Z,178911966077300
"""player 35 @ uewFolxPCK"" checks",2026-09-11T09:40:59.908Z,178911965990800
"""player 19 @ hwP7SzeYai"" checks",2026-09-11T09:40:58.970Z,178911965897000
"""player 7 @ O8SRi7DfXR"" checks",2026-09-11T09:40:58.070Z,178911965807000
"Flop:  [A♠, 5♥, 5♠]",2026-09-11T09:40:55.048Z,178911965504800
"""player 19 @ hwP7SzeYai"" checks",2026-09-11T09:40:54.222Z,178911965422200
"""player 7 @ O8SRi7DfXR"" calls 10",2026-09-11T09:40:50.346Z,178911965034600
"""player 35 @ uewFolxPCK"" calls 10",2026-09-11T09:40:49.447Z,178911964944700
"""player 19 @ hwP7SzeYai"" posts a big blind of 10",2026-09-11T09:40:44.559Z,178911964455906
"""player 7 @ O8SRi7DfXR"" posts a small blind of 5",2026-09-11T09:40:44.559Z,178911964455905
"Your hand is 9♣, 3♣",2026-09-11T09:40:44.559Z,178911964455904
"Player stacks: #2 ""player 7 @ O8SRi7DfXR"" (1032) | #3 ""player 19 @ hwP7SzeYai"" (979) | #5 ""player 35 @ uewFolxPCK"" (3989)",2026-09-11T09:40:44.559Z,178911964455901
"-- starting hand #181 (id: olorahltapwj)  No Limit Texas Hold'em (dealer: ""player 35 @ uewFolxPCK"") --",2026-09-11T09:40:44.559Z,178911964455900
"""player 19 @ hwP7SzeYai"" shows a 6♣.",2026-09-11T09:40:41.753Z,178911964175300
"""player 19 @ hwP7SzeYai"" shows a 3♠.",2026-09-11T09:40:41.088Z,178911964108800
"-- ending hand #180 --",2026-09-11T09:40:38.013Z,178911963801302
"""player 35 @ uewFolxPCK"" collected 132 from pot with Full House, A's over Q's (combination: Q♠, Q♥, A♦, A♥, A♣)",2026-09-11T09:40:38.013Z,178911963801301
"""player 35 @ uewFolxPCK"" shows a Q♠, 9♥.",2026-09-11T09:40:38.013Z,178911963801300
"""player 19 @ hwP7SzeYai"" calls 12",2026-09-11T09:40:37.204Z,178911963720400
"""player 35 @ uewFolxPCK"" bets 12",2026-09-11T09:40:28.456Z,178911962845600
"River: 3♥, A♦, A♥, Q♥ [A♣]",2026-09-11T09:40:26.576Z,178911962657600
"""player 19 @ hwP7SzeYai"" calls 12",2026-09-11T09:40:25.761Z,178911962576100
"""player 35 @ uewFolxPCK"" bets 12",2026-09-11T09:40:24.010Z,178911962401000
"Turn: 3♥, A♦, A♥ [Q♥]",2026-09-11T09:40:21.373Z,178911962137300
"""player 19 @ hwP7SzeYai"" calls 12",2026-09-11T09:40:20.538Z,178911962053800
"""player 7 @ O8SRi7DfXR"" folds",2026-09-11T09:40:17.007Z,178911961700700
"""player 35 @ uewFolxPCK"" bets 12",2026-09-11T09:40:12.859Z,178911961285900
"Flop:  [3♥, A♦, A♥]",2026-09-11T09:40:04.953Z,178911960495300
"""player 35 @ uewFolxPCK"" calls 20",2026-09-11T09:40:04.120Z,178911960412000
"""player 19 @ hwP7SzeYai"" calls 20",2026-09-11T09:40:03.186Z,178911960318600
"""player 7 @ O8SRi7DfXR"" raises to 20",2026-09-11T09:40:01.430Z,178911960143000
"""player 35 @ uewFolxPCK"" calls 10",2026-09-11T09:39:59.245Z,178911959924500
"""player 19 @ hwP7SzeYai"" calls 10",2026-09-11T09:39:58.149Z,178911959814900
"""player 7 @ O8SRi7DfXR"" posts a big blind of 10",2026-09-11T09:39:54.379Z,178911959437906
"""player 35 @ uewFolxPCK"" posts a small blind of 5",2026-09-11T09:39:54.379Z,178911959437905
"Your hand is Q♠, 9♥",2026-09-11T09:39:54.379Z,178911959437904
"Player stacks: #2 ""player 7 @ O8SRi7DfXR"" (1052) | #3 ""player 19 @ hwP7SzeYai"" (1035) | #5 ""player 35 @ uewFolxPCK"" (3913)",2026-09-11T09:39:54.379Z,178911959437901
"-- starting hand #180 (id: wdnpkoulreb4)  No Limit Texas Hold'em (dealer: ""player 19 @ hwP7SzeYai"") --",2026-09-11T09:39:54.379Z,178911959437900
"""player 7 @ O8SRi7DfXR"" shows a A♦, 9♣.",2026-09-11T09:39:50.515Z,178911959051500
"Undealt cards: 5♣, Q♥, K♣ [K♠, Q♣]",2026-09-11T09:39:49.298Z,178911958929800
"""player 19 @ hwP7SzeYai"" shows a 5♦, 8♦.",2026-09-11T09:39:48.512Z,178911958851200
"-- ending hand #179 --",2026-09-11T09:39:46.976Z,178911958697602
"""player 19 @ hwP7SzeYai"" collected 60 from pot",2026-09-11T09:39:46.976Z,178911958697601
"Uncalled bet of 58 returned to ""player 19 @ hwP7SzeYai""",2026-09-11T09:39:46.976Z,178911958697600
"""player 7 @ O8SRi7DfXR"" folds",2026-09-11T09:39:46.054Z,178911958605400
"""player 35 @ uewFolxPCK"" folds",2026-09-11T09:39:42.760Z,178911958276000
"""player 19 @ hwP7SzeYai"" bets 58",2026-09-11T09:39:30.635Z,178911957063500
"Flop:  [5♣, Q♥, K♣]",2026-09-11T09:39:25.837Z,178911956583700
"""player 35 @ uewFolxPCK"" calls 20",2026-09-11T09:39:24.987Z,178911956498700
"""player 19 @ hwP7SzeYai"" calls 20",2026-09-11T09:39:23.433Z,178911956343300
"""player 7 @ O8SRi7DfXR"" raises to 20",2026-09-11T09:39:21.952Z,178911956195200
"""player 35 @ uewFolxPCK"" posts a big blind of 10",2026-09-11T09:39:16.738Z,178911955673806
"""player 19 @ hwP7SzeYai"" posts a small blind of 5",2026-09-11T09:39:16.738Z,178911955673805
"Player stacks: #2 ""player 7 @ O8SRi7DfXR"" (1072) | #3 ""player 19 @ hwP7SzeYai"" (995) | #5 ""player 35 @ uewFolxPCK"" (3933)",2026-09-11T09:39:16.738Z,178911955673801
"-- starting hand #179 (id: jmi25dfsnxgt)  No Limit Texas Hold'em (dealer: ""player 7 @ O8SRi7DfXR"") --",2026-09-11T09:39:16.738Z,178911955673800
"""player 7 @ O8SRi7DfXR"" shows a 2♦, A♥.",2026-09-11T09:39:11.076Z,178911955107600
"-- ending hand #178 --",2026-09-11T09:39:10.140Z,178911955014002
"""player 19 @ hwP7SzeYai"" collected 184 from pot with Pair, J's (combination: 5♥, 6♣, 9♣, J♦, J♣)",2026-09-11T09:39:10.140Z,178911955014001
"""player 19 @ hwP7SzeYai"" shows a 2♣, J♦.",2026-09-11T09:39:10.140Z,178911955014000
"""player 35 @ uewFolxPCK"" calls 22",2026-09-11T09:39:09.318Z,178911954931800
"""player 19 @ hwP7SzeYai"" bets 22",2026-09-11T09:39:08.408Z,178911954840800
"River: 5♥, 3♦, J♣, 6♣ [9♣]",2026-09-11T09:39:03.910Z,178911954391000
"""player 7 @ O8SRi7DfXR"" folds",2026-09-11T09:39:03.069Z,178911954306900
"""player 35 @ uewFolxPCK"" calls 22",2026-09-11T09:38:59.727Z,178911953972700
"""player 19 @ hwP7SzeYai"" bets 22",2026-09-11T09:38:58.553Z,178911953855300
"""player 7 @ O8SRi7DfXR"" checks",2026-09-11T09:38:56.825Z,178911953682500
"Turn: 5♥, 3♦, J♣ [6♣]",2026-09-11T09:38:55.574Z,178911953557400
"""player 7 @ O8SRi7DfXR"" calls 22",2026-09-11T09:38:54.755Z,178911953475500
"""player 35 @ uewFolxPCK"" calls 22",2026-09-11T09:38:52.973Z,178911953297300
"""player 19 @ hwP7SzeYai"" bets 22",2026-09-11T09:38:47.927Z,178911952792700
"""player 7 @ O8SRi7DfXR"" checks",2026-09-11T09:38:39.608Z,178911951960800
"Flop:  [5♥, 3♦, J♣]",2026-09-11T09:38:37.566Z,178911951756600
"""player 19 @ hwP7SzeYai"" checks",2026-09-11T09:38:36.710Z,178911951671000
"""player 7 @ O8SRi7DfXR"" calls 10",2026-09-11T09:38:35.188Z,178911951518800
"""player 35 @ uewFolxPCK"" calls 10",2026-09-11T09:38:30.634Z,178911951063400
"""player 19 @ hwP7SzeYai"" posts a big blind of 10",2026-09-11T09:38:23.058Z,178911950305806
"""player 7 @ O8SRi7DfXR"" posts a small blind of 5",2026-09-11T09:38:23.058Z,178911950305805
"Player stacks: #2 ""player 7 @ O8SRi7DfXR"" (1104) | #3 ""player 19 @ hwP7SzeYai"" (887) | #5 ""player 35 @ uewFolxPCK"" (4009)",2026-09-11T09:38:23.058Z,178911950305801
"-- starting hand #178 (id: 5bdadfnhafpa)  No Limit Texas Hold'em (dealer: ""player 35 @ uewFolxPCK"") --",2026-09-11T09:38:23.058Z,178911950305800
"""player 35 @ uewFolxPCK"" shows a Q♦, 8♣.",2026-09-11T09:38:18.579Z,178911949857900
"Undealt cards: Q♠, 6♦, 7♣, 10♠ [5♣]",2026-09-11T09:38:17.051Z,178911949705100
"""player 7 @ O8SRi7DfXR"" shows a Q♣.",2026-09-11T09:38:16.035Z,178911949603500
"""player 19 @ hwP7SzeYai"" shows a Q♥.",2026-09-11T09:38:16.014Z,178911949601400
"-- ending hand #177 --",2026-09-11T09:38:15.051Z,178911949505102
"""player 19 @ hwP7SzeYai"" collected 198 from pot",2026-09-11T09:38:15.051Z,178911949505101
"Uncalled bet of 156 returned to ""player 19 @ hwP7SzeYai""",2026-09-11T09:38:15.051Z,178911949505100
"""player 7 @ O8SRi7DfXR"" folds",2026-09-11T09:38:14.180Z,178911949418000
"""player 35 @ uewFolxPCK"" folds",2026-09-11T09:37:46.242Z,178911946624200
"""player 19 @ hwP7SzeYai"" bets 156",2026-09-11T09:37:44.072Z,178911946407200
"""player 7 @ O8SRi7DfXR"" checks",2026-09-11T09:37:38.294Z,178911945829400
"""player 35 @ uewFolxPCK"" checks",2026-09-11T09:37:36.828Z,178911945682800
"Turn: Q♠, 6♦, 7♣ [10♠]",2026-09-11T09:37:34.837Z,178911945483700
"""player 7 @ O8SRi7DfXR"" calls 56",2026-09-11T09:37:34.027Z,178911945402700
"""player 35 @ uewFolxPCK"" calls 56",2026-09-11T09:37:29.560Z,178911944956000
"""player 19 @ hwP7SzeYai"" raises to 56",2026-09-11T09:37:12.602Z,178911943260200
"""player 7 @ O8SRi7DfXR"" calls 10",2026-09-11T09:37:09.539Z,178911942953900
"""player 35 @ uewFolxPCK"" bets 10",2026-09-11T09:37:08.155Z,178911942815500
"Flop:  [Q♠, 6♦, 7♣]",2026-09-11T09:37:06.983Z,178911942698300
"""player 7 @ O8SRi7DfXR"" checks",2026-09-11T09:37:06.133Z,178911942613300
"""player 35 @ uewFolxPCK"" calls 10",2026-09-11T09:37:03.140Z,178911942314000
"""player 19 @ hwP7SzeYai"" calls 10",2026-09-11T09:37:01.559Z,178911942155900
"""player 7 @ O8SRi7DfXR"" posts a big blind of 10",2026-09-11T09:36:59.165Z,178911941916506
"""player 35 @ uewFolxPCK"" posts a small blind of 5",2026-09-11T09:36:59.165Z,178911941916505
"Your hand is Q♦, 8♣",2026-09-11T09:36:59.165Z,178911941916504
"Player stacks: #2 ""player 7 @ O8SRi7DfXR"" (1170) | #3 ""player 19 @ hwP7SzeYai"" (755) | #5 ""player 35 @ uewFolxPCK"" (4075)",2026-09-11T09:36:59.165Z,178911941916501
"-- starting hand #177 (id: uocpizpou5yh)  No Limit Texas Hold'em (dealer: ""player 19 @ hwP7SzeYai"") --",2026-09-11T09:36:59.165Z,178911941916500
"-- ending hand #176 --",2026-09-11T09:36:53.163Z,178911941316303
"""player 7 @ O8SRi7DfXR"" collected 192 from pot with Two Pair, 8's & 3's (combination: K♥, 3♦, 3♣, 8♣, 8♥)",2026-09-11T09:36:53.163Z,178911941316302
"""player 7 @ O8SRi7DfXR"" shows a 8♣, 8♥.",2026-09-11T09:36:53.163Z,178911941316301
"""player 35 @ uewFolxPCK"" shows a A♠, 7♥.",2026-09-11T09:36:53.163Z,178911941316300
"""player 7 @ O8SRi7DfXR"" checks",2026-09-11T09:36:52.358Z,178911941235800
"""player 35 @ uewFolxPCK"" checks",2026-09-11T09:36:51.433Z,178911941143300
"""player 19 @ hwP7SzeYai"" folds",2026-09-11T09:36:50.496Z,178911941049600
"River: 3♦, K♥, 7♣, Q♥ [3♣]",2026-09-11T09:36:48.273Z,178911940827300
"""player 7 @ O8SRi7DfXR"" checks",2026-09-11T09:36:47.357Z,178911940735700
"""player 35 @ uewFolxPCK"" checks",2026-09-11T09:36:46.432Z,178911940643200
"""player 19 @ hwP7SzeYai"" checks",2026-09-11T09:36:45.514Z,178911940551400
"Turn: 3♦, K♥, 7♣ [Q♥]",2026-09-11T09:36:43.671Z,178911940367100
"""player 7 @ O8SRi7DfXR"" checks",2026-09-11T09:36:42.761Z,178911940276100
"""player 35 @ uewFolxPCK"" checks",2026-09-11T09:36:41.769Z,178911940176900
"""player 19 @ hwP7SzeYai"" checks",2026-09-11T09:36:40.858Z,178911940085800
"Flop:  [3♦, K♥, 7♣]",2026-09-11T09:36:38.551Z,178911939855100
"""player 35 @ uewFolxPCK"" calls 64",2026-09-11T09:36:37.741Z,178911939774100
"""player 19 @ hwP7SzeYai"" calls 64",2026-09-11T09:36:36.606Z,178911939660600
"""player 7 @ O8SRi7DfXR"" raises to 64",2026-09-11T09:36:34.687Z,178911939468700
"""player 35 @ uewFolxPCK"" posts a big blind of 10",2026-09-11T09:36:25.943Z,178911938594306
"""player 19 @ hwP7SzeYai"" posts a small blind of 5",2026-09-11T09:36:25.943Z,178911938594305
"Your hand is A♠, 7♥",2026-09-11T09:36:25.943Z,178911938594304
"Player stacks: #2 ""player 7 @ O8SRi7DfXR"" (1042) | #3 ""player 19 @ hwP7SzeYai"" (819) | #5 ""player 35 @ uewFolxPCK"" (4139)",2026-09-11T09:36:25.943Z,178911938594301
"-- starting hand #176 (id: xrsxxcz0sq5i)  No Limit Texas Hold'em (dealer: ""player 7 @ O8SRi7DfXR"") --",2026-09-11T09:36:25.943Z,178911938594300
"-- ending hand #175 --",2026-09-11T09:36:19.940Z,178911937994004
"""player 35 @ uewFolxPCK"" collected 49 from pot with Pair, 8's (combination: Q♠, K♥, A♠, 8♦, 8♥)",2026-09-11T09:36:19.940Z,178911937994003
"""player 7 @ O8SRi7DfXR"" collected 50 from pot with Pair, 8's (combination: Q♠, K♥, A♠, 8♠, 8♥)",2026-09-11T09:36:19.940Z,178911937994002
"""player 35 @ uewFolxPCK"" shows a 8♦, 7♣.",2026-09-11T09:36:19.940Z,178911937994001
"""player 7 @ O8SRi7DfXR"" shows a 8♠, 9♣.",2026-09-11T09:36:19.940Z,178911937994000
"""player 35 @ uewFolxPCK"" checks",2026-09-11T09:36:19.107Z,178911937910700
"""player 19 @ hwP7SzeYai"" checks",2026-09-11T09:36:14.949Z,178911937494900
"""player 7 @ O8SRi7DfXR"" checks",2026-09-11T09:36:14.038Z,178911937403800
"River: 6♠, 8♥, Q♠, K♥ [A♠]",2026-09-11T09:36:11.619Z,178911937161900
"""player 35 @ uewFolxPCK"" checks",2026-09-11T09:36:10.744Z,178911937074400
"""player 19 @ hwP7SzeYai"" checks",2026-09-11T09:36:09.825Z,178911936982500
"""player 7 @ O8SRi7DfXR"" checks",2026-09-11T09:36:08.874Z,178911936887400
"Turn: 6♠, 8♥, Q♠ [K♥]",2026-09-11T09:36:06.538Z,178911936653800
"""player 35 @ uewFolxPCK"" checks",2026-09-11T09:36:05.699Z,178911936569900
"""player 19 @ hwP7SzeYai"" checks",2026-09-11T09:36:04.778Z,178911936477800
"""player 7 @ O8SRi7DfXR"" checks",2026-09-11T09:36:03.724Z,178911936372400
"Flop:  [6♠, 8♥, Q♠]",2026-09-11T09:35:58.824Z,178911935882400
"""player 19 @ hwP7SzeYai"" calls 33",2026-09-11T09:35:58.000Z,178911935800000
"""player 7 @ O8SRi7DfXR"" calls 33",2026-09-11T09:35:56.681Z,178911935668100
"""player 35 @ uewFolxPCK"" raises to 33",2026-09-11T09:35:50.870Z,178911935087000
"""player 19 @ hwP7SzeYai"" posts a big blind of 10",2026-09-11T09:35:47.341Z,178911934734106
"""player 7 @ O8SRi7DfXR"" posts a small blind of 5",2026-09-11T09:35:47.341Z,178911934734105
"Your hand is 8♦, 7♣",2026-09-11T09:35:47.341Z,178911934734104
"Player stacks: #2 ""player 7 @ O8SRi7DfXR"" (1025) | #3 ""player 19 @ hwP7SzeYai"" (852) | #5 ""player 35 @ uewFolxPCK"" (4123)",2026-09-11T09:35:47.341Z,178911934734101
"-- starting hand #175 (id: 9emk6vaejzmv)  No Limit Texas Hold'em (dealer: ""player 35 @ uewFolxPCK"") --",2026-09-11T09:35:47.341Z,178911934734100
"""player 35 @ uewFolxPCK"" shows a 6♣.",2026-09-11T09:35:42.664Z,178911934266400
"""player 35 @ uewFolxPCK"" shows a 3♠.",2026-09-11T09:35:42.461Z,178911934246100
"-- ending hand #174 --",2026-09-11T09:35:40.770Z,178911934077003
"""player 19 @ hwP7SzeYai"" shows a 6♥, 9♣.",2026-09-11T09:35:40.770Z,178911934077002
"""player 7 @ O8SRi7DfXR"" collected 1025 from pot with Straight, 7 High (combination: 3♥, 4♣, 5♥, 6♠, 7♦)",2026-09-11T09:35:40.770Z,178911934077001
"""player 7 @ O8SRi7DfXR"" shows a 5♠, 5♥.",2026-09-11T09:35:40.770Z,178911934077000
"""player 19 @ hwP7SzeYai"" calls 122",2026-09-11T09:35:39.961Z,178911933996100
"""player 7 @ O8SRi7DfXR"" bets 122 and go all in",2026-09-11T09:35:34.737Z,178911933473700
"River: 9♦, 4♣, 6♠, 3♥ [7♦]",2026-09-11T09:35:30.820Z,178911933082000
"""player 7 @ O8SRi7DfXR"" calls 269",2026-09-11T09:35:29.975Z,178911932997500
"""player 35 @ uewFolxPCK"" folds",2026-09-11T09:35:05.173Z,178911930517300
"""player 19 @ hwP7SzeYai"" raises to 269",2026-09-11T09:34:40.270Z,178911928027000
"""player 7 @ O8SRi7DfXR"" calls 138",2026-09-11T09:34:36.980Z,178911927698000
"""player 35 @ uewFolxPCK"" raises to 138",2026-09-11T09:34:26.347Z,178911926634700
"""player 19 @ hwP7SzeYai"" bets 69",2026-09-11T09:34:22.848Z,178911926284800
"""player 7 @ O8SRi7DfXR"" checks",2026-09-11T09:34:18.574Z,178911925857400
"""player 35 @ uewFolxPCK"" checks",2026-09-11T09:34:16.740Z,178911925674000
"Turn: 9♦, 4♣, 6♠ [3♥]",2026-09-11T09:34:15.185Z,178911925518500
"""player 7 @ O8SRi7DfXR"" calls 10",2026-09-11T09:34:14.332Z,178911925433200
"""player 35 @ uewFolxPCK"" calls 10",2026-09-11T09:34:13.392Z,178911925339200
"""player 19 @ hwP7SzeYai"" bets 10",2026-09-11T09:34:12.450Z,178911925245000
"""player 7 @ O8SRi7DfXR"" checks",2026-09-11T09:34:04.335Z,178911924433500
"""player 35 @ uewFolxPCK"" checks",2026-09-11T09:34:02.632Z,178911924263200
"Flop:  [9♦, 4♣, 6♠]",2026-09-11T09:34:01.086Z,178911924108600
"""player 35 @ uewFolxPCK"" calls 25",2026-09-11T09:34:00.279Z,178911924027900
"""player 19 @ hwP7SzeYai"" calls 25",2026-09-11T09:33:59.296Z,178911923929600
"""player 7 @ O8SRi7DfXR"" raises to 25",2026-09-11T09:33:55.128Z,178911923512800
"""player 35 @ uewFolxPCK"" calls 10",2026-09-11T09:33:51.390Z,178911923139000
"""player 19 @ hwP7SzeYai"" calls 10",2026-09-11T09:33:50.127Z,178911923012700
"""player 7 @ O8SRi7DfXR"" posts a big blind of 10",2026-09-11T09:33:48.082Z,178911922808206
"""player 35 @ uewFolxPCK"" posts a small blind of 5",2026-09-11T09:33:48.082Z,178911922808205
"Player stacks: #2 ""player 7 @ O8SRi7DfXR"" (426) | #3 ""player 19 @ hwP7SzeYai"" (1278) | #5 ""player 35 @ uewFolxPCK"" (4296)",2026-09-11T09:33:48.082Z,178911922808201
"-- starting hand #174 (id: 2wvkirxbnz3q)  No Limit Texas Hold'em (dealer: ""player 19 @ hwP7SzeYai"") --",2026-09-11T09:33:48.082Z,178911922808200
"""player 7 @ O8SRi7DfXR"" shows a Q♥, A♥.",2026-09-11T09:33:44.167Z,178911922416700
"-- ending hand #173 --",2026-09-11T09:33:41.559Z,178911922155902
"""player 35 @ uewFolxPCK"" collected 140 from pot with Two Pair, J's & 8's (combination: 5♣, 8♦, 8♥, J♦, J♠)",2026-09-11T09:33:41.559Z,178911922155901
"""player 35 @ uewFolxPCK"" shows a 5♣, 8♦.",2026-09-11T09:33:41.559Z,178911922155900
"""player 7 @ O8SRi7DfXR"" calls 10",2026-09-11T09:33:40.670Z,178911922067000
"""player 35 @ uewFolxPCK"" bets 10",2026-09-11T09:33:39.367Z,178911921936700
"""player 19 @ hwP7SzeYai"" folds",2026-09-11T09:33:37.983Z,178911921798300
"River: 2♣, 8♥, J♦, 2♥ [J♠]",2026-09-11T09:33:35.750Z,178911921575000
"""player 7 @ O8SRi7DfXR"" checks",2026-09-11T09:33:34.889Z,178911921488900
"""player 35 @ uewFolxPCK"" checks",2026-09-11T09:33:33.982Z,178911921398200
"""player 19 @ hwP7SzeYai"" checks",2026-09-11T09:33:27.947Z,178911920794700
"Turn: 2♣, 8♥, J♦ [2♥]",2026-09-11T09:33:25.635Z,178911920563500
"""player 7 @ O8SRi7DfXR"" checks",2026-09-11T09:33:24.800Z,178911920480000
"""player 35 @ uewFolxPCK"" checks",2026-09-11T09:33:23.860Z,178911920386000
"""player 19 @ hwP7SzeYai"" checks",2026-09-11T09:33:21.044Z,178911920104400
"Flop:  [2♣, 8♥, J♦]",2026-09-11T09:33:18.118Z,178911919811800
"""player 35 @ uewFolxPCK"" calls 40",2026-09-11T09:33:17.250Z,178911919725000
"""player 19 @ hwP7SzeYai"" calls 40",2026-09-11T09:33:01.481Z,178911918148100
"""player 7 @ O8SRi7DfXR"" raises to 40",2026-09-11T09:32:58.580Z,178911917858000
"""player 35 @ uewFolxPCK"" posts a big blind of 10",2026-09-11T09:32:48.259Z,178911916825906
"""player 19 @ hwP7SzeYai"" posts a small blind of 5",2026-09-11T09:32:48.259Z,178911916825905
"Your hand is 5♣, 8♦",2026-09-11T09:32:48.259Z,178911916825904
"Player stacks: #2 ""player 7 @ O8SRi7DfXR"" (476) | #3 ""player 19 @ hwP7SzeYai"" (1318) | #5 ""player 35 @ uewFolxPCK"" (4206)",2026-09-11T09:32:48.259Z,178911916825901
"-- starting hand #173 (id: v2uywdmh22yu)  No Limit Texas Hold'em (dealer: ""player 7 @ O8SRi7DfXR"") --",2026-09-11T09:32:48.259Z,178911916825900
"""player 7 @ O8SRi7DfXR"" shows a A♣, A♦.",2026-09-11T09:32:44.358Z,178911916435800
"""player 35 @ uewFolxPCK"" shows a J♠, 6♠.",2026-09-11T09:32:44.149Z,178911916414900
"-- ending hand #172 --",2026-09-11T09:32:43.856Z,178911916385602
"""player 7 @ O8SRi7DfXR"" collected 190 from pot",2026-09-11T09:32:43.856Z,178911916385601
"Uncalled bet of 286 returned to ""player 7 @ O8SRi7DfXR""",2026-09-11T09:32:43.856Z,178911916385600
"""player 35 @ uewFolxPCK"" folds",2026-09-11T09:32:43.004Z,178911916300400
"""player 7 @ O8SRi7DfXR"" bets 286 and go all in",2026-09-11T09:32:33.842Z,178911915384200
"River: A♥, 9♠, 6♦, Q♠ [10♠]",2026-09-11T09:32:31.648Z,178911915164800
"""player 35 @ uewFolxPCK"" checks",2026-09-11T09:32:30.761Z,178911915076100
"""player 7 @ O8SRi7DfXR"" checks",2026-09-11T09:32:29.734Z,178911914973400
"Turn: A♥, 9♠, 6♦ [Q♠]",2026-09-11T09:32:28.246Z,178911914824600
"""player 35 @ uewFolxPCK"" checks",2026-09-11T09:32:27.397Z,178911914739700
"""player 7 @ O8SRi7DfXR"" checks",2026-09-11T09:32:26.345Z,178911914634500
"Flop:  [A♥, 9♠, 6♦]",2026-09-11T09:32:24.923Z,178911914492300
"""player 35 @ uewFolxPCK"" calls 90",2026-09-11T09:32:24.105Z,178911914410500
"""player 19 @ hwP7SzeYai"" folds",2026-09-11T09:32:22.299Z,178911914229900
"""player 7 @ O8SRi7DfXR"" raises to 90",2026-09-11T09:32:19.982Z,178911913998200
"""player 35 @ uewFolxPCK"" raises to 30",2026-09-11T09:32:16.787Z,178911913678700
"""player 19 @ hwP7SzeYai"" posts a big blind of 10",2026-09-11T09:32:15.238Z,178911913523806
"""player 7 @ O8SRi7DfXR"" posts a small blind of 5",2026-09-11T09:32:15.238Z,178911913523805
"Your hand is J♠, 6♠",2026-09-11T09:32:15.238Z,178911913523804
"Player stacks: #2 ""player 7 @ O8SRi7DfXR"" (376) | #3 ""player 19 @ hwP7SzeYai"" (1328) | #5 ""player 35 @ uewFolxPCK"" (4296)",2026-09-11T09:32:15.238Z,178911913523801
"-- starting hand #172 (id: h4ld79yqsi8q)  No Limit Texas Hold'em (dealer: ""player 35 @ uewFolxPCK"") --",2026-09-11T09:32:15.238Z,178911913523800
"Undealt cards: J♣, 9♥, A♦, K♥ [3♠]",2026-09-11T09:32:09.525Z,178911912952500
"-- ending hand #171 --",2026-09-11T09:32:09.236Z,178911912923602
"""player 7 @ O8SRi7DfXR"" collected 110 from pot",2026-09-11T09:32:09.236Z,178911912923601
"Uncalled bet of 33 returned to ""player 7 @ O8SRi7DfXR""",2026-09-11T09:32:09.236Z,178911912923600
"""player 35 @ uewFolxPCK"" folds",2026-09-11T09:32:08.352Z,178911912835200
"""player 7 @ O8SRi7DfXR"" bets 33",2026-09-11T09:32:05.191Z,178911912519100
"""player 35 @ uewFolxPCK"" checks",2026-09-11T09:31:57.886Z,178911911788600
"Turn: J♣, 9♥, A♦ [K♥]",2026-09-11T09:31:51.488Z,178911911148800
"""player 7 @ O8SRi7DfXR"" checks",2026-09-11T09:31:50.678Z,178911911067800
"""player 35 @ uewFolxPCK"" checks",2026-09-11T09:31:45.153Z,178911910515300
"Flop:  [J♣, 9♥, A♦]",2026-09-11T09:31:43.840Z,178911910384000
"""player 35 @ uewFolxPCK"" calls 50",2026-09-11T09:31:43.018Z,178911910301800
"""player 19 @ hwP7SzeYai"" folds",2026-09-11T09:31:41.338Z,178911910133800
"""player 7 @ O8SRi7DfXR"" raises to 50",2026-09-11T09:31:39.582Z,178911909958200
"""player 35 @ uewFolxPCK"" calls 10",2026-09-11T09:31:37.645Z,178911909764500
"""player 19 @ hwP7SzeYai"" calls 10",2026-09-11T09:31:36.441Z,178911909644100
"""player 7 @ O8SRi7DfXR"" posts a big blind of 10",2026-09-11T09:31:33.952Z,178911909395206
"""player 35 @ uewFolxPCK"" posts a small blind of 5",2026-09-11T09:31:33.952Z,178911909395205
"Player stacks: #2 ""player 7 @ O8SRi7DfXR"" (316) | #3 ""player 19 @ hwP7SzeYai"" (1338) | #5 ""player 35 @ uewFolxPCK"" (4346)",2026-09-11T09:31:33.952Z,178911909395201
"-- starting hand #171 (id: ze3d8d9kg0lp)  No Limit Texas Hold'em (dealer: ""player 19 @ hwP7SzeYai"") --",2026-09-11T09:31:33.952Z,178911909395200
"""player 7 @ O8SRi7DfXR"" shows a 8♣.",2026-09-11T09:31:29.435Z,178911908943500
"""player 7 @ O8SRi7DfXR"" shows a 5♣.",2026-09-11T09:31:28.729Z,178911908872900
"Undealt cards: 5♥, 2♥, 7♥ [J♦, A♣]",2026-09-11T09:31:28.574Z,178911908857400
"-- ending hand #170 --",2026-09-11T09:31:27.338Z,178911908733802
"""player 19 @ hwP7SzeYai"" collected 30 from pot",2026-09-11T09:31:27.338Z,178911908733801
"Uncalled bet of 93 returned to ""player 19 @ hwP7SzeYai""",2026-09-11T09:31:27.338Z,178911908733800
"""player 7 @ O8SRi7DfXR"" folds",2026-09-11T09:31:26.510Z,178911908651000
"""player 35 @ uewFolxPCK"" folds",2026-09-11T09:31:24.652Z,178911908465200
"""player 19 @ hwP7SzeYai"" bets 93",2026-09-11T09:31:23.761Z,178911908376100
"Flop:  [5♥, 2♥, 7♥]",2026-09-11T09:31:17.647Z,178911907764700
"""player 35 @ uewFolxPCK"" checks",2026-09-11T09:31:16.818Z,178911907681800
"""player 19 @ hwP7SzeYai"" calls 10",2026-09-11T09:31:15.899Z,178911907589900
"""player 7 @ O8SRi7DfXR"" calls 10",2026-09-11T09:31:14.377Z,178911907437700
"""player 35 @ uewFolxPCK"" posts a big blind of 10",2026-09-11T09:31:13.351Z,178911907335106
"""player 19 @ hwP7SzeYai"" posts a small blind of 5",2026-09-11T09:31:13.351Z,178911907335105
"Player stacks: #2 ""player 7 @ O8SRi7DfXR"" (326) | #3 ""player 19 @ hwP7SzeYai"" (1318) | #5 ""player 35 @ uewFolxPCK"" (4356)",2026-09-11T09:31:13.351Z,178911907335101
"-- starting hand #170 (id: ibyroahuznox)  No Limit Texas Hold'em (dealer: ""player 7 @ O8SRi7DfXR"") --",2026-09-11T09:31:13.351Z,178911907335100
"-- ending hand #169 --",2026-09-11T09:31:07.318Z,178911906731803
"""player 35 @ uewFolxPCK"" collected 285 from pot with A High (combination: 8♦, 10♠, Q♠, K♦, A♠)",2026-09-11T09:31:07.318Z,178911906731802
"""player 35 @ uewFolxPCK"" shows a Q♠, A♠.",2026-09-11T09:31:07.318Z,178911906731801
"""player 7 @ O8SRi7DfXR"" shows a 9♣, A♦.",2026-09-11T09:31:07.318Z,178911906731800
"""player 35 @ uewFolxPCK"" checks",2026-09-11T09:31:06.476Z,178911906647600
"""player 7 @ O8SRi7DfXR"" checks",2026-09-11T09:31:05.540Z,178911906554000
"River: 3♥, K♦, 5♣, 10♠ [8♦]",2026-09-11T09:31:04.843Z,178911906484300
"""player 35 @ uewFolxPCK"" checks",2026-09-11T09:31:04.004Z,178911906400400
"""player 7 @ O8SRi7DfXR"" checks",2026-09-11T09:31:02.976Z,178911906297600
"Turn: 3♥, K♦, 5♣ [10♠]",2026-09-11T09:31:01.980Z,178911906198000
"""player 35 @ uewFolxPCK"" checks",2026-09-11T09:31:01.034Z,178911906103400
"""player 7 @ O8SRi7DfXR"" checks",2026-09-11T09:30:59.175Z,178911905917500
"Flop:  [3♥, K♦, 5♣]",2026-09-11T09:30:57.666Z,178911905766600
"""player 19 @ hwP7SzeYai"" folds",2026-09-11T09:30:56.820Z,178911905682000
"""player 7 @ O8SRi7DfXR"" calls 111",2026-09-11T09:30:55.481Z,178911905548100
"""player 35 @ uewFolxPCK"" raises to 111",2026-09-11T09:30:43.083Z,178911904308300
"""player 19 @ hwP7SzeYai"" raises to 63",2026-09-11T09:30:25.213Z,178911902521300
"""player 7 @ O8SRi7DfXR"" calls 33",2026-09-11T09:30:23.035Z,178911902303500
"""player 35 @ uewFolxPCK"" raises to 33",2026-09-11T09:30:18.236Z,178911901823600
"""player 19 @ hwP7SzeYai"" posts a big blind of 10",2026-09-11T09:30:07.129Z,178911900712906
"""player 7 @ O8SRi7DfXR"" posts a small blind of 5",2026-09-11T09:30:07.129Z,178911900712905
"Your hand is Q♠, A♠",2026-09-11T09:30:07.129Z,178911900712904
"Player stacks: #2 ""player 7 @ O8SRi7DfXR"" (437) | #3 ""player 19 @ hwP7SzeYai"" (1381) | #5 ""player 35 @ uewFolxPCK"" (4182)",2026-09-11T09:30:07.129Z,178911900712901
"-- starting hand #169 (id: 7kdktopxztnp)  No Limit Texas Hold'em (dealer: ""player 35 @ uewFolxPCK"") --",2026-09-11T09:30:07.129Z,178911900712900
"""player 19 @ hwP7SzeYai"" shows a 6♣.",2026-09-11T09:30:03.622Z,178911900362200
"-- ending hand #168 --",2026-09-11T09:30:00.472Z,178911900047202
"""player 19 @ hwP7SzeYai"" collected 30 from pot",2026-09-11T09:30:00.472Z,178911900047201
"Uncalled bet of 63 returned to ""player 19 @ hwP7SzeYai""",2026-09-11T09:30:00.472Z,178911900047200
"""player 7 @ O8SRi7DfXR"" folds",2026-09-11T09:29:59.629Z,178911899962900
"""player 19 @ hwP7SzeYai"" bets 63",2026-09-11T09:29:58.561Z,178911899856100
"""player 7 @ O8SRi7DfXR"" checks",2026-09-11T09:29:56.063Z,178911899606300
"""player 35 @ uewFolxPCK"" folds",2026-09-11T09:29:54.667Z,178911899466700
"Flop:  [K♥, 4♥, 6♠]",2026-09-11T09:29:52.231Z,178911899223100
"""player 7 @ O8SRi7DfXR"" checks",2026-09-11T09:29:51.353Z,178911899135300
"""player 35 @ uewFolxPCK"" calls 10",2026-09-11T09:29:49.466Z,178911898946600
"""player 19 @ hwP7SzeYai"" calls 10",2026-09-11T09:29:47.374Z,178911898737400
"""player 7 @ O8SRi7DfXR"" posts a big blind of 10",2026-09-11T09:29:40.499Z,178911898049906
"""player 35 @ uewFolxPCK"" posts a small blind of 5",2026-09-11T09:29:40.499Z,178911898049905
"Player stacks: #2 ""player 7 @ O8SRi7DfXR"" (447) | #3 ""player 19 @ hwP7SzeYai"" (1361) | #5 ""player 35 @ uewFolxPCK"" (4192)",2026-09-11T09:29:40.499Z,178911898049901
"-- starting hand #168 (id: g4avv3wec3xz)  No Limit Texas Hold'em (dealer: ""player 19 @ hwP7SzeYai"") --",2026-09-11T09:29:40.499Z,178911898049900
"""player 35 @ uewFolxPCK"" shows a 8♦, 8♥.",2026-09-11T09:29:36.987Z,178911897698700
"""player 7 @ O8SRi7DfXR"" shows a 6♣, 5♣.",2026-09-11T09:29:34.336Z,178911897433600
"-- ending hand #167 --",2026-09-11T09:29:33.496Z,178911897349602
"""player 19 @ hwP7SzeYai"" collected 311 from pot with Two Pair, K's & 7's (combination: A♥, 7♥, 7♦, K♦, K♣)",2026-09-11T09:29:33.496Z,178911897349601
"""player 19 @ hwP7SzeYai"" shows a K♦, 7♥.",2026-09-11T09:29:33.496Z,178911897349600
"""player 7 @ O8SRi7DfXR"" folds",2026-09-11T09:29:32.683Z,178911897268300
"""player 35 @ uewFolxPCK"" calls 91",2026-09-11T09:29:30.784Z,178911897078400
"""player 19 @ hwP7SzeYai"" bets 91",2026-09-11T09:29:26.473Z,178911896647300
"River: 7♦, 4♣, 9♦, K♣ [A♥]",2026-09-11T09:29:15.230Z,178911895523000
"""player 7 @ O8SRi7DfXR"" calls 10",2026-09-11T09:29:14.388Z,178911895438800
"""player 35 @ uewFolxPCK"" calls 10",2026-09-11T09:29:13.487Z,178911895348700
"""player 19 @ hwP7SzeYai"" bets 10",2026-09-11T09:29:11.952Z,178911895195200
"Turn: 7♦, 4♣, 9♦ [K♣]",2026-09-11T09:29:09.749Z,178911894974900
"""player 7 @ O8SRi7DfXR"" checks",2026-09-11T09:29:08.912Z,178911894891200
"""player 35 @ uewFolxPCK"" checks",2026-09-11T09:29:07.387Z,178911894738700
"""player 19 @ hwP7SzeYai"" checks",2026-09-11T09:29:06.126Z,178911894612600
"Flop:  [7♦, 4♣, 9♦]",2026-09-11T09:29:04.008Z,178911894400800
"""player 19 @ hwP7SzeYai"" calls 33",2026-09-11T09:29:03.153Z,178911894315300
"""player 7 @ O8SRi7DfXR"" calls 33",2026-09-11T09:29:02.231Z,178911894223100
"""player 35 @ uewFolxPCK"" raises to 33",2026-09-11T09:29:00.398Z,178911894039800
"""player 19 @ hwP7SzeYai"" calls 10",2026-09-11T09:28:59.025Z,178911893902500
"""player 7 @ O8SRi7DfXR"" calls 10",2026-09-11T09:28:58.091Z,178911893809100
"""player 35 @ uewFolxPCK"" posts a big blind of 10",2026-09-11T09:28:57.007Z,178911893700706
"""player 19 @ hwP7SzeYai"" posts a small blind of 5",2026-09-11T09:28:57.007Z,178911893700705
"Your hand is 8♦, 8♥",2026-09-11T09:28:57.007Z,178911893700704
"Player stacks: #2 ""player 7 @ O8SRi7DfXR"" (490) | #3 ""player 19 @ hwP7SzeYai"" (1184) | #5 ""player 35 @ uewFolxPCK"" (4326)",2026-09-11T09:28:57.007Z,178911893700701
"-- starting hand #167 (id: lr8brxjmrqpv)  No Limit Texas Hold'em (dealer: ""player 7 @ O8SRi7DfXR"") --",2026-09-11T09:28:57.007Z,178911893700700
"-- ending hand #166 --",2026-09-11T09:28:50.949Z,178911893094904
"""player 35 @ uewFolxPCK"" collected 99 from pot with Pair, 9's (combination: 8♥, 10♦, K♥, 9♠, 9♥)",2026-09-11T09:28:50.949Z,178911893094903
"""player 35 @ uewFolxPCK"" shows a 9♠, 8♥.",2026-09-11T09:28:50.949Z,178911893094902
"""player 19 @ hwP7SzeYai"" shows a 9♣, 2♠.",2026-09-11T09:28:50.949Z,178911893094901
"""player 7 @ O8SRi7DfXR"" shows a Q♥, 3♠.",2026-09-11T09:28:50.949Z,178911893094900
"""player 35 @ uewFolxPCK"" checks",2026-09-11T09:28:50.135Z,178911893013500
"""player 19 @ hwP7SzeYai"" checks",2026-09-11T09:28:49.200Z,178911892920000
"""player 7 @ O8SRi7DfXR"" checks",2026-09-11T09:28:48.220Z,178911892822000
"River: K♥, 10♦, 9♥, 5♥ [6♠]",2026-09-11T09:28:47.057Z,178911892705700
"""player 35 @ uewFolxPCK"" checks",2026-09-11T09:28:46.232Z,178911892623200
"""player 19 @ hwP7SzeYai"" checks",2026-09-11T09:28:45.342Z,178911892534200
"""player 7 @ O8SRi7DfXR"" checks",2026-09-11T09:28:43.723Z,178911892372300
"Turn: K♥, 10♦, 9♥ [5♥]",2026-09-11T09:28:42.652Z,178911892265200
"""player 35 @ uewFolxPCK"" checks",2026-09-11T09:28:41.811Z,178911892181100
"""player 19 @ hwP7SzeYai"" checks",2026-09-11T09:28:40.851Z,178911892085100
"""player 7 @ O8SRi7DfXR"" checks",2026-09-11T09:28:39.845Z,178911891984500
"Flop:  [K♥, 10♦, 9♥]",2026-09-11T09:28:38.250Z,178911891825000
"""player 19 @ hwP7SzeYai"" calls 33",2026-09-11T09:28:37.397Z,178911891739700
"""player 7 @ O8SRi7DfXR"" calls 33",2026-09-11T09:28:36.259Z,178911891625900
"""player 35 @ uewFolxPCK"" raises to 33",2026-09-11T09:28:33.344Z,178911891334400
"""player 19 @ hwP7SzeYai"" posts a big blind of 10",2026-09-11T09:28:31.122Z,178911891112206
"""player 7 @ O8SRi7DfXR"" posts a small blind of 5",2026-09-11T09:28:31.122Z,178911891112205
"Your hand is 9♠, 8♥",2026-09-11T09:28:31.122Z,178911891112204
"Player stacks: #2 ""player 7 @ O8SRi7DfXR"" (523) | #3 ""player 19 @ hwP7SzeYai"" (1217) | #5 ""player 35 @ uewFolxPCK"" (4260)",2026-09-11T09:28:31.122Z,178911891112201
"-- starting hand #166 (id: vzzy1xy6pzm5)  No Limit Texas Hold'em (dealer: ""player 35 @ uewFolxPCK"") --",2026-09-11T09:28:31.122Z,178911891112200
"""player 7 @ O8SRi7DfXR"" shows a 4♦, 4♠.",2026-09-11T09:28:25.908Z,178911890590800
"-- ending hand #165 --",2026-09-11T09:28:24.588Z,178911890458802
"""player 35 @ uewFolxPCK"" collected 150 from pot with Two Pair, Q's & 9's (combination: 8♦, 9♦, 9♠, Q♠, Q♦)",2026-09-11T09:28:24.588Z,178911890458801
"""player 35 @ uewFolxPCK"" shows a 9♦, Q♠.",2026-09-11T09:28:24.588Z,178911890458800
"""player 19 @ hwP7SzeYai"" calls 10",2026-09-11T09:28:23.766Z,178911890376600
"""player 35 @ uewFolxPCK"" bets 10",2026-09-11T09:28:22.363Z,178911890236300
"River: Q♦, 8♦, 2♣, 9♠ [4♥]",2026-09-11T09:28:19.785Z,178911889978500
"""player 19 @ hwP7SzeYai"" calls 50",2026-09-11T09:28:18.936Z,178911889893600
"""player 7 @ O8SRi7DfXR"" folds",2026-09-11T09:28:10.574Z,178911889057400
"""player 35 @ uewFolxPCK"" bets 50",2026-09-11T09:28:09.424Z,178911888942400
"Turn: Q♦, 8♦, 2♣ [9♠]",2026-09-11T09:28:03.949Z,178911888394900
"""player 19 @ hwP7SzeYai"" checks",2026-09-11T09:28:03.134Z,178911888313400
"""player 7 @ O8SRi7DfXR"" checks",2026-09-11T09:28:02.054Z,178911888205400
"""player 35 @ uewFolxPCK"" checks",2026-09-11T09:28:00.230Z,178911888023000
"Flop:  [Q♦, 8♦, 2♣]",2026-09-11T09:27:58.709Z,178911887870900
"""player 7 @ O8SRi7DfXR"" checks",2026-09-11T09:27:57.891Z,178911887789100
"""player 35 @ uewFolxPCK"" calls 10",2026-09-11T09:27:54.761Z,178911887476100
"""player 19 @ hwP7SzeYai"" calls 10",2026-09-11T09:27:53.834Z,178911887383400
"""player 7 @ O8SRi7DfXR"" posts a big blind of 10",2026-09-11T09:27:49.574Z,178911886957406
"""player 35 @ uewFolxPCK"" posts a small blind of 5",2026-09-11T09:27:49.574Z,178911886957405
"Your hand is 9♦, Q♠",2026-09-11T09:27:49.574Z,178911886957404
"Player stacks: #2 ""player 7 @ O8SRi7DfXR"" (533) | #3 ""player 19 @ hwP7SzeYai"" (1287) | #5 ""player 35 @ uewFolxPCK"" (4180)",2026-09-11T09:27:49.574Z,178911886957401
"-- starting hand #165 (id: boov3icfqlox)  No Limit Texas Hold'em (dealer: ""player 19 @ hwP7SzeYai"") --",2026-09-11T09:27:49.574Z,178911886957400
"""player 7 @ O8SRi7DfXR"" shows a 7♥, 2♠.",2026-09-11T09:27:46.702Z,178911886670200
"""player 19 @ hwP7SzeYai"" shows a A♦.",2026-09-11T09:27:45.162Z,178911886516200
"""player 19 @ hwP7SzeYai"" shows a 2♦.",2026-09-11T09:27:44.819Z,178911886481900
"Undealt cards: 4♥, 2♣, K♦ [3♠, 9♠]",2026-09-11T09:27:42.437Z,178911886243700
"-- ending hand #164 --",2026-09-11T09:27:42.251Z,178911886225101
"""player 19 @ hwP7SzeYai"" collected 42 from pot",2026-09-11T09:27:42.251Z,178911886225100
"""player 35 @ uewFolxPCK"" folds",2026-09-11T09:27:41.448Z,178911886144800
"""player 19 @ hwP7SzeYai"" checks",2026-09-11T09:27:40.552Z,178911886055200
"Flop:  [4♥, 2♣, K♦]",2026-09-11T09:27:37.708Z,178911885770800
"""player 35 @ uewFolxPCK"" calls 21",2026-09-11T09:27:36.876Z,178911885687600
"""player 19 @ hwP7SzeYai"" raises to 21",2026-09-11T09:27:35.658Z,178911885565800
"""player 7 @ O8SRi7DfXR"" folds",2026-09-11T09:27:31.455Z,178911885145500
"""player 35 @ uewFolxPCK"" posts a big blind of 10",2026-09-11T09:27:29.651Z,178911884965107
"""player 19 @ hwP7SzeYai"" posts a small blind of 5",2026-09-11T09:27:29.651Z,178911884965106
"Player stacks: #2 ""player 7 @ O8SRi7DfXR"" (533) | #3 ""player 19 @ hwP7SzeYai"" (1266) | #5 ""player 35 @ uewFolxPCK"" (4201)",2026-09-11T09:27:29.651Z,178911884965102
"-- starting hand #164 (id: zxh9ku3ladrl)  No Limit Texas Hold'em (dealer: ""player 7 @ O8SRi7DfXR"") --",2026-09-11T09:27:29.651Z,178911884965101
"The admin updated the player ""player 35 @ uewFolxPCK"" stack from 5201 to 4201.",2026-09-11T09:27:29.651Z,178911884965100
"-- ending hand #163 --",2026-09-11T09:27:21.644Z,178911884164402
"""player 7 @ O8SRi7DfXR"" collected 266 from pot with Pair, Q's on the second run  (combination: 9♠, 10♥, J♠, Q♥, Q♦)",2026-09-11T09:27:21.644Z,178911884164401
"""player 7 @ O8SRi7DfXR"" collected 267 from pot with Pair, Q's (combination: 7♠, 10♥, J♠, Q♥, Q♦)",2026-09-11T09:27:21.644Z,178911884164400
"River (second run): 7♠, 10♥, 4♠, Q♦ [9♠]",2026-09-11T09:27:17.639Z,178911883763900
"River: 7♠, 10♥, 4♠, Q♦ [3♥]",2026-09-11T09:27:13.584Z,178911883358400
"""player 7 @ O8SRi7DfXR"" shows a Q♥, J♠.",2026-09-11T09:27:09.580Z,178911882958000
"""player 35 @ uewFolxPCK"" shows a 9♦, 8♦.",2026-09-11T09:27:09.319Z,178911882931900
"All players in hand choose to run it twice.",2026-09-11T09:27:08.776Z,178911882877601
"""player 7 @ O8SRi7DfXR"" chooses to  run it twice.",2026-09-11T09:27:08.776Z,178911882877600
"""player 35 @ uewFolxPCK"" chooses to  run it twice.",2026-09-11T09:27:08.527Z,178911882852700
"Remaining players decide whether to run it twice.",2026-09-11T09:27:07.848Z,178911882784801
"""player 35 @ uewFolxPCK"" calls 184",2026-09-11T09:27:07.848Z,178911882784800
"""player 7 @ O8SRi7DfXR"" raises to 184 and go all in",2026-09-11T09:27:05.867Z,178911882586700
"""player 35 @ uewFolxPCK"" bets 33",2026-09-11T09:27:04.268Z,178911882426800
"""player 7 @ O8SRi7DfXR"" checks",2026-09-11T09:27:02.480Z,178911882248000
"Turn: 7♠, 10♥, 4♠ [Q♦]",2026-09-11T09:27:01.096Z,178911882109600
"""player 19 @ hwP7SzeYai"" folds",2026-09-11T09:27:00.261Z,178911882026100
"""player 7 @ O8SRi7DfXR"" calls 33",2026-09-11T09:26:59.085Z,178911881908500
"""player 35 @ uewFolxPCK"" bets 33",2026-09-11T09:26:56.978Z,178911881697800
"""player 19 @ hwP7SzeYai"" checks",2026-09-11T09:26:55.438Z,178911881543800
"""player 7 @ O8SRi7DfXR"" checks",2026-09-11T09:26:54.071Z,178911881407100
"Flop:  [7♠, 10♥, 4♠]",2026-09-11T09:26:51.536Z,178911881153600
"""player 19 @ hwP7SzeYai"" calls 33",2026-09-11T09:26:50.707Z,178911881070700
"""player 7 @ O8SRi7DfXR"" calls 33",2026-09-11T09:26:46.145Z,178911880614500
"""player 35 @ uewFolxPCK"" raises to 33",2026-09-11T09:26:43.921Z,178911880392100
"WARNING: the admin queued the stack change for the player ""player 35 @ uewFolxPCK"" removing 1000 chips in the next hand.",2026-09-11T09:26:39.465Z,178911879946500
"""player 19 @ hwP7SzeYai"" posts a big blind of 10",2026-09-11T09:26:34.998Z,178911879499807
"""player 7 @ O8SRi7DfXR"" posts a small blind of 5",2026-09-11T09:26:34.998Z,178911879499806
"Your hand is 9♦, 8♦",2026-09-11T09:26:34.998Z,178911879499805
"Player stacks: #2 ""player 7 @ O8SRi7DfXR"" (250) | #3 ""player 19 @ hwP7SzeYai"" (1299) | #5 ""player 35 @ uewFolxPCK"" (5451)",2026-09-11T09:26:34.998Z,178911879499802
"-- starting hand #163 (id: uidem58o0tet)  No Limit Texas Hold'em (dealer: ""player 35 @ uewFolxPCK"") --",2026-09-11T09:26:34.998Z,178911879499801
"The player ""player 7 @ O8SRi7DfXR"" joined the game with a stack of 250.",2026-09-11T09:26:34.998Z,178911879499800
"The admin approved the player ""player 7 @ O8SRi7DfXR"" participation with a stack of 250.",2026-09-11T09:26:31.110Z,178911879111000
"-- ending hand #162 --",2026-09-11T09:26:28.968Z,178911878896802
"""player 35 @ uewFolxPCK"" collected 40 from pot with Pair, K's (combination: 5♠, 9♣, 10♠, K♠, K♦)",2026-09-11T09:26:28.968Z,178911878896801
"""player 35 @ uewFolxPCK"" shows a K♠, 3♠.",2026-09-11T09:26:28.968Z,178911878896800
"""player 19 @ hwP7SzeYai"" calls 10",2026-09-11T09:26:28.147Z,178911878814700
"The player ""player 7 @ O8SRi7DfXR"" requested a seat.",2026-09-11T09:26:27.234Z,178911878723400
"""player 35 @ uewFolxPCK"" bets 10",2026-09-11T09:26:25.820Z,178911878582000
"River: 9♣, 2♣, K♦, 10♠ [5♠]",2026-09-11T09:26:25.068Z,178911878506800
"""player 19 @ hwP7SzeYai"" checks",2026-09-11T09:26:24.241Z,178911878424100
"""player 35 @ uewFolxPCK"" checks",2026-09-11T09:26:23.214Z,178911878321400
"Turn: 9♣, 2♣, K♦ [10♠]",2026-09-11T09:26:22.636Z,178911878263600
"""player 19 @ hwP7SzeYai"" checks",2026-09-11T09:26:21.801Z,178911878180100
"""player 35 @ uewFolxPCK"" checks",2026-09-11T09:26:20.661Z,178911878066100
"Flop:  [9♣, 2♣, K♦]",2026-09-11T09:26:19.361Z,178911877936100
"""player 35 @ uewFolxPCK"" checks",2026-09-11T09:26:18.523Z,178911877852300
"""player 19 @ hwP7SzeYai"" calls 10",2026-09-11T09:26:17.602Z,178911877760200
"""player 35 @ uewFolxPCK"" posts a big blind of 10",2026-09-11T09:26:11.558Z,178911877155806
"""player 19 @ hwP7SzeYai"" posts a small blind of 5",2026-09-11T09:26:11.558Z,178911877155805
"Your hand is K♠, 3♠",2026-09-11T09:26:11.558Z,178911877155804
"Player stacks: #3 ""player 19 @ hwP7SzeYai"" (1319) | #5 ""player 35 @ uewFolxPCK"" (5431)",2026-09-11T09:26:11.558Z,178911877155802
"-- starting hand #162 (id: wnwd66xyz6i3)  No Limit Texas Hold'em (dealer: ""player 19 @ hwP7SzeYai"") --",2026-09-11T09:26:11.558Z,178911877155801
"The player ""player 7 @ O8SRi7DfXR"" quits the game with a stack of 0.",2026-09-11T09:26:11.558Z,178911877155800
"-- ending hand #161 --",2026-09-11T09:26:05.552Z,178911876555204
"""player 35 @ uewFolxPCK"" collected 621 from pot with Flush, Q High (combination: 2♦, 3♦, 8♦, J♦, Q♦)",2026-09-11T09:26:05.552Z,178911876555203
"""player 35 @ uewFolxPCK"" shows a Q♣, J♦.",2026-09-11T09:26:05.552Z,178911876555202
"""player 19 @ hwP7SzeYai"" shows a 2♥, 7♦.",2026-09-11T09:26:05.552Z,178911876555201
"""player 7 @ O8SRi7DfXR"" shows a 3♣, A♣.",2026-09-11T09:26:05.552Z,178911876555200
"""player 35 @ uewFolxPCK"" checks",2026-09-11T09:26:04.672Z,178911876467200
"""player 19 @ hwP7SzeYai"" checks",2026-09-11T09:26:03.060Z,178911876306000
"River: 8♦, A♥, 2♦, Q♦ [3♦]",2026-09-11T09:26:02.177Z,178911876217700
"""player 35 @ uewFolxPCK"" checks",2026-09-11T09:26:01.309Z,178911876130900
"""player 19 @ hwP7SzeYai"" checks",2026-09-11T09:26:00.381Z,178911876038100
"Turn: 8♦, A♥, 2♦ [Q♦]",2026-09-11T09:25:59.629Z,178911875962900
"""player 35 @ uewFolxPCK"" checks",2026-09-11T09:25:58.795Z,178911875879500
"""player 19 @ hwP7SzeYai"" checks",2026-09-11T09:25:57.910Z,178911875791000
"Flop:  [8♦, A♥, 2♦]",2026-09-11T09:25:55.177Z,178911875517700
"""player 35 @ uewFolxPCK"" calls 207",2026-09-11T09:25:54.358Z,178911875435800
"""player 19 @ hwP7SzeYai"" calls 207",2026-09-11T09:25:50.416Z,178911875041600
"""player 7 @ O8SRi7DfXR"" raises to 207 and go all in",2026-09-11T09:25:48.256Z,178911874825600
"""player 35 @ uewFolxPCK"" raises to 30",2026-09-11T09:25:40.239Z,178911874023900
"""player 19 @ hwP7SzeYai"" posts a big blind of 10",2026-09-11T09:25:36.365Z,178911873636506
"""player 7 @ O8SRi7DfXR"" posts a small blind of 5",2026-09-11T09:25:36.365Z,178911873636505
"Your hand is Q♣, J♦",2026-09-11T09:25:36.365Z,178911873636504
"Player stacks: #1 ""player 7 @ O8SRi7DfXR"" (207) | #3 ""player 19 @ hwP7SzeYai"" (1526) | #5 ""player 35 @ uewFolxPCK"" (5017)",2026-09-11T09:25:36.365Z,178911873636501
"-- starting hand #161 (id: ebsypczy3gbo)  No Limit Texas Hold'em (dealer: ""player 35 @ uewFolxPCK"") --",2026-09-11T09:25:36.365Z,178911873636500
"""player 7 @ O8SRi7DfXR"" shows a 5♦, A♥.",2026-09-11T09:25:31.953Z,178911873195300
"-- ending hand #160 --",2026-09-11T09:25:29.856Z,178911872985602
"""player 19 @ hwP7SzeYai"" collected 231 from pot with Flush, A High (combination: 5♠, 8♠, J♠, Q♠, A♠)",2026-09-11T09:25:29.856Z,178911872985601
"""player 19 @ hwP7SzeYai"" shows a 5♠, A♠.",2026-09-11T09:25:29.856Z,178911872985600
"""player 7 @ O8SRi7DfXR"" folds",2026-09-11T09:25:29.011Z,178911872901100
"""player 35 @ uewFolxPCK"" calls 51",2026-09-11T09:25:27.354Z,178911872735400
"""player 19 @ hwP7SzeYai"" bets 51",2026-09-11T09:25:24.932Z,178911872493200
"""player 7 @ O8SRi7DfXR"" checks",2026-09-11T09:25:18.239Z,178911871823900
"""player 35 @ uewFolxPCK"" checks",2026-09-11T09:25:17.063Z,178911871706300
"River: J♠, 7♥, 8♠, 9♦ [Q♠]",2026-09-11T09:25:14.646Z,178911871464600
"""player 7 @ O8SRi7DfXR"" calls 10",2026-09-11T09:25:13.777Z,178911871377700
"""player 35 @ uewFolxPCK"" calls 10",2026-09-11T09:25:12.469Z,178911871246900
"""player 19 @ hwP7SzeYai"" bets 10",2026-09-11T09:25:08.315Z,178911870831500
"""player 7 @ O8SRi7DfXR"" checks",2026-09-11T09:25:06.580Z,178911870658000
"""player 35 @ uewFolxPCK"" checks",2026-09-11T09:25:05.131Z,178911870513100
"Turn: J♠, 7♥, 8♠ [9♦]",2026-09-11T09:25:03.616Z,178911870361600
"""player 19 @ hwP7SzeYai"" checks",2026-09-11T09:25:02.798Z,178911870279800
"""player 7 @ O8SRi7DfXR"" checks",2026-09-11T09:25:01.444Z,178911870144400
"""player 35 @ uewFolxPCK"" checks",2026-09-11T09:25:00.094Z,178911870009400
"Flop:  [J♠, 7♥, 8♠]",2026-09-11T09:24:58.280Z,178911869828000
"""player 19 @ hwP7SzeYai"" calls 33",2026-09-11T09:24:57.439Z,178911869743900
"""player 7 @ O8SRi7DfXR"" calls 33",2026-09-11T09:24:56.348Z,178911869634800
"""player 35 @ uewFolxPCK"" raises to 33",2026-09-11T09:24:55.389Z,178911869538900
"""player 19 @ hwP7SzeYai"" calls 10",2026-09-11T09:24:52.812Z,178911869281200
"""player 7 @ O8SRi7DfXR"" posts a big blind of 10",2026-09-11T09:24:51.271Z,178911869127108
"""player 35 @ uewFolxPCK"" posts a small blind of 5",2026-09-11T09:24:51.271Z,178911869127107
"Player stacks: #1 ""player 7 @ O8SRi7DfXR"" (250) | #3 ""player 19 @ hwP7SzeYai"" (1389) | #5 ""player 35 @ uewFolxPCK"" (5111)",2026-09-11T09:24:51.271Z,178911869127103
"-- starting hand #160 (id: avhckmmutv9b)  No Limit Texas Hold'em (dealer: ""player 19 @ hwP7SzeYai"") --",2026-09-11T09:24:51.271Z,178911869127102
"The player ""player 7 @ O8SRi7DfXR"" joined the game with a stack of 250.",2026-09-11T09:24:51.271Z,178911869127101
"The player ""player 36 @ LGay7r_Caq"" quits the game with a stack of 1000.",2026-09-11T09:24:51.271Z,178911869127100
"-- ending hand #159 --",2026-09-11T09:24:45.212Z,178911868521203
"""player 35 @ uewFolxPCK"" collected 219 from pot with Two Pair, A's & 7's (combination: K♥, 7♠, 7♣, A♣, A♥)",2026-09-11T09:24:45.212Z,178911868521202
"""player 35 @ uewFolxPCK"" shows a 5♠, 7♠.",2026-09-11T09:24:45.212Z,178911868521201
"""player 19 @ hwP7SzeYai"" shows a 4♥, 4♦.",2026-09-11T09:24:45.212Z,178911868521200
"""player 35 @ uewFolxPCK"" checks",2026-09-11T09:24:44.364Z,178911868436400
"""player 19 @ hwP7SzeYai"" checks",2026-09-11T09:24:43.469Z,178911868346900
"River: 6♠, 7♣, K♥, A♣ [A♥]",2026-09-11T09:24:41.397Z,178911868139700
"""player 35 @ uewFolxPCK"" checks",2026-09-11T09:24:40.569Z,178911868056900
"""player 19 @ hwP7SzeYai"" checks",2026-09-11T09:24:39.666Z,178911867966600
"Turn: 6♠, 7♣, K♥ [A♣]",2026-09-11T09:24:37.846Z,178911867784600
"""player 36 @ LGay7r_Caq"" folds",2026-09-11T09:24:37.031Z,178911867703100
"""player 35 @ uewFolxPCK"" checks",2026-09-11T09:24:36.130Z,178911867613000
"""player 19 @ hwP7SzeYai"" checks",2026-09-11T09:24:35.218Z,178911867521800
"Flop:  [6♠, 7♣, K♥]",2026-09-11T09:24:33.196Z,178911867319600
"""player 35 @ uewFolxPCK"" calls 73",2026-09-11T09:24:32.360Z,178911867236000
"""player 19 @ hwP7SzeYai"" calls 73",2026-09-11T09:24:31.332Z,178911867133200
"""player 36 @ LGay7r_Caq"" raises to 73",2026-09-11T09:24:29.879Z,178911866987900
"""player 35 @ uewFolxPCK"" posts a big blind of 10",2026-09-11T09:24:26.935Z,178911866693506
"""player 19 @ hwP7SzeYai"" posts a small blind of 5",2026-09-11T09:24:26.935Z,178911866693505
"Your hand is 5♠, 7♠",2026-09-11T09:24:26.935Z,178911866693503
"Player stacks: #3 ""player 19 @ hwP7SzeYai"" (1462) | #5 ""player 35 @ uewFolxPCK"" (4965) | #10 ""player 36 @ LGay7r_Caq"" (1073)",2026-09-11T09:24:26.935Z,178911866693501
"-- starting hand #159 (id: radnxrigedre)  No Limit Texas Hold'em (dealer: ""player 36 @ LGay7r_Caq"") --",2026-09-11T09:24:26.935Z,178911866693500
"-- ending hand #158 --",2026-09-11T09:24:20.929Z,178911866092903
"""player 36 @ LGay7r_Caq"" collected 359 from pot with Pair, A's (combination: 7♠, Q♠, K♦, A♦, A♥)",2026-09-11T09:24:20.929Z,178911866092902
"""player 36 @ LGay7r_Caq"" shows a 4♠, A♦.",2026-09-11T09:24:20.929Z,178911866092901
"""player 35 @ uewFolxPCK"" shows a 10♠, K♠.",2026-09-11T09:24:20.929Z,178911866092900
"""player 36 @ LGay7r_Caq"" calls 40",2026-09-11T09:24:20.093Z,178911866009300
"""player 35 @ uewFolxPCK"" bets 40",2026-09-11T09:24:18.890Z,178911865889000
"""player 36 @ LGay7r_Caq"" checks",2026-09-11T09:24:16.687Z,178911865668700
"River: 7♠, A♥, Q♠, 6♣ [K♦]",2026-09-11T09:24:14.054Z,178911865405400
"""player 35 @ uewFolxPCK"" checks",2026-09-11T09:24:13.224Z,178911865322400
"""player 36 @ LGay7r_Caq"" checks",2026-09-11T09:24:12.224Z,178911865222400
"Turn: 7♠, A♥, Q♠ [6♣]",2026-09-11T09:24:11.189Z,178911865118900
"""player 35 @ uewFolxPCK"" calls 90",2026-09-11T09:24:10.377Z,178911865037700
"""player 19 @ hwP7SzeYai"" folds",2026-09-11T09:24:08.807Z,178911864880700
"""player 36 @ LGay7r_Caq"" raises to 90",2026-09-11T09:24:07.351Z,178911864735100
"""player 35 @ uewFolxPCK"" bets 30",2026-09-11T09:24:04.909Z,178911864490900
"The admin approved the player ""player 7 @ O8SRi7DfXR"" participation with a stack of 250.",2026-09-11T09:24:01.818Z,178911864181800
"""player 19 @ hwP7SzeYai"" checks",2026-09-11T09:24:01.621Z,178911864162100
"""player 36 @ LGay7r_Caq"" checks",2026-09-11T09:24:00.336Z,178911864033600
"Flop:  [7♠, A♥, Q♠]",2026-09-11T09:23:58.573Z,178911863857300
"The player ""player 7 @ O8SRi7DfXR"" requested a seat.",2026-09-11T09:23:58.260Z,178911863826000
"""player 19 @ hwP7SzeYai"" calls 33",2026-09-11T09:23:57.719Z,178911863771900
"""player 36 @ LGay7r_Caq"" calls 33",2026-09-11T09:23:56.478Z,178911863647800
"""player 35 @ uewFolxPCK"" raises to 33",2026-09-11T09:23:55.545Z,178911863554500
"""player 19 @ hwP7SzeYai"" posts a big blind of 10",2026-09-11T09:23:49.699Z,178911862969907
"""player 36 @ LGay7r_Caq"" posts a small blind of 5",2026-09-11T09:23:49.699Z,178911862969906
"Your hand is 10♠, K♠",2026-09-11T09:23:49.699Z,178911862969904
"Player stacks: #3 ""player 19 @ hwP7SzeYai"" (1495) | #5 ""player 35 @ uewFolxPCK"" (5128) | #10 ""player 36 @ LGay7r_Caq"" (877)",2026-09-11T09:23:49.699Z,178911862969902
"-- starting hand #158 (id: zewagwucyi9j)  No Limit Texas Hold'em (dealer: ""player 35 @ uewFolxPCK"") --",2026-09-11T09:23:49.699Z,178911862969901
"The player ""player 7 @ O8SRi7DfXR"" quits the game with a stack of 0.",2026-09-11T09:23:49.699Z,178911862969900
"""player 7 @ O8SRi7DfXR"" shows a J♦, 4♦.",2026-09-11T09:23:44.562Z,178911862456200
"-- ending hand #157 --",2026-09-11T09:23:43.184Z,178911862318402
"""player 35 @ uewFolxPCK"" collected 598 from pot with Pair, 4's (combination: 10♦, K♦, A♦, 4♥, 4♠)",2026-09-11T09:23:43.184Z,178911862318401
"""player 35 @ uewFolxPCK"" shows a A♦, 4♥.",2026-09-11T09:23:43.184Z,178911862318400
"""player 19 @ hwP7SzeYai"" checks",2026-09-11T09:23:42.375Z,178911862237500
"""player 35 @ uewFolxPCK"" checks",2026-09-11T09:23:41.450Z,178911862145000
"River: 4♠, 6♣, 8♣, 10♦ [K♦]",2026-09-11T09:23:41.276Z,178911862127600
"""player 19 @ hwP7SzeYai"" checks",2026-09-11T09:23:40.450Z,178911862045000
"""player 35 @ uewFolxPCK"" checks",2026-09-11T09:23:39.536Z,178911861953600
"Turn: 4♠, 6♣, 8♣ [10♦]",2026-09-11T09:23:39.379Z,178911861937900
"""player 19 @ hwP7SzeYai"" checks",2026-09-11T09:23:38.570Z,178911861857000
"""player 35 @ uewFolxPCK"" checks",2026-09-11T09:23:37.597Z,178911861759700
"Flop:  [4♠, 6♣, 8♣]",2026-09-11T09:23:36.980Z,178911861698000
"""player 36 @ LGay7r_Caq"" folds",2026-09-11T09:23:36.175Z,178911861617500
"""player 35 @ uewFolxPCK"" calls 196",2026-09-11T09:23:34.834Z,178911861483400
"""player 19 @ hwP7SzeYai"" calls 196",2026-09-11T09:23:33.906Z,178911861390600
"""player 7 @ O8SRi7DfXR"" raises to 196 and go all in",2026-09-11T09:23:31.814Z,178911861181400
"""player 36 @ LGay7r_Caq"" posts a big blind of 10",2026-09-11T09:23:23.072Z,178911860307207
"""player 35 @ uewFolxPCK"" posts a small blind of 5",2026-09-11T09:23:23.072Z,178911860307206
"Your hand is A♦, 4♥",2026-09-11T09:23:23.072Z,178911860307204
"Player stacks: #1 ""player 7 @ O8SRi7DfXR"" (196) | #3 ""player 19 @ hwP7SzeYai"" (1691) | #5 ""player 35 @ uewFolxPCK"" (4726) | #10 ""player 36 @ LGay7r_Caq"" (887)",2026-09-11T09:23:23.072Z,178911860307201
"-- starting hand #157 (id: vjmz5zgzs5yt)  No Limit Texas Hold'em (dealer: ""player 19 @ hwP7SzeYai"") --",2026-09-11T09:23:23.072Z,178911860307200
"-- ending hand #156 --",2026-09-11T09:23:17.067Z,178911859706704
"""player 7 @ O8SRi7DfXR"" collected 196 from pot with Pair, A's (combination: 10♦, Q♠, K♦, A♠, A♥)",2026-09-11T09:23:17.067Z,178911859706703
"""player 7 @ O8SRi7DfXR"" shows a A♠, 9♦.",2026-09-11T09:23:17.067Z,178911859706702
"""player 35 @ uewFolxPCK"" shows a 7♣, 10♣.",2026-09-11T09:23:17.067Z,178911859706701
"""player 19 @ hwP7SzeYai"" shows a 6♦, 6♣.",2026-09-11T09:23:17.067Z,178911859706700
"""player 35 @ uewFolxPCK"" checks",2026-09-11T09:23:16.217Z,178911859621700
"""player 19 @ hwP7SzeYai"" checks",2026-09-11T09:23:15.327Z,178911859532700
"River: K♦, 10♦, A♥, Q♠ [8♥]",2026-09-11T09:23:14.464Z,178911859446400
"""player 35 @ uewFolxPCK"" checks",2026-09-11T09:23:13.645Z,178911859364500
"""player 19 @ hwP7SzeYai"" checks",2026-09-11T09:23:12.752Z,178911859275200
"Turn: K♦, 10♦, A♥ [Q♠]",2026-09-11T09:23:12.536Z,178911859253600
"""player 35 @ uewFolxPCK"" checks",2026-09-11T09:23:11.686Z,178911859168600
"""player 19 @ hwP7SzeYai"" checks",2026-09-11T09:23:10.783Z,178911859078300
"Flop:  [K♦, 10♦, A♥]",2026-09-11T09:23:08.166Z,178911858816600
"""player 36 @ LGay7r_Caq"" folds",2026-09-11T09:23:07.353Z,178911858735300
"""player 35 @ uewFolxPCK"" calls 62",2026-09-11T09:23:06.359Z,178911858635900
"""player 19 @ hwP7SzeYai"" calls 62",2026-09-11T09:23:03.189Z,178911858318900
"""player 7 @ O8SRi7DfXR"" raises to 62 and go all in",2026-09-11T09:23:01.144Z,178911858114400
"""player 36 @ LGay7r_Caq"" calls 10",2026-09-11T09:22:58.649Z,178911857864900
"""player 35 @ uewFolxPCK"" posts a big blind of 10",2026-09-11T09:22:56.646Z,178911857664607
"""player 19 @ hwP7SzeYai"" posts a small blind of 5",2026-09-11T09:22:56.646Z,178911857664606
"Your hand is 7♣, 10♣",2026-09-11T09:22:56.646Z,178911857664604
"Player stacks: #1 ""player 7 @ O8SRi7DfXR"" (62) | #3 ""player 19 @ hwP7SzeYai"" (1753) | #5 ""player 35 @ uewFolxPCK"" (4788) | #10 ""player 36 @ LGay7r_Caq"" (897)",2026-09-11T09:22:56.646Z,178911857664601
"-- starting hand #156 (id: itgyfw9mhmw2)  No Limit Texas Hold'em (dealer: ""player 7 @ O8SRi7DfXR"") --",2026-09-11T09:22:56.646Z,178911857664600
"""player 7 @ O8SRi7DfXR"" shows a Q♥.",2026-09-11T09:22:53.592Z,178911857359200
"-- ending hand #155 --",2026-09-11T09:22:53.037Z,178911857303701
"""player 36 @ LGay7r_Caq"" collected 200 from pot",2026-09-11T09:22:53.037Z,178911857303700
"""player 35 @ uewFolxPCK"" folds",2026-09-11T09:22:52.225Z,178911857222500
"River: J♥, 2♠, 10♦, 4♥ [Q♣]",2026-09-11T09:22:49.520Z,178911856952000
"""player 35 @ uewFolxPCK"" calls 50",2026-09-11T09:22:48.707Z,178911856870700
"""player 7 @ O8SRi7DfXR"" folds",2026-09-11T09:22:47.808Z,178911856780800
"""player 36 @ LGay7r_Caq"" bets 50",2026-09-11T09:22:45.783Z,178911856578300
"""player 35 @ uewFolxPCK"" checks",2026-09-11T09:22:42.916Z,178911856291600
"""player 7 @ O8SRi7DfXR"" checks",2026-09-11T09:22:41.516Z,178911856151600
"Turn: J♥, 2♠, 10♦ [4♥]",2026-09-11T09:22:39.629Z,178911855962900
"""player 35 @ uewFolxPCK"" calls 20",2026-09-11T09:22:38.808Z,178911855880800
"""player 19 @ hwP7SzeYai"" folds",2026-09-11T09:22:31.661Z,178911855166100
"""player 7 @ O8SRi7DfXR"" calls 20",2026-09-11T09:22:30.525Z,178911855052500
"""player 36 @ LGay7r_Caq"" bets 20",2026-09-11T09:22:28.446Z,178911854844600
"""player 35 @ uewFolxPCK"" checks",2026-09-11T09:22:23.997Z,178911854399700
"""player 19 @ hwP7SzeYai"" checks",2026-09-11T09:22:22.987Z,178911854298700
"""player 7 @ O8SRi7DfXR"" checks",2026-09-11T09:22:21.597Z,178911854159700
"Flop:  [J♥, 2♠, 10♦]",2026-09-11T09:22:20.017Z,178911854001700
"""player 19 @ hwP7SzeYai"" checks",2026-09-11T09:22:19.115Z,178911853911500
"""player 7 @ O8SRi7DfXR"" calls 10",2026-09-11T09:22:17.736Z,178911853773600
"""player 36 @ LGay7r_Caq"" calls 10",2026-09-11T09:22:16.791Z,178911853679100
"""player 35 @ uewFolxPCK"" calls 10",2026-09-11T09:22:15.749Z,178911853574900
"""player 19 @ hwP7SzeYai"" posts a big blind of 10",2026-09-11T09:22:14.641Z,178911853464107
"""player 7 @ O8SRi7DfXR"" posts a small blind of 5",2026-09-11T09:22:14.641Z,178911853464106
"Player stacks: #1 ""player 7 @ O8SRi7DfXR"" (92) | #3 ""player 19 @ hwP7SzeYai"" (1763) | #5 ""player 35 @ uewFolxPCK"" (4868) | #10 ""player 36 @ LGay7r_Caq"" (777)",2026-09-11T09:22:14.641Z,178911853464101
"-- starting hand #155 (id: pvnzspt9rkwb)  No Limit Texas Hold'em (dealer: ""player 36 @ LGay7r_Caq"") --",2026-09-11T09:22:14.641Z,178911853464100
"""player 7 @ O8SRi7DfXR"" shows a 6♦, 8♦.",2026-09-11T09:22:11.443Z,178911853144300
"-- ending hand #154 --",2026-09-11T09:22:11.012Z,178911853101202
"""player 19 @ hwP7SzeYai"" collected 232 from pot",2026-09-11T09:22:11.012Z,178911853101201
"Uncalled bet of 232 returned to ""player 19 @ hwP7SzeYai""",2026-09-11T09:22:11.012Z,178911853101200
"""player 7 @ O8SRi7DfXR"" folds",2026-09-11T09:22:10.159Z,178911853015900
"""player 36 @ LGay7r_Caq"" folds",2026-09-11T09:22:03.984Z,178911852398400
"""player 35 @ uewFolxPCK"" folds",2026-09-11T09:22:01.723Z,178911852172300
"""player 19 @ hwP7SzeYai"" bets 232",2026-09-11T09:21:57.904Z,178911851790400
"""player 7 @ O8SRi7DfXR"" checks",2026-09-11T09:21:50.424Z,178911851042400
"""player 36 @ LGay7r_Caq"" checks",2026-09-11T09:21:48.558Z,178911850855800
"River: 9♦, 5♠, 2♠, A♦ [3♣]",2026-09-11T09:21:45.854Z,178911850585400
"""player 35 @ uewFolxPCK"" checks",2026-09-11T09:21:44.965Z,178911850496500
"""player 19 @ hwP7SzeYai"" checks",2026-09-11T09:21:40.008Z,178911850000800
"""player 7 @ O8SRi7DfXR"" checks",2026-09-11T09:21:38.471Z,178911849847100
"""player 36 @ LGay7r_Caq"" checks",2026-09-11T09:21:37.275Z,178911849727500
"Turn: 9♦, 5♠, 2♠ [A♦]",2026-09-11T09:21:35.746Z,178911849574600
"""player 35 @ uewFolxPCK"" calls 10",2026-09-11T09:21:34.929Z,178911849492900
"""player 19 @ hwP7SzeYai"" calls 10",2026-09-11T09:21:33.965Z,178911849396500
"""player 7 @ O8SRi7DfXR"" calls 10",2026-09-11T09:21:32.968Z,178911849296800
"""player 36 @ LGay7r_Caq"" bets 10",2026-09-11T09:21:24.844Z,178911848484400
"Flop:  [9♦, 5♠, 2♠]",2026-09-11T09:21:23.434Z,178911848343400
"""player 36 @ LGay7r_Caq"" calls 48",2026-09-11T09:21:22.582Z,178911848258200
"""player 35 @ uewFolxPCK"" calls 48",2026-09-11T09:21:21.040Z,178911848104000
"""player 19 @ hwP7SzeYai"" calls 48",2026-09-11T09:21:19.997Z,178911847999700
"""player 7 @ O8SRi7DfXR"" raises to 48",2026-09-11T09:21:12.768Z,178911847276800
"""player 36 @ LGay7r_Caq"" calls 10",2026-09-11T09:21:04.137Z,178911846413700
"""player 35 @ uewFolxPCK"" calls 10",2026-09-11T09:21:01.621Z,178911846162100
"""player 19 @ hwP7SzeYai"" calls 10",2026-09-11T09:21:00.289Z,178911846028900
"""player 7 @ O8SRi7DfXR"" posts a big blind of 10",2026-09-11T09:20:56.375Z,178911845637507
"""player 36 @ LGay7r_Caq"" posts a small blind of 5",2026-09-11T09:20:56.375Z,178911845637506
"Player stacks: #1 ""player 7 @ O8SRi7DfXR"" (150) | #3 ""player 19 @ hwP7SzeYai"" (1589) | #5 ""player 35 @ uewFolxPCK"" (4926) | #10 ""player 36 @ LGay7r_Caq"" (835)",2026-09-11T09:20:56.375Z,178911845637501
"-- starting hand #154 (id: 2vvy6pujryft)  No Limit Texas Hold'em (dealer: ""player 35 @ uewFolxPCK"") --",2026-09-11T09:20:56.375Z,178911845637500
"""player 19 @ hwP7SzeYai"" shows a 9♦.",2026-09-11T09:20:52.328Z,178911845232800
"""player 36 @ LGay7r_Caq"" shows a 8♦, 7♥.",2026-09-11T09:20:52.025Z,178911845202500
"Undealt cards: 4♦, Q♠, 9♥, 4♣ [8♠]",2026-09-11T09:20:49.471Z,178911844947100
"""player 35 @ uewFolxPCK"" shows a 9♣, 9♠.",2026-09-11T09:20:49.004Z,178911844900400
"-- ending hand #153 --",2026-09-11T09:20:48.362Z,178911844836202
"""player 35 @ uewFolxPCK"" collected 330 from pot",2026-09-11T09:20:48.362Z,178911844836201
"Uncalled bet of 80 returned to ""player 35 @ uewFolxPCK""",2026-09-11T09:20:48.362Z,178911844836200
"""player 7 @ O8SRi7DfXR"" folds",2026-09-11T09:20:47.552Z,178911844755200
"""player 36 @ LGay7r_Caq"" folds",2026-09-11T09:20:46.594Z,178911844659400
"""player 35 @ uewFolxPCK"" raises to 90",2026-09-11T09:20:45.443Z,178911844544300
"""player 7 @ O8SRi7DfXR"" calls 10",2026-09-11T09:20:42.026Z,178911844202600
"""player 36 @ LGay7r_Caq"" bets 10",2026-09-11T09:20:41.106Z,178911844110600
"""player 35 @ uewFolxPCK"" checks",2026-09-11T09:20:40.053Z,178911844005300
"Turn: 4♦, Q♠, 9♥ [4♣]",2026-09-11T09:20:38.043Z,178911843804300
"""player 7 @ O8SRi7DfXR"" checks",2026-09-11T09:20:37.173Z,178911843717300
"""player 36 @ LGay7r_Caq"" checks",2026-09-11T09:20:36.267Z,178911843626700
"""player 35 @ uewFolxPCK"" checks",2026-09-11T09:20:34.311Z,178911843431100
"Flop:  [4♦, Q♠, 9♥]",2026-09-11T09:20:32.440Z,178911843244000
"""player 19 @ hwP7SzeYai"" folds",2026-09-11T09:20:31.587Z,178911843158700
"""player 7 @ O8SRi7DfXR"" calls 90",2026-09-11T09:20:20.640Z,178911842064000
"""player 36 @ LGay7r_Caq"" calls 90",2026-09-11T09:20:19.673Z,178911841967300
"""player 35 @ uewFolxPCK"" raises to 90",2026-09-11T09:20:16.694Z,178911841669400
"""player 19 @ hwP7SzeYai"" calls 30",2026-09-11T09:20:13.323Z,178911841332300
"""player 7 @ O8SRi7DfXR"" raises to 30",2026-09-11T09:20:10.634Z,178911841063400
"""player 36 @ LGay7r_Caq"" posts a big blind of 10",2026-09-11T09:20:07.384Z,178911840738407
"""player 35 @ uewFolxPCK"" posts a small blind of 5",2026-09-11T09:20:07.384Z,178911840738406
"Your hand is 9♣, 9♠",2026-09-11T09:20:07.384Z,178911840738404
"Player stacks: #1 ""player 7 @ O8SRi7DfXR"" (250) | #3 ""player 19 @ hwP7SzeYai"" (1619) | #5 ""player 35 @ uewFolxPCK"" (4696) | #10 ""player 36 @ LGay7r_Caq"" (935)",2026-09-11T09:20:07.384Z,178911840738401
"-- starting hand #153 (id: ahxaqgrkf9xb)  No Limit Texas Hold'em (dealer: ""player 19 @ hwP7SzeYai"") --",2026-09-11T09:20:07.384Z,178911840738400
"""player 19 @ hwP7SzeYai"" shows a K♦, J♣.",2026-09-11T09:20:03.478Z,178911840347800
"Undealt cards: Q♦, A♠, 8♠ [10♣, 4♥]",2026-09-11T09:20:00.986Z,178911840098600
"-- ending hand #152 --",2026-09-11T09:20:00.774Z,178911840077402
"""player 19 @ hwP7SzeYai"" collected 150 from pot",2026-09-11T09:20:00.774Z,178911840077401
"Uncalled bet of 75 returned to ""player 19 @ hwP7SzeYai""",2026-09-11T09:20:00.774Z,178911840077400
"""player 35 @ uewFolxPCK"" folds",2026-09-11T09:19:59.964Z,178911839996400
"""player 19 @ hwP7SzeYai"" bets 75",2026-09-11T09:19:59.063Z,178911839906300
"Flop:  [Q♦, A♠, 8♠]",2026-09-11T09:19:52.081Z,178911839208100
"""player 35 @ uewFolxPCK"" calls 75",2026-09-11T09:19:51.164Z,178911839116400
"""player 19 @ hwP7SzeYai"" raises to 75",2026-09-11T09:19:49.751Z,178911838975100
"""player 35 @ uewFolxPCK"" raises to 30",2026-09-11T09:19:46.872Z,178911838687200
"""player 19 @ hwP7SzeYai"" calls 10",2026-09-11T09:19:45.057Z,178911838505700
"""player 7 @ O8SRi7DfXR"" folds",2026-09-11T09:19:43.743Z,178911838374300
"""player 36 @ LGay7r_Caq"" folds",2026-09-11T09:19:42.820Z,178911838282000
"""player 35 @ uewFolxPCK"" posts a big blind of 10",2026-09-11T09:19:40.655Z,178911838065508
"""player 19 @ hwP7SzeYai"" posts a small blind of 5",2026-09-11T09:19:40.655Z,178911838065507
"Player stacks: #1 ""player 7 @ O8SRi7DfXR"" (250) | #3 ""player 19 @ hwP7SzeYai"" (1544) | #5 ""player 35 @ uewFolxPCK"" (4771) | #10 ""player 36 @ LGay7r_Caq"" (935)",2026-09-11T09:19:40.655Z,178911838065502
"-- starting hand #152 (id: maw7hc72fwfm)  No Limit Texas Hold'em (dead button) --",2026-09-11T09:19:40.655Z,178911838065501
"The player ""player 7 @ O8SRi7DfXR"" joined the game with a stack of 250.",2026-09-11T09:19:40.655Z,178911838065500
"-- ending hand #151 --",2026-09-11T09:19:37.742Z,178911837774201
"""player 36 @ LGay7r_Caq"" collected 390 from pot",2026-09-11T09:19:37.742Z,178911837774200
"""player 35 @ uewFolxPCK"" folds",2026-09-11T09:19:36.916Z,178911837691600
"River: 4♦, K♣, 2♠, 7♦ [5♠]",2026-09-11T09:19:34.489Z,178911837448900
"""player 35 @ uewFolxPCK"" calls 150",2026-09-11T09:19:33.677Z,178911837367700
"""player 19 @ hwP7SzeYai"" folds",2026-09-11T09:19:32.636Z,178911837263600
"""player 36 @ LGay7r_Caq"" raises to 150",2026-09-11T09:19:30.803Z,178911837080300
"""player 35 @ uewFolxPCK"" bets 20",2026-09-11T09:19:28.402Z,178911836840200
"""player 19 @ hwP7SzeYai"" checks",2026-09-11T09:19:26.228Z,178911836622800
"Turn: 4♦, K♣, 2♠ [7♦]",2026-09-11T09:19:24.264Z,178911836426400
"""player 36 @ LGay7r_Caq"" checks",2026-09-11T09:19:23.440Z,178911836344000
"""player 35 @ uewFolxPCK"" checks",2026-09-11T09:19:22.488Z,178911836248800
"The admin approved the player ""player 7 @ O8SRi7DfXR"" participation with a stack of 250.",2026-09-11T09:19:20.176Z,178911836017600
"The player ""player 7 @ O8SRi7DfXR"" requested a seat.",2026-09-11T09:19:14.030Z,178911835403000
"""player 19 @ hwP7SzeYai"" checks",2026-09-11T09:19:12.403Z,178911835240300
"Flop:  [4♦, K♣, 2♠]",2026-09-11T09:19:10.108Z,178911835010800
"""player 35 @ uewFolxPCK"" calls 30",2026-09-11T09:19:09.302Z,178911834930200
"""player 19 @ hwP7SzeYai"" calls 30",2026-09-11T09:19:08.091Z,178911834809100
"""player 36 @ LGay7r_Caq"" raises to 30",2026-09-11T09:18:58.896Z,178911833889600
"""player 35 @ uewFolxPCK"" calls 10",2026-09-11T09:18:56.973Z,178911833697300
"""player 19 @ hwP7SzeYai"" posts a big blind of 10",2026-09-11T09:18:52.998Z,178911833299807
"Dead Small Blind",2026-09-11T09:18:52.998Z,178911833299806
"Player stacks: #3 ""player 19 @ hwP7SzeYai"" (1574) | #5 ""player 35 @ uewFolxPCK"" (4951) | #10 ""player 36 @ LGay7r_Caq"" (725)",2026-09-11T09:18:52.998Z,178911833299802
"-- starting hand #151 (id: u88tz9ggoyn3)  No Limit Texas Hold'em (dealer: ""player 36 @ LGay7r_Caq"") --",2026-09-11T09:18:52.998Z,178911833299801
"The player ""player 7 @ O8SRi7DfXR"" quits the game with a stack of 0.",2026-09-11T09:18:52.998Z,178911833299800
"-- ending hand #150 --",2026-09-11T09:18:46.966Z,178911832696604
"""player 7 @ O8SRi7DfXR"" shows a J♥, 3♣.",2026-09-11T09:18:46.966Z,178911832696603
"""player 35 @ uewFolxPCK"" collected 3510 from pot with Four of a Kind, Q's (combination: A♥, Q♣, Q♠, Q♥, Q♦)",2026-09-11T09:18:46.966Z,178911832696602
"""player 35 @ uewFolxPCK"" shows a 8♣, Q♣.",2026-09-11T09:18:46.966Z,178911832696601
"Uncalled bet of 1441 returned to ""player 35 @ uewFolxPCK""",2026-09-11T09:18:46.966Z,178911832696600
"""player 19 @ hwP7SzeYai"" folds",2026-09-11T09:18:46.029Z,178911832602900
"""player 7 @ O8SRi7DfXR"" calls 1689 and go all in",2026-09-11T09:18:42.778Z,178911832277800
"""player 35 @ uewFolxPCK"" bets 3130 and go all in",2026-09-11T09:18:14.398Z,178911829439800
"""player 19 @ hwP7SzeYai"" checks",2026-09-11T09:18:11.655Z,178911829165500
"""player 7 @ O8SRi7DfXR"" checks",2026-09-11T09:18:10.004Z,178911829000400
"River: A♥, J♦, Q♠, Q♥ [Q♦]",2026-09-11T09:18:05.691Z,178911828569100
"""player 35 @ uewFolxPCK"" checks",2026-09-11T09:18:04.815Z,178911828481500
"""player 19 @ hwP7SzeYai"" checks",2026-09-11T09:18:03.916Z,178911828391600
"""player 7 @ O8SRi7DfXR"" checks",2026-09-11T09:18:02.624Z,178911828262400
"Turn: A♥, J♦, Q♠ [Q♥]",2026-09-11T09:17:58.554Z,178911827855400
"""player 35 @ uewFolxPCK"" checks",2026-09-11T09:17:57.748Z,178911827774800
"""player 19 @ hwP7SzeYai"" checks",2026-09-11T09:17:56.726Z,178911827672600
"""player 7 @ O8SRi7DfXR"" checks",2026-09-11T09:17:54.913Z,178911827491300
"""player 36 @ LGay7r_Caq"" folds",2026-09-11T09:17:53.349Z,178911827334900
"Flop:  [A♥, J♦, Q♠]",2026-09-11T09:17:50.694Z,178911827069400
"""player 19 @ hwP7SzeYai"" calls 33",2026-09-11T09:17:49.862Z,178911826986200
"""player 7 @ O8SRi7DfXR"" calls 33",2026-09-11T09:17:48.964Z,178911826896400
"""player 36 @ LGay7r_Caq"" calls 33",2026-09-11T09:17:41.645Z,178911826164500
"""player 35 @ uewFolxPCK"" raises to 33",2026-09-11T09:17:39.415Z,178911825941500
"""player 19 @ hwP7SzeYai"" calls 10",2026-09-11T09:17:37.922Z,178911825792200
"""player 7 @ O8SRi7DfXR"" posts a big blind of 10",2026-09-11T09:17:34.891Z,178911825489107
"""player 36 @ LGay7r_Caq"" posts a small blind of 5",2026-09-11T09:17:34.891Z,178911825489106
"Your hand is 8♣, Q♣",2026-09-11T09:17:34.891Z,178911825489104
"Player stacks: #1 ""player 7 @ O8SRi7DfXR"" (1722) | #3 ""player 19 @ hwP7SzeYai"" (1607) | #5 ""player 35 @ uewFolxPCK"" (3163) | #10 ""player 36 @ LGay7r_Caq"" (758)",2026-09-11T09:17:34.891Z,178911825489101
"-- starting hand #150 (id: t4tjukzrw9nk)  No Limit Texas Hold'em (dealer: ""player 35 @ uewFolxPCK"") --",2026-09-11T09:17:34.891Z,178911825489100
"""player 7 @ O8SRi7DfXR"" shows a 2♠.",2026-09-11T09:17:33.661Z,178911825366100
"""player 19 @ hwP7SzeYai"" shows a 4♠.",2026-09-11T09:17:31.171Z,178911825117100
"""player 35 @ uewFolxPCK"" shows a 3♠.",2026-09-11T09:17:28.968Z,178911824896800
"Undealt cards: 3♥, 2♦, 4♣ [K♠, J♣]",2026-09-11T09:17:27.377Z,178911824737700
"-- ending hand #149 --",2026-09-11T09:17:26.880Z,178911824688002
"""player 19 @ hwP7SzeYai"" collected 30 from pot",2026-09-11T09:17:26.880Z,178911824688001
"Uncalled bet of 10 returned to ""player 19 @ hwP7SzeYai""",2026-09-11T09:17:26.880Z,178911824688000
"""player 36 @ LGay7r_Caq"" folds",2026-09-11T09:17:26.054Z,178911824605400
"""player 19 @ hwP7SzeYai"" bets 10",2026-09-11T09:17:24.247Z,178911824424700
"""player 36 @ LGay7r_Caq"" checks",2026-09-11T09:17:22.556Z,178911824255600
"""player 35 @ uewFolxPCK"" folds",2026-09-11T09:17:21.424Z,178911824142400
"Flop:  [3♥, 2♦, 4♣]",2026-09-11T09:17:18.878Z,178911823887800
"""player 36 @ LGay7r_Caq"" checks",2026-09-11T09:17:17.978Z,178911823797800
"""player 35 @ uewFolxPCK"" calls 10",2026-09-11T09:17:16.559Z,178911823655900
"""player 19 @ hwP7SzeYai"" calls 10",2026-09-11T09:17:14.181Z,178911823418100
"""player 7 @ O8SRi7DfXR"" folds",2026-09-11T09:17:13.187Z,178911823318700
"""player 36 @ LGay7r_Caq"" posts a big blind of 10",2026-09-11T09:17:05.471Z,178911822547107
"""player 35 @ uewFolxPCK"" posts a small blind of 5",2026-09-11T09:17:05.471Z,178911822547106
"Player stacks: #1 ""player 7 @ O8SRi7DfXR"" (1722) | #3 ""player 19 @ hwP7SzeYai"" (1587) | #5 ""player 35 @ uewFolxPCK"" (3173) | #10 ""player 36 @ LGay7r_Caq"" (768)",2026-09-11T09:17:05.471Z,178911822547101
"-- starting hand #149 (id: 4koairv8jzrr)  No Limit Texas Hold'em (dealer: ""player 19 @ hwP7SzeYai"") --",2026-09-11T09:17:05.471Z,178911822547100
"""player 7 @ O8SRi7DfXR"" shows a 5♣, A♥.",2026-09-11T09:17:03.082Z,178911822308200
"-- ending hand #148 --",2026-09-11T09:16:58.932Z,178911821893204
"""player 35 @ uewFolxPCK"" collected 190 from pot with Pair, 10's (combination: 5♠, 8♣, A♦, 10♠, 10♥)",2026-09-11T09:16:58.932Z,178911821893203
"""player 19 @ hwP7SzeYai"" collected 191 from pot with Pair, 10's (combination: 5♠, 8♣, A♠, 10♦, 10♥)",2026-09-11T09:16:58.932Z,178911821893202
"""player 35 @ uewFolxPCK"" shows a A♦, 10♠.",2026-09-11T09:16:58.932Z,178911821893201
"""player 19 @ hwP7SzeYai"" shows a A♠, 10♦.",2026-09-11T09:16:58.932Z,178911821893200
"""player 7 @ O8SRi7DfXR"" folds",2026-09-11T09:16:58.085Z,178911821808500
"""player 35 @ uewFolxPCK"" calls 101",2026-09-11T09:16:56.300Z,178911821630000
"""player 19 @ hwP7SzeYai"" raises to 101",2026-09-11T09:16:45.362Z,178911820536200
"""player 7 @ O8SRi7DfXR"" calls 20",2026-09-11T09:16:18.796Z,178911817879600
"""player 35 @ uewFolxPCK"" raises to 20",2026-09-11T09:16:12.645Z,178911817264500
"""player 19 @ hwP7SzeYai"" bets 10",2026-09-11T09:16:11.231Z,178911817123100
"River: 8♣, 5♠, 3♦, 10♥ [4♦]",2026-09-11T09:16:08.172Z,178911816817200
"""player 7 @ O8SRi7DfXR"" calls 10",2026-09-11T09:16:07.350Z,178911816735000
"""player 35 @ uewFolxPCK"" calls 10",2026-09-11T09:16:06.450Z,178911816645000
"""player 19 @ hwP7SzeYai"" bets 10",2026-09-11T09:16:05.546Z,178911816554600
"Turn: 8♣, 5♠, 3♦ [10♥]",2026-09-11T09:16:03.151Z,178911816315100
"""player 19 @ hwP7SzeYai"" calls 10",2026-09-11T09:16:02.229Z,178911816222900
"""player 7 @ O8SRi7DfXR"" calls 10",2026-09-11T09:16:01.210Z,178911816121000
"""player 35 @ uewFolxPCK"" bets 10",2026-09-11T09:16:00.290Z,178911816029000
"""player 19 @ hwP7SzeYai"" checks",2026-09-11T09:15:59.184Z,178911815918400
"Flop:  [8♣, 5♠, 3♦]",2026-09-11T09:15:56.909Z,178911815690900
"""player 19 @ hwP7SzeYai"" calls 33",2026-09-11T09:15:56.070Z,178911815607000
"""player 7 @ O8SRi7DfXR"" calls 33",2026-09-11T09:15:55.171Z,178911815517100
"""player 35 @ uewFolxPCK"" raises to 33",2026-09-11T09:15:52.986Z,178911815298600
"""player 19 @ hwP7SzeYai"" calls 10",2026-09-11T09:15:51.191Z,178911815119100
"""player 7 @ O8SRi7DfXR"" calls 10",2026-09-11T09:15:50.281Z,178911815028100
"""player 36 @ LGay7r_Caq"" folds",2026-09-11T09:15:48.336Z,178911814833600
"""player 35 @ uewFolxPCK"" posts a big blind of 10",2026-09-11T09:15:47.175Z,178911814717507
"""player 19 @ hwP7SzeYai"" posts a small blind of 5",2026-09-11T09:15:47.175Z,178911814717506
"Your hand is A♦, 10♠",2026-09-11T09:15:47.175Z,178911814717504
"Player stacks: #1 ""player 7 @ O8SRi7DfXR"" (1795) | #3 ""player 19 @ hwP7SzeYai"" (1550) | #5 ""player 35 @ uewFolxPCK"" (3137) | #10 ""player 36 @ LGay7r_Caq"" (768)",2026-09-11T09:15:47.175Z,178911814717501
"-- starting hand #148 (id: fclnfefnryzw)  No Limit Texas Hold'em (dealer: ""player 7 @ O8SRi7DfXR"") --",2026-09-11T09:15:47.175Z,178911814717500
"""player 7 @ O8SRi7DfXR"" shows a A♥, 8♦.",2026-09-11T09:15:43.737Z,178911814373700
"-- ending hand #147 --",2026-09-11T09:15:43.502Z,178911814350202
"""player 36 @ LGay7r_Caq"" collected 225 from pot",2026-09-11T09:15:43.502Z,178911814350201
"Uncalled bet of 543 returned to ""player 36 @ LGay7r_Caq""",2026-09-11T09:15:43.502Z,178911814350200
"""player 7 @ O8SRi7DfXR"" folds",2026-09-11T09:15:42.687Z,178911814268700
"""player 36 @ LGay7r_Caq"" bets 543 and go all in",2026-09-11T09:15:41.253Z,178911814125300
"""player 19 @ hwP7SzeYai"" folds",2026-09-11T09:15:36.521Z,178911813652100
"""player 7 @ O8SRi7DfXR"" checks",2026-09-11T09:15:33.954Z,178911813395400
"River: 5♠, Q♥, J♠, A♠ [2♠]",2026-09-11T09:15:32.597Z,178911813259700
"""player 36 @ LGay7r_Caq"" calls 55",2026-09-11T09:15:31.780Z,178911813178000
"""player 19 @ hwP7SzeYai"" calls 55",2026-09-11T09:15:30.872Z,178911813087200
"""player 7 @ O8SRi7DfXR"" raises to 55",2026-09-11T09:15:29.405Z,178911812940500
"""player 36 @ LGay7r_Caq"" calls 10",2026-09-11T09:15:26.784Z,178911812678400
"""player 19 @ hwP7SzeYai"" bets 10",2026-09-11T09:15:25.834Z,178911812583400
"""player 7 @ O8SRi7DfXR"" checks",2026-09-11T09:15:24.638Z,178911812463800
"Turn: 5♠, Q♥, J♠ [A♠]",2026-09-11T09:15:23.254Z,178911812325400
"""player 7 @ O8SRi7DfXR"" calls 10",2026-09-11T09:15:22.438Z,178911812243800
"""player 36 @ LGay7r_Caq"" calls 10",2026-09-11T09:15:20.943Z,178911812094300
"""player 19 @ hwP7SzeYai"" bets 10",2026-09-11T09:15:19.995Z,178911811999500
"""player 7 @ O8SRi7DfXR"" checks",2026-09-11T09:15:18.406Z,178911811840600
"Flop:  [5♠, Q♥, J♠]",2026-09-11T09:15:16.288Z,178911811628800
"""player 19 @ hwP7SzeYai"" checks",2026-09-11T09:15:15.471Z,178911811547100
"""player 7 @ O8SRi7DfXR"" calls 10",2026-09-11T09:15:14.023Z,178911811402300
"""player 36 @ LGay7r_Caq"" calls 10",2026-09-11T09:15:13.121Z,178911811312100
"""player 35 @ uewFolxPCK"" folds",2026-09-11T09:15:11.971Z,178911811197100
"""player 19 @ hwP7SzeYai"" posts a big blind of 10",2026-09-11T09:15:08.339Z,178911810833907
"""player 7 @ O8SRi7DfXR"" posts a small blind of 5",2026-09-11T09:15:08.339Z,178911810833906
"Player stacks: #1 ""player 7 @ O8SRi7DfXR"" (1870) | #3 ""player 19 @ hwP7SzeYai"" (1625) | #5 ""player 35 @ uewFolxPCK"" (3137) | #10 ""player 36 @ LGay7r_Caq"" (618)",2026-09-11T09:15:08.339Z,178911810833901
"-- starting hand #147 (id: ufbwiai406os)  No Limit Texas Hold'em (dealer: ""player 36 @ LGay7r_Caq"") --",2026-09-11T09:15:08.339Z,178911810833900
"-- ending hand #146 --",2026-09-11T09:15:02.314Z,178911810231402
"""player 7 @ O8SRi7DfXR"" collected 244 from pot with Pair, K's (combination: J♦, Q♥, A♥, K♠, K♦)",2026-09-11T09:15:02.314Z,178911810231401
"""player 7 @ O8SRi7DfXR"" shows a J♦, K♠.",2026-09-11T09:15:02.314Z,178911810231400
"""player 35 @ uewFolxPCK"" calls 67",2026-09-11T09:15:01.423Z,178911810142300
"""player 19 @ hwP7SzeYai"" folds",2026-09-11T09:15:00.457Z,178911810045700
"""player 7 @ O8SRi7DfXR"" bets 67",2026-09-11T09:14:58.112Z,178911809811200
"River: Q♥, 2♠, K♦, A♥ [7♦]",2026-09-11T09:14:54.652Z,178911809465200
"""player 7 @ O8SRi7DfXR"" calls 10",2026-09-11T09:14:53.828Z,178911809382800
"""player 35 @ uewFolxPCK"" calls 10",2026-09-11T09:14:48.680Z,178911808868000
"""player 19 @ hwP7SzeYai"" bets 10",2026-09-11T09:14:47.305Z,178911808730500
"""player 7 @ O8SRi7DfXR"" checks",2026-09-11T09:14:45.120Z,178911808512000
"Turn: Q♥, 2♠, K♦ [A♥]",2026-09-11T09:14:43.438Z,178911808343800
"""player 35 @ uewFolxPCK"" calls 15",2026-09-11T09:14:42.600Z,178911808260000
"""player 19 @ hwP7SzeYai"" calls 15",2026-09-11T09:14:41.702Z,178911808170200
"""player 7 @ O8SRi7DfXR"" bets 15",2026-09-11T09:14:40.403Z,178911808040300
"Flop:  [Q♥, 2♠, K♦]",2026-09-11T09:14:35.668Z,178911807566800
"""player 7 @ O8SRi7DfXR"" checks",2026-09-11T09:14:34.841Z,178911807484100
"""player 36 @ LGay7r_Caq"" folds",2026-09-11T09:14:32.612Z,178911807261200
"""player 35 @ uewFolxPCK"" calls 10",2026-09-11T09:14:31.677Z,178911807167700
"""player 19 @ hwP7SzeYai"" calls 10",2026-09-11T09:14:18.275Z,178911805827500
"""player 7 @ O8SRi7DfXR"" posts a big blind of 10",2026-09-11T09:14:17.040Z,178911805704007
"""player 36 @ LGay7r_Caq"" posts a small blind of 5",2026-09-11T09:14:17.040Z,178911805704006
"Player stacks: #1 ""player 7 @ O8SRi7DfXR"" (1728) | #3 ""player 19 @ hwP7SzeYai"" (1660) | #5 ""player 35 @ uewFolxPCK"" (3239) | #10 ""player 36 @ LGay7r_Caq"" (623)",2026-09-11T09:14:17.040Z,178911805704001
"-- starting hand #146 (id: 7qqa8xknvku3)  No Limit Texas Hold'em (dealer: ""player 35 @ uewFolxPCK"") --",2026-09-11T09:14:17.040Z,178911805704000
"-- ending hand #145 --",2026-09-11T09:14:11.103Z,178911805110302
"""player 19 @ hwP7SzeYai"" collected 60 from pot",2026-09-11T09:14:11.103Z,178911805110301
"Uncalled bet of 10 returned to ""player 19 @ hwP7SzeYai""",2026-09-11T09:14:11.103Z,178911805110300
"""player 7 @ O8SRi7DfXR"" folds",2026-09-11T09:14:10.231Z,178911805023100
"""player 19 @ hwP7SzeYai"" bets 10",2026-09-11T09:14:07.486Z,178911804748600
"""player 7 @ O8SRi7DfXR"" checks",2026-09-11T09:14:06.356Z,178911804635600
"Turn: Q♦, K♠, 2♦ [7♦]",2026-09-11T09:14:04.796Z,178911804479600
"""player 7 @ O8SRi7DfXR"" calls 10",2026-09-11T09:14:03.985Z,178911804398500
"""player 36 @ LGay7r_Caq"" folds",2026-09-11T09:14:03.086Z,178911804308600
"""player 19 @ hwP7SzeYai"" bets 10",2026-09-11T09:14:01.695Z,178911804169500
"""player 7 @ O8SRi7DfXR"" checks",2026-09-11T09:14:00.371Z,178911804037100
"""player 36 @ LGay7r_Caq"" checks",2026-09-11T09:13:59.381Z,178911803938100
"""player 35 @ uewFolxPCK"" folds",2026-09-11T09:13:58.061Z,178911803806100
"Flop:  [Q♦, K♠, 2♦]",2026-09-11T09:13:55.876Z,178911803587600
"""player 36 @ LGay7r_Caq"" checks",2026-09-11T09:13:55.072Z,178911803507200
"""player 35 @ uewFolxPCK"" calls 10",2026-09-11T09:13:52.774Z,178911803277400
"""player 19 @ hwP7SzeYai"" calls 10",2026-09-11T09:13:51.696Z,178911803169600
"""player 7 @ O8SRi7DfXR"" calls 10",2026-09-11T09:13:50.247Z,178911803024700
"""player 36 @ LGay7r_Caq"" posts a big blind of 10",2026-09-11T09:13:48.891Z,178911802889107
"""player 35 @ uewFolxPCK"" posts a small blind of 5",2026-09-11T09:13:48.891Z,178911802889106
"Player stacks: #1 ""player 7 @ O8SRi7DfXR"" (1748) | #3 ""player 19 @ hwP7SzeYai"" (1620) | #5 ""player 35 @ uewFolxPCK"" (3249) | #10 ""player 36 @ LGay7r_Caq"" (633)",2026-09-11T09:13:48.891Z,178911802889101
"-- starting hand #145 (id: 7ecwiwkflfuf)  No Limit Texas Hold'em (dealer: ""player 19 @ hwP7SzeYai"") --",2026-09-11T09:13:48.891Z,178911802889100
"""player 19 @ hwP7SzeYai"" shows a 6♦, J♣.",2026-09-11T09:13:46.230Z,178911802623000
"""player 35 @ uewFolxPCK"" shows a A♦, 7♦.",2026-09-11T09:13:45.482Z,178911802548200
"""player 7 @ O8SRi7DfXR"" shows a 10♠.",2026-09-11T09:13:44.086Z,178911802408600
"""player 7 @ O8SRi7DfXR"" shows a 9♥.",2026-09-11T09:13:41.755Z,178911802175500
"Undealt cards: Q♥, 4♥, 10♥ [5♠, J♦]",2026-09-11T09:13:41.103Z,178911802110300
"-- ending hand #144 --",2026-09-11T09:13:40.879Z,178911802087901
"""player 7 @ O8SRi7DfXR"" collected 99 from pot",2026-09-11T09:13:40.879Z,178911802087900
"""player 35 @ uewFolxPCK"" folds",2026-09-11T09:13:40.063Z,178911802006300
"""player 19 @ hwP7SzeYai"" folds",2026-09-11T09:13:38.329Z,178911801832900
"Flop:  [Q♥, 4♥, 10♥]",2026-09-11T09:13:34.250Z,178911801425000
"""player 19 @ hwP7SzeYai"" calls 33",2026-09-11T09:13:33.441Z,178911801344100
"""player 7 @ O8SRi7DfXR"" calls 33",2026-09-11T09:13:32.512Z,178911801251200
"""player 35 @ uewFolxPCK"" raises to 33",2026-09-11T09:13:29.630Z,178911800963000
"""player 19 @ hwP7SzeYai"" calls 10",2026-09-11T09:13:27.027Z,178911800702700
"""player 7 @ O8SRi7DfXR"" calls 10",2026-09-11T09:13:26.028Z,178911800602800
"""player 36 @ LGay7r_Caq"" folds",2026-09-11T09:13:25.123Z,178911800512300
"""player 35 @ uewFolxPCK"" posts a big blind of 10",2026-09-11T09:13:23.544Z,178911800354407
"""player 19 @ hwP7SzeYai"" posts a small blind of 5",2026-09-11T09:13:23.544Z,178911800354406
"Your hand is A♦, 7♦",2026-09-11T09:13:23.544Z,178911800354404
"Player stacks: #1 ""player 7 @ O8SRi7DfXR"" (1682) | #3 ""player 19 @ hwP7SzeYai"" (1653) | #5 ""player 35 @ uewFolxPCK"" (3282) | #10 ""player 36 @ LGay7r_Caq"" (633)",2026-09-11T09:13:23.544Z,178911800354401
"-- starting hand #144 (id: zaupat3eugzu)  No Limit Texas Hold'em (dealer: ""player 7 @ O8SRi7DfXR"") --",2026-09-11T09:13:23.544Z,178911800354400
"""player 7 @ O8SRi7DfXR"" shows a Q♠, 4♦.",2026-09-11T09:13:19.891Z,178911799989100
"""player 35 @ uewFolxPCK"" shows a K♠, 2♣.",2026-09-11T09:13:19.570Z,178911799957000
"-- ending hand #143 --",2026-09-11T09:13:19.233Z,178911799923302
"""player 19 @ hwP7SzeYai"" collected 173 from pot",2026-09-11T09:13:19.233Z,178911799923301
"Uncalled bet of 46 returned to ""player 19 @ hwP7SzeYai""",2026-09-11T09:13:19.233Z,178911799923300
"""player 36 @ LGay7r_Caq"" folds",2026-09-11T09:13:18.336Z,178911799833600
"""player 35 @ uewFolxPCK"" folds",2026-09-11T09:13:17.392Z,178911799739200
"""player 19 @ hwP7SzeYai"" raises to 67",2026-09-11T09:13:15.204Z,178911799520400
"""player 36 @ LGay7r_Caq"" calls 21",2026-09-11T09:13:08.579Z,178911798857900
"""player 35 @ uewFolxPCK"" bets 21",2026-09-11T09:13:07.570Z,178911798757000
"""player 19 @ hwP7SzeYai"" checks",2026-09-11T09:13:04.074Z,178911798407400
"River: Q♣, 7♣, 4♠, 3♠ [A♦]",2026-09-11T09:13:01.155Z,178911798115500
"""player 36 @ LGay7r_Caq"" checks",2026-09-11T09:13:00.308Z,178911798030800
"""player 35 @ uewFolxPCK"" checks",2026-09-11T09:12:59.300Z,178911797930000
"""player 19 @ hwP7SzeYai"" checks",2026-09-11T09:12:58.201Z,178911797820100
"Turn: Q♣, 7♣, 4♠ [3♠]",2026-09-11T09:12:54.279Z,178911797427900
"""player 36 @ LGay7r_Caq"" checks",2026-09-11T09:12:53.423Z,178911797342300
"""player 35 @ uewFolxPCK"" checks",2026-09-11T09:12:51.874Z,178911797187400
"""player 19 @ hwP7SzeYai"" checks",2026-09-11T09:12:49.924Z,178911796992400
"Flop:  [Q♣, 7♣, 4♠]",2026-09-11T09:12:46.467Z,178911796646700
"""player 19 @ hwP7SzeYai"" calls 35",2026-09-11T09:12:45.580Z,178911796558000
"""player 7 @ O8SRi7DfXR"" folds",2026-09-11T09:12:40.938Z,178911796093800
"""player 36 @ LGay7r_Caq"" calls 35",2026-09-11T09:12:39.037Z,178911795903700
"""player 35 @ uewFolxPCK"" raises to 35",2026-09-11T09:12:38.100Z,178911795810000
"""player 19 @ hwP7SzeYai"" posts a big blind of 10",2026-09-11T09:12:32.839Z,178911795283907
"""player 7 @ O8SRi7DfXR"" posts a small blind of 5",2026-09-11T09:12:32.839Z,178911795283906
"Your hand is K♠, 2♣",2026-09-11T09:12:32.839Z,178911795283904
"Player stacks: #1 ""player 7 @ O8SRi7DfXR"" (1687) | #3 ""player 19 @ hwP7SzeYai"" (1536) | #5 ""player 35 @ uewFolxPCK"" (3338) | #10 ""player 36 @ LGay7r_Caq"" (689)",2026-09-11T09:12:32.839Z,178911795283901
"-- starting hand #143 (id: lck8cvblkmik)  No Limit Texas Hold'em (dealer: ""player 36 @ LGay7r_Caq"") --",2026-09-11T09:12:32.839Z,178911795283900
"""player 19 @ hwP7SzeYai"" shows a 4♦.",2026-09-11T09:12:26.336Z,178911794633600
"""player 7 @ O8SRi7DfXR"" shows a 7♣, 3♦.",2026-09-11T09:12:25.991Z,178911794599100
"Undealt cards: 6♥, 9♣, 8♠ [A♥, 6♦]",2026-09-11T09:12:25.842Z,178911794584200
"-- ending hand #142 --",2026-09-11T09:12:25.530Z,178911794553002
"""player 19 @ hwP7SzeYai"" collected 149 from pot",2026-09-11T09:12:25.530Z,178911794553001
"Uncalled bet of 74 returned to ""player 19 @ hwP7SzeYai""",2026-09-11T09:12:25.530Z,178911794553000
"""player 35 @ uewFolxPCK"" folds",2026-09-11T09:12:24.673Z,178911794467300
"""player 19 @ hwP7SzeYai"" bets 74",2026-09-11T09:11:57.335Z,178911791733500
"Flop:  [6♥, 9♣, 8♠]",2026-09-11T09:11:47.548Z,178911790754800
"""player 19 @ hwP7SzeYai"" calls 67",2026-09-11T09:11:46.691Z,178911790669100
"""player 7 @ O8SRi7DfXR"" folds",2026-09-11T09:11:45.253Z,178911790525300
"""player 36 @ LGay7r_Caq"" folds",2026-09-11T09:11:43.882Z,178911790388200
"""player 35 @ uewFolxPCK"" raises to 67",2026-09-11T09:11:42.959Z,178911790295900
"""player 19 @ hwP7SzeYai"" calls 10",2026-09-11T09:11:39.869Z,178911789986900
"""player 7 @ O8SRi7DfXR"" posts a big blind of 10",2026-09-11T09:11:38.593Z,178911789859307
"""player 36 @ LGay7r_Caq"" posts a small blind of 5",2026-09-11T09:11:38.593Z,178911789859306
"Player stacks: #1 ""player 7 @ O8SRi7DfXR"" (1697) | #3 ""player 19 @ hwP7SzeYai"" (1454) | #5 ""player 35 @ uewFolxPCK"" (3405) | #10 ""player 36 @ LGay7r_Caq"" (694)",2026-09-11T09:11:38.593Z,178911789859301
"-- starting hand #142 (id: wgtsyrwkphey)  No Limit Texas Hold'em (dealer: ""player 35 @ uewFolxPCK"") --",2026-09-11T09:11:38.593Z,178911789859300
"""player 36 @ LGay7r_Caq"" shows a 2♥.",2026-09-11T09:11:35.288Z,178911789528800
"""player 35 @ uewFolxPCK"" shows a Q♦.",2026-09-11T09:11:35.007Z,178911789500700
"""player 7 @ O8SRi7DfXR"" shows a 6♥.",2026-09-11T09:11:33.022Z,178911789302200
"Undealt cards: 9♥, A♠, 8♥, 3♥ [K♥]",2026-09-11T09:11:30.876Z,178911789087600
"-- ending hand #141 --",2026-09-11T09:11:30.587Z,178911789058702
"""player 7 @ O8SRi7DfXR"" collected 212 from pot",2026-09-11T09:11:30.587Z,178911789058701
"Uncalled bet of 67 returned to ""player 7 @ O8SRi7DfXR""",2026-09-11T09:11:30.587Z,178911789058700
"""player 36 @ LGay7r_Caq"" folds",2026-09-11T09:11:29.755Z,178911788975500
"""player 35 @ uewFolxPCK"" folds",2026-09-11T09:11:27.980Z,178911788798000
"""player 19 @ hwP7SzeYai"" folds",2026-09-11T09:11:26.727Z,178911788672700
"""player 7 @ O8SRi7DfXR"" bets 67",2026-09-11T09:11:25.483Z,178911788548300
"""player 36 @ LGay7r_Caq"" checks",2026-09-11T09:11:22.462Z,178911788246200
"""player 35 @ uewFolxPCK"" checks",2026-09-11T09:11:21.500Z,178911788150000
"Turn: 9♥, A♠, 8♥ [3♥]",2026-09-11T09:11:19.578Z,178911787957800
"""player 35 @ uewFolxPCK"" calls 20",2026-09-11T09:11:18.720Z,178911787872000
"""player 19 @ hwP7SzeYai"" calls 20",2026-09-11T09:11:17.796Z,178911787779600
"""player 7 @ O8SRi7DfXR"" calls 20",2026-09-11T09:11:16.349Z,178911787634900
"""player 36 @ LGay7r_Caq"" bets 20",2026-09-11T09:11:14.619Z,178911787461900
"""player 35 @ uewFolxPCK"" checks",2026-09-11T09:11:12.689Z,178911787268900
"Flop:  [9♥, A♠, 8♥]",2026-09-11T09:11:10.973Z,178911787097300
"""player 19 @ hwP7SzeYai"" calls 33",2026-09-11T09:11:10.085Z,178911787008500
"""player 7 @ O8SRi7DfXR"" calls 33",2026-09-11T09:11:08.452Z,178911786845200
"""player 36 @ LGay7r_Caq"" calls 33",2026-09-11T09:11:07.487Z,178911786748700
"""player 35 @ uewFolxPCK"" raises to 33",2026-09-11T09:11:06.585Z,178911786658500
"""player 19 @ hwP7SzeYai"" calls 10",2026-09-11T09:11:05.050Z,178911786505000
"""player 7 @ O8SRi7DfXR"" calls 10",2026-09-11T09:11:03.504Z,178911786350400
"""player 36 @ LGay7r_Caq"" posts a big blind of 10",2026-09-11T09:11:01.916Z,178911786191607
"""player 35 @ uewFolxPCK"" posts a small blind of 5",2026-09-11T09:11:01.916Z,178911786191606
"Player stacks: #1 ""player 7 @ O8SRi7DfXR"" (1538) | #3 ""player 19 @ hwP7SzeYai"" (1507) | #5 ""player 35 @ uewFolxPCK"" (3458) | #10 ""player 36 @ LGay7r_Caq"" (747)",2026-09-11T09:11:01.916Z,178911786191601
"-- starting hand #141 (id: ftmpcuncrsw2)  No Limit Texas Hold'em (dealer: ""player 19 @ hwP7SzeYai"") --",2026-09-11T09:11:01.916Z,178911786191600
"""player 35 @ uewFolxPCK"" shows a 9♦.",2026-09-11T09:10:57.385Z,178911785738500
"""player 7 @ O8SRi7DfXR"" shows a J♠.",2026-09-11T09:10:55.825Z,178911785582500
"Undealt cards: 10♣, Q♠, 8♥, 4♥ [2♦]",2026-09-11T09:10:54.743Z,178911785474300
"-- ending hand #140 --",2026-09-11T09:10:54.549Z,178911785454902
"""player 36 @ LGay7r_Caq"" collected 100 from pot",2026-09-11T09:10:54.549Z,178911785454901
"Uncalled bet of 150 returned to ""player 36 @ LGay7r_Caq""",2026-09-11T09:10:54.549Z,178911785454900
"""player 35 @ uewFolxPCK"" folds",2026-09-11T09:10:53.728Z,178911785372800
"""player 7 @ O8SRi7DfXR"" folds",2026-09-11T09:10:51.653Z,178911785165300
"""player 36 @ LGay7r_Caq"" bets 150",2026-09-11T09:10:50.493Z,178911785049300
"""player 35 @ uewFolxPCK"" checks",2026-09-11T09:10:47.176Z,178911784717600
"Turn: 10♣, Q♠, 8♥ [4♥]",2026-09-11T09:10:45.652Z,178911784565200
"""player 35 @ uewFolxPCK"" calls 20",2026-09-11T09:10:44.823Z,178911784482300
"""player 19 @ hwP7SzeYai"" folds",2026-09-11T09:10:43.850Z,178911784385000
"""player 7 @ O8SRi7DfXR"" calls 20",2026-09-11T09:10:41.462Z,178911784146200
"""player 36 @ LGay7r_Caq"" bets 20",2026-09-11T09:10:39.982Z,178911783998200
"""player 35 @ uewFolxPCK"" checks",2026-09-11T09:10:37.780Z,178911783778000
"""player 19 @ hwP7SzeYai"" checks",2026-09-11T09:10:30.494Z,178911783049400
"Flop:  [10♣, Q♠, 8♥]",2026-09-11T09:10:28.238Z,178911782823800
"""player 35 @ uewFolxPCK"" checks",2026-09-11T09:10:27.430Z,178911782743000
"""player 19 @ hwP7SzeYai"" calls 10",2026-09-11T09:10:21.002Z,178911782100200
"""player 7 @ O8SRi7DfXR"" calls 10",2026-09-11T09:10:19.761Z,178911781976100
"""player 36 @ LGay7r_Caq"" calls 10",2026-09-11T09:10:18.852Z,178911781885200
"""player 35 @ uewFolxPCK"" posts a big blind of 10",2026-09-11T09:10:17.338Z,178911781733807
"""player 19 @ hwP7SzeYai"" posts a small blind of 5",2026-09-11T09:10:17.338Z,178911781733806
"Player stacks: #1 ""player 7 @ O8SRi7DfXR"" (1568) | #3 ""player 19 @ hwP7SzeYai"" (1517) | #5 ""player 35 @ uewFolxPCK"" (3488) | #10 ""player 36 @ LGay7r_Caq"" (677)",2026-09-11T09:10:17.338Z,178911781733801
"-- starting hand #140 (id: jk2x7puvs99d)  No Limit Texas Hold'em (dealer: ""player 7 @ O8SRi7DfXR"") --",2026-09-11T09:10:17.338Z,178911781733800
"""player 7 @ O8SRi7DfXR"" shows a 6♥, 5♥.",2026-09-11T09:10:10.780Z,178911781078000
"""player 35 @ uewFolxPCK"" shows a 2♠, 10♠.",2026-09-11T09:10:09.029Z,178911780902900
"-- ending hand #139 --",2026-09-11T09:10:08.307Z,178911780830702
"""player 19 @ hwP7SzeYai"" collected 676 from pot with Pair, 10's on the second run  (combination: 6♦, 8♣, K♠, 10♣, 10♦)",2026-09-11T09:10:08.307Z,178911780830701
"""player 36 @ LGay7r_Caq"" collected 677 from pot with Three of a Kind, 8's (combination: 9♠, 10♦, 8♠, 8♣, 8♦)",2026-09-11T09:10:08.307Z,178911780830700
"River (second run): 3♣, 6♦, 10♦, 8♣ [2♦]",2026-09-11T09:10:04.270Z,178911780427000
"River: 3♣, 6♦, 10♦, 8♣ [8♦]",2026-09-11T09:10:00.228Z,178911780022800
"""player 36 @ LGay7r_Caq"" shows a 8♠, 9♠.",2026-09-11T09:09:56.167Z,178911779616701
"""player 19 @ hwP7SzeYai"" shows a K♠, 10♣.",2026-09-11T09:09:56.167Z,178911779616700
"All players in hand choose to run it twice.",2026-09-11T09:09:55.332Z,178911779533201
"""player 36 @ LGay7r_Caq"" chooses to  run it twice.",2026-09-11T09:09:55.332Z,178911779533200
"""player 19 @ hwP7SzeYai"" chooses to  run it twice.",2026-09-11T09:09:54.965Z,178911779496500
"Remaining players decide whether to run it twice.",2026-09-11T09:09:53.400Z,178911779340001
"""player 35 @ uewFolxPCK"" folds",2026-09-11T09:09:53.400Z,178911779340000
"""player 19 @ hwP7SzeYai"" calls 521",2026-09-11T09:09:51.113Z,178911779111300
"""player 36 @ LGay7r_Caq"" bets 521 and go all in",2026-09-11T09:09:24.901Z,178911776490100
"""player 35 @ uewFolxPCK"" checks",2026-09-11T09:09:21.971Z,178911776197100
"""player 19 @ hwP7SzeYai"" checks",2026-09-11T09:09:21.043Z,178911776104300
"Turn: 3♣, 6♦, 10♦ [8♣]",2026-09-11T09:09:18.443Z,178911775844300
"""player 36 @ LGay7r_Caq"" checks",2026-09-11T09:09:17.621Z,178911775762100
"""player 35 @ uewFolxPCK"" checks",2026-09-11T09:09:14.476Z,178911775447600
"""player 19 @ hwP7SzeYai"" checks",2026-09-11T09:09:13.579Z,178911775357900
"Flop:  [3♣, 6♦, 10♦]",2026-09-11T09:09:09.244Z,178911774924400
"""player 19 @ hwP7SzeYai"" calls 102",2026-09-11T09:09:08.423Z,178911774842300
"""player 7 @ O8SRi7DfXR"" folds",2026-09-11T09:09:06.335Z,178911774633500
"""player 36 @ LGay7r_Caq"" calls 102",2026-09-11T09:08:46.455Z,178911772645500
"""player 35 @ uewFolxPCK"" raises to 102",2026-09-11T09:08:45.543Z,178911772554300
"""player 19 @ hwP7SzeYai"" posts a big blind of 10",2026-09-11T09:08:42.202Z,178911772220207
"""player 7 @ O8SRi7DfXR"" posts a small blind of 5",2026-09-11T09:08:42.202Z,178911772220206
"Your hand is 2♠, 10♠",2026-09-11T09:08:42.202Z,178911772220204
"Player stacks: #1 ""player 7 @ O8SRi7DfXR"" (1573) | #3 ""player 19 @ hwP7SzeYai"" (1464) | #5 ""player 35 @ uewFolxPCK"" (3590) | #10 ""player 36 @ LGay7r_Caq"" (623)",2026-09-11T09:08:42.202Z,178911772220201
"-- starting hand #139 (id: lrnqjhyltrbf)  No Limit Texas Hold'em (dealer: ""player 36 @ LGay7r_Caq"") --",2026-09-11T09:08:42.202Z,178911772220200
"""player 7 @ O8SRi7DfXR"" shows a 3♥.",2026-09-11T09:08:39.971Z,178911771997100
"""player 7 @ O8SRi7DfXR"" shows a 4♥.",2026-09-11T09:08:39.450Z,178911771945000
"-- ending hand #138 --",2026-09-11T09:08:38.565Z,178911771856501
"""player 7 @ O8SRi7DfXR"" collected 247 from pot",2026-09-11T09:08:38.565Z,178911771856500
"""player 19 @ hwP7SzeYai"" folds",2026-09-11T09:08:37.698Z,178911771769800
"""player 7 @ O8SRi7DfXR"" checks",2026-09-11T09:08:26.412Z,178911770641200
"River: 8♥, J♥, 9♣, 7♦ [4♣]",2026-09-11T09:08:24.144Z,178911770414400
"""player 7 @ O8SRi7DfXR"" calls 10",2026-09-11T09:08:23.258Z,178911770325800
"""player 19 @ hwP7SzeYai"" bets 10",2026-09-11T09:08:22.342Z,178911770234200
"""player 7 @ O8SRi7DfXR"" checks",2026-09-11T09:08:21.114Z,178911770111400
"Turn: 8♥, J♥, 9♣ [7♦]",2026-09-11T09:08:19.741Z,178911769974100
"""player 7 @ O8SRi7DfXR"" calls 10",2026-09-11T09:08:18.917Z,178911769891700
"""player 19 @ hwP7SzeYai"" bets 10",2026-09-11T09:08:18.019Z,178911769801900
"""player 7 @ O8SRi7DfXR"" checks",2026-09-11T09:08:16.334Z,178911769633400
"Flop:  [8♥, J♥, 9♣]",2026-09-11T09:08:14.149Z,178911769414900
"""player 7 @ O8SRi7DfXR"" calls 96",2026-09-11T09:08:13.344Z,178911769334400
"""player 35 @ uewFolxPCK"" folds",2026-09-11T09:08:10.568Z,178911769056800
"""player 19 @ hwP7SzeYai"" raises to 96",2026-09-11T09:08:09.294Z,178911768929400
"""player 7 @ O8SRi7DfXR"" raises to 34",2026-09-11T09:08:05.454Z,178911768545400
"""player 36 @ LGay7r_Caq"" folds",2026-09-11T09:08:03.616Z,178911768361600
"""player 35 @ uewFolxPCK"" calls 10",2026-09-11T09:08:02.679Z,178911768267900
"""player 19 @ hwP7SzeYai"" calls 10",2026-09-11T09:08:01.532Z,178911768153200
"""player 7 @ O8SRi7DfXR"" posts a big blind of 10",2026-09-11T09:07:59.067Z,178911767906707
"""player 36 @ LGay7r_Caq"" posts a small blind of 5",2026-09-11T09:07:59.067Z,178911767906706
"Player stacks: #1 ""player 7 @ O8SRi7DfXR"" (1442) | #3 ""player 19 @ hwP7SzeYai"" (1580) | #5 ""player 35 @ uewFolxPCK"" (3600) | #10 ""player 36 @ LGay7r_Caq"" (628)",2026-09-11T09:07:59.067Z,178911767906701
"-- starting hand #138 (id: a0iv0kjij93d)  No Limit Texas Hold'em (dealer: ""player 35 @ uewFolxPCK"") --",2026-09-11T09:07:59.067Z,178911767906700
"""player 35 @ uewFolxPCK"" shows a 6♠, 9♦.",2026-09-11T09:07:57.070Z,178911767707000
"-- ending hand #137 --",2026-09-11T09:07:55.462Z,178911767546202
"""player 35 @ uewFolxPCK"" collected 327 from pot",2026-09-11T09:07:55.462Z,178911767546201
"Uncalled bet of 210 returned to ""player 35 @ uewFolxPCK""",2026-09-11T09:07:55.462Z,178911767546200
"""player 19 @ hwP7SzeYai"" folds",2026-09-11T09:07:54.630Z,178911767463000
"""player 35 @ uewFolxPCK"" bets 210",2026-09-11T09:07:53.534Z,178911767353400
"River: 4♥, K♣, 9♠, 6♦ [10♣]",2026-09-11T09:07:49.173Z,178911766917300
"""player 19 @ hwP7SzeYai"" calls 55",2026-09-11T09:07:48.287Z,178911766828700
"""player 36 @ LGay7r_Caq"" folds",2026-09-11T09:07:47.178Z,178911766717800
"""player 35 @ uewFolxPCK"" raises to 55",2026-09-11T09:07:46.234Z,178911766623400
"""player 19 @ hwP7SzeYai"" calls 10",2026-09-11T09:07:44.154Z,178911766415400
"""player 36 @ LGay7r_Caq"" bets 10",2026-09-11T09:07:42.689Z,178911766268900
"""player 35 @ uewFolxPCK"" checks",2026-09-11T09:07:41.457Z,178911766145700
"Turn: 4♥, K♣, 9♠ [6♦]",2026-09-11T09:07:40.770Z,178911766077000
"""player 19 @ hwP7SzeYai"" checks",2026-09-11T09:07:39.965Z,178911765996500
"""player 36 @ LGay7r_Caq"" checks",2026-09-11T09:07:39.064Z,178911765906400
"""player 35 @ uewFolxPCK"" checks",2026-09-11T09:07:38.161Z,178911765816100
"Flop:  [4♥, K♣, 9♠]",2026-09-11T09:07:36.368Z,178911765636800
"""player 19 @ hwP7SzeYai"" calls 69",2026-09-11T09:07:35.514Z,178911765551400
"""player 36 @ LGay7r_Caq"" calls 69",2026-09-11T09:07:34.454Z,178911765445400
"""player 35 @ uewFolxPCK"" raises to 69",2026-09-11T09:07:33.526Z,178911765352600
"""player 19 @ hwP7SzeYai"" calls 10",2026-09-11T09:07:30.215Z,178911765021500
"""player 7 @ O8SRi7DfXR"" folds",2026-09-11T09:07:29.226Z,178911764922600
"""player 36 @ LGay7r_Caq"" posts a big blind of 10",2026-09-11T09:07:27.662Z,178911764766207
"""player 35 @ uewFolxPCK"" posts a small blind of 5",2026-09-11T09:07:27.662Z,178911764766206
"Your hand is 6♠, 9♦",2026-09-11T09:07:27.662Z,178911764766204
"Player stacks: #1 ""player 7 @ O8SRi7DfXR"" (1442) | #3 ""player 19 @ hwP7SzeYai"" (1704) | #5 ""player 35 @ uewFolxPCK"" (3397) | #10 ""player 36 @ LGay7r_Caq"" (707)",2026-09-11T09:07:27.662Z,178911764766201
"-- starting hand #137 (id: z6vooonvmbsw)  No Limit Texas Hold'em (dealer: ""player 19 @ hwP7SzeYai"") --",2026-09-11T09:07:27.662Z,178911764766200
"""player 7 @ O8SRi7DfXR"" shows a Q♠.",2026-09-11T09:07:24.639Z,178911764463900
"""player 35 @ uewFolxPCK"" shows a 5♠.",2026-09-11T09:07:24.063Z,178911764406300
"-- ending hand #136 --",2026-09-11T09:07:23.353Z,178911764335301
"""player 35 @ uewFolxPCK"" collected 100 from pot",2026-09-11T09:07:23.353Z,178911764335300
"""player 19 @ hwP7SzeYai"" folds",2026-09-11T09:07:22.482Z,178911764248200
"River: A♦, 5♦, 5♥, Q♥ [9♦]",2026-09-11T09:07:20.353Z,178911764035300
"""player 19 @ hwP7SzeYai"" calls 20",2026-09-11T09:07:19.478Z,178911763947800
"""player 35 @ uewFolxPCK"" raises to 20",2026-09-11T09:07:17.563Z,178911763756300
"""player 19 @ hwP7SzeYai"" bets 10",2026-09-11T09:07:14.247Z,178911763424700
"Turn: A♦, 5♦, 5♥ [Q♥]",2026-09-11T09:07:12.557Z,178911763255700
"""player 19 @ hwP7SzeYai"" calls 20",2026-09-11T09:07:11.734Z,178911763173400
"""player 35 @ uewFolxPCK"" raises to 20",2026-09-11T09:07:10.060Z,178911763006000
"""player 19 @ hwP7SzeYai"" bets 10",2026-09-11T09:07:08.468Z,178911762846800
"Flop:  [A♦, 5♦, 5♥]",2026-09-11T09:07:05.744Z,178911762574400
"""player 35 @ uewFolxPCK"" checks",2026-09-11T09:07:04.923Z,178911762492300
"""player 19 @ hwP7SzeYai"" calls 10",2026-09-11T09:07:03.355Z,178911762335500
"""player 7 @ O8SRi7DfXR"" folds",2026-09-11T09:07:02.257Z,178911762225700
"""player 36 @ LGay7r_Caq"" folds",2026-09-11T09:07:01.280Z,178911762128000
"""player 35 @ uewFolxPCK"" posts a big blind of 10",2026-09-11T09:07:00.117Z,178911762011707
"""player 19 @ hwP7SzeYai"" posts a small blind of 5",2026-09-11T09:07:00.117Z,178911762011706
"Player stacks: #1 ""player 7 @ O8SRi7DfXR"" (1442) | #3 ""player 19 @ hwP7SzeYai"" (1754) | #5 ""player 35 @ uewFolxPCK"" (3347) | #10 ""player 36 @ LGay7r_Caq"" (707)",2026-09-11T09:07:00.117Z,178911762011701
"-- starting hand #136 (id: k4i6gewglewm)  No Limit Texas Hold'em (dealer: ""player 7 @ O8SRi7DfXR"") --",2026-09-11T09:07:00.117Z,178911762011700
"""player 7 @ O8SRi7DfXR"" shows a 6♠, 10♥.",2026-09-11T09:06:56.331Z,178911761633100
"-- ending hand #135 --",2026-09-11T09:06:53.592Z,178911761359204
"""player 35 @ uewFolxPCK"" collected 150 from pot with Pair, J's (combination: 5♠, 7♦, K♣, J♠, J♥)",2026-09-11T09:06:53.592Z,178911761359203
"""player 35 @ uewFolxPCK"" shows a J♠, 5♠.",2026-09-11T09:06:53.592Z,178911761359202
"""player 19 @ hwP7SzeYai"" shows a A♥, 2♠.",2026-09-11T09:06:53.592Z,178911761359201
"""player 36 @ LGay7r_Caq"" shows a 6♦, 4♠.",2026-09-11T09:06:53.592Z,178911761359200
"""player 35 @ uewFolxPCK"" calls 10",2026-09-11T09:06:52.783Z,178911761278300
"""player 19 @ hwP7SzeYai"" calls 10",2026-09-11T09:06:51.880Z,178911761188000
"""player 7 @ O8SRi7DfXR"" folds",2026-09-11T09:06:50.969Z,178911761096900
"""player 36 @ LGay7r_Caq"" bets 10",2026-09-11T09:06:49.690Z,178911760969000
"""player 35 @ uewFolxPCK"" checks",2026-09-11T09:06:48.386Z,178911760838600
"""player 19 @ hwP7SzeYai"" checks",2026-09-11T09:06:47.446Z,178911760744600
"""player 7 @ O8SRi7DfXR"" checks",2026-09-11T09:06:46.393Z,178911760639300
"River: 3♥, K♣, 7♦, J♥ [2♥]",2026-09-11T09:06:45.105Z,178911760510500
"""player 36 @ LGay7r_Caq"" checks",2026-09-11T09:06:44.287Z,178911760428700
"""player 35 @ uewFolxPCK"" checks",2026-09-11T09:06:43.384Z,178911760338400
"""player 19 @ hwP7SzeYai"" checks",2026-09-11T09:06:42.410Z,178911760241000
"""player 7 @ O8SRi7DfXR"" checks",2026-09-11T09:06:41.400Z,178911760140000
"Turn: 3♥, K♣, 7♦ [J♥]",2026-09-11T09:06:39.776Z,178911759977600
"""player 36 @ LGay7r_Caq"" checks",2026-09-11T09:06:38.972Z,178911759897200
"""player 35 @ uewFolxPCK"" checks",2026-09-11T09:06:37.774Z,178911759777400
"""player 19 @ hwP7SzeYai"" checks",2026-09-11T09:06:36.844Z,178911759684400
"""player 7 @ O8SRi7DfXR"" checks",2026-09-11T09:06:35.914Z,178911759591400
"Flop:  [3♥, K♣, 7♦]",2026-09-11T09:06:33.493Z,178911759349300
"""player 19 @ hwP7SzeYai"" calls 30",2026-09-11T09:06:32.633Z,178911759263300
"""player 7 @ O8SRi7DfXR"" calls 30",2026-09-11T09:06:31.718Z,178911759171800
"""player 36 @ LGay7r_Caq"" calls 30",2026-09-11T09:06:30.140Z,178911759014000
"""player 35 @ uewFolxPCK"" raises to 30",2026-09-11T09:06:27.788Z,178911758778800
"""player 19 @ hwP7SzeYai"" posts a big blind of 10",2026-09-11T09:06:26.090Z,178911758609007
"""player 7 @ O8SRi7DfXR"" posts a small blind of 5",2026-09-11T09:06:26.090Z,178911758609006
"Your hand is J♠, 5♠",2026-09-11T09:06:26.090Z,178911758609004
"Player stacks: #1 ""player 7 @ O8SRi7DfXR"" (1472) | #3 ""player 19 @ hwP7SzeYai"" (1794) | #5 ""player 35 @ uewFolxPCK"" (3237) | #10 ""player 36 @ LGay7r_Caq"" (747)",2026-09-11T09:06:26.090Z,178911758609001
"-- starting hand #135 (id: 9plv6axtcscw)  No Limit Texas Hold'em (dealer: ""player 36 @ LGay7r_Caq"") --",2026-09-11T09:06:26.090Z,178911758609000
"""player 35 @ uewFolxPCK"" shows a K♥, A♣.",2026-09-11T09:06:20.561Z,178911758056100
"""player 7 @ O8SRi7DfXR"" shows a 2♣, K♠.",2026-09-11T09:06:20.120Z,178911758012000
"Undealt cards: J♠, 10♣, 9♣, J♣ [Q♦]",2026-09-11T09:06:19.354Z,178911757935400
"-- ending hand #134 --",2026-09-11T09:06:18.687Z,178911757868702
"""player 35 @ uewFolxPCK"" collected 236 from pot",2026-09-11T09:06:18.687Z,178911757868701
"Uncalled bet of 122 returned to ""player 35 @ uewFolxPCK""",2026-09-11T09:06:18.687Z,178911757868700
"""player 7 @ O8SRi7DfXR"" folds",2026-09-11T09:06:17.848Z,178911757784800
"""player 35 @ uewFolxPCK"" bets 122",2026-09-11T09:06:01.550Z,178911756155000
"""player 19 @ hwP7SzeYai"" folds",2026-09-11T09:05:57.053Z,178911755705300
"""player 7 @ O8SRi7DfXR"" checks",2026-09-11T09:05:56.090Z,178911755609000
"Turn: J♠, 10♣, 9♣ [J♣]",2026-09-11T09:05:53.566Z,178911755356600
"""player 19 @ hwP7SzeYai"" calls 33",2026-09-11T09:05:52.695Z,178911755269500
"""player 7 @ O8SRi7DfXR"" calls 33",2026-09-11T09:05:51.789Z,178911755178900
"""player 35 @ uewFolxPCK"" bets 33",2026-09-11T09:05:50.682Z,178911755068200
"""player 19 @ hwP7SzeYai"" checks",2026-09-11T09:05:48.858Z,178911754885800
"""player 7 @ O8SRi7DfXR"" checks",2026-09-11T09:05:47.949Z,178911754794900
"Flop:  [J♠, 10♣, 9♣]",2026-09-11T09:05:43.957Z,178911754395700
"""player 19 @ hwP7SzeYai"" calls 44",2026-09-11T09:05:43.092Z,178911754309200
"""player 7 @ O8SRi7DfXR"" calls 44",2026-09-11T09:05:42.187Z,178911754218700
"""player 36 @ LGay7r_Caq"" folds",2026-09-11T09:05:41.087Z,178911754108700
"""player 35 @ uewFolxPCK"" raises to 44",2026-09-11T09:05:40.190Z,178911754019000
"""player 19 @ hwP7SzeYai"" calls 10",2026-09-11T09:05:37.890Z,178911753789000
"""player 7 @ O8SRi7DfXR"" posts a big blind of 10",2026-09-11T09:05:36.550Z,178911753655007
"""player 36 @ LGay7r_Caq"" posts a small blind of 5",2026-09-11T09:05:36.550Z,178911753655006
"Your hand is K♥, A♣",2026-09-11T09:05:36.550Z,178911753655004
"Player stacks: #1 ""player 7 @ O8SRi7DfXR"" (1549) | #3 ""player 19 @ hwP7SzeYai"" (1871) | #5 ""player 35 @ uewFolxPCK"" (3078) | #10 ""player 36 @ LGay7r_Caq"" (752)",2026-09-11T09:05:36.550Z,178911753655001
"-- starting hand #134 (id: qq4es7e45jol)  No Limit Texas Hold'em (dealer: ""player 35 @ uewFolxPCK"") --",2026-09-11T09:05:36.550Z,178911753655000
"""player 7 @ O8SRi7DfXR"" shows a J♠, 9♦.",2026-09-11T09:05:32.537Z,178911753253700
"""player 19 @ hwP7SzeYai"" shows a 6♦, 10♥.",2026-09-11T09:05:30.517Z,178911753051700
"-- ending hand #133 --",2026-09-11T09:05:29.545Z,178911752954502
"""player 35 @ uewFolxPCK"" collected 60 from pot with Two Pair, 5's & 4's (combination: K♣, 4♣, 4♠, 5♠, 5♣)",2026-09-11T09:05:29.545Z,178911752954501
"""player 35 @ uewFolxPCK"" shows a 8♦, 5♠.",2026-09-11T09:05:29.545Z,178911752954500
"""player 19 @ hwP7SzeYai"" calls 10",2026-09-11T09:05:28.732Z,178911752873200
"""player 7 @ O8SRi7DfXR"" folds",2026-09-11T09:05:27.396Z,178911752739600
"""player 35 @ uewFolxPCK"" bets 10",2026-09-11T09:05:24.982Z,178911752498200
"River: Q♣, 4♣, 4♠, K♣ [5♣]",2026-09-11T09:05:23.132Z,178911752313200
"""player 19 @ hwP7SzeYai"" checks",2026-09-11T09:05:22.220Z,178911752222000
"""player 7 @ O8SRi7DfXR"" checks",2026-09-11T09:05:21.296Z,178911752129600
"""player 35 @ uewFolxPCK"" checks",2026-09-11T09:05:19.962Z,178911751996200
"Turn: Q♣, 4♣, 4♠ [K♣]",2026-09-11T09:05:19.533Z,178911751953300
"""player 19 @ hwP7SzeYai"" checks",2026-09-11T09:05:18.655Z,178911751865500
"""player 7 @ O8SRi7DfXR"" checks",2026-09-11T09:05:17.695Z,178911751769500
"""player 35 @ uewFolxPCK"" checks",2026-09-11T09:05:16.052Z,178911751605200
"Flop:  [Q♣, 4♣, 4♠]",2026-09-11T09:05:14.119Z,178911751411900
"""player 36 @ LGay7r_Caq"" folds",2026-09-11T09:05:13.213Z,178911751321300
"""player 35 @ uewFolxPCK"" calls 10",2026-09-11T09:05:12.279Z,178911751227900
"""player 19 @ hwP7SzeYai"" calls 10",2026-09-11T09:05:11.316Z,178911751131600
"""player 7 @ O8SRi7DfXR"" calls 10",2026-09-11T09:05:09.941Z,178911750994100
"""player 36 @ LGay7r_Caq"" posts a big blind of 10",2026-09-11T09:05:01.087Z,178911750108707
"""player 35 @ uewFolxPCK"" posts a small blind of 5",2026-09-11T09:05:01.087Z,178911750108706
"Your hand is 8♦, 5♠",2026-09-11T09:05:01.087Z,178911750108704
"Player stacks: #1 ""player 7 @ O8SRi7DfXR"" (1559) | #3 ""player 19 @ hwP7SzeYai"" (1891) | #5 ""player 35 @ uewFolxPCK"" (3038) | #10 ""player 36 @ LGay7r_Caq"" (762)",2026-09-11T09:05:01.087Z,178911750108701
"-- starting hand #133 (id: isbv19btgjj1)  No Limit Texas Hold'em (dealer: ""player 19 @ hwP7SzeYai"") --",2026-09-11T09:05:01.087Z,178911750108700
"-- ending hand #132 --",2026-09-11T09:04:55.061Z,178911749506104
"""player 19 @ hwP7SzeYai"" collected 180 from pot with Pair, 7's (combination: 10♠, Q♦, K♥, 7♥, 7♠)",2026-09-11T09:04:55.061Z,178911749506103
"""player 19 @ hwP7SzeYai"" shows a 5♠, 7♥.",2026-09-11T09:04:55.061Z,178911749506102
"""player 7 @ O8SRi7DfXR"" shows a 2♥, A♥.",2026-09-11T09:04:55.061Z,178911749506101
"""player 35 @ uewFolxPCK"" shows a 2♦, 9♥.",2026-09-11T09:04:55.061Z,178911749506100
"""player 19 @ hwP7SzeYai"" calls 10",2026-09-11T09:04:54.227Z,178911749422700
"""player 7 @ O8SRi7DfXR"" calls 10",2026-09-11T09:04:53.224Z,178911749322400
"""player 35 @ uewFolxPCK"" bets 10",2026-09-11T09:04:51.738Z,178911749173800
"""player 19 @ hwP7SzeYai"" checks",2026-09-11T09:04:50.399Z,178911749039900
"River: 10♠, K♥, 7♠, Q♦ [3♠]",2026-09-11T09:04:49.258Z,178911748925800
"""player 7 @ O8SRi7DfXR"" checks",2026-09-11T09:04:48.448Z,178911748844800
"""player 35 @ uewFolxPCK"" checks",2026-09-11T09:04:47.561Z,178911748756100
"""player 19 @ hwP7SzeYai"" checks",2026-09-11T09:04:46.668Z,178911748666800
"Turn: 10♠, K♥, 7♠ [Q♦]",2026-09-11T09:04:45.365Z,178911748536500
"""player 7 @ O8SRi7DfXR"" checks",2026-09-11T09:04:44.535Z,178911748453500
"""player 35 @ uewFolxPCK"" checks",2026-09-11T09:04:43.639Z,178911748363900
"""player 19 @ hwP7SzeYai"" checks",2026-09-11T09:04:42.740Z,178911748274000
"Flop:  [10♠, K♥, 7♠]",2026-09-11T09:04:40.360Z,178911748036000
"""player 35 @ uewFolxPCK"" calls 50",2026-09-11T09:04:39.519Z,178911747951900
"""player 19 @ hwP7SzeYai"" calls 50",2026-09-11T09:04:38.599Z,178911747859900
"""player 7 @ O8SRi7DfXR"" raises to 50",2026-09-11T09:04:36.009Z,178911747600900
"""player 36 @ LGay7r_Caq"" folds",2026-09-11T09:04:33.360Z,178911747336000
"""player 35 @ uewFolxPCK"" posts a big blind of 10",2026-09-11T09:04:32.106Z,178911747210607
"""player 19 @ hwP7SzeYai"" posts a small blind of 5",2026-09-11T09:04:32.106Z,178911747210606
"Your hand is 2♦, 9♥",2026-09-11T09:04:32.106Z,178911747210604
"Player stacks: #1 ""player 7 @ O8SRi7DfXR"" (1619) | #3 ""player 19 @ hwP7SzeYai"" (1771) | #5 ""player 35 @ uewFolxPCK"" (3098) | #10 ""player 36 @ LGay7r_Caq"" (762)",2026-09-11T09:04:32.106Z,178911747210601
"-- starting hand #132 (id: 7pymave9s5wt)  No Limit Texas Hold'em (dealer: ""player 7 @ O8SRi7DfXR"") --",2026-09-11T09:04:32.106Z,178911747210600
"-- ending hand #131 --",2026-09-11T09:04:26.080Z,178911746608003
"""player 36 @ LGay7r_Caq"" collected 100 from pot with Pair, 8's (combination: 10♣, Q♣, A♦, 8♣, 8♠)",2026-09-11T09:04:26.080Z,178911746608002
"""player 36 @ LGay7r_Caq"" shows a 8♣, Q♣.",2026-09-11T09:04:26.080Z,178911746608001
"""player 7 @ O8SRi7DfXR"" shows a 6♦, Q♥.",2026-09-11T09:04:26.080Z,178911746608000
"""player 36 @ LGay7r_Caq"" checks",2026-09-11T09:04:25.268Z,178911746526800
"""player 35 @ uewFolxPCK"" checks",2026-09-11T09:04:24.284Z,178911746428400
"""player 7 @ O8SRi7DfXR"" checks",2026-09-11T09:04:22.605Z,178911746260500
"River: 8♠, 4♣, 3♦, A♦ [10♣]",2026-09-11T09:04:20.026Z,178911746002600
"""player 36 @ LGay7r_Caq"" checks",2026-09-11T09:04:19.116Z,178911745911600
"""player 35 @ uewFolxPCK"" checks",2026-09-11T09:04:18.122Z,178911745812200
"""player 7 @ O8SRi7DfXR"" checks",2026-09-11T09:04:17.213Z,178911745721300
"Turn: 8♠, 4♣, 3♦ [A♦]",2026-09-11T09:04:14.811Z,178911745481100
"""player 35 @ uewFolxPCK"" calls 20",2026-09-11T09:04:13.905Z,178911745390500
"""player 19 @ hwP7SzeYai"" folds",2026-09-11T09:04:10.209Z,178911745020900
"The admin ""player 35 @ uewFolxPCK"" forced the player ""player 19 @ hwP7SzeYai"" to away mode in the next hand.",2026-09-11T09:04:10.071Z,178911745007100
"""player 7 @ O8SRi7DfXR"" calls 20",2026-09-11T09:04:09.340Z,178911744934000
"""player 36 @ LGay7r_Caq"" bets 20",2026-09-11T09:04:07.463Z,178911744746300
"""player 35 @ uewFolxPCK"" checks",2026-09-11T09:04:05.488Z,178911744548800
"""player 19 @ hwP7SzeYai"" checks",2026-09-11T09:04:04.575Z,178911744457500
"""player 7 @ O8SRi7DfXR"" checks",2026-09-11T09:04:02.684Z,178911744268400
"Flop:  [8♠, 4♣, 3♦]",2026-09-11T09:03:59.402Z,178911743940200
"""player 19 @ hwP7SzeYai"" checks",2026-09-11T09:03:58.581Z,178911743858100
"""player 7 @ O8SRi7DfXR"" calls 10",2026-09-11T09:03:57.375Z,178911743737500
"""player 36 @ LGay7r_Caq"" calls 10",2026-09-11T09:03:55.794Z,178911743579400
"""player 35 @ uewFolxPCK"" calls 10",2026-09-11T09:03:54.480Z,178911743448000
"""player 19 @ hwP7SzeYai"" posts a big blind of 10",2026-09-11T09:03:51.344Z,178911743134407
"""player 7 @ O8SRi7DfXR"" posts a small blind of 5",2026-09-11T09:03:51.344Z,178911743134406
"Player stacks: #1 ""player 7 @ O8SRi7DfXR"" (1649) | #3 ""player 19 @ hwP7SzeYai"" (1781) | #5 ""player 35 @ uewFolxPCK"" (3128) | #10 ""player 36 @ LGay7r_Caq"" (692)",2026-09-11T09:03:51.344Z,178911743134401
"-- starting hand #131 (id: 7qo2qenig9ba)  No Limit Texas Hold'em (dealer: ""player 36 @ LGay7r_Caq"") --",2026-09-11T09:03:51.344Z,178911743134400
"""player 19 @ hwP7SzeYai"" shows a Q♥, Q♠.",2026-09-11T09:03:49.190Z,178911742919000
"""player 7 @ O8SRi7DfXR"" shows a 6♠, 3♣.",2026-09-11T09:03:46.923Z,178911742692300
"-- ending hand #130 --",2026-09-11T09:03:44.324Z,178911742432402
"""player 35 @ uewFolxPCK"" collected 155 from pot with Flush, K High (combination: 2♦, 3♦, 6♦, J♦, K♦)",2026-09-11T09:03:44.324Z,178911742432401
"""player 35 @ uewFolxPCK"" shows a 6♦, J♦.",2026-09-11T09:03:44.324Z,178911742432400
"""player 19 @ hwP7SzeYai"" calls 20",2026-09-11T09:03:43.502Z,178911742350200
"""player 7 @ O8SRi7DfXR"" calls 20",2026-09-11T09:03:42.371Z,178911742237100
"""player 35 @ uewFolxPCK"" raises to 20",2026-09-11T09:03:40.010Z,178911742001000
"""player 19 @ hwP7SzeYai"" bets 10",2026-09-11T09:03:38.123Z,178911741812300
"""player 7 @ O8SRi7DfXR"" checks",2026-09-11T09:03:36.679Z,178911741667900
"River: 4♠, 3♦, K♦, 7♣ [2♦]",2026-09-11T09:03:32.842Z,178911741284200
"""player 7 @ O8SRi7DfXR"" calls 10",2026-09-11T09:03:31.968Z,178911741196800
"""player 35 @ uewFolxPCK"" calls 10",2026-09-11T09:03:30.921Z,178911741092100
"""player 19 @ hwP7SzeYai"" bets 10",2026-09-11T09:03:29.983Z,178911740998300
"""player 7 @ O8SRi7DfXR"" checks",2026-09-11T09:03:28.713Z,178911740871300
"Turn: 4♠, 3♦, K♦ [7♣]",2026-09-11T09:03:27.143Z,178911740714300
"""player 7 @ O8SRi7DfXR"" calls 10",2026-09-11T09:03:26.321Z,178911740632100
"""player 35 @ uewFolxPCK"" calls 10",2026-09-11T09:03:25.406Z,178911740540600
"""player 19 @ hwP7SzeYai"" bets 10",2026-09-11T09:03:24.240Z,178911740424000
"""player 7 @ O8SRi7DfXR"" checks",2026-09-11T09:03:21.375Z,178911740137500
"Flop:  [4♠, 3♦, K♦]",2026-09-11T09:03:19.835Z,178911739983500
"""player 7 @ O8SRi7DfXR"" checks",2026-09-11T09:03:19.017Z,178911739901700
"""player 36 @ LGay7r_Caq"" folds",2026-09-11T09:03:18.132Z,178911739813200
"""player 35 @ uewFolxPCK"" calls 10",2026-09-11T09:03:17.210Z,178911739721000
"""player 19 @ hwP7SzeYai"" calls 10",2026-09-11T09:03:14.064Z,178911739406400
"""player 7 @ O8SRi7DfXR"" posts a big blind of 10",2026-09-11T09:03:12.105Z,178911739210507
"""player 36 @ LGay7r_Caq"" posts a small blind of 5",2026-09-11T09:03:12.105Z,178911739210506
"Your hand is 6♦, J♦",2026-09-11T09:03:12.105Z,178911739210504
"Player stacks: #1 ""player 7 @ O8SRi7DfXR"" (1699) | #3 ""player 19 @ hwP7SzeYai"" (1831) | #5 ""player 35 @ uewFolxPCK"" (3023) | #10 ""player 36 @ LGay7r_Caq"" (697)",2026-09-11T09:03:12.105Z,178911739210501
"-- starting hand #130 (id: xbp7fhcq0fbr)  No Limit Texas Hold'em (dealer: ""player 35 @ uewFolxPCK"") --",2026-09-11T09:03:12.105Z,178911739210500
"""player 19 @ hwP7SzeYai"" shows a K♥, 2♥.",2026-09-11T09:03:11.203Z,178911739120300
"""player 36 @ LGay7r_Caq"" shows a A♠.",2026-09-11T09:03:07.239Z,178911738723900
"-- ending hand #129 --",2026-09-11T09:03:05.101Z,178911738510102
"""player 35 @ uewFolxPCK"" collected 1102 from pot with Three of a Kind, 4's (combination: 10♥, A♣, 4♣, 4♦, 4♥)",2026-09-11T09:03:05.101Z,178911738510101
"""player 35 @ uewFolxPCK"" shows a 4♣, 4♦.",2026-09-11T09:03:05.101Z,178911738510100
"""player 19 @ hwP7SzeYai"" folds",2026-09-11T09:03:04.195Z,178911738419500
"""player 36 @ LGay7r_Caq"" calls 222",2026-09-11T09:03:03.277Z,178911738327700
"""player 35 @ uewFolxPCK"" bets 222",2026-09-11T09:03:01.897Z,178911738189700
"River: A♣, 10♥, 4♥, 9♣ [8♣]",2026-09-11T09:02:56.371Z,178911737637100
"""player 19 @ hwP7SzeYai"" checks",2026-09-11T09:02:55.492Z,178911737549200
"""player 36 @ LGay7r_Caq"" checks",2026-09-11T09:02:54.109Z,178911737410900
"""player 35 @ uewFolxPCK"" checks",2026-09-11T09:02:53.043Z,178911737304300
"Turn: A♣, 10♥, 4♥ [9♣]",2026-09-11T09:02:52.167Z,178911737216700
"""player 35 @ uewFolxPCK"" calls 130",2026-09-11T09:02:51.299Z,178911737129900
"""player 19 @ hwP7SzeYai"" calls 130",2026-09-11T09:02:50.061Z,178911737006100
"""player 7 @ O8SRi7DfXR"" folds",2026-09-11T09:02:48.081Z,178911736808100
"""player 36 @ LGay7r_Caq"" bets 130",2026-09-11T09:02:46.645Z,178911736664500
"""player 35 @ uewFolxPCK"" checks",2026-09-11T09:02:44.014Z,178911736401400
"Flop:  [A♣, 10♥, 4♥]",2026-09-11T09:02:42.164Z,178911736216400
"""player 35 @ uewFolxPCK"" calls 67",2026-09-11T09:02:41.347Z,178911736134700
"""player 19 @ hwP7SzeYai"" calls 67",2026-09-11T09:02:40.454Z,178911736045400
"""player 7 @ O8SRi7DfXR"" calls 67",2026-09-11T09:02:39.534Z,178911735953400
"""player 36 @ LGay7r_Caq"" raises to 67",2026-09-11T09:02:36.299Z,178911735629900
"""player 35 @ uewFolxPCK"" raises to 20",2026-09-11T09:02:33.922Z,178911735392200
"""player 19 @ hwP7SzeYai"" calls 10",2026-09-11T09:02:30.402Z,178911735040200
"""player 7 @ O8SRi7DfXR"" calls 10",2026-09-11T09:02:28.651Z,178911734865100
"""player 36 @ LGay7r_Caq"" posts a big blind of 10",2026-09-11T09:02:23.743Z,178911734374307
"""player 35 @ uewFolxPCK"" posts a small blind of 5",2026-09-11T09:02:23.743Z,178911734374306
"Your hand is 4♣, 4♦",2026-09-11T09:02:23.743Z,178911734374304
"Player stacks: #1 ""player 7 @ O8SRi7DfXR"" (1766) | #3 ""player 19 @ hwP7SzeYai"" (2028) | #5 ""player 35 @ uewFolxPCK"" (2340) | #10 ""player 36 @ LGay7r_Caq"" (1116)",2026-09-11T09:02:23.743Z,178911734374301
"-- starting hand #129 (id: cazt7eu4y0sp)  No Limit Texas Hold'em (dealer: ""player 19 @ hwP7SzeYai"") --",2026-09-11T09:02:23.743Z,178911734374300
"-- ending hand #128 --",2026-09-11T09:02:17.737Z,178911733773703
"""player 36 @ LGay7r_Caq"" collected 60 from pot with Pair, 10's (combination: 6♣, 9♣, Q♣, 10♣, 10♥)",2026-09-11T09:02:17.737Z,178911733773702
"""player 36 @ LGay7r_Caq"" shows a 6♣, Q♣.",2026-09-11T09:02:17.737Z,178911733773701
"""player 19 @ hwP7SzeYai"" shows a 5♦, Q♠.",2026-09-11T09:02:17.737Z,178911733773700
"""player 36 @ LGay7r_Caq"" calls 10",2026-09-11T09:02:16.828Z,178911733682800
"""player 19 @ hwP7SzeYai"" bets 10",2026-09-11T09:02:15.824Z,178911733582400
"River: 10♣, 9♣, 2♠, 3♠ [10♥]",2026-09-11T09:02:12.488Z,178911733248800
"""player 36 @ LGay7r_Caq"" checks",2026-09-11T09:02:11.683Z,178911733168300
"""player 19 @ hwP7SzeYai"" checks",2026-09-11T09:02:10.727Z,178911733072700
"Turn: 10♣, 9♣, 2♠ [3♠]",2026-09-11T09:02:06.625Z,178911732662500
"""player 7 @ O8SRi7DfXR"" folds",2026-09-11T09:02:05.782Z,178911732578200
"""player 36 @ LGay7r_Caq"" checks",2026-09-11T09:02:04.309Z,178911732430900
"""player 35 @ uewFolxPCK"" folds",2026-09-11T09:02:03.076Z,178911732307600
"""player 19 @ hwP7SzeYai"" checks",2026-09-11T09:02:02.121Z,178911732212100
"Flop:  [10♣, 9♣, 2♠]",2026-09-11T09:01:59.279Z,178911731927900
"""player 35 @ uewFolxPCK"" checks",2026-09-11T09:01:58.422Z,178911731842200
"""player 19 @ hwP7SzeYai"" calls 10",2026-09-11T09:01:57.536Z,178911731753600
"""player 7 @ O8SRi7DfXR"" calls 10",2026-09-11T09:01:56.369Z,178911731636900
"""player 36 @ LGay7r_Caq"" calls 10",2026-09-11T09:01:55.110Z,178911731511000
"""player 35 @ uewFolxPCK"" posts a big blind of 10",2026-09-11T09:01:54.070Z,178911731407007
"""player 19 @ hwP7SzeYai"" posts a small blind of 5",2026-09-11T09:01:54.070Z,178911731407006
"Player stacks: #1 ""player 7 @ O8SRi7DfXR"" (1776) | #3 ""player 19 @ hwP7SzeYai"" (2048) | #5 ""player 35 @ uewFolxPCK"" (2350) | #10 ""player 36 @ LGay7r_Caq"" (1076)",2026-09-11T09:01:54.070Z,178911731407001
"-- starting hand #128 (id: 0yrzlj4h3ncf)  No Limit Texas Hold'em (dealer: ""player 7 @ O8SRi7DfXR"") --",2026-09-11T09:01:54.070Z,178911731407000
"""player 7 @ O8SRi7DfXR"" shows a 2♣, J♠.",2026-09-11T09:01:49.610Z,178911730961000
"-- ending hand #127 --",2026-09-11T09:01:47.467Z,178911730746703
"""player 19 @ hwP7SzeYai"" collected 424 from pot with Pair, A's (combination: 6♦, 10♥, Q♠, A♥, A♣)",2026-09-11T09:01:47.467Z,178911730746702
"""player 19 @ hwP7SzeYai"" shows a A♥, 4♣.",2026-09-11T09:01:47.467Z,178911730746701
"""player 35 @ uewFolxPCK"" shows a J♥, 8♣.",2026-09-11T09:01:47.467Z,178911730746700
"""player 19 @ hwP7SzeYai"" calls 137",2026-09-11T09:01:46.618Z,178911730661800
"""player 7 @ O8SRi7DfXR"" folds",2026-09-11T09:01:38.988Z,178911729898800
"""player 35 @ uewFolxPCK"" raises to 137",2026-09-11T09:01:31.080Z,178911729108000
"""player 19 @ hwP7SzeYai"" bets 10",2026-09-11T09:01:28.736Z,178911728873600
"""player 7 @ O8SRi7DfXR"" checks",2026-09-11T09:01:27.618Z,178911728761800
"River: 10♥, A♣, Q♠, 6♦ [2♦]",2026-09-11T09:01:26.453Z,178911728645300
"""player 7 @ O8SRi7DfXR"" calls 10",2026-09-11T09:01:25.644Z,178911728564400
"""player 36 @ LGay7r_Caq"" folds",2026-09-11T09:01:24.572Z,178911728457200
"""player 35 @ uewFolxPCK"" calls 10",2026-09-11T09:01:23.671Z,178911728367100
"""player 19 @ hwP7SzeYai"" bets 10",2026-09-11T09:01:22.485Z,178911728248500
"""player 7 @ O8SRi7DfXR"" checks",2026-09-11T09:01:21.407Z,178911728140700
"Turn: 10♥, A♣, Q♠ [6♦]",2026-09-11T09:01:20.023Z,178911728002300
"""player 7 @ O8SRi7DfXR"" calls 10",2026-09-11T09:01:19.126Z,178911727912600
"""player 36 @ LGay7r_Caq"" calls 10",2026-09-11T09:01:17.920Z,178911727792000
"""player 35 @ uewFolxPCK"" calls 10",2026-09-11T09:01:16.958Z,178911727695800
"""player 19 @ hwP7SzeYai"" bets 10",2026-09-11T09:01:15.713Z,178911727571300
"""player 7 @ O8SRi7DfXR"" checks",2026-09-11T09:01:14.280Z,178911727428000
"Flop:  [10♥, A♣, Q♠]",2026-09-11T09:01:12.419Z,178911727241900
"""player 19 @ hwP7SzeYai"" calls 20",2026-09-11T09:01:11.593Z,178911727159300
"""player 7 @ O8SRi7DfXR"" calls 20",2026-09-11T09:01:10.499Z,178911727049900
"""player 36 @ LGay7r_Caq"" calls 20",2026-09-11T09:01:09.150Z,178911726915000
"""player 35 @ uewFolxPCK"" raises to 20",2026-09-11T09:01:07.805Z,178911726780500
"""player 19 @ hwP7SzeYai"" posts a big blind of 10",2026-09-11T09:01:04.213Z,178911726421307
"""player 7 @ O8SRi7DfXR"" posts a small blind of 5",2026-09-11T09:01:04.213Z,178911726421306
"Your hand is J♥, 8♣",2026-09-11T09:01:04.213Z,178911726421304
"Player stacks: #1 ""player 7 @ O8SRi7DfXR"" (1816) | #3 ""player 19 @ hwP7SzeYai"" (1801) | #5 ""player 35 @ uewFolxPCK"" (2527) | #10 ""player 36 @ LGay7r_Caq"" (1106)",2026-09-11T09:01:04.213Z,178911726421301
"-- starting hand #127 (id: ipzgwunf9iof)  No Limit Texas Hold'em (dealer: ""player 36 @ LGay7r_Caq"") --",2026-09-11T09:01:04.213Z,178911726421300
"-- ending hand #126 --",2026-09-11T09:00:58.198Z,178911725819803
"""player 7 @ O8SRi7DfXR"" collected 210 from pot with Pair, Q's (combination: 9♥, 10♦, A♦, Q♦, Q♠)",2026-09-11T09:00:58.198Z,178911725819802
"""player 7 @ O8SRi7DfXR"" shows a Q♦, 7♣.",2026-09-11T09:00:58.198Z,178911725819801
"""player 36 @ LGay7r_Caq"" shows a 9♣, K♠.",2026-09-11T09:00:58.198Z,178911725819800
"""player 35 @ uewFolxPCK"" checks",2026-09-11T09:00:57.385Z,178911725738500
"""player 7 @ O8SRi7DfXR"" checks",2026-09-11T09:00:42.247Z,178911724224700
"""player 36 @ LGay7r_Caq"" checks",2026-09-11T09:00:40.074Z,178911724007400
"River: 9♥, Q♠, 10♦, A♦ [3♥]",2026-09-11T09:00:39.097Z,178911723909700
"""player 36 @ LGay7r_Caq"" calls 30",2026-09-11T09:00:38.274Z,178911723827400
"""player 35 @ uewFolxPCK"" calls 30",2026-09-11T09:00:37.364Z,178911723736400
"""player 19 @ hwP7SzeYai"" folds",2026-09-11T09:00:36.418Z,178911723641800
"""player 7 @ O8SRi7DfXR"" bets 30",2026-09-11T09:00:35.486Z,178911723548600
"""player 36 @ LGay7r_Caq"" checks",2026-09-11T09:00:33.264Z,178911723326400
"Turn: 9♥, Q♠, 10♦ [A♦]",2026-09-11T09:00:32.039Z,178911723203900
"""player 35 @ uewFolxPCK"" calls 20",2026-09-11T09:00:31.236Z,178911723123600
"""player 19 @ hwP7SzeYai"" calls 20",2026-09-11T09:00:30.319Z,178911723031900
"""player 7 @ O8SRi7DfXR"" calls 20",2026-09-11T09:00:28.626Z,178911722862600
"""player 36 @ LGay7r_Caq"" bets 20",2026-09-11T09:00:27.658Z,178911722765800
"Flop:  [9♥, Q♠, 10♦]",2026-09-11T09:00:25.150Z,178911722515000
"""player 7 @ O8SRi7DfXR"" checks",2026-09-11T09:00:24.300Z,178911722430000
"""player 36 @ LGay7r_Caq"" calls 10",2026-09-11T09:00:23.338Z,178911722333800
"""player 35 @ uewFolxPCK"" calls 10",2026-09-11T09:00:22.419Z,178911722241900
"""player 19 @ hwP7SzeYai"" calls 10",2026-09-11T09:00:20.638Z,178911722063800
"""player 7 @ O8SRi7DfXR"" posts a big blind of 10",2026-09-11T09:00:12.938Z,178911721293807
"""player 36 @ LGay7r_Caq"" posts a small blind of 5",2026-09-11T09:00:12.938Z,178911721293806
"Player stacks: #1 ""player 7 @ O8SRi7DfXR"" (1666) | #3 ""player 19 @ hwP7SzeYai"" (1831) | #5 ""player 35 @ uewFolxPCK"" (2587) | #10 ""player 36 @ LGay7r_Caq"" (1166)",2026-09-11T09:00:12.938Z,178911721293801
"-- starting hand #126 (id: qbhzsiirxepf)  No Limit Texas Hold'em (dealer: ""player 35 @ uewFolxPCK"") --",2026-09-11T09:00:12.938Z,178911721293800
"-- ending hand #125 --",2026-09-11T09:00:06.914Z,178911720691402
"""player 36 @ LGay7r_Caq"" collected 570 from pot with Straight, A High (combination: 10♠, J♣, Q♦, K♣, A♠)",2026-09-11T09:00:06.914Z,178911720691401
"""player 36 @ LGay7r_Caq"" shows a A♠, K♣.",2026-09-11T09:00:06.914Z,178911720691400
"""player 19 @ hwP7SzeYai"" checks",2026-09-11T09:00:06.088Z,178911720608800
"""player 36 @ LGay7r_Caq"" checks",2026-09-11T09:00:04.692Z,178911720469200
"River: J♣, 4♦, 10♠, Q♦ [9♠]",2026-09-11T09:00:01.888Z,178911720188800
"""player 19 @ hwP7SzeYai"" calls 210",2026-09-11T09:00:00.982Z,178911720098200
"""player 36 @ LGay7r_Caq"" raises to 210",2026-09-11T08:59:54.658Z,178911719465800
"""player 19 @ hwP7SzeYai"" bets 67",2026-09-11T08:59:49.843Z,178911718984300
"""player 36 @ LGay7r_Caq"" checks",2026-09-11T08:59:44.113Z,178911718411300
"Turn: J♣, 4♦, 10♠ [Q♦]",2026-09-11T08:59:42.592Z,178911718259200
"""player 35 @ uewFolxPCK"" folds",2026-09-11T08:59:41.778Z,178911718177800
"""player 19 @ hwP7SzeYai"" calls 30",2026-09-11T08:59:40.465Z,178911718046500
"""player 36 @ LGay7r_Caq"" bets 30",2026-09-11T08:59:39.121Z,178911717912100
"""player 35 @ uewFolxPCK"" checks",2026-09-11T08:59:36.869Z,178911717686900
"Flop:  [J♣, 4♦, 10♠]",2026-09-11T08:59:34.871Z,178911717487100
"""player 35 @ uewFolxPCK"" calls 30",2026-09-11T08:59:34.058Z,178911717405800
"""player 19 @ hwP7SzeYai"" calls 30",2026-09-11T08:59:32.387Z,178911717238700
"""player 36 @ LGay7r_Caq"" raises to 30",2026-09-11T08:59:30.922Z,178911717092200
"""player 35 @ uewFolxPCK"" calls 10",2026-09-11T08:59:29.038Z,178911716903800
"""player 19 @ hwP7SzeYai"" calls 10",2026-09-11T08:59:28.083Z,178911716808300
"""player 7 @ O8SRi7DfXR"" folds",2026-09-11T08:59:26.963Z,178911716696300
"""player 36 @ LGay7r_Caq"" posts a big blind of 10",2026-09-11T08:59:22.557Z,178911716255707
"""player 35 @ uewFolxPCK"" posts a small blind of 5",2026-09-11T08:59:22.557Z,178911716255706
"Player stacks: #1 ""player 7 @ O8SRi7DfXR"" (1666) | #3 ""player 19 @ hwP7SzeYai"" (2101) | #5 ""player 35 @ uewFolxPCK"" (2617) | #10 ""player 36 @ LGay7r_Caq"" (866)",2026-09-11T08:59:22.557Z,178911716255701
"-- starting hand #125 (id: lfkx9230ky94)  No Limit Texas Hold'em (dealer: ""player 19 @ hwP7SzeYai"") --",2026-09-11T08:59:22.557Z,178911716255700
"-- ending hand #124 --",2026-09-11T08:59:16.554Z,178911715655404
"""player 7 @ O8SRi7DfXR"" collected 174 from pot with Pair, Q's (combination: 10♥, J♠, K♠, Q♠, Q♥)",2026-09-11T08:59:16.554Z,178911715655403
"""player 7 @ O8SRi7DfXR"" shows a Q♠, J♠.",2026-09-11T08:59:16.554Z,178911715655402
"""player 36 @ LGay7r_Caq"" shows a Q♣, 6♦.",2026-09-11T08:59:16.554Z,178911715655401
"""player 19 @ hwP7SzeYai"" shows a 3♣, 10♠.",2026-09-11T08:59:16.554Z,178911715655400
"""player 7 @ O8SRi7DfXR"" calls 10",2026-09-11T08:59:15.667Z,178911715566700
"""player 36 @ LGay7r_Caq"" calls 10",2026-09-11T08:59:14.761Z,178911715476100
"""player 35 @ uewFolxPCK"" folds",2026-09-11T08:59:13.706Z,178911715370600
"""player 19 @ hwP7SzeYai"" bets 10",2026-09-11T08:59:10.873Z,178911715087300
"River: K♠, 10♥, 5♣, Q♥ [7♦]",2026-09-11T08:59:09.050Z,178911714905000
"""player 7 @ O8SRi7DfXR"" checks",2026-09-11T08:59:08.229Z,178911714822900
"""player 36 @ LGay7r_Caq"" checks",2026-09-11T08:59:07.338Z,178911714733800
"""player 35 @ uewFolxPCK"" checks",2026-09-11T08:59:06.426Z,178911714642600
"""player 19 @ hwP7SzeYai"" checks",2026-09-11T08:59:05.456Z,178911714545600
"Turn: K♠, 10♥, 5♣ [Q♥]",2026-09-11T08:59:04.148Z,178911714414800
"""player 7 @ O8SRi7DfXR"" checks",2026-09-11T08:59:03.335Z,178911714333500
"""player 36 @ LGay7r_Caq"" checks",2026-09-11T08:59:02.405Z,178911714240500
"""player 35 @ uewFolxPCK"" checks",2026-09-11T08:59:01.406Z,178911714140600
"""player 19 @ hwP7SzeYai"" checks",2026-09-11T08:58:59.402Z,178911713940200
"Flop:  [K♠, 10♥, 5♣]",2026-09-11T08:58:57.388Z,178911713738800
"""player 36 @ LGay7r_Caq"" calls 36",2026-09-11T08:58:56.551Z,178911713655100
"""player 35 @ uewFolxPCK"" calls 36",2026-09-11T08:58:53.958Z,178911713395800
"""player 19 @ hwP7SzeYai"" calls 36",2026-09-11T08:58:52.989Z,178911713298900
"""player 7 @ O8SRi7DfXR"" raises to 36",2026-09-11T08:58:51.840Z,178911713184000
"""player 36 @ LGay7r_Caq"" calls 10",2026-09-11T08:58:46.026Z,178911712602600
"""player 35 @ uewFolxPCK"" posts a big blind of 10",2026-09-11T08:58:44.692Z,178911712469207
"""player 19 @ hwP7SzeYai"" posts a small blind of 5",2026-09-11T08:58:44.692Z,178911712469206
"Player stacks: #1 ""player 7 @ O8SRi7DfXR"" (1538) | #3 ""player 19 @ hwP7SzeYai"" (2147) | #5 ""player 35 @ uewFolxPCK"" (2653) | #10 ""player 36 @ LGay7r_Caq"" (912)",2026-09-11T08:58:44.692Z,178911712469201
"-- starting hand #124 (id: wwl5oqmjxznz)  No Limit Texas Hold'em (dealer: ""player 7 @ O8SRi7DfXR"") --",2026-09-11T08:58:44.692Z,178911712469200
"""player 19 @ hwP7SzeYai"" shows a 8♣.",2026-09-11T08:58:40.080Z,178911712008000
"""player 36 @ LGay7r_Caq"" shows a A♥.",2026-09-11T08:58:39.948Z,178911711994800
"""player 35 @ uewFolxPCK"" shows a A♣.",2026-09-11T08:58:38.348Z,178911711834800
"Undealt cards: 5♥, 7♦, 9♠, 5♣ [Q♥]",2026-09-11T08:58:36.898Z,178911711689800
"-- ending hand #123 --",2026-09-11T08:58:36.640Z,178911711664002
"""player 36 @ LGay7r_Caq"" collected 332 from pot",2026-09-11T08:58:36.640Z,178911711664001
"Uncalled bet of 580 returned to ""player 36 @ LGay7r_Caq""",2026-09-11T08:58:36.640Z,178911711664000
"""player 35 @ uewFolxPCK"" folds",2026-09-11T08:58:35.826Z,178911711582600
"""player 19 @ hwP7SzeYai"" folds",2026-09-11T08:58:34.007Z,178911711400700
"""player 7 @ O8SRi7DfXR"" folds",2026-09-11T08:58:28.616Z,178911710861600
"""player 36 @ LGay7r_Caq"" bets 580 and go all in",2026-09-11T08:58:21.405Z,178911710140500
"""player 35 @ uewFolxPCK"" checks",2026-09-11T08:58:18.830Z,178911709883000
"""player 19 @ hwP7SzeYai"" checks",2026-09-11T08:58:17.291Z,178911709729100
"""player 7 @ O8SRi7DfXR"" checks",2026-09-11T08:58:16.324Z,178911709632400
"Turn: 5♥, 7♦, 9♠ [5♣]",2026-09-11T08:58:14.593Z,178911709459300
"""player 35 @ uewFolxPCK"" calls 50",2026-09-11T08:58:13.773Z,178911709377300
"""player 19 @ hwP7SzeYai"" calls 50",2026-09-11T08:58:12.548Z,178911709254800
"""player 7 @ O8SRi7DfXR"" calls 50",2026-09-11T08:58:03.947Z,178911708394700
"""player 36 @ LGay7r_Caq"" bets 50",2026-09-11T08:58:02.793Z,178911708279300
"""player 35 @ uewFolxPCK"" checks",2026-09-11T08:58:00.116Z,178911708011600
"""player 19 @ hwP7SzeYai"" checks",2026-09-11T08:57:59.161Z,178911707916100
"""player 7 @ O8SRi7DfXR"" checks",2026-09-11T08:57:56.301Z,178911707630100
"Flop:  [5♥, 7♦, 9♠]",2026-09-11T08:57:54.742Z,178911707474200
"""player 19 @ hwP7SzeYai"" calls 33",2026-09-11T08:57:53.905Z,178911707390500
"""player 7 @ O8SRi7DfXR"" calls 33",2026-09-11T08:57:52.973Z,178911707297300
"""player 36 @ LGay7r_Caq"" calls 33",2026-09-11T08:57:51.167Z,178911707116700
"""player 35 @ uewFolxPCK"" raises to 33",2026-09-11T08:57:50.222Z,178911707022200
"""player 19 @ hwP7SzeYai"" posts a big blind of 10",2026-09-11T08:57:48.276Z,178911706827607
"""player 7 @ O8SRi7DfXR"" posts a small blind of 5",2026-09-11T08:57:48.276Z,178911706827606
"Player stacks: #1 ""player 7 @ O8SRi7DfXR"" (1621) | #3 ""player 19 @ hwP7SzeYai"" (2230) | #5 ""player 35 @ uewFolxPCK"" (2736) | #10 ""player 36 @ LGay7r_Caq"" (663)",2026-09-11T08:57:48.276Z,178911706827601
"-- starting hand #123 (id: igyjvhysv7ox)  No Limit Texas Hold'em (dealer: ""player 36 @ LGay7r_Caq"") --",2026-09-11T08:57:48.276Z,178911706827600
"""player 35 @ uewFolxPCK"" shows a 7♠.",2026-09-11T08:57:43.990Z,178911706399000
"""player 7 @ O8SRi7DfXR"" shows a 3♣, 2♣.",2026-09-11T08:57:42.496Z,178911706249600
"-- ending hand #122 --",2026-09-11T08:57:41.257Z,178911706125702
"""player 19 @ hwP7SzeYai"" collected 190 from pot with Two Pair, 9's & 8's (combination: J♣, 8♦, 8♥, 9♥, 9♠)",2026-09-11T08:57:41.257Z,178911706125701
"""player 19 @ hwP7SzeYai"" shows a 8♦, 5♥.",2026-09-11T08:57:41.257Z,178911706125700
"""player 36 @ LGay7r_Caq"" calls 10",2026-09-11T08:57:40.396Z,178911706039600
"""player 35 @ uewFolxPCK"" calls 10",2026-09-11T08:57:39.484Z,178911705948400
"""player 19 @ hwP7SzeYai"" bets 10",2026-09-11T08:57:38.406Z,178911705840600
"""player 7 @ O8SRi7DfXR"" folds",2026-09-11T08:57:36.130Z,178911705613000
"""player 36 @ LGay7r_Caq"" checks",2026-09-11T08:57:34.230Z,178911705423000
"River: 9♥, 8♥, J♣, 5♣ [9♠]",2026-09-11T08:57:32.750Z,178911705275000
"""player 7 @ O8SRi7DfXR"" calls 10",2026-09-11T08:57:31.922Z,178911705192200
"""player 36 @ LGay7r_Caq"" calls 10",2026-09-11T08:57:30.995Z,178911705099500
"""player 35 @ uewFolxPCK"" calls 10",2026-09-11T08:57:30.089Z,178911705008900
"""player 19 @ hwP7SzeYai"" bets 10",2026-09-11T08:57:29.070Z,178911704907000
"""player 7 @ O8SRi7DfXR"" checks",2026-09-11T08:57:27.580Z,178911704758000
"""player 36 @ LGay7r_Caq"" checks",2026-09-11T08:57:26.657Z,178911704665700
"Turn: 9♥, 8♥, J♣ [5♣]",2026-09-11T08:57:25.529Z,178911704552900
"""player 35 @ uewFolxPCK"" checks",2026-09-11T08:57:24.716Z,178911704471600
"""player 19 @ hwP7SzeYai"" checks",2026-09-11T08:57:23.805Z,178911704380500
"""player 7 @ O8SRi7DfXR"" checks",2026-09-11T08:57:22.613Z,178911704261300
"""player 36 @ LGay7r_Caq"" checks",2026-09-11T08:57:21.036Z,178911704103600
"Flop:  [9♥, 8♥, J♣]",2026-09-11T08:57:19.336Z,178911703933600
"""player 36 @ LGay7r_Caq"" calls 30",2026-09-11T08:57:18.519Z,178911703851900
"""player 35 @ uewFolxPCK"" calls 30",2026-09-11T08:57:17.580Z,178911703758000
"""player 19 @ hwP7SzeYai"" calls 30",2026-09-11T08:57:16.052Z,178911703605200
"""player 7 @ O8SRi7DfXR"" raises to 30",2026-09-11T08:57:14.397Z,178911703439700
"""player 36 @ LGay7r_Caq"" calls 10",2026-09-11T08:57:11.663Z,178911703166300
"""player 35 @ uewFolxPCK"" calls 10",2026-09-11T08:57:10.752Z,178911703075200
"""player 19 @ hwP7SzeYai"" calls 10",2026-09-11T08:57:09.142Z,178911702914200
"""player 7 @ O8SRi7DfXR"" posts a big blind of 10",2026-09-11T08:57:06.976Z,178911702697607
"""player 36 @ LGay7r_Caq"" posts a small blind of 5",2026-09-11T08:57:06.976Z,178911702697606
"Player stacks: #1 ""player 7 @ O8SRi7DfXR"" (1661) | #3 ""player 19 @ hwP7SzeYai"" (2090) | #5 ""player 35 @ uewFolxPCK"" (2786) | #10 ""player 36 @ LGay7r_Caq"" (713)",2026-09-11T08:57:06.976Z,178911702697601
"-- starting hand #122 (id: vv5ibrsoyarg)  No Limit Texas Hold'em (dealer: ""player 35 @ uewFolxPCK"") --",2026-09-11T08:57:06.976Z,178911702697600
"-- ending hand #121 --",2026-09-11T08:57:00.941Z,178911702094102
"""player 35 @ uewFolxPCK"" collected 199 from pot with Two Pair, K's & 10's (combination: 8♦, 10♣, 10♠, K♠, K♥)",2026-09-11T08:57:00.941Z,178911702094101
"""player 35 @ uewFolxPCK"" shows a 10♣, K♠.",2026-09-11T08:57:00.941Z,178911702094100
"""player 36 @ LGay7r_Caq"" checks",2026-09-11T08:57:00.105Z,178911702010500
"""player 35 @ uewFolxPCK"" checks",2026-09-11T08:56:58.922Z,178911701892200
"River: K♥, 10♠, 8♦, 6♣ [6♠]",2026-09-11T08:56:57.740Z,178911701774000
"""player 35 @ uewFolxPCK"" calls 50",2026-09-11T08:56:56.900Z,178911701690000
"""player 19 @ hwP7SzeYai"" folds",2026-09-11T08:56:55.356Z,178911701535600
"""player 36 @ LGay7r_Caq"" bets 50",2026-09-11T08:56:54.449Z,178911701444900
"""player 35 @ uewFolxPCK"" checks",2026-09-11T08:56:51.548Z,178911701154800
"Turn: K♥, 10♠, 8♦ [6♣]",2026-09-11T08:56:50.215Z,178911701021500
"""player 19 @ hwP7SzeYai"" checks",2026-09-11T08:56:49.350Z,178911700935000
"""player 36 @ LGay7r_Caq"" checks",2026-09-11T08:56:48.425Z,178911700842500
"""player 35 @ uewFolxPCK"" checks",2026-09-11T08:56:46.385Z,178911700638500
"Flop:  [K♥, 10♠, 8♦]",2026-09-11T08:56:43.932Z,178911700393200
"""player 19 @ hwP7SzeYai"" calls 33",2026-09-11T08:56:43.072Z,178911700307200
"""player 36 @ LGay7r_Caq"" calls 33",2026-09-11T08:56:42.013Z,178911700201300
"""player 35 @ uewFolxPCK"" raises to 33",2026-09-11T08:56:40.484Z,178911700048400
"""player 19 @ hwP7SzeYai"" calls 10",2026-09-11T08:56:38.976Z,178911699897600
"""player 7 @ O8SRi7DfXR"" folds",2026-09-11T08:56:37.859Z,178911699785900
"""player 36 @ LGay7r_Caq"" posts a big blind of 10",2026-09-11T08:56:36.209Z,178911699620907
"""player 35 @ uewFolxPCK"" posts a small blind of 5",2026-09-11T08:56:36.209Z,178911699620906
"Your hand is 10♣, K♠",2026-09-11T08:56:36.209Z,178911699620904
"Player stacks: #1 ""player 7 @ O8SRi7DfXR"" (1661) | #3 ""player 19 @ hwP7SzeYai"" (2123) | #5 ""player 35 @ uewFolxPCK"" (2670) | #10 ""player 36 @ LGay7r_Caq"" (796)",2026-09-11T08:56:36.209Z,178911699620901
"-- starting hand #121 (id: 4j8pp4z8xhr1)  No Limit Texas Hold'em (dealer: ""player 19 @ hwP7SzeYai"") --",2026-09-11T08:56:36.209Z,178911699620900
"Undealt cards: A♦, 2♣, Q♣, 5♦ [J♥]",2026-09-11T08:56:31.613Z,178911699161300
"-- ending hand #120 --",2026-09-11T08:56:30.296Z,178911699029602
"""player 35 @ uewFolxPCK"" collected 99 from pot",2026-09-11T08:56:30.296Z,178911699029601
"Uncalled bet of 69 returned to ""player 35 @ uewFolxPCK""",2026-09-11T08:56:30.296Z,178911699029600
"""player 19 @ hwP7SzeYai"" folds",2026-09-11T08:56:29.491Z,178911698949100
"""player 7 @ O8SRi7DfXR"" folds",2026-09-11T08:56:28.592Z,178911698859200
"""player 35 @ uewFolxPCK"" bets 69",2026-09-11T08:56:26.823Z,178911698682300
"""player 19 @ hwP7SzeYai"" checks",2026-09-11T08:56:24.768Z,178911698476800
"Turn: A♦, 2♣, Q♣ [5♦]",2026-09-11T08:56:15.194Z,178911697519400
"""player 7 @ O8SRi7DfXR"" checks",2026-09-11T08:56:14.358Z,178911697435800
"""player 35 @ uewFolxPCK"" checks",2026-09-11T08:56:13.471Z,178911697347100
"""player 19 @ hwP7SzeYai"" checks",2026-09-11T08:56:12.565Z,178911697256500
"Flop:  [A♦, 2♣, Q♣]",2026-09-11T08:56:08.791Z,178911696879100
"""player 19 @ hwP7SzeYai"" calls 33",2026-09-11T08:56:07.931Z,178911696793100
"""player 7 @ O8SRi7DfXR"" calls 33",2026-09-11T08:56:07.019Z,178911696701900
"""player 35 @ uewFolxPCK"" raises to 33",2026-09-11T08:56:05.239Z,178911696523900
"""player 19 @ hwP7SzeYai"" calls 10",2026-09-11T08:56:03.361Z,178911696336100
"""player 7 @ O8SRi7DfXR"" calls 10",2026-09-11T08:56:02.280Z,178911696228000
"""player 36 @ LGay7r_Caq"" folds",2026-09-11T08:56:01.182Z,178911696118200
"""player 35 @ uewFolxPCK"" posts a big blind of 10",2026-09-11T08:56:00.118Z,178911696011807
"""player 19 @ hwP7SzeYai"" posts a small blind of 5",2026-09-11T08:56:00.118Z,178911696011806
"Player stacks: #1 ""player 7 @ O8SRi7DfXR"" (1694) | #3 ""player 19 @ hwP7SzeYai"" (2156) | #5 ""player 35 @ uewFolxPCK"" (2604) | #10 ""player 36 @ LGay7r_Caq"" (796)",2026-09-11T08:56:00.118Z,178911696011801
"-- starting hand #120 (id: dtucvfnwoiee)  No Limit Texas Hold'em (dealer: ""player 7 @ O8SRi7DfXR"") --",2026-09-11T08:56:00.118Z,178911696011800
"-- ending hand #119 --",2026-09-11T08:55:54.083Z,178911695408302
"""player 19 @ hwP7SzeYai"" collected 508 from pot with Pair, 8's (combination: J♣, Q♥, A♠, 8♥, 8♣)",2026-09-11T08:55:54.083Z,178911695408301
"""player 19 @ hwP7SzeYai"" shows a 8♥, Q♥.",2026-09-11T08:55:54.083Z,178911695408300
"""player 36 @ LGay7r_Caq"" checks",2026-09-11T08:55:53.245Z,178911695324500
"""player 35 @ uewFolxPCK"" folds",2026-09-11T08:55:51.816Z,178911695181600
"""player 19 @ hwP7SzeYai"" checks",2026-09-11T08:55:48.870Z,178911694887000
"River: 5♠, 8♣, 6♦, A♠ [J♣]",2026-09-11T08:55:47.281Z,178911694728100
"""player 19 @ hwP7SzeYai"" calls 34",2026-09-11T08:55:46.398Z,178911694639800
"""player 36 @ LGay7r_Caq"" calls 34",2026-09-11T08:55:45.267Z,178911694526700
"""player 35 @ uewFolxPCK"" bets 34",2026-09-11T08:55:43.986Z,178911694398600
"""player 19 @ hwP7SzeYai"" checks",2026-09-11T08:55:41.981Z,178911694198100
"Turn: 5♠, 8♣, 6♦ [A♠]",2026-09-11T08:55:40.376Z,178911694037600
"""player 35 @ uewFolxPCK"" calls 90",2026-09-11T08:55:39.554Z,178911693955400
"""player 19 @ hwP7SzeYai"" calls 90",2026-09-11T08:55:38.640Z,178911693864000
"""player 7 @ O8SRi7DfXR"" folds",2026-09-11T08:55:36.853Z,178911693685300
"""player 36 @ LGay7r_Caq"" raises to 90",2026-09-11T08:55:35.907Z,178911693590700
"""player 35 @ uewFolxPCK"" bets 34",2026-09-11T08:55:33.087Z,178911693308700
"""player 19 @ hwP7SzeYai"" checks",2026-09-11T08:55:30.611Z,178911693061100
"""player 7 @ O8SRi7DfXR"" checks",2026-09-11T08:55:29.270Z,178911692927000
"Flop:  [5♠, 8♣, 6♦]",2026-09-11T08:55:23.862Z,178911692386200
"""player 19 @ hwP7SzeYai"" calls 34",2026-09-11T08:55:23.053Z,178911692305300
"""player 7 @ O8SRi7DfXR"" calls 34",2026-09-11T08:55:22.160Z,178911692216000
"""player 36 @ LGay7r_Caq"" calls 34",2026-09-11T08:55:20.181Z,178911692018100
"""player 35 @ uewFolxPCK"" raises to 34",2026-09-11T08:55:19.164Z,178911691916400
"""player 19 @ hwP7SzeYai"" posts a big blind of 10",2026-09-11T08:55:16.842Z,178911691684207
"""player 7 @ O8SRi7DfXR"" posts a small blind of 5",2026-09-11T08:55:16.842Z,178911691684206
"Player stacks: #1 ""player 7 @ O8SRi7DfXR"" (1728) | #3 ""player 19 @ hwP7SzeYai"" (1806) | #5 ""player 35 @ uewFolxPCK"" (2762) | #10 ""player 36 @ LGay7r_Caq"" (954)",2026-09-11T08:55:16.842Z,178911691684201
"-- starting hand #119 (id: gult1yofb1oz)  No Limit Texas Hold'em (dealer: ""player 36 @ LGay7r_Caq"") --",2026-09-11T08:55:16.842Z,178911691684200
"""player 35 @ uewFolxPCK"" shows a 3♣, 5♠.",2026-09-11T08:55:13.132Z,178911691313200
"""player 7 @ O8SRi7DfXR"" shows a 9♣, 4♦.",2026-09-11T08:55:10.506Z,178911691050600
"-- ending hand #118 --",2026-09-11T08:55:09.837Z,178911690983702
"""player 36 @ LGay7r_Caq"" collected 90 from pot with A High (combination: 7♦, 8♣, 10♠, J♠, A♥)",2026-09-11T08:55:09.837Z,178911690983701
"""player 36 @ LGay7r_Caq"" shows a 5♥, J♠.",2026-09-11T08:55:09.837Z,178911690983700
"""player 7 @ O8SRi7DfXR"" checks",2026-09-11T08:55:09.011Z,178911690901100
"""player 36 @ LGay7r_Caq"" checks",2026-09-11T08:55:08.097Z,178911690809700
"River: 7♦, 8♣, 10♠, A♥ [2♣]",2026-09-11T08:55:07.449Z,178911690744900
"""player 7 @ O8SRi7DfXR"" checks",2026-09-11T08:55:06.634Z,178911690663400
"""player 36 @ LGay7r_Caq"" checks",2026-09-11T08:55:05.737Z,178911690573700
"Turn: 7♦, 8♣, 10♠ [A♥]",2026-09-11T08:55:04.152Z,178911690415200
"""player 35 @ uewFolxPCK"" folds",2026-09-11T08:55:03.284Z,178911690328400
"""player 7 @ O8SRi7DfXR"" checks",2026-09-11T08:55:01.894Z,178911690189400
"""player 36 @ LGay7r_Caq"" checks",2026-09-11T08:55:00.662Z,178911690066200
"Flop:  [7♦, 8♣, 10♠]",2026-09-11T08:54:58.199Z,178911689819900
"""player 7 @ O8SRi7DfXR"" calls 30",2026-09-11T08:54:57.341Z,178911689734100
"""player 36 @ LGay7r_Caq"" calls 30",2026-09-11T08:54:53.116Z,178911689311600
"""player 35 @ uewFolxPCK"" raises to 30",2026-09-11T08:54:51.924Z,178911689192400
"""player 19 @ hwP7SzeYai"" folds",2026-09-11T08:54:48.098Z,178911688809800
"""player 7 @ O8SRi7DfXR"" posts a big blind of 10",2026-09-11T08:54:39.889Z,178911687988907
"""player 36 @ LGay7r_Caq"" posts a small blind of 5",2026-09-11T08:54:39.889Z,178911687988906
"Your hand is 3♣, 5♠",2026-09-11T08:54:39.889Z,178911687988904
"Player stacks: #1 ""player 7 @ O8SRi7DfXR"" (1758) | #3 ""player 19 @ hwP7SzeYai"" (1806) | #5 ""player 35 @ uewFolxPCK"" (2792) | #10 ""player 36 @ LGay7r_Caq"" (894)",2026-09-11T08:54:39.889Z,178911687988901
"-- starting hand #118 (id: dcxkwt7elsdk)  No Limit Texas Hold'em (dealer: ""player 35 @ uewFolxPCK"") --",2026-09-11T08:54:39.889Z,178911687988900
"""player 35 @ uewFolxPCK"" shows a A♠, 7♥.",2026-09-11T08:54:38.171Z,178911687817100
"""player 19 @ hwP7SzeYai"" shows a K♣.",2026-09-11T08:54:36.188Z,178911687618800
"-- ending hand #117 --",2026-09-11T08:54:35.563Z,178911687556302
"""player 35 @ uewFolxPCK"" collected 241 from pot",2026-09-11T08:54:35.563Z,178911687556301
"Uncalled bet of 33 returned to ""player 35 @ uewFolxPCK""",2026-09-11T08:54:35.563Z,178911687556300
"""player 19 @ hwP7SzeYai"" folds",2026-09-11T08:54:34.721Z,178911687472100
"""player 35 @ uewFolxPCK"" bets 33",2026-09-11T08:54:30.446Z,178911687044600
"River: 7♣, 7♦, 8♣, A♣ [3♠]",2026-09-11T08:54:26.356Z,178911686635600
"""player 19 @ hwP7SzeYai"" calls 66",2026-09-11T08:54:25.528Z,178911686552800
"""player 7 @ O8SRi7DfXR"" folds",2026-09-11T08:54:13.831Z,178911685383100
"""player 35 @ uewFolxPCK"" bets 66",2026-09-11T08:54:10.550Z,178911685055000
"Turn: 7♣, 7♦, 8♣ [A♣]",2026-09-11T08:54:04.672Z,178911684467200
"""player 19 @ hwP7SzeYai"" checks",2026-09-11T08:54:03.848Z,178911684384800
"""player 7 @ O8SRi7DfXR"" checks",2026-09-11T08:54:02.912Z,178911684291200
"""player 35 @ uewFolxPCK"" checks",2026-09-11T08:53:59.042Z,178911683904200
"Flop:  [7♣, 7♦, 8♣]",2026-09-11T08:53:55.950Z,178911683595000
"""player 19 @ hwP7SzeYai"" calls 33",2026-09-11T08:53:55.036Z,178911683503600
"""player 7 @ O8SRi7DfXR"" calls 33",2026-09-11T08:53:54.066Z,178911683406600
"""player 36 @ LGay7r_Caq"" folds",2026-09-11T08:53:52.247Z,178911683224700
"""player 35 @ uewFolxPCK"" raises to 33",2026-09-11T08:53:51.289Z,178911683128900
"""player 19 @ hwP7SzeYai"" calls 10",2026-09-11T08:53:48.939Z,178911682893900
"""player 7 @ O8SRi7DfXR"" calls 10",2026-09-11T08:53:47.694Z,178911682769400
"""player 36 @ LGay7r_Caq"" posts a big blind of 10",2026-09-11T08:53:45.972Z,178911682597207
"""player 35 @ uewFolxPCK"" posts a small blind of 5",2026-09-11T08:53:45.972Z,178911682597206
"Your hand is A♠, 7♥",2026-09-11T08:53:45.972Z,178911682597204
"Player stacks: #1 ""player 7 @ O8SRi7DfXR"" (1791) | #3 ""player 19 @ hwP7SzeYai"" (1905) | #5 ""player 35 @ uewFolxPCK"" (2650) | #10 ""player 36 @ LGay7r_Caq"" (904)",2026-09-11T08:53:45.972Z,178911682597201
"-- starting hand #117 (id: uwlsjcpsgl3a)  No Limit Texas Hold'em (dealer: ""player 19 @ hwP7SzeYai"") --",2026-09-11T08:53:45.972Z,178911682597200
"""player 35 @ uewFolxPCK"" shows a 4♥.",2026-09-11T08:53:43.546Z,178911682354600
"-- ending hand #116 --",2026-09-11T08:53:42.340Z,178911682234001
"""player 35 @ uewFolxPCK"" collected 80 from pot",2026-09-11T08:53:42.340Z,178911682234000
"""player 19 @ hwP7SzeYai"" folds",2026-09-11T08:53:41.514Z,178911682151400
"River: 3♠, J♦, K♠, 8♥ [K♦]",2026-09-11T08:53:38.939Z,178911681893900
"""player 35 @ uewFolxPCK"" checks",2026-09-11T08:53:38.047Z,178911681804700
"""player 19 @ hwP7SzeYai"" checks",2026-09-11T08:53:37.077Z,178911681707700
"Turn: 3♠, J♦, K♠ [8♥]",2026-09-11T08:53:34.932Z,178911681493200
"""player 35 @ uewFolxPCK"" checks",2026-09-11T08:53:34.035Z,178911681403500
"""player 19 @ hwP7SzeYai"" checks",2026-09-11T08:53:32.301Z,178911681230100
"Flop:  [3♠, J♦, K♠]",2026-09-11T08:53:29.975Z,178911680997500
"""player 19 @ hwP7SzeYai"" calls 40",2026-09-11T08:53:29.151Z,178911680915100
"""player 35 @ uewFolxPCK"" raises to 40",2026-09-11T08:53:27.582Z,178911680758200
"""player 19 @ hwP7SzeYai"" calls 10",2026-09-11T08:53:23.975Z,178911680397500
"""player 7 @ O8SRi7DfXR"" folds",2026-09-11T08:53:22.562Z,178911680256200
"""player 36 @ LGay7r_Caq"" folds",2026-09-11T08:53:19.619Z,178911679961900
"""player 35 @ uewFolxPCK"" posts a big blind of 10",2026-09-11T08:53:17.529Z,178911679752907
"""player 19 @ hwP7SzeYai"" posts a small blind of 5",2026-09-11T08:53:17.529Z,178911679752906
"Player stacks: #1 ""player 7 @ O8SRi7DfXR"" (1791) | #3 ""player 19 @ hwP7SzeYai"" (1945) | #5 ""player 35 @ uewFolxPCK"" (2610) | #10 ""player 36 @ LGay7r_Caq"" (904)",2026-09-11T08:53:17.529Z,178911679752901
"-- starting hand #116 (id: m5wo7zj7i5uc)  No Limit Texas Hold'em (dealer: ""player 7 @ O8SRi7DfXR"") --",2026-09-11T08:53:17.529Z,178911679752900
"-- ending hand #115 --",2026-09-11T08:53:11.505Z,178911679150502
"""player 7 @ O8SRi7DfXR"" collected 508 from pot with Four of a Kind, 8's (combination: J♦, 8♥, 8♣, 8♠, 8♦)",2026-09-11T08:53:11.505Z,178911679150501
"""player 7 @ O8SRi7DfXR"" shows a J♦, 8♥.",2026-09-11T08:53:11.505Z,178911679150500
"""player 36 @ LGay7r_Caq"" calls 67",2026-09-11T08:53:10.601Z,178911679060100
"""player 35 @ uewFolxPCK"" calls 67",2026-09-11T08:53:09.686Z,178911678968600
"""player 19 @ hwP7SzeYai"" calls 67",2026-09-11T08:53:07.743Z,178911678774300
"""player 7 @ O8SRi7DfXR"" raises to 67",2026-09-11T08:53:04.248Z,178911678424800
"""player 36 @ LGay7r_Caq"" calls 10",2026-09-11T08:53:00.199Z,178911678019900
"""player 35 @ uewFolxPCK"" bets 10",2026-09-11T08:52:59.153Z,178911677915300
"""player 19 @ hwP7SzeYai"" checks",2026-09-11T08:52:57.196Z,178911677719600
"""player 7 @ O8SRi7DfXR"" checks",2026-09-11T08:52:55.045Z,178911677504500
"River: 5♦, 8♣, 8♠, 5♠ [8♦]",2026-09-11T08:52:46.242Z,178911676624200
"""player 36 @ LGay7r_Caq"" checks",2026-09-11T08:52:45.420Z,178911676542000
"""player 35 @ uewFolxPCK"" checks",2026-09-11T08:52:44.454Z,178911676445400
"""player 19 @ hwP7SzeYai"" checks",2026-09-11T08:52:43.531Z,178911676353100
"""player 7 @ O8SRi7DfXR"" checks",2026-09-11T08:52:31.710Z,178911675171000
"Turn: 5♦, 8♣, 8♠ [5♠]",2026-09-11T08:52:29.477Z,178911674947700
"""player 35 @ uewFolxPCK"" calls 30",2026-09-11T08:52:28.642Z,178911674864200
"""player 19 @ hwP7SzeYai"" calls 30",2026-09-11T08:52:27.727Z,178911674772700
"""player 7 @ O8SRi7DfXR"" calls 30",2026-09-11T08:52:26.336Z,178911674633600
"""player 36 @ LGay7r_Caq"" bets 30",2026-09-11T08:52:23.460Z,178911674346000
"""player 35 @ uewFolxPCK"" checks",2026-09-11T08:52:21.672Z,178911674167200
"""player 19 @ hwP7SzeYai"" checks",2026-09-11T08:52:20.488Z,178911674048800
"""player 7 @ O8SRi7DfXR"" checks",2026-09-11T08:52:19.323Z,178911673932300
"Flop:  [5♦, 8♣, 8♠]",2026-09-11T08:52:17.669Z,178911673766900
"""player 19 @ hwP7SzeYai"" calls 30",2026-09-11T08:52:16.863Z,178911673686300
"""player 7 @ O8SRi7DfXR"" calls 30",2026-09-11T08:52:14.240Z,178911673424000
"""player 36 @ LGay7r_Caq"" calls 30",2026-09-11T08:52:13.330Z,178911673333000
"""player 35 @ uewFolxPCK"" raises to 30",2026-09-11T08:52:12.317Z,178911673231700
"""player 19 @ hwP7SzeYai"" posts a big blind of 10",2026-09-11T08:52:08.461Z,178911672846107
"""player 7 @ O8SRi7DfXR"" posts a small blind of 5",2026-09-11T08:52:08.461Z,178911672846106
"Player stacks: #1 ""player 7 @ O8SRi7DfXR"" (1410) | #3 ""player 19 @ hwP7SzeYai"" (2072) | #5 ""player 35 @ uewFolxPCK"" (2737) | #10 ""player 36 @ LGay7r_Caq"" (1031)",2026-09-11T08:52:08.461Z,178911672846101
"-- starting hand #115 (id: lvxgo6zzp3d8)  No Limit Texas Hold'em (dealer: ""player 36 @ LGay7r_Caq"") --",2026-09-11T08:52:08.461Z,178911672846100
"""player 35 @ uewFolxPCK"" shows a K♠.",2026-09-11T08:52:06.704Z,178911672670400
"-- ending hand #114 --",2026-09-11T08:52:01.952Z,178911672195203
"""player 36 @ LGay7r_Caq"" collected 424 from pot with Pair, Q's (combination: 6♦, 9♣, K♦, Q♠, Q♥)",2026-09-11T08:52:01.952Z,178911672195202
"""player 36 @ LGay7r_Caq"" shows a 5♠, Q♠.",2026-09-11T08:52:01.952Z,178911672195201
"""player 19 @ hwP7SzeYai"" shows a 4♦, 2♥.",2026-09-11T08:52:01.952Z,178911672195200
"""player 36 @ LGay7r_Caq"" calls 127",2026-09-11T08:52:01.114Z,178911672111400
"""player 35 @ uewFolxPCK"" folds",2026-09-11T08:52:00.142Z,178911672014200
"""player 19 @ hwP7SzeYai"" bets 127",2026-09-11T08:51:36.534Z,178911669653400
"""player 36 @ LGay7r_Caq"" checks",2026-09-11T08:51:33.061Z,178911669306100
"River: Q♥, K♦, 9♣, 4♣ [6♦]",2026-09-11T08:51:28.126Z,178911668812600
"""player 35 @ uewFolxPCK"" calls 30",2026-09-11T08:51:27.311Z,178911668731100
"""player 19 @ hwP7SzeYai"" calls 30",2026-09-11T08:51:26.333Z,178911668633300
"""player 7 @ O8SRi7DfXR"" folds",2026-09-11T08:51:22.115Z,178911668211500
"""player 36 @ LGay7r_Caq"" bets 30",2026-09-11T08:51:21.193Z,178911668119300
"Turn: Q♥, K♦, 9♣ [4♣]",2026-09-11T08:51:17.582Z,178911667758200
"""player 35 @ uewFolxPCK"" calls 10",2026-09-11T08:51:16.776Z,178911667677600
"""player 19 @ hwP7SzeYai"" calls 10",2026-09-11T08:51:15.164Z,178911667516400
"""player 7 @ O8SRi7DfXR"" calls 10",2026-09-11T08:51:08.256Z,178911666825600
"""player 36 @ LGay7r_Caq"" bets 10",2026-09-11T08:51:06.566Z,178911666656600
"Flop:  [Q♥, K♦, 9♣]",2026-09-11T08:51:04.812Z,178911666481200
"""player 7 @ O8SRi7DfXR"" checks",2026-09-11T08:51:03.983Z,178911666398300
"""player 36 @ LGay7r_Caq"" calls 10",2026-09-11T08:51:02.263Z,178911666226300
"""player 35 @ uewFolxPCK"" calls 10",2026-09-11T08:51:01.298Z,178911666129800
"""player 19 @ hwP7SzeYai"" calls 10",2026-09-11T08:50:59.518Z,178911665951800
"""player 7 @ O8SRi7DfXR"" posts a big blind of 10",2026-09-11T08:50:54.199Z,178911665419907
"""player 36 @ LGay7r_Caq"" posts a small blind of 5",2026-09-11T08:50:54.199Z,178911665419906
"Player stacks: #1 ""player 7 @ O8SRi7DfXR"" (1430) | #3 ""player 19 @ hwP7SzeYai"" (2249) | #5 ""player 35 @ uewFolxPCK"" (2787) | #10 ""player 36 @ LGay7r_Caq"" (784)",2026-09-11T08:50:54.199Z,178911665419901
"-- starting hand #114 (id: cxqf0j6gxkhh)  No Limit Texas Hold'em (dealer: ""player 35 @ uewFolxPCK"") --",2026-09-11T08:50:54.199Z,178911665419900
"""player 7 @ O8SRi7DfXR"" shows a 6♦, Q♦.",2026-09-11T08:50:49.810Z,178911664981000
"-- ending hand #113 --",2026-09-11T08:50:47.681Z,178911664768102
"""player 19 @ hwP7SzeYai"" collected 85 from pot with Pair, 10's (combination: 7♥, J♥, Q♣, 10♣, 10♠)",2026-09-11T08:50:47.681Z,178911664768101
"""player 19 @ hwP7SzeYai"" shows a 10♣, Q♣.",2026-09-11T08:50:47.681Z,178911664768100
"""player 7 @ O8SRi7DfXR"" calls 10",2026-09-11T08:50:46.797Z,178911664679700
"""player 19 @ hwP7SzeYai"" bets 10",2026-09-11T08:50:45.728Z,178911664572800
"""player 7 @ O8SRi7DfXR"" checks",2026-09-11T08:50:43.080Z,178911664308000
"River: 7♥, 6♣, J♥, 2♠ [10♠]",2026-09-11T08:50:41.672Z,178911664167200
"""player 19 @ hwP7SzeYai"" checks",2026-09-11T08:50:40.798Z,178911664079800
"""player 7 @ O8SRi7DfXR"" checks",2026-09-11T08:50:39.881Z,178911663988100
"Turn: 7♥, 6♣, J♥ [2♠]",2026-09-11T08:50:38.150Z,178911663815000
"""player 19 @ hwP7SzeYai"" checks",2026-09-11T08:50:37.328Z,178911663732800
"""player 7 @ O8SRi7DfXR"" checks",2026-09-11T08:50:35.666Z,178911663566600
"""player 36 @ LGay7r_Caq"" folds",2026-09-11T08:50:33.020Z,178911663302000
"Flop:  [7♥, 6♣, J♥]",2026-09-11T08:50:24.858Z,178911662485800
"""player 36 @ LGay7r_Caq"" calls 20",2026-09-11T08:50:24.031Z,178911662403100
"""player 35 @ uewFolxPCK"" folds",2026-09-11T08:50:23.135Z,178911662313500
"""player 19 @ hwP7SzeYai"" calls 20",2026-09-11T08:50:22.224Z,178911662222400
"""player 7 @ O8SRi7DfXR"" raises to 20",2026-09-11T08:50:19.561Z,178911661956100
"""player 36 @ LGay7r_Caq"" posts a big blind of 10",2026-09-11T08:50:16.736Z,178911661673607
"""player 35 @ uewFolxPCK"" posts a small blind of 5",2026-09-11T08:50:16.736Z,178911661673606
"Player stacks: #1 ""player 7 @ O8SRi7DfXR"" (1460) | #3 ""player 19 @ hwP7SzeYai"" (2194) | #5 ""player 35 @ uewFolxPCK"" (2792) | #10 ""player 36 @ LGay7r_Caq"" (804)",2026-09-11T08:50:16.736Z,178911661673601
"-- starting hand #113 (id: z2tfff1drc0u)  No Limit Texas Hold'em (dealer: ""player 19 @ hwP7SzeYai"") --",2026-09-11T08:50:16.736Z,178911661673600
"""player 19 @ hwP7SzeYai"" shows a Q♦.",2026-09-11T08:50:14.401Z,178911661440100
"""player 35 @ uewFolxPCK"" shows a J♦.",2026-09-11T08:50:12.784Z,178911661278400
"-- ending hand #112 --",2026-09-11T08:50:12.343Z,178911661234302
"""player 19 @ hwP7SzeYai"" collected 50 from pot",2026-09-11T08:50:12.343Z,178911661234301
"Uncalled bet of 2144 returned to ""player 19 @ hwP7SzeYai""",2026-09-11T08:50:12.343Z,178911661234300
"""player 35 @ uewFolxPCK"" folds",2026-09-11T08:50:11.475Z,178911661147500
"""player 19 @ hwP7SzeYai"" bets 2144 and go all in",2026-09-11T08:49:50.947Z,178911659094700
"River: A♠, J♠, K♦, 10♥ [8♦]",2026-09-11T08:49:35.389Z,178911657538900
"""player 7 @ O8SRi7DfXR"" folds",2026-09-11T08:49:34.507Z,178911657450700
"""player 35 @ uewFolxPCK"" calls 10",2026-09-11T08:49:32.863Z,178911657286300
"""player 19 @ hwP7SzeYai"" bets 10",2026-09-11T08:49:31.900Z,178911657190000
"Turn: A♠, J♠, K♦ [10♥]",2026-09-11T08:49:29.894Z,178911656989400
"""player 7 @ O8SRi7DfXR"" checks",2026-09-11T08:49:29.060Z,178911656906000
"""player 35 @ uewFolxPCK"" checks",2026-09-11T08:49:28.136Z,178911656813600
"""player 19 @ hwP7SzeYai"" checks",2026-09-11T08:49:27.218Z,178911656721800
"Flop:  [A♠, J♠, K♦]",2026-09-11T08:49:23.978Z,178911656397800
"""player 35 @ uewFolxPCK"" checks",2026-09-11T08:49:23.121Z,178911656312100
"""player 19 @ hwP7SzeYai"" calls 10",2026-09-11T08:49:22.210Z,178911656221000
"""player 7 @ O8SRi7DfXR"" calls 10",2026-09-11T08:49:20.055Z,178911656005500
"""player 36 @ LGay7r_Caq"" folds",2026-09-11T08:49:19.125Z,178911655912500
"""player 35 @ uewFolxPCK"" posts a big blind of 10",2026-09-11T08:49:17.488Z,178911655748807
"""player 19 @ hwP7SzeYai"" posts a small blind of 5",2026-09-11T08:49:17.488Z,178911655748806
"Player stacks: #1 ""player 7 @ O8SRi7DfXR"" (1470) | #3 ""player 19 @ hwP7SzeYai"" (2164) | #5 ""player 35 @ uewFolxPCK"" (2812) | #10 ""player 36 @ LGay7r_Caq"" (804)",2026-09-11T08:49:17.488Z,178911655748801
"-- starting hand #112 (id: 6rjhuokxmbbj)  No Limit Texas Hold'em (dealer: ""player 7 @ O8SRi7DfXR"") --",2026-09-11T08:49:17.488Z,178911655748800
"""player 35 @ uewFolxPCK"" shows a 2♣, 9♥.",2026-09-11T08:49:12.638Z,178911655263800
"-- ending hand #111 --",2026-09-11T08:49:10.971Z,178911655097102
"""player 19 @ hwP7SzeYai"" collected 371 from pot with Full House, K's over 2's (combination: 2♦, 2♥, K♥, K♦, K♣)",2026-09-11T08:49:10.971Z,178911655097101
"""player 19 @ hwP7SzeYai"" shows a 10♠, K♥.",2026-09-11T08:49:10.971Z,178911655097100
"""player 36 @ LGay7r_Caq"" calls 10",2026-09-11T08:49:10.109Z,178911655010900
"""player 35 @ uewFolxPCK"" calls 10",2026-09-11T08:49:09.204Z,178911654920400
"""player 19 @ hwP7SzeYai"" bets 10",2026-09-11T08:49:07.724Z,178911654772400
"River: J♦, 2♦, K♦, K♣ [2♥]",2026-09-11T08:49:06.610Z,178911654661000
"""player 36 @ LGay7r_Caq"" calls 10",2026-09-11T08:49:05.784Z,178911654578400
"""player 35 @ uewFolxPCK"" calls 10",2026-09-11T08:49:04.842Z,178911654484200
"""player 19 @ hwP7SzeYai"" bets 10",2026-09-11T08:49:03.897Z,178911654389700
"Turn: J♦, 2♦, K♦ [K♣]",2026-09-11T08:49:02.043Z,178911654204300
"""player 36 @ LGay7r_Caq"" calls 10",2026-09-11T08:49:01.179Z,178911654117900
"""player 35 @ uewFolxPCK"" calls 10",2026-09-11T08:49:00.231Z,178911654023100
"""player 19 @ hwP7SzeYai"" bets 10",2026-09-11T08:48:59.088Z,178911653908800
"Flop:  [J♦, 2♦, K♦]",2026-09-11T08:48:55.988Z,178911653598800
"""player 19 @ hwP7SzeYai"" calls 92",2026-09-11T08:48:55.173Z,178911653517300
"""player 7 @ O8SRi7DfXR"" folds",2026-09-11T08:48:53.542Z,178911653354200
"""player 36 @ LGay7r_Caq"" calls 92",2026-09-11T08:48:51.634Z,178911653163400
"""player 35 @ uewFolxPCK"" raises to 92",2026-09-11T08:48:49.857Z,178911652985700
"""player 19 @ hwP7SzeYai"" posts a big blind of 10",2026-09-11T08:48:47.150Z,178911652715007
"""player 7 @ O8SRi7DfXR"" posts a small blind of 5",2026-09-11T08:48:47.150Z,178911652715006
"Your hand is 2♣, 9♥",2026-09-11T08:48:47.150Z,178911652715004
"Player stacks: #1 ""player 7 @ O8SRi7DfXR"" (1475) | #3 ""player 19 @ hwP7SzeYai"" (1915) | #5 ""player 35 @ uewFolxPCK"" (2934) | #10 ""player 36 @ LGay7r_Caq"" (926)",2026-09-11T08:48:47.150Z,178911652715001
"-- starting hand #111 (id: jliy1sialvzr)  No Limit Texas Hold'em (dealer: ""player 36 @ LGay7r_Caq"") --",2026-09-11T08:48:47.150Z,178911652715000
"""player 19 @ hwP7SzeYai"" shows a Q♦.",2026-09-11T08:48:44.790Z,178911652479000
"""player 7 @ O8SRi7DfXR"" shows a 8♣, A♦.",2026-09-11T08:48:44.708Z,178911652470800
"-- ending hand #110 --",2026-09-11T08:48:42.844Z,178911652284402
"""player 19 @ hwP7SzeYai"" collected 140 from pot",2026-09-11T08:48:42.844Z,178911652284401
"Uncalled bet of 47 returned to ""player 19 @ hwP7SzeYai""",2026-09-11T08:48:42.844Z,178911652284400
"""player 7 @ O8SRi7DfXR"" folds",2026-09-11T08:48:41.992Z,178911652199200
"""player 36 @ LGay7r_Caq"" folds",2026-09-11T08:48:30.140Z,178911651014000
"""player 35 @ uewFolxPCK"" folds",2026-09-11T08:48:27.509Z,178911650750900
"""player 19 @ hwP7SzeYai"" raises to 67",2026-09-11T08:48:23.750Z,178911650375000
"""player 7 @ O8SRi7DfXR"" calls 20",2026-09-11T08:48:18.625Z,178911649862500
"""player 36 @ LGay7r_Caq"" bets 20",2026-09-11T08:48:17.530Z,178911649753000
"River: 3♠, J♥, 10♠, A♥ [K♥]",2026-09-11T08:48:14.016Z,178911649401600
"""player 35 @ uewFolxPCK"" checks",2026-09-11T08:48:13.161Z,178911649316100
"""player 19 @ hwP7SzeYai"" checks",2026-09-11T08:48:09.664Z,178911648966400
"""player 7 @ O8SRi7DfXR"" checks",2026-09-11T08:48:08.694Z,178911648869400
"""player 36 @ LGay7r_Caq"" checks",2026-09-11T08:48:07.791Z,178911648779100
"Turn: 3♠, J♥, 10♠ [A♥]",2026-09-11T08:48:05.895Z,178911648589500
"""player 35 @ uewFolxPCK"" calls 10",2026-09-11T08:48:05.083Z,178911648508300
"""player 19 @ hwP7SzeYai"" calls 10",2026-09-11T08:47:59.326Z,178911647932600
"""player 7 @ O8SRi7DfXR"" calls 10",2026-09-11T08:47:58.038Z,178911647803800
"""player 36 @ LGay7r_Caq"" bets 10",2026-09-11T08:47:57.109Z,178911647710900
"Flop:  [3♠, J♥, 10♠]",2026-09-11T08:47:54.546Z,178911647454600
"""player 7 @ O8SRi7DfXR"" checks",2026-09-11T08:47:53.711Z,178911647371100
"""player 36 @ LGay7r_Caq"" calls 10",2026-09-11T08:47:52.800Z,178911647280000
"""player 35 @ uewFolxPCK"" calls 10",2026-09-11T08:47:51.845Z,178911647184500
"""player 19 @ hwP7SzeYai"" calls 10",2026-09-11T08:47:47.239Z,178911646723900
"""player 7 @ O8SRi7DfXR"" posts a big blind of 10",2026-09-11T08:47:34.892Z,178911645489207
"""player 36 @ LGay7r_Caq"" posts a small blind of 5",2026-09-11T08:47:34.892Z,178911645489206
"Player stacks: #1 ""player 7 @ O8SRi7DfXR"" (1515) | #3 ""player 19 @ hwP7SzeYai"" (1815) | #5 ""player 35 @ uewFolxPCK"" (2954) | #10 ""player 36 @ LGay7r_Caq"" (966)",2026-09-11T08:47:34.892Z,178911645489201
"-- starting hand #110 (id: nclr34g09067)  No Limit Texas Hold'em (dealer: ""player 35 @ uewFolxPCK"") --",2026-09-11T08:47:34.892Z,178911645489200
"-- ending hand #109 --",2026-09-11T08:47:28.862Z,178911644886204
"""player 36 @ LGay7r_Caq"" collected 966 from pot with Three of a Kind, 5's (combination: Q♦, A♦, 5♥, 5♣, 5♠)",2026-09-11T08:47:28.862Z,178911644886203
"""player 35 @ uewFolxPCK"" collected 966 from pot with Three of a Kind, 5's (combination: Q♦, A♠, 5♦, 5♣, 5♠)",2026-09-11T08:47:28.862Z,178911644886202
"""player 35 @ uewFolxPCK"" shows a A♠, 5♦.",2026-09-11T08:47:28.862Z,178911644886201
"""player 36 @ LGay7r_Caq"" shows a A♦, 5♥.",2026-09-11T08:47:28.862Z,178911644886200
"""player 35 @ uewFolxPCK"" calls 911",2026-09-11T08:47:28.006Z,178911644800600
"""player 36 @ LGay7r_Caq"" raises to 911 and go all in",2026-09-11T08:47:26.493Z,178911644649300
"""player 35 @ uewFolxPCK"" raises to 300",2026-09-11T08:47:24.195Z,178911644419500
"""player 19 @ hwP7SzeYai"" folds",2026-09-11T08:47:21.301Z,178911644130100
"""player 36 @ LGay7r_Caq"" bets 150",2026-09-11T08:47:20.069Z,178911644006900
"""player 35 @ uewFolxPCK"" checks",2026-09-11T08:47:16.176Z,178911643617600
"River: Q♦, 5♣, 6♥, J♣ [5♠]",2026-09-11T08:47:14.489Z,178911643448900
"""player 35 @ uewFolxPCK"" calls 10",2026-09-11T08:47:13.674Z,178911643367400
"""player 19 @ hwP7SzeYai"" calls 10",2026-09-11T08:47:12.702Z,178911643270200
"""player 7 @ O8SRi7DfXR"" folds",2026-09-11T08:47:11.683Z,178911643168300
"""player 36 @ LGay7r_Caq"" bets 10",2026-09-11T08:47:09.796Z,178911642979600
"""player 35 @ uewFolxPCK"" checks",2026-09-11T08:47:08.724Z,178911642872400
"Turn: Q♦, 5♣, 6♥ [J♣]",2026-09-11T08:47:07.193Z,178911642719300
"""player 35 @ uewFolxPCK"" calls 10",2026-09-11T08:47:06.278Z,178911642627800
"""player 19 @ hwP7SzeYai"" calls 10",2026-09-11T08:47:05.279Z,178911642527900
"""player 7 @ O8SRi7DfXR"" calls 10",2026-09-11T08:47:04.270Z,178911642427000
"""player 36 @ LGay7r_Caq"" bets 10",2026-09-11T08:47:03.312Z,178911642331200
"""player 35 @ uewFolxPCK"" checks",2026-09-11T08:47:02.087Z,178911642208700
"Flop:  [Q♦, 5♣, 6♥]",2026-09-11T08:46:59.463Z,178911641946300
"""player 36 @ LGay7r_Caq"" checks",2026-09-11T08:46:58.655Z,178911641865500
"""player 35 @ uewFolxPCK"" calls 10",2026-09-11T08:46:55.817Z,178911641581700
"""player 19 @ hwP7SzeYai"" calls 10",2026-09-11T08:46:54.844Z,178911641484400
"""player 7 @ O8SRi7DfXR"" calls 10",2026-09-11T08:46:51.123Z,178911641112300
"""player 36 @ LGay7r_Caq"" posts a big blind of 10",2026-09-11T08:46:42.156Z,178911640215607
"""player 35 @ uewFolxPCK"" posts a small blind of 5",2026-09-11T08:46:42.156Z,178911640215606
"Your hand is A♠, 5♦",2026-09-11T08:46:42.156Z,178911640215604
"Player stacks: #1 ""player 7 @ O8SRi7DfXR"" (1535) | #3 ""player 19 @ hwP7SzeYai"" (1845) | #5 ""player 35 @ uewFolxPCK"" (2929) | #10 ""player 36 @ LGay7r_Caq"" (941)",2026-09-11T08:46:42.156Z,178911640215601
"-- starting hand #109 (id: utruedwn5cfg)  No Limit Texas Hold'em (dealer: ""player 19 @ hwP7SzeYai"") --",2026-09-11T08:46:42.156Z,178911640215600
"""player 7 @ O8SRi7DfXR"" shows a 10♥, J♥.",2026-09-11T08:46:38.197Z,178911639819700
"-- ending hand #108 --",2026-09-11T08:46:35.643Z,178911639564302
"""player 36 @ LGay7r_Caq"" collected 120 from pot with Full House, 8's over 4's (combination: 4♠, 4♥, 8♥, 8♦, 8♠)",2026-09-11T08:46:35.643Z,178911639564301
"""player 36 @ LGay7r_Caq"" shows a 8♥, 9♥.",2026-09-11T08:46:35.643Z,178911639564300
"""player 7 @ O8SRi7DfXR"" checks",2026-09-11T08:46:34.750Z,178911639475000
"""player 36 @ LGay7r_Caq"" checks",2026-09-11T08:46:33.694Z,178911639369400
"River: 4♠, A♣, 4♥, 8♦ [8♠]",2026-09-11T08:46:32.244Z,178911639224400
"""player 19 @ hwP7SzeYai"" folds",2026-09-11T08:46:31.404Z,178911639140400
"""player 7 @ O8SRi7DfXR"" calls 20",2026-09-11T08:46:30.229Z,178911639022900
"""player 36 @ LGay7r_Caq"" bets 20",2026-09-11T08:46:29.318Z,178911638931800
"""player 19 @ hwP7SzeYai"" checks",2026-09-11T08:46:27.100Z,178911638710000
"Turn: 4♠, A♣, 4♥ [8♦]",2026-09-11T08:46:25.545Z,178911638554500
"""player 7 @ O8SRi7DfXR"" checks",2026-09-11T08:46:24.724Z,178911638472400
"""player 36 @ LGay7r_Caq"" checks",2026-09-11T08:46:23.768Z,178911638376800
"""player 35 @ uewFolxPCK"" folds",2026-09-11T08:46:22.538Z,178911638253800
"""player 19 @ hwP7SzeYai"" checks",2026-09-11T08:46:21.648Z,178911638164800
"Flop:  [4♠, A♣, 4♥]",2026-09-11T08:46:18.939Z,178911637893900
"""player 35 @ uewFolxPCK"" calls 20",2026-09-11T08:46:18.118Z,178911637811800
"""player 19 @ hwP7SzeYai"" calls 20",2026-09-11T08:46:17.157Z,178911637715700
"""player 7 @ O8SRi7DfXR"" calls 20",2026-09-11T08:46:16.253Z,178911637625300
"""player 36 @ LGay7r_Caq"" raises to 20",2026-09-11T08:46:14.799Z,178911637479900
"""player 35 @ uewFolxPCK"" posts a big blind of 10",2026-09-11T08:46:12.489Z,178911637248907
"""player 19 @ hwP7SzeYai"" posts a small blind of 5",2026-09-11T08:46:12.489Z,178911637248906
"Player stacks: #1 ""player 7 @ O8SRi7DfXR"" (1575) | #3 ""player 19 @ hwP7SzeYai"" (1865) | #5 ""player 35 @ uewFolxPCK"" (2949) | #10 ""player 36 @ LGay7r_Caq"" (861)",2026-09-11T08:46:12.489Z,178911637248901
"-- starting hand #108 (id: bnbaumvhht2h)  No Limit Texas Hold'em (dealer: ""player 7 @ O8SRi7DfXR"") --",2026-09-11T08:46:12.489Z,178911637248900
"-- ending hand #107 --",2026-09-11T08:46:06.485Z,178911636648503
"""player 7 @ O8SRi7DfXR"" collected 222 from pot with Three of a Kind, 2's (combination: 6♣, 9♥, 2♣, 2♠, 2♦)",2026-09-11T08:46:06.485Z,178911636648502
"""player 7 @ O8SRi7DfXR"" shows a 9♥, 2♣.",2026-09-11T08:46:06.485Z,178911636648501
"""player 19 @ hwP7SzeYai"" shows a A♥, 6♠.",2026-09-11T08:46:06.485Z,178911636648500
"""player 7 @ O8SRi7DfXR"" calls 10",2026-09-11T08:46:05.650Z,178911636565000
"""player 35 @ uewFolxPCK"" calls 10",2026-09-11T08:46:04.666Z,178911636466600
"""player 19 @ hwP7SzeYai"" bets 10",2026-09-11T08:46:02.522Z,178911636252200
"""player 7 @ O8SRi7DfXR"" checks",2026-09-11T08:46:00.736Z,178911636073600
"River: 3♥, 2♠, 6♣, 2♦ [4♠]",2026-09-11T08:45:57.619Z,178911635761900
"""player 7 @ O8SRi7DfXR"" calls 10",2026-09-11T08:45:56.786Z,178911635678600
"""player 35 @ uewFolxPCK"" calls 10",2026-09-11T08:45:55.628Z,178911635562800
"""player 19 @ hwP7SzeYai"" bets 10",2026-09-11T08:45:53.612Z,178911635361200
"""player 7 @ O8SRi7DfXR"" checks",2026-09-11T08:45:52.151Z,178911635215100
"Turn: 3♥, 2♠, 6♣ [2♦]",2026-09-11T08:45:49.259Z,178911634925900
"""player 7 @ O8SRi7DfXR"" calls 10",2026-09-11T08:45:48.425Z,178911634842500
"""player 35 @ uewFolxPCK"" calls 10",2026-09-11T08:45:47.381Z,178911634738100
"""player 19 @ hwP7SzeYai"" bets 10",2026-09-11T08:45:46.397Z,178911634639700
"""player 7 @ O8SRi7DfXR"" checks",2026-09-11T08:45:43.105Z,178911634310500
"Flop:  [3♥, 2♠, 6♣]",2026-09-11T08:45:40.375Z,178911634037500
"""player 19 @ hwP7SzeYai"" calls 44",2026-09-11T08:45:39.567Z,178911633956700
"""player 7 @ O8SRi7DfXR"" calls 44",2026-09-11T08:45:38.602Z,178911633860200
"""player 36 @ LGay7r_Caq"" folds",2026-09-11T08:45:37.144Z,178911633714400
"""player 35 @ uewFolxPCK"" raises to 44",2026-09-11T08:45:36.237Z,178911633623700
"""player 19 @ hwP7SzeYai"" posts a big blind of 10",2026-09-11T08:45:33.952Z,178911633395207
"""player 7 @ O8SRi7DfXR"" posts a small blind of 5",2026-09-11T08:45:33.952Z,178911633395206
"Player stacks: #1 ""player 7 @ O8SRi7DfXR"" (1427) | #3 ""player 19 @ hwP7SzeYai"" (1939) | #5 ""player 35 @ uewFolxPCK"" (3023) | #10 ""player 36 @ LGay7r_Caq"" (861)",2026-09-11T08:45:33.952Z,178911633395201
"-- starting hand #107 (id: ag5oebsxhlek)  No Limit Texas Hold'em (dealer: ""player 36 @ LGay7r_Caq"") --",2026-09-11T08:45:33.952Z,178911633395200
"""player 7 @ O8SRi7DfXR"" shows a 10♥, 6♥.",2026-09-11T08:45:29.434Z,178911632943400
"-- ending hand #106 --",2026-09-11T08:45:27.386Z,178911632738602
"""player 36 @ LGay7r_Caq"" collected 90 from pot with A High (combination: 7♦, 9♥, Q♥, K♠, A♠)",2026-09-11T08:45:27.386Z,178911632738601
"""player 36 @ LGay7r_Caq"" shows a K♠, 7♦.",2026-09-11T08:45:27.386Z,178911632738600
"""player 19 @ hwP7SzeYai"" checks",2026-09-11T08:45:26.570Z,178911632657000
"""player 7 @ O8SRi7DfXR"" checks",2026-09-11T08:45:25.549Z,178911632554900
"""player 36 @ LGay7r_Caq"" checks",2026-09-11T08:45:24.603Z,178911632460300
"River: 9♥, Q♥, 5♣, A♠ [2♣]",2026-09-11T08:45:23.384Z,178911632338400
"""player 19 @ hwP7SzeYai"" checks",2026-09-11T08:45:22.564Z,178911632256400
"""player 7 @ O8SRi7DfXR"" checks",2026-09-11T08:45:21.541Z,178911632154100
"""player 36 @ LGay7r_Caq"" checks",2026-09-11T08:45:20.605Z,178911632060500
"Turn: 9♥, Q♥, 5♣ [A♠]",2026-09-11T08:45:18.260Z,178911631826000
"""player 19 @ hwP7SzeYai"" checks",2026-09-11T08:45:17.420Z,178911631742000
"""player 7 @ O8SRi7DfXR"" checks",2026-09-11T08:45:16.419Z,178911631641900
"""player 36 @ LGay7r_Caq"" checks",2026-09-11T08:45:15.504Z,178911631550400
"Flop:  [9♥, Q♥, 5♣]",2026-09-11T08:45:12.539Z,178911631253900
"""player 36 @ LGay7r_Caq"" calls 30",2026-09-11T08:45:11.657Z,178911631165700
"""player 19 @ hwP7SzeYai"" calls 30",2026-09-11T08:45:09.476Z,178911630947600
"""player 7 @ O8SRi7DfXR"" raises to 30",2026-09-11T08:45:08.301Z,178911630830100
"""player 36 @ LGay7r_Caq"" calls 10",2026-09-11T08:45:05.142Z,178911630514200
"""player 35 @ uewFolxPCK"" folds",2026-09-11T08:45:03.637Z,178911630363700
"""player 19 @ hwP7SzeYai"" calls 10",2026-09-11T08:45:01.473Z,178911630147300
"""player 7 @ O8SRi7DfXR"" posts a big blind of 10",2026-09-11T08:44:58.008Z,178911629800807
"""player 36 @ LGay7r_Caq"" posts a small blind of 5",2026-09-11T08:44:58.008Z,178911629800806
"Player stacks: #1 ""player 7 @ O8SRi7DfXR"" (1457) | #3 ""player 19 @ hwP7SzeYai"" (1969) | #5 ""player 35 @ uewFolxPCK"" (3023) | #10 ""player 36 @ LGay7r_Caq"" (801)",2026-09-11T08:44:58.008Z,178911629800801
"-- starting hand #106 (id: u9yhkdvgbwj4)  No Limit Texas Hold'em (dealer: ""player 35 @ uewFolxPCK"") --",2026-09-11T08:44:58.008Z,178911629800800
"-- ending hand #105 --",2026-09-11T08:44:55.096Z,178911629509602
"""player 36 @ LGay7r_Caq"" collected 85 from pot",2026-09-11T08:44:55.096Z,178911629509601
"Uncalled bet of 50 returned to ""player 36 @ LGay7r_Caq""",2026-09-11T08:44:55.096Z,178911629509600
"""player 19 @ hwP7SzeYai"" folds",2026-09-11T08:44:54.256Z,178911629425600
"""player 36 @ LGay7r_Caq"" bets 50",2026-09-11T08:44:52.884Z,178911629288400
"River: 10♦, Q♦, 2♣, 6♠ [6♥]",2026-09-11T08:44:49.750Z,178911628975000
"""player 19 @ hwP7SzeYai"" checks",2026-09-11T08:44:48.928Z,178911628892800
"""player 36 @ LGay7r_Caq"" checks",2026-09-11T08:44:47.454Z,178911628745400
"Turn: 10♦, Q♦, 2♣ [6♠]",2026-09-11T08:44:46.091Z,178911628609100
"""player 19 @ hwP7SzeYai"" calls 30",2026-09-11T08:44:45.286Z,178911628528600
"""player 36 @ LGay7r_Caq"" raises to 30",2026-09-11T08:44:43.435Z,178911628343500
"""player 19 @ hwP7SzeYai"" bets 10",2026-09-11T08:44:40.795Z,178911628079500
"""player 36 @ LGay7r_Caq"" checks",2026-09-11T08:44:38.063Z,178911627806300
"Flop:  [10♦, Q♦, 2♣]",2026-09-11T08:44:36.145Z,178911627614500
"""player 36 @ LGay7r_Caq"" checks",2026-09-11T08:44:35.339Z,178911627533900
"""player 35 @ uewFolxPCK"" folds",2026-09-11T08:44:33.613Z,178911627361300
"""player 19 @ hwP7SzeYai"" calls 10",2026-09-11T08:44:32.650Z,178911627265000
"""player 7 @ O8SRi7DfXR"" folds",2026-09-11T08:44:30.267Z,178911627026700
"""player 36 @ LGay7r_Caq"" posts a big blind of 10",2026-09-11T08:44:27.737Z,178911626773707
"""player 35 @ uewFolxPCK"" posts a small blind of 5",2026-09-11T08:44:27.737Z,178911626773706
"Player stacks: #1 ""player 7 @ O8SRi7DfXR"" (1457) | #3 ""player 19 @ hwP7SzeYai"" (2009) | #5 ""player 35 @ uewFolxPCK"" (3028) | #10 ""player 36 @ LGay7r_Caq"" (756)",2026-09-11T08:44:27.737Z,178911626773701
"-- starting hand #105 (id: qympgnbiknd6)  No Limit Texas Hold'em (dealer: ""player 19 @ hwP7SzeYai"") --",2026-09-11T08:44:27.737Z,178911626773700
"""player 35 @ uewFolxPCK"" shows a K♥.",2026-09-11T08:44:24.049Z,178911626404900
"-- ending hand #104 --",2026-09-11T08:44:21.217Z,178911626121702
"""player 19 @ hwP7SzeYai"" collected 231 from pot with Two Pair, Q's & 2's (combination: K♦, 2♥, 2♦, Q♠, Q♥)",2026-09-11T08:44:21.217Z,178911626121701
"""player 19 @ hwP7SzeYai"" shows a 2♥, Q♠.",2026-09-11T08:44:21.217Z,178911626121700
"""player 36 @ LGay7r_Caq"" checks",2026-09-11T08:44:20.378Z,178911626037800
"""player 35 @ uewFolxPCK"" checks",2026-09-11T08:44:19.459Z,178911625945900
"""player 19 @ hwP7SzeYai"" checks",2026-09-11T08:44:17.292Z,178911625729200
"River: Q♥, 4♣, 6♣, K♦ [2♦]",2026-09-11T08:44:15.491Z,178911625549100
"""player 19 @ hwP7SzeYai"" calls 44",2026-09-11T08:44:14.674Z,178911625467400
"""player 36 @ LGay7r_Caq"" calls 44",2026-09-11T08:44:13.093Z,178911625309300
"""player 35 @ uewFolxPCK"" bets 44",2026-09-11T08:44:11.440Z,178911625144000
"""player 19 @ hwP7SzeYai"" checks",2026-09-11T08:44:09.750Z,178911624975000
"Turn: Q♥, 4♣, 6♣ [K♦]",2026-09-11T08:44:07.764Z,178911624776400
"""player 36 @ LGay7r_Caq"" checks",2026-09-11T08:44:06.931Z,178911624693100
"""player 35 @ uewFolxPCK"" checks",2026-09-11T08:44:05.704Z,178911624570400
"""player 19 @ hwP7SzeYai"" checks",2026-09-11T08:44:04.320Z,178911624432000
"Flop:  [Q♥, 4♣, 6♣]",2026-09-11T08:44:00.940Z,178911624094000
"""player 19 @ hwP7SzeYai"" calls 33",2026-09-11T08:44:00.094Z,178911624009400
"""player 36 @ LGay7r_Caq"" calls 33",2026-09-11T08:43:58.706Z,178911623870600
"""player 35 @ uewFolxPCK"" raises to 33",2026-09-11T08:43:56.114Z,178911623611400
"""player 19 @ hwP7SzeYai"" calls 10",2026-09-11T08:43:54.563Z,178911623456300
"""player 7 @ O8SRi7DfXR"" folds",2026-09-11T08:43:53.489Z,178911623348900
"""player 36 @ LGay7r_Caq"" calls 10",2026-09-11T08:43:51.699Z,178911623169900
"""player 35 @ uewFolxPCK"" posts a big blind of 10",2026-09-11T08:43:50.435Z,178911623043507
"""player 19 @ hwP7SzeYai"" posts a small blind of 5",2026-09-11T08:43:50.435Z,178911623043506
"Player stacks: #1 ""player 7 @ O8SRi7DfXR"" (1457) | #3 ""player 19 @ hwP7SzeYai"" (1855) | #5 ""player 35 @ uewFolxPCK"" (3105) | #10 ""player 36 @ LGay7r_Caq"" (833)",2026-09-11T08:43:50.435Z,178911623043501
"-- starting hand #104 (id: zofecr0ztx4w)  No Limit Texas Hold'em (dealer: ""player 7 @ O8SRi7DfXR"") --",2026-09-11T08:43:50.435Z,178911623043500
"""player 35 @ uewFolxPCK"" shows a 3♥, 8♥.",2026-09-11T08:43:47.690Z,178911622769000
"""player 19 @ hwP7SzeYai"" shows a 8♦.",2026-09-11T08:43:47.475Z,178911622747500
"""player 7 @ O8SRi7DfXR"" shows a 9♣.",2026-09-11T08:43:46.561Z,178911622656100
"""player 7 @ O8SRi7DfXR"" shows a 8♠.",2026-09-11T08:43:46.016Z,178911622601600
"-- ending hand #103 --",2026-09-11T08:43:45.352Z,178911622535202
"""player 35 @ uewFolxPCK"" collected 84 from pot",2026-09-11T08:43:45.352Z,178911622535201
"Uncalled bet of 22 returned to ""player 35 @ uewFolxPCK""",2026-09-11T08:43:45.352Z,178911622535200
"""player 7 @ O8SRi7DfXR"" folds",2026-09-11T08:43:44.537Z,178911622453700
"""player 35 @ uewFolxPCK"" bets 22",2026-09-11T08:43:42.394Z,178911622239400
"""player 7 @ O8SRi7DfXR"" checks",2026-09-11T08:43:40.246Z,178911622024600
"River: A♣, 6♦, 6♥, 10♥ [5♦]",2026-09-11T08:43:31.859Z,178911621185900
"""player 7 @ O8SRi7DfXR"" calls 22",2026-09-11T08:43:30.964Z,178911621096400
"""player 36 @ LGay7r_Caq"" folds",2026-09-11T08:43:30.079Z,178911621007900
"""player 35 @ uewFolxPCK"" bets 22",2026-09-11T08:43:28.771Z,178911620877100
"""player 7 @ O8SRi7DfXR"" checks",2026-09-11T08:43:26.729Z,178911620672900
"Turn: A♣, 6♦, 6♥ [10♥]",2026-09-11T08:43:25.452Z,178911620545200
"""player 36 @ LGay7r_Caq"" checks",2026-09-11T08:43:24.637Z,178911620463700
"""player 35 @ uewFolxPCK"" checks",2026-09-11T08:43:23.737Z,178911620373700
"""player 19 @ hwP7SzeYai"" folds",2026-09-11T08:43:22.795Z,178911620279500
"""player 7 @ O8SRi7DfXR"" checks",2026-09-11T08:43:21.778Z,178911620177800
"Flop:  [A♣, 6♦, 6♥]",2026-09-11T08:43:19.482Z,178911619948200
"""player 19 @ hwP7SzeYai"" checks",2026-09-11T08:43:18.671Z,178911619867100
"""player 7 @ O8SRi7DfXR"" calls 10",2026-09-11T08:43:17.730Z,178911619773000
"""player 36 @ LGay7r_Caq"" calls 10",2026-09-11T08:43:16.768Z,178911619676800
"""player 35 @ uewFolxPCK"" calls 10",2026-09-11T08:43:15.858Z,178911619585800
"""player 19 @ hwP7SzeYai"" posts a big blind of 10",2026-09-11T08:43:14.140Z,178911619414007
"""player 7 @ O8SRi7DfXR"" posts a small blind of 5",2026-09-11T08:43:14.140Z,178911619414006
"Your hand is 3♥, 8♥",2026-09-11T08:43:14.140Z,178911619414004
"Player stacks: #1 ""player 7 @ O8SRi7DfXR"" (1489) | #3 ""player 19 @ hwP7SzeYai"" (1865) | #5 ""player 35 @ uewFolxPCK"" (3053) | #10 ""player 36 @ LGay7r_Caq"" (843)",2026-09-11T08:43:14.140Z,178911619414001
"-- starting hand #103 (id: xzqcfl8znbfb)  No Limit Texas Hold'em (dealer: ""player 36 @ LGay7r_Caq"") --",2026-09-11T08:43:14.140Z,178911619414000
"""player 19 @ hwP7SzeYai"" shows a K♠, 7♥.",2026-09-11T08:43:11.540Z,178911619154000
"""player 35 @ uewFolxPCK"" shows a J♠, 6♥.",2026-09-11T08:43:09.298Z,178911618929800
"Undealt cards:  [A♦, 5♥, 9♣, Q♦, 5♦]",2026-09-11T08:43:07.017Z,178911618701700
"-- ending hand #102 --",2026-09-11T08:43:06.837Z,178911618683702
"""player 36 @ LGay7r_Caq"" collected 40 from pot",2026-09-11T08:43:06.837Z,178911618683701
"Uncalled bet of 803 returned to ""player 36 @ LGay7r_Caq""",2026-09-11T08:43:06.837Z,178911618683700
"""player 35 @ uewFolxPCK"" folds",2026-09-11T08:43:05.898Z,178911618589800
"""player 19 @ hwP7SzeYai"" folds",2026-09-11T08:42:52.768Z,178911617276800
"""player 7 @ O8SRi7DfXR"" folds",2026-09-11T08:42:47.204Z,178911616720400
"""player 36 @ LGay7r_Caq"" raises to 813 and go all in",2026-09-11T08:42:45.693Z,178911616569300
"""player 35 @ uewFolxPCK"" calls 10",2026-09-11T08:42:42.709Z,178911616270900
"""player 19 @ hwP7SzeYai"" calls 10",2026-09-11T08:42:41.164Z,178911616116400
"""player 7 @ O8SRi7DfXR"" posts a big blind of 10",2026-09-11T08:42:37.767Z,178911615776707
"""player 36 @ LGay7r_Caq"" posts a small blind of 5",2026-09-11T08:42:37.767Z,178911615776706
"Your hand is J♠, 6♥",2026-09-11T08:42:37.767Z,178911615776704
"Player stacks: #1 ""player 7 @ O8SRi7DfXR"" (1499) | #3 ""player 19 @ hwP7SzeYai"" (1875) | #5 ""player 35 @ uewFolxPCK"" (3063) | #10 ""player 36 @ LGay7r_Caq"" (813)",2026-09-11T08:42:37.767Z,178911615776701
"-- starting hand #102 (id: swutb2fz5zqm)  No Limit Texas Hold'em (dealer: ""player 35 @ uewFolxPCK"") --",2026-09-11T08:42:37.767Z,178911615776700
"""player 7 @ O8SRi7DfXR"" shows a 5♣, 8♦.",2026-09-11T08:42:32.043Z,178911615204300
"-- ending hand #101 --",2026-09-11T08:42:31.225Z,178911615122503
"""player 19 @ hwP7SzeYai"" collected 232 from pot with Two Pair, A's & 5's (combination: 10♦, 5♠, 5♦, A♦, A♥)",2026-09-11T08:42:31.225Z,178911615122502
"""player 19 @ hwP7SzeYai"" shows a A♦, 8♠.",2026-09-11T08:42:31.225Z,178911615122501
"""player 35 @ uewFolxPCK"" shows a 7♦, 4♠.",2026-09-11T08:42:31.225Z,178911615122500
"""player 19 @ hwP7SzeYai"" checks",2026-09-11T08:42:30.418Z,178911615041800
"""player 35 @ uewFolxPCK"" checks",2026-09-11T08:42:28.849Z,178911614884900
"River: 3♠, 5♠, A♥, 10♦ [5♦]",2026-09-11T08:42:26.816Z,178911614681600
"""player 19 @ hwP7SzeYai"" calls 66",2026-09-11T08:42:26.012Z,178911614601200
"""player 7 @ O8SRi7DfXR"" folds",2026-09-11T08:42:24.319Z,178911614431900
"""player 35 @ uewFolxPCK"" bets 66",2026-09-11T08:42:09.552Z,178911612955200
"Turn: 3♠, 5♠, A♥ [10♦]",2026-09-11T08:42:05.365Z,178911612536500
"""player 19 @ hwP7SzeYai"" calls 20",2026-09-11T08:42:04.510Z,178911612451000
"""player 7 @ O8SRi7DfXR"" calls 20",2026-09-11T08:41:58.847Z,178911611884700
"""player 35 @ uewFolxPCK"" bets 20",2026-09-11T08:41:51.361Z,178911611136100
"Flop:  [3♠, 5♠, A♥]",2026-09-11T08:41:48.469Z,178911610846900
"""player 36 @ LGay7r_Caq"" folds",2026-09-11T08:41:47.643Z,178911610764300
"""player 35 @ uewFolxPCK"" calls 10",2026-09-11T08:41:46.729Z,178911610672900
"""player 19 @ hwP7SzeYai"" calls 10",2026-09-11T08:41:45.667Z,178911610566700
"""player 7 @ O8SRi7DfXR"" calls 10",2026-09-11T08:41:44.577Z,178911610457700
"""player 36 @ LGay7r_Caq"" posts a big blind of 10",2026-09-11T08:41:41.344Z,178911610134407
"""player 35 @ uewFolxPCK"" posts a small blind of 5",2026-09-11T08:41:41.344Z,178911610134406
"Your hand is 7♦, 4♠",2026-09-11T08:41:41.344Z,178911610134404
"Player stacks: #1 ""player 7 @ O8SRi7DfXR"" (1529) | #3 ""player 19 @ hwP7SzeYai"" (1739) | #5 ""player 35 @ uewFolxPCK"" (3159) | #10 ""player 36 @ LGay7r_Caq"" (823)",2026-09-11T08:41:41.344Z,178911610134401
"-- starting hand #101 (id: vzkrywbzuyfi)  No Limit Texas Hold'em (dealer: ""player 19 @ hwP7SzeYai"") --",2026-09-11T08:41:41.344Z,178911610134400
"""player 35 @ uewFolxPCK"" shows a 2♠.",2026-09-11T08:41:36.873Z,178911609687300
"-- ending hand #100 --",2026-09-11T08:41:34.832Z,178911609483202
"""player 19 @ hwP7SzeYai"" collected 50 from pot with Pair, 4's (combination: 9♣, Q♠, K♠, 4♠, 4♥)",2026-09-11T08:41:34.832Z,178911609483201
"""player 19 @ hwP7SzeYai"" shows a 4♠, 7♥.",2026-09-11T08:41:34.832Z,178911609483200
"""player 35 @ uewFolxPCK"" checks",2026-09-11T08:41:34.021Z,178911609402100
"""player 19 @ hwP7SzeYai"" checks",2026-09-11T08:41:33.107Z,178911609310700
"River: 3♠, K♠, 9♣, 4♥ [Q♠]",2026-09-11T08:41:31.828Z,178911609182800
"""player 19 @ hwP7SzeYai"" calls 10",2026-09-11T08:41:30.989Z,178911609098900
"""player 36 @ LGay7r_Caq"" folds",2026-09-11T08:41:29.754Z,178911608975400
"""player 35 @ uewFolxPCK"" bets 10",2026-09-11T08:41:28.675Z,178911608867500
"""player 19 @ hwP7SzeYai"" checks",2026-09-11T08:41:27.403Z,178911608740300
"Turn: 3♠, K♠, 9♣ [4♥]",2026-09-11T08:41:25.826Z,178911608582600
"""player 36 @ LGay7r_Caq"" checks",2026-09-11T08:41:24.985Z,178911608498500
"""player 35 @ uewFolxPCK"" checks",2026-09-11T08:41:23.297Z,178911608329700
"""player 19 @ hwP7SzeYai"" checks",2026-09-11T08:41:21.625Z,178911608162500
"Flop:  [3♠, K♠, 9♣]",2026-09-11T08:41:19.312Z,178911607931200
"""player 35 @ uewFolxPCK"" checks",2026-09-11T08:41:18.488Z,178911607848800
"""player 19 @ hwP7SzeYai"" calls 10",2026-09-11T08:41:16.474Z,178911607647400
"""player 7 @ O8SRi7DfXR"" folds",2026-09-11T08:41:15.393Z,178911607539300
"""player 36 @ LGay7r_Caq"" calls 10",2026-09-11T08:41:14.464Z,178911607446400
"""player 35 @ uewFolxPCK"" posts a big blind of 10",2026-09-11T08:41:12.574Z,178911607257407
"""player 19 @ hwP7SzeYai"" posts a small blind of 5",2026-09-11T08:41:12.574Z,178911607257406
"Player stacks: #1 ""player 7 @ O8SRi7DfXR"" (1529) | #3 ""player 19 @ hwP7SzeYai"" (1709) | #5 ""player 35 @ uewFolxPCK"" (3179) | #10 ""player 36 @ LGay7r_Caq"" (833)",2026-09-11T08:41:12.574Z,178911607257401
"-- starting hand #100 (id: qsdsug7nhtpc)  No Limit Texas Hold'em (dealer: ""player 7 @ O8SRi7DfXR"") --",2026-09-11T08:41:12.574Z,178911607257400
"-- ending hand #99 --",2026-09-11T08:41:06.569Z,178911606656902
"""player 19 @ hwP7SzeYai"" collected 25 from pot with Two Pair, K's & 5's (combination: Q♥, 5♦, 5♥, K♠, K♥)",2026-09-11T08:41:06.569Z,178911606656901
"""player 19 @ hwP7SzeYai"" shows a 6♦, Q♥.",2026-09-11T08:41:06.569Z,178911606656900
"""player 35 @ uewFolxPCK"" checks",2026-09-11T08:41:05.706Z,178911606570600
"""player 19 @ hwP7SzeYai"" checks",2026-09-11T08:41:04.748Z,178911606474800
"River: K♠, J♣, K♥, 5♦ [5♥]",2026-09-11T08:41:04.418Z,178911606441800
"""player 35 @ uewFolxPCK"" checks",2026-09-11T08:41:03.586Z,178911606358600
"""player 19 @ hwP7SzeYai"" checks",2026-09-11T08:41:02.682Z,178911606268200
"Turn: K♠, J♣, K♥ [5♦]",2026-09-11T08:41:00.957Z,178911606095700
"""player 35 @ uewFolxPCK"" checks",2026-09-11T08:41:00.142Z,178911606014200
"""player 19 @ hwP7SzeYai"" checks",2026-09-11T08:40:59.171Z,178911605917100
"Flop:  [K♠, J♣, K♥]",2026-09-11T08:40:56.046Z,178911605604600
"""player 19 @ hwP7SzeYai"" checks",2026-09-11T08:40:55.222Z,178911605522200
"""player 7 @ O8SRi7DfXR"" folds",2026-09-11T08:40:53.750Z,178911605375000
"""player 36 @ LGay7r_Caq"" folds",2026-09-11T08:40:52.450Z,178911605245000
"""player 35 @ uewFolxPCK"" calls 10",2026-09-11T08:40:51.543Z,178911605154300
"""player 19 @ hwP7SzeYai"" posts a big blind of 10",2026-09-11T08:40:49.747Z,178911604974707
"""player 7 @ O8SRi7DfXR"" posts a small blind of 5",2026-09-11T08:40:49.747Z,178911604974706
"Player stacks: #1 ""player 7 @ O8SRi7DfXR"" (1534) | #3 ""player 19 @ hwP7SzeYai"" (1694) | #5 ""player 35 @ uewFolxPCK"" (3189) | #10 ""player 36 @ LGay7r_Caq"" (833)",2026-09-11T08:40:49.747Z,178911604974701
"-- starting hand #99 (id: j33njwlsjkow)  No Limit Texas Hold'em (dealer: ""player 36 @ LGay7r_Caq"") --",2026-09-11T08:40:49.747Z,178911604974700
"""player 36 @ LGay7r_Caq"" shows a Q♠, J♥.",2026-09-11T08:40:44.296Z,178911604429600
"-- ending hand #98 --",2026-09-11T08:40:43.238Z,178911604323802
"""player 35 @ uewFolxPCK"" collected 472 from pot with Flush, A High (combination: 3♥, 4♥, 6♥, 10♥, A♥)",2026-09-11T08:40:43.238Z,178911604323801
"""player 35 @ uewFolxPCK"" shows a A♥, 10♥.",2026-09-11T08:40:43.238Z,178911604323800
"""player 36 @ LGay7r_Caq"" calls 150",2026-09-11T08:40:42.423Z,178911604242300
"""player 35 @ uewFolxPCK"" raises to 150",2026-09-11T08:40:38.086Z,178911603808600
"""player 36 @ LGay7r_Caq"" bets 50",2026-09-11T08:40:33.220Z,178911603322000
"River: 4♥, J♠, 3♠, 3♥ [6♥]",2026-09-11T08:40:29.536Z,178911602953600
"""player 35 @ uewFolxPCK"" calls 20",2026-09-11T08:40:28.694Z,178911602869400
"""player 7 @ O8SRi7DfXR"" folds",2026-09-11T08:40:27.777Z,178911602777700
"""player 36 @ LGay7r_Caq"" bets 20",2026-09-11T08:40:26.605Z,178911602660500
"Turn: 4♥, J♠, 3♠ [3♥]",2026-09-11T08:40:23.040Z,178911602304000
"""player 35 @ uewFolxPCK"" checks",2026-09-11T08:40:22.210Z,178911602221000
"""player 7 @ O8SRi7DfXR"" checks",2026-09-11T08:40:21.273Z,178911602127300
"""player 36 @ LGay7r_Caq"" checks",2026-09-11T08:40:19.491Z,178911601949100
"Flop:  [4♥, J♠, 3♠]",2026-09-11T08:40:17.731Z,178911601773100
"""player 7 @ O8SRi7DfXR"" calls 44",2026-09-11T08:40:16.913Z,178911601691300
"""player 36 @ LGay7r_Caq"" calls 44",2026-09-11T08:40:16.012Z,178911601601200
"""player 35 @ uewFolxPCK"" raises to 44",2026-09-11T08:40:14.964Z,178911601496400
"""player 19 @ hwP7SzeYai"" folds",2026-09-11T08:40:12.418Z,178911601241800
"""player 7 @ O8SRi7DfXR"" posts a big blind of 10",2026-09-11T08:40:05.123Z,178911600512307
"""player 36 @ LGay7r_Caq"" posts a small blind of 5",2026-09-11T08:40:05.123Z,178911600512306
"Your hand is A♥, 10♥",2026-09-11T08:40:05.123Z,178911600512304
"Player stacks: #1 ""player 7 @ O8SRi7DfXR"" (1578) | #3 ""player 19 @ hwP7SzeYai"" (1694) | #5 ""player 35 @ uewFolxPCK"" (2931) | #10 ""player 36 @ LGay7r_Caq"" (1047)",2026-09-11T08:40:05.123Z,178911600512301
"-- starting hand #98 (id: qq3peppvjlxt)  No Limit Texas Hold'em (dealer: ""player 35 @ uewFolxPCK"") --",2026-09-11T08:40:05.123Z,178911600512300
"""player 35 @ uewFolxPCK"" shows a A♣.",2026-09-11T08:40:00.267Z,178911600026700
"-- ending hand #97 --",2026-09-11T08:39:58.554Z,178911599855402
"""player 7 @ O8SRi7DfXR"" collected 478 from pot with Pair, A's (combination: 9♦, 10♦, K♠, A♥, A♠)",2026-09-11T08:39:58.554Z,178911599855401
"""player 7 @ O8SRi7DfXR"" shows a 9♦, A♥.",2026-09-11T08:39:58.554Z,178911599855400
"""player 35 @ uewFolxPCK"" calls 67",2026-09-11T08:39:57.747Z,178911599774700
"""player 7 @ O8SRi7DfXR"" bets 67",2026-09-11T08:39:55.716Z,178911599571600
"""player 35 @ uewFolxPCK"" checks",2026-09-11T08:39:51.656Z,178911599165600
"River: A♠, 10♦, K♠, 5♣ [3♣]",2026-09-11T08:39:51.009Z,178911599100900
"""player 35 @ uewFolxPCK"" calls 67",2026-09-11T08:39:50.176Z,178911599017600
"""player 7 @ O8SRi7DfXR"" bets 67",2026-09-11T08:39:47.827Z,178911598782700
"""player 35 @ uewFolxPCK"" checks",2026-09-11T08:39:44.178Z,178911598417800
"Turn: A♠, 10♦, K♠ [5♣]",2026-09-11T08:39:42.486Z,178911598248600
"""player 36 @ LGay7r_Caq"" folds",2026-09-11T08:39:41.641Z,178911598164100
"""player 35 @ uewFolxPCK"" calls 35",2026-09-11T08:39:38.835Z,178911597883500
"""player 19 @ hwP7SzeYai"" folds",2026-09-11T08:39:31.414Z,178911597141400
"""player 7 @ O8SRi7DfXR"" bets 35",2026-09-11T08:39:30.117Z,178911597011700
"""player 36 @ LGay7r_Caq"" checks",2026-09-11T08:39:27.839Z,178911596783900
"""player 35 @ uewFolxPCK"" checks",2026-09-11T08:39:26.246Z,178911596624600
"Flop:  [A♠, 10♦, K♠]",2026-09-11T08:39:24.673Z,178911596467300
"""player 36 @ LGay7r_Caq"" calls 35",2026-09-11T08:39:23.817Z,178911596381700
"""player 35 @ uewFolxPCK"" calls 35",2026-09-11T08:39:09.577Z,178911594957700
"""player 19 @ hwP7SzeYai"" calls 35",2026-09-11T08:39:07.859Z,178911594785900
"""player 7 @ O8SRi7DfXR"" raises to 35",2026-09-11T08:39:02.481Z,178911594248100
"""player 36 @ LGay7r_Caq"" posts a big blind of 10",2026-09-11T08:38:56.476Z,178911593647607
"""player 35 @ uewFolxPCK"" posts a small blind of 5",2026-09-11T08:38:56.476Z,178911593647606
"Player stacks: #1 ""player 7 @ O8SRi7DfXR"" (1304) | #3 ""player 19 @ hwP7SzeYai"" (1729) | #5 ""player 35 @ uewFolxPCK"" (3135) | #10 ""player 36 @ LGay7r_Caq"" (1082)",2026-09-11T08:38:56.476Z,178911593647601
"-- starting hand #97 (id: otui3lsaqqzn)  No Limit Texas Hold'em (dealer: ""player 19 @ hwP7SzeYai"") --",2026-09-11T08:38:56.476Z,178911593647600
"""player 35 @ uewFolxPCK"" shows a 2♠, 7♣.",2026-09-11T08:38:54.908Z,178911593490800
"-- ending hand #96 --",2026-09-11T08:38:52.847Z,178911593284702
"""player 35 @ uewFolxPCK"" collected 2135 from pot",2026-09-11T08:38:52.847Z,178911593284701
"Uncalled bet of 1000 returned to ""player 35 @ uewFolxPCK""",2026-09-11T08:38:52.847Z,178911593284700
"""player 36 @ LGay7r_Caq"" folds",2026-09-11T08:38:51.998Z,178911593199800
"""player 35 @ uewFolxPCK"" bets 1000 and go all in",2026-09-11T08:38:49.264Z,178911592926400
"River: J♣, 5♣, 5♠, 9♦ [2♥]",2026-09-11T08:38:44.185Z,178911592418500
"""player 36 @ LGay7r_Caq"" calls 600",2026-09-11T08:38:43.374Z,178911592337400
"""player 35 @ uewFolxPCK"" bets 600",2026-09-11T08:38:42.041Z,178911592204100
"Turn: J♣, 5♣, 5♠ [9♦]",2026-09-11T08:38:39.580Z,178911591958000
"""player 7 @ O8SRi7DfXR"" folds",2026-09-11T08:38:38.744Z,178911591874400
"""player 36 @ LGay7r_Caq"" calls 240",2026-09-11T08:38:37.773Z,178911591777300
"""player 35 @ uewFolxPCK"" bets 240",2026-09-11T08:38:36.628Z,178911591662800
"Flop:  [J♣, 5♣, 5♠]",2026-09-11T08:38:30.416Z,178911591041600
"""player 7 @ O8SRi7DfXR"" calls 150",2026-09-11T08:38:29.600Z,178911590960000
"""player 36 @ LGay7r_Caq"" calls 150",2026-09-11T08:38:03.293Z,178911588329300
"""player 35 @ uewFolxPCK"" raises to 150",2026-09-11T08:37:59.475Z,178911587947500
"""player 19 @ hwP7SzeYai"" folds",2026-09-11T08:37:57.094Z,178911587709400
"""player 7 @ O8SRi7DfXR"" raises to 50",2026-09-11T08:37:55.739Z,178911587573900
"""player 36 @ LGay7r_Caq"" calls 10",2026-09-11T08:37:53.114Z,178911587311400
"""player 35 @ uewFolxPCK"" posts a big blind of 10",2026-09-11T08:37:51.285Z,178911587128507
"""player 19 @ hwP7SzeYai"" posts a small blind of 5",2026-09-11T08:37:51.285Z,178911587128506
"Your hand is 2♠, 7♣",2026-09-11T08:37:51.285Z,178911587128504
"Player stacks: #1 ""player 7 @ O8SRi7DfXR"" (1454) | #3 ""player 19 @ hwP7SzeYai"" (1734) | #5 ""player 35 @ uewFolxPCK"" (1990) | #10 ""player 36 @ LGay7r_Caq"" (2072)",2026-09-11T08:37:51.285Z,178911587128501
"-- starting hand #96 (id: 7djp5jpwtztj)  No Limit Texas Hold'em (dealer: ""player 7 @ O8SRi7DfXR"") --",2026-09-11T08:37:51.285Z,178911587128500
"""player 35 @ uewFolxPCK"" shows a 6♥, 10♣.",2026-09-11T08:37:47.180Z,178911586718000
"Undealt cards: 5♣, 2♥, 6♦, 7♠ [10♥]",2026-09-11T08:37:45.704Z,178911586570400
"""player 7 @ O8SRi7DfXR"" shows a 3♣.",2026-09-11T08:37:45.015Z,178911586501500
"""player 19 @ hwP7SzeYai"" shows a 4♣, 3♦.",2026-09-11T08:37:44.908Z,178911586490800
"-- ending hand #95 --",2026-09-11T08:37:43.276Z,178911586327602
"""player 19 @ hwP7SzeYai"" collected 192 from pot",2026-09-11T08:37:43.276Z,178911586327601
"Uncalled bet of 96 returned to ""player 19 @ hwP7SzeYai""",2026-09-11T08:37:43.276Z,178911586327600
"""player 7 @ O8SRi7DfXR"" folds",2026-09-11T08:37:42.367Z,178911586236700
"""player 35 @ uewFolxPCK"" folds",2026-09-11T08:37:40.316Z,178911586031600
"""player 19 @ hwP7SzeYai"" raises to 140",2026-09-11T08:37:19.703Z,178911583970300
"""player 7 @ O8SRi7DfXR"" calls 44",2026-09-11T08:37:15.335Z,178911583533500
"""player 35 @ uewFolxPCK"" raises to 44",2026-09-11T08:37:10.459Z,178911583045900
"""player 19 @ hwP7SzeYai"" bets 10",2026-09-11T08:37:08.890Z,178911582889000
"""player 7 @ O8SRi7DfXR"" checks",2026-09-11T08:37:06.713Z,178911582671300
"Turn: 5♣, 2♥, 6♦ [7♠]",2026-09-11T08:37:05.386Z,178911582538600
"""player 7 @ O8SRi7DfXR"" calls 10",2026-09-11T08:37:04.521Z,178911582452100
"""player 35 @ uewFolxPCK"" calls 10",2026-09-11T08:37:03.632Z,178911582363200
"""player 19 @ hwP7SzeYai"" bets 10",2026-09-11T08:37:02.531Z,178911582253100
"""player 7 @ O8SRi7DfXR"" checks",2026-09-11T08:37:00.643Z,178911582064300
"Flop:  [5♣, 2♥, 6♦]",2026-09-11T08:36:58.642Z,178911581864200
"""player 19 @ hwP7SzeYai"" checks",2026-09-11T08:36:57.828Z,178911581782800
"""player 7 @ O8SRi7DfXR"" calls 10",2026-09-11T08:36:56.658Z,178911581665800
"""player 36 @ LGay7r_Caq"" folds",2026-09-11T08:36:55.056Z,178911581505600
"""player 35 @ uewFolxPCK"" calls 10",2026-09-11T08:36:54.068Z,178911581406800
"""player 19 @ hwP7SzeYai"" posts a big blind of 10",2026-09-11T08:36:51.767Z,178911581176707
"""player 7 @ O8SRi7DfXR"" posts a small blind of 5",2026-09-11T08:36:51.767Z,178911581176706
"Your hand is 6♥, 10♣",2026-09-11T08:36:51.767Z,178911581176704
"Player stacks: #1 ""player 7 @ O8SRi7DfXR"" (1518) | #3 ""player 19 @ hwP7SzeYai"" (1606) | #5 ""player 35 @ uewFolxPCK"" (2054) | #10 ""player 36 @ LGay7r_Caq"" (2072)",2026-09-11T08:36:51.767Z,178911581176701
"-- starting hand #95 (id: fzlp1uwx5quo)  No Limit Texas Hold'em (dealer: ""player 36 @ LGay7r_Caq"") --",2026-09-11T08:36:51.767Z,178911581176700
"""player 7 @ O8SRi7DfXR"" shows a A♠, 7♦.",2026-09-11T08:36:49.598Z,178911580959800
"-- ending hand #94 --",2026-09-11T08:36:48.163Z,178911580816302
"""player 19 @ hwP7SzeYai"" collected 371 from pot",2026-09-11T08:36:48.163Z,178911580816301
"Uncalled bet of 185 returned to ""player 19 @ hwP7SzeYai""",2026-09-11T08:36:48.163Z,178911580816300
"""player 35 @ uewFolxPCK"" folds",2026-09-11T08:36:47.247Z,178911580724700
"""player 19 @ hwP7SzeYai"" raises to 252",2026-09-11T08:36:45.135Z,178911580513500
"""player 35 @ uewFolxPCK"" bets 67",2026-09-11T08:36:40.286Z,178911580028600
"""player 19 @ hwP7SzeYai"" checks",2026-09-11T08:36:36.836Z,178911579683600
"River: 3♣, Q♣, 2♥, 4♥ [2♣]",2026-09-11T08:36:32.751Z,178911579275100
"""player 35 @ uewFolxPCK"" calls 67",2026-09-11T08:36:31.827Z,178911579182700
"""player 19 @ hwP7SzeYai"" bets 67",2026-09-11T08:36:30.364Z,178911579036400
"Turn: 3♣, Q♣, 2♥ [4♥]",2026-09-11T08:36:25.344Z,178911578534400
"""player 35 @ uewFolxPCK"" checks",2026-09-11T08:36:24.424Z,178911578442400
"""player 19 @ hwP7SzeYai"" checks",2026-09-11T08:36:23.410Z,178911578341000
"Flop:  [3♣, Q♣, 2♥]",2026-09-11T08:36:20.541Z,178911578054100
"""player 19 @ hwP7SzeYai"" calls 44",2026-09-11T08:36:19.615Z,178911577961500
"""player 7 @ O8SRi7DfXR"" folds",2026-09-11T08:36:18.593Z,178911577859300
"""player 36 @ LGay7r_Caq"" folds",2026-09-11T08:36:15.262Z,178911577526200
"""player 35 @ uewFolxPCK"" raises to 44",2026-09-11T08:36:14.354Z,178911577435400
"""player 19 @ hwP7SzeYai"" calls 10",2026-09-11T08:36:11.810Z,178911577181000
"""player 7 @ O8SRi7DfXR"" posts a big blind of 10",2026-09-11T08:36:09.333Z,178911576933307
"""player 36 @ LGay7r_Caq"" posts a small blind of 5",2026-09-11T08:36:09.333Z,178911576933306
"Player stacks: #1 ""player 7 @ O8SRi7DfXR"" (1528) | #3 ""player 19 @ hwP7SzeYai"" (1413) | #5 ""player 35 @ uewFolxPCK"" (2232) | #10 ""player 36 @ LGay7r_Caq"" (2077)",2026-09-11T08:36:09.333Z,178911576933301
"-- starting hand #94 (id: iawhpqs3epxr)  No Limit Texas Hold'em (dealer: ""player 35 @ uewFolxPCK"") --",2026-09-11T08:36:09.333Z,178911576933300
"""player 19 @ hwP7SzeYai"" shows a 9♣.",2026-09-11T08:36:05.568Z,178911576556800
"""player 35 @ uewFolxPCK"" shows a Q♦, K♠.",2026-09-11T08:36:04.496Z,178911576449600
"""player 19 @ hwP7SzeYai"" shows a 6♠.",2026-09-11T08:36:03.291Z,178911576329100
"-- ending hand #93 --",2026-09-11T08:36:02.197Z,178911576219702
"""player 7 @ O8SRi7DfXR"" collected 666 from pot with Two Pair, K's & J's (combination: 6♦, J♠, J♦, K♦, K♥)",2026-09-11T08:36:02.197Z,178911576219701
"""player 7 @ O8SRi7DfXR"" shows a J♠, K♦.",2026-09-11T08:36:02.197Z,178911576219700
"""player 36 @ LGay7r_Caq"" calls 142",2026-09-11T08:36:01.347Z,178911576134700
"""player 35 @ uewFolxPCK"" calls 142",2026-09-11T08:35:56.926Z,178911575692600
"""player 7 @ O8SRi7DfXR"" raises to 142",2026-09-11T08:35:52.248Z,178911575224800
"""player 36 @ LGay7r_Caq"" calls 44",2026-09-11T08:35:50.100Z,178911575010000
"""player 35 @ uewFolxPCK"" bets 44",2026-09-11T08:35:49.016Z,178911574901600
"River: 6♣, J♦, 2♦, K♥ [6♦]",2026-09-11T08:35:45.559Z,178911574555900
"""player 7 @ O8SRi7DfXR"" calls 40",2026-09-11T08:35:44.669Z,178911574466900
"""player 36 @ LGay7r_Caq"" calls 40",2026-09-11T08:35:43.254Z,178911574325400
"""player 35 @ uewFolxPCK"" bets 40",2026-09-11T08:35:42.312Z,178911574231200
"Turn: 6♣, J♦, 2♦ [K♥]",2026-09-11T08:35:33.349Z,178911573334900
"""player 7 @ O8SRi7DfXR"" checks",2026-09-11T08:35:32.495Z,178911573249500
"""player 36 @ LGay7r_Caq"" checks",2026-09-11T08:35:31.612Z,178911573161200
"""player 35 @ uewFolxPCK"" checks",2026-09-11T08:35:30.439Z,178911573043900
"Flop:  [6♣, J♦, 2♦]",2026-09-11T08:35:28.547Z,178911572854700
"""player 36 @ LGay7r_Caq"" calls 40",2026-09-11T08:35:27.715Z,178911572771500
"""player 35 @ uewFolxPCK"" calls 40",2026-09-11T08:35:25.624Z,178911572562400
"""player 19 @ hwP7SzeYai"" folds",2026-09-11T08:35:24.616Z,178911572461600
"""player 7 @ O8SRi7DfXR"" raises to 40",2026-09-11T08:35:22.518Z,178911572251800
"""player 36 @ LGay7r_Caq"" posts a big blind of 10",2026-09-11T08:35:12.941Z,178911571294107
"""player 35 @ uewFolxPCK"" posts a small blind of 5",2026-09-11T08:35:12.941Z,178911571294106
"Your hand is Q♦, K♠",2026-09-11T08:35:12.941Z,178911571294104
"Player stacks: #1 ""player 7 @ O8SRi7DfXR"" (1084) | #3 ""player 19 @ hwP7SzeYai"" (1413) | #5 ""player 35 @ uewFolxPCK"" (2454) | #10 ""player 36 @ LGay7r_Caq"" (2299)",2026-09-11T08:35:12.941Z,178911571294101
"-- starting hand #93 (id: 3v3djina7txy)  No Limit Texas Hold'em (dealer: ""player 19 @ hwP7SzeYai"") --",2026-09-11T08:35:12.941Z,178911571294100
"-- ending hand #92 --",2026-09-11T08:35:06.921Z,178911570692104
"""player 19 @ hwP7SzeYai"" collected 480 from pot with Straight, A High (combination: 10♥, J♥, Q♥, K♥, A♦)",2026-09-11T08:35:06.921Z,178911570692103
"""player 19 @ hwP7SzeYai"" shows a J♥, 10♥.",2026-09-11T08:35:06.921Z,178911570692102
"""player 7 @ O8SRi7DfXR"" shows a 5♠, 5♥.",2026-09-11T08:35:06.921Z,178911570692101
"""player 35 @ uewFolxPCK"" shows a 4♥, J♦.",2026-09-11T08:35:06.921Z,178911570692100
"""player 19 @ hwP7SzeYai"" calls 120",2026-09-11T08:35:06.035Z,178911570603500
"""player 7 @ O8SRi7DfXR"" calls 120",2026-09-11T08:34:46.561Z,178911568656100
"""player 36 @ LGay7r_Caq"" folds",2026-09-11T08:34:44.975Z,178911568497500
"""player 35 @ uewFolxPCK"" raises to 120",2026-09-11T08:34:43.990Z,178911568399000
"""player 19 @ hwP7SzeYai"" bets 10",2026-09-11T08:34:41.712Z,178911568171200
"River: Q♥, K♥, A♦, 7♦ [5♦]",2026-09-11T08:34:38.278Z,178911567827800
"""player 7 @ O8SRi7DfXR"" calls 10",2026-09-11T08:34:37.422Z,178911567742200
"""player 36 @ LGay7r_Caq"" calls 10",2026-09-11T08:34:36.512Z,178911567651200
"""player 35 @ uewFolxPCK"" calls 10",2026-09-11T08:34:34.670Z,178911567467000
"""player 19 @ hwP7SzeYai"" bets 10",2026-09-11T08:34:33.412Z,178911567341200
"Turn: Q♥, K♥, A♦ [7♦]",2026-09-11T08:34:30.171Z,178911567017100
"""player 7 @ O8SRi7DfXR"" calls 10",2026-09-11T08:34:29.348Z,178911566934800
"""player 36 @ LGay7r_Caq"" calls 10",2026-09-11T08:34:28.419Z,178911566841900
"""player 35 @ uewFolxPCK"" calls 10",2026-09-11T08:34:27.415Z,178911566741500
"""player 19 @ hwP7SzeYai"" bets 10",2026-09-11T08:34:26.472Z,178911566647200
"Flop:  [Q♥, K♥, A♦]",2026-09-11T08:34:19.661Z,178911565966100
"""player 35 @ uewFolxPCK"" checks",2026-09-11T08:34:18.837Z,178911565883700
"""player 19 @ hwP7SzeYai"" calls 10",2026-09-11T08:34:17.089Z,178911565708900
"""player 7 @ O8SRi7DfXR"" calls 10",2026-09-11T08:34:15.421Z,178911565542100
"""player 36 @ LGay7r_Caq"" calls 10",2026-09-11T08:34:12.130Z,178911565213000
"""player 35 @ uewFolxPCK"" posts a big blind of 10",2026-09-11T08:34:10.327Z,178911565032707
"""player 19 @ hwP7SzeYai"" posts a small blind of 5",2026-09-11T08:34:10.327Z,178911565032706
"Your hand is 4♥, J♦",2026-09-11T08:34:10.327Z,178911565032704
"Player stacks: #1 ""player 7 @ O8SRi7DfXR"" (1234) | #3 ""player 19 @ hwP7SzeYai"" (1083) | #5 ""player 35 @ uewFolxPCK"" (2604) | #10 ""player 36 @ LGay7r_Caq"" (2329)",2026-09-11T08:34:10.327Z,178911565032701
"-- starting hand #92 (id: xttbgaleqhiq)  No Limit Texas Hold'em (dealer: ""player 7 @ O8SRi7DfXR"") --",2026-09-11T08:34:10.327Z,178911565032700
"""player 35 @ uewFolxPCK"" shows a 7♥, 2♦.",2026-09-11T08:34:06.495Z,178911564649500
"""player 7 @ O8SRi7DfXR"" shows a 10♣, J♣.",2026-09-11T08:34:06.444Z,178911564644400
"-- ending hand #91 --",2026-09-11T08:34:05.959Z,178911564595902
"""player 7 @ O8SRi7DfXR"" collected 956 from pot",2026-09-11T08:34:05.959Z,178911564595901
"Uncalled bet of 278 returned to ""player 7 @ O8SRi7DfXR""",2026-09-11T08:34:05.959Z,178911564595900
"""player 36 @ LGay7r_Caq"" folds",2026-09-11T08:34:05.134Z,178911564513400
"""player 7 @ O8SRi7DfXR"" bets 278 and go all in",2026-09-11T08:34:03.612Z,178911564361200
"River: 4♣, 3♣, J♦, J♠ [4♥]",2026-09-11T08:34:00.488Z,178911564048800
"""player 36 @ LGay7r_Caq"" calls 220",2026-09-11T08:33:59.669Z,178911563966900
"""player 35 @ uewFolxPCK"" folds",2026-09-11T08:33:58.244Z,178911563824400
"""player 7 @ O8SRi7DfXR"" raises to 220",2026-09-11T08:33:56.522Z,178911563652200
"""player 36 @ LGay7r_Caq"" calls 110",2026-09-11T08:33:54.318Z,178911563431800
"""player 35 @ uewFolxPCK"" bets 110",2026-09-11T08:33:51.260Z,178911563126000
"""player 7 @ O8SRi7DfXR"" checks",2026-09-11T08:33:46.414Z,178911562641400
"Turn: 4♣, 3♣, J♦ [J♠]",2026-09-11T08:33:44.408Z,178911562440800
"""player 7 @ O8SRi7DfXR"" calls 99",2026-09-11T08:33:43.468Z,178911562346800
"""player 36 @ LGay7r_Caq"" calls 99",2026-09-11T08:33:35.694Z,178911561569400
"""player 35 @ uewFolxPCK"" raises to 99",2026-09-11T08:33:34.732Z,178911561473200
"""player 7 @ O8SRi7DfXR"" bets 33",2026-09-11T08:33:32.663Z,178911561266300
"Flop:  [4♣, 3♣, J♦]",2026-09-11T08:33:29.445Z,178911560944500
"""player 19 @ hwP7SzeYai"" folds",2026-09-11T08:33:28.620Z,178911560862000
"""player 7 @ O8SRi7DfXR"" calls 33",2026-09-11T08:33:27.505Z,178911560750500
"""player 36 @ LGay7r_Caq"" calls 33",2026-09-11T08:33:26.544Z,178911560654400
"""player 35 @ uewFolxPCK"" raises to 33",2026-09-11T08:33:23.961Z,178911560396100
"""player 19 @ hwP7SzeYai"" posts a big blind of 10",2026-09-11T08:33:22.194Z,178911560219407
"""player 7 @ O8SRi7DfXR"" posts a small blind of 5",2026-09-11T08:33:22.194Z,178911560219406
"Your hand is 7♥, 2♦",2026-09-11T08:33:22.194Z,178911560219404
"Player stacks: #1 ""player 7 @ O8SRi7DfXR"" (630) | #3 ""player 19 @ hwP7SzeYai"" (1093) | #5 ""player 35 @ uewFolxPCK"" (2846) | #10 ""player 36 @ LGay7r_Caq"" (2681)",2026-09-11T08:33:22.194Z,178911560219401
"-- starting hand #91 (id: 8iuc3wbbqhjl)  No Limit Texas Hold'em (dealer: ""player 36 @ LGay7r_Caq"") --",2026-09-11T08:33:22.194Z,178911560219400
"-- ending hand #90 --",2026-09-11T08:33:16.186Z,178911559618603
"""player 7 @ O8SRi7DfXR"" collected 100 from pot with Two Pair, Q's & 5's (combination: A♣, 5♦, 5♣, Q♣, Q♥)",2026-09-11T08:33:16.186Z,178911559618602
"""player 7 @ O8SRi7DfXR"" shows a A♣, 5♦.",2026-09-11T08:33:16.186Z,178911559618601
"""player 35 @ uewFolxPCK"" shows a 7♥, 5♠.",2026-09-11T08:33:16.186Z,178911559618600
"""player 7 @ O8SRi7DfXR"" calls 10",2026-09-11T08:33:15.356Z,178911559535600
"""player 36 @ LGay7r_Caq"" calls 10",2026-09-11T08:33:13.895Z,178911559389500
"""player 35 @ uewFolxPCK"" bets 10",2026-09-11T08:33:12.670Z,178911559267000
"""player 7 @ O8SRi7DfXR"" checks",2026-09-11T08:33:11.545Z,178911559154500
"""player 36 @ LGay7r_Caq"" checks",2026-09-11T08:33:09.938Z,178911558993800
"River: 3♥, 8♥, 5♣, Q♣ [Q♥]",2026-09-11T08:33:08.580Z,178911558858000
"""player 35 @ uewFolxPCK"" checks",2026-09-11T08:33:07.671Z,178911558767100
"""player 7 @ O8SRi7DfXR"" checks",2026-09-11T08:33:06.758Z,178911558675800
"""player 36 @ LGay7r_Caq"" checks",2026-09-11T08:33:05.592Z,178911558559200
"Turn: 3♥, 8♥, 5♣ [Q♣]",2026-09-11T08:32:59.664Z,178911557966400
"""player 35 @ uewFolxPCK"" calls 10",2026-09-11T08:32:58.844Z,178911557884400
"""player 19 @ hwP7SzeYai"" folds",2026-09-11T08:32:57.959Z,178911557795900
"""player 7 @ O8SRi7DfXR"" calls 10",2026-09-11T08:32:55.306Z,178911557530600
"""player 36 @ LGay7r_Caq"" bets 10",2026-09-11T08:32:54.278Z,178911557427800
"Flop:  [3♥, 8♥, 5♣]",2026-09-11T08:32:52.255Z,178911557225500
"""player 7 @ O8SRi7DfXR"" checks",2026-09-11T08:32:51.396Z,178911557139600
"""player 36 @ LGay7r_Caq"" calls 10",2026-09-11T08:32:50.477Z,178911557047700
"""player 35 @ uewFolxPCK"" calls 10",2026-09-11T08:32:48.819Z,178911556881900
"""player 19 @ hwP7SzeYai"" calls 10",2026-09-11T08:32:46.136Z,178911556613600
"""player 7 @ O8SRi7DfXR"" posts a big blind of 10",2026-09-11T08:32:41.648Z,178911556164807
"""player 36 @ LGay7r_Caq"" posts a small blind of 5",2026-09-11T08:32:41.648Z,178911556164806
"Your hand is 7♥, 5♠",2026-09-11T08:32:41.648Z,178911556164804
"Player stacks: #1 ""player 7 @ O8SRi7DfXR"" (560) | #3 ""player 19 @ hwP7SzeYai"" (1103) | #5 ""player 35 @ uewFolxPCK"" (2876) | #10 ""player 36 @ LGay7r_Caq"" (2711)",2026-09-11T08:32:41.648Z,178911556164801
"-- starting hand #90 (id: mzuxuhvpp1fx)  No Limit Texas Hold'em (dealer: ""player 35 @ uewFolxPCK"") --",2026-09-11T08:32:41.648Z,178911556164800
"""player 19 @ hwP7SzeYai"" shows a 3♦.",2026-09-11T08:32:33.808Z,178911555380800
"-- ending hand #89 --",2026-09-11T08:32:33.105Z,178911555310502
"""player 7 @ O8SRi7DfXR"" collected 280 from pot with Pair, 5's on the second run  (combination: 9♥, Q♦, A♠, 5♦, 5♠)",2026-09-11T08:32:33.105Z,178911555310501
"""player 7 @ O8SRi7DfXR"" collected 280 from pot with Two Pair, Q's & J's (combination: A♠, J♣, J♦, Q♦, Q♣)",2026-09-11T08:32:33.105Z,178911555310500
"River (second run): 9♥, 5♦, 5♠, 7♥ [3♣]",2026-09-11T08:32:29.043Z,178911554904300
"Turn (second run): 9♥, 5♦, 5♠ [7♥]",2026-09-11T08:32:25.039Z,178911554503900
"Flop (second run):  [9♥, 5♦, 5♠]",2026-09-11T08:32:20.959Z,178911554095900
"River: Q♣, J♣, K♥, J♦ [7♠]",2026-09-11T08:32:16.941Z,178911553694100
"Turn: Q♣, J♣, K♥ [J♦]",2026-09-11T08:32:12.892Z,178911553289200
"Flop:  [Q♣, J♣, K♥]",2026-09-11T08:32:08.888Z,178911552888800
"""player 7 @ O8SRi7DfXR"" shows a Q♦, A♠.",2026-09-11T08:32:04.883Z,178911552488300
"""player 35 @ uewFolxPCK"" shows a 2♠, 4♥.",2026-09-11T08:32:04.547Z,178911552454700
"All players in hand choose to run it twice.",2026-09-11T08:32:04.059Z,178911552405901
"""player 35 @ uewFolxPCK"" chooses to  run it twice.",2026-09-11T08:32:04.059Z,178911552405900
"""player 7 @ O8SRi7DfXR"" chooses to  run it twice.",2026-09-11T08:32:03.923Z,178911552392300
"Remaining players decide whether to run it twice.",2026-09-11T08:32:03.025Z,178911552302501
"""player 19 @ hwP7SzeYai"" folds",2026-09-11T08:32:03.025Z,178911552302500
"""player 7 @ O8SRi7DfXR"" calls 250 and go all in",2026-09-11T08:32:01.163Z,178911552116300
"""player 36 @ LGay7r_Caq"" folds",2026-09-11T08:31:56.254Z,178911551625400
"""player 35 @ uewFolxPCK"" raises to 250",2026-09-11T08:31:55.310Z,178911551531000
"""player 19 @ hwP7SzeYai"" calls 50",2026-09-11T08:31:53.342Z,178911551334200
"""player 7 @ O8SRi7DfXR"" raises to 50",2026-09-11T08:31:49.863Z,178911550986300
"""player 36 @ LGay7r_Caq"" posts a big blind of 10",2026-09-11T08:31:47.462Z,178911550746208
"""player 35 @ uewFolxPCK"" posts a small blind of 5",2026-09-11T08:31:47.462Z,178911550746207
"Your hand is 2♠, 4♥",2026-09-11T08:31:47.462Z,178911550746205
"Player stacks: #1 ""player 7 @ O8SRi7DfXR"" (250) | #3 ""player 19 @ hwP7SzeYai"" (1153) | #5 ""player 35 @ uewFolxPCK"" (3126) | #10 ""player 36 @ LGay7r_Caq"" (2721)",2026-09-11T08:31:47.462Z,178911550746202
"-- starting hand #89 (id: t9tzupxz0j25)  No Limit Texas Hold'em (dealer: ""player 19 @ hwP7SzeYai"") --",2026-09-11T08:31:47.462Z,178911550746201
"The player ""player 7 @ O8SRi7DfXR"" joined the game with a stack of 250.",2026-09-11T08:31:47.462Z,178911550746200
"""player 19 @ hwP7SzeYai"" shows a 6♣.",2026-09-11T08:31:42.391Z,178911550239100
"""player 35 @ uewFolxPCK"" shows a 7♣.",2026-09-11T08:31:42.179Z,178911550217900
"Undealt cards: 3♦, 9♠, 8♣, 7♠ [5♥]",2026-09-11T08:31:41.005Z,178911550100500
"-- ending hand #88 --",2026-09-11T08:31:40.157Z,178911550015702
"""player 19 @ hwP7SzeYai"" collected 60 from pot",2026-09-11T08:31:40.157Z,178911550015701
"Uncalled bet of 60 returned to ""player 19 @ hwP7SzeYai""",2026-09-11T08:31:40.157Z,178911550015700
"""player 36 @ LGay7r_Caq"" folds",2026-09-11T08:31:39.336Z,178911549933600
"""player 35 @ uewFolxPCK"" folds",2026-09-11T08:31:38.363Z,178911549836300
"""player 19 @ hwP7SzeYai"" bets 60",2026-09-11T08:31:36.552Z,178911549655200
"Turn: 3♦, 9♠, 8♣ [7♠]",2026-09-11T08:31:32.244Z,178911549224400
"""player 36 @ LGay7r_Caq"" checks",2026-09-11T08:31:31.397Z,178911549139700
"""player 35 @ uewFolxPCK"" checks",2026-09-11T08:31:26.398Z,178911548639800
"""player 19 @ hwP7SzeYai"" checks",2026-09-11T08:31:24.265Z,178911548426500
"Flop:  [3♦, 9♠, 8♣]",2026-09-11T08:31:20.183Z,178911548018300
"""player 36 @ LGay7r_Caq"" calls 20",2026-09-11T08:31:19.356Z,178911547935600
"""player 35 @ uewFolxPCK"" calls 20",2026-09-11T08:31:13.605Z,178911547360500
"""player 19 @ hwP7SzeYai"" raises to 20",2026-09-11T08:31:12.200Z,178911547220000
"""player 36 @ LGay7r_Caq"" calls 10",2026-09-11T08:31:09.566Z,178911546956600
"The admin approved the player ""player 7 @ O8SRi7DfXR"" participation with a stack of 250.",2026-09-11T08:31:08.465Z,178911546846500
"The player ""player 7 @ O8SRi7DfXR"" requested a seat.",2026-09-11T08:31:05.165Z,178911546516500
"""player 35 @ uewFolxPCK"" posts a big blind of 10",2026-09-11T08:31:01.612Z,178911546161207
"""player 19 @ hwP7SzeYai"" posts a small blind of 5",2026-09-11T08:31:01.612Z,178911546161206
"Player stacks: #3 ""player 19 @ hwP7SzeYai"" (1113) | #5 ""player 35 @ uewFolxPCK"" (3146) | #10 ""player 36 @ LGay7r_Caq"" (2741)",2026-09-11T08:31:01.612Z,178911546161202
"-- starting hand #88 (id: r49ybsnjlhhp)  No Limit Texas Hold'em (dead button) --",2026-09-11T08:31:01.612Z,178911546161201
"The player ""player 7 @ O8SRi7DfXR"" quits the game with a stack of 0.",2026-09-11T08:31:01.612Z,178911546161200
"""player 35 @ uewFolxPCK"" shows a 4♦, 10♣.",2026-09-11T08:31:00.063Z,178911546006300
"""player 7 @ O8SRi7DfXR"" shows a K♥, J♥.",2026-09-11T08:30:55.673Z,178911545567300
"-- ending hand #87 --",2026-09-11T08:30:54.572Z,178911545457204
"""player 19 @ hwP7SzeYai"" collected 48 from pot with Pair, 3's (combination: 8♦, 10♥, Q♣, 3♠, 3♥)",2026-09-11T08:30:54.572Z,178911545457203
"""player 19 @ hwP7SzeYai"" collected 16 from pot with Pair, 3's (combination: 8♦, 10♥, Q♣, 3♠, 3♥)",2026-09-11T08:30:54.572Z,178911545457202
"""player 19 @ hwP7SzeYai"" shows a 3♠, 10♥.",2026-09-11T08:30:54.572Z,178911545457201
"""player 36 @ LGay7r_Caq"" shows a 6♠, A♣.",2026-09-11T08:30:54.572Z,178911545457200
"""player 35 @ uewFolxPCK"" calls 10",2026-09-11T08:30:53.734Z,178911545373400
"""player 19 @ hwP7SzeYai"" calls 10",2026-09-11T08:30:52.835Z,178911545283500
"""player 36 @ LGay7r_Caq"" bets 10",2026-09-11T08:30:47.848Z,178911544784800
"""player 35 @ uewFolxPCK"" checks",2026-09-11T08:30:46.744Z,178911544674400
"""player 19 @ hwP7SzeYai"" checks",2026-09-11T08:30:45.644Z,178911544564400
"River: 5♠, 7♣, Q♣, 3♥ [8♦]",2026-09-11T08:30:45.303Z,178911544530300
"""player 36 @ LGay7r_Caq"" checks",2026-09-11T08:30:44.449Z,178911544444900
"""player 35 @ uewFolxPCK"" checks",2026-09-11T08:30:43.471Z,178911544347100
"""player 19 @ hwP7SzeYai"" checks",2026-09-11T08:30:42.583Z,178911544258300
"Turn: 5♠, 7♣, Q♣ [3♥]",2026-09-11T08:30:42.165Z,178911544216500
"""player 36 @ LGay7r_Caq"" checks",2026-09-11T08:30:41.319Z,178911544131900
"""player 35 @ uewFolxPCK"" checks",2026-09-11T08:30:39.997Z,178911543999700
"""player 19 @ hwP7SzeYai"" checks",2026-09-11T08:30:37.670Z,178911543767000
"Flop:  [5♠, 7♣, Q♣]",2026-09-11T08:30:36.389Z,178911543638900
"""player 19 @ hwP7SzeYai"" checks",2026-09-11T08:30:35.582Z,178911543558200
"""player 36 @ LGay7r_Caq"" calls 10",2026-09-11T08:30:34.224Z,178911543422400
"""player 35 @ uewFolxPCK"" calls 10",2026-09-11T08:30:33.187Z,178911543318700
"""player 19 @ hwP7SzeYai"" posts a big blind of 10",2026-09-11T08:30:31.357Z,178911543135707
"""player 7 @ O8SRi7DfXR"" posts a small blind of 4 and go all in ",2026-09-11T08:30:31.357Z,178911543135706
"Your hand is 4♦, 10♣",2026-09-11T08:30:31.357Z,178911543135704
"Player stacks: #1 ""player 7 @ O8SRi7DfXR"" (4) | #3 ""player 19 @ hwP7SzeYai"" (1069) | #5 ""player 35 @ uewFolxPCK"" (3166) | #10 ""player 36 @ LGay7r_Caq"" (2761)",2026-09-11T08:30:31.357Z,178911543135701
"-- starting hand #87 (id: yy1whehvnvpb)  No Limit Texas Hold'em (dealer: ""player 36 @ LGay7r_Caq"") --",2026-09-11T08:30:31.357Z,178911543135700
"-- ending hand #86 --",2026-09-11T08:30:25.302Z,178911542530204
"""player 36 @ LGay7r_Caq"" collected 47 from pot with Pair, 7's (combination: 9♣, K♠, A♦, 7♦, 7♥)",2026-09-11T08:30:25.302Z,178911542530203
"""player 7 @ O8SRi7DfXR"" collected 4 from pot with Pair, 9's (combination: 7♥, 8♠, A♦, 9♦, 9♣)",2026-09-11T08:30:25.302Z,178911542530202
"""player 7 @ O8SRi7DfXR"" shows a 9♦, 8♠.",2026-09-11T08:30:25.302Z,178911542530201
"""player 36 @ LGay7r_Caq"" shows a K♠, 7♦.",2026-09-11T08:30:25.302Z,178911542530200
"""player 35 @ uewFolxPCK"" calls 10",2026-09-11T08:30:24.481Z,178911542448100
"""player 19 @ hwP7SzeYai"" folds",2026-09-11T08:30:23.400Z,178911542340000
"""player 36 @ LGay7r_Caq"" bets 10",2026-09-11T08:30:16.524Z,178911541652400
"River: 9♣, 6♣, A♦, 2♠ [7♥]",2026-09-11T08:30:14.345Z,178911541434500
"""player 35 @ uewFolxPCK"" checks",2026-09-11T08:30:13.496Z,178911541349600
"""player 19 @ hwP7SzeYai"" checks",2026-09-11T08:30:12.566Z,178911541256600
"""player 36 @ LGay7r_Caq"" checks",2026-09-11T08:30:11.630Z,178911541163000
"Turn: 9♣, 6♣, A♦ [2♠]",2026-09-11T08:30:10.670Z,178911541067000
"""player 35 @ uewFolxPCK"" checks",2026-09-11T08:30:09.836Z,178911540983600
"""player 19 @ hwP7SzeYai"" checks",2026-09-11T08:30:08.953Z,178911540895300
"""player 36 @ LGay7r_Caq"" checks",2026-09-11T08:30:08.012Z,178911540801200
"Flop:  [9♣, 6♣, A♦]",2026-09-11T08:30:04.609Z,178911540460900
"""player 36 @ LGay7r_Caq"" calls 10",2026-09-11T08:30:03.771Z,178911540377100
"""player 35 @ uewFolxPCK"" calls 10",2026-09-11T08:30:01.784Z,178911540178400
"""player 19 @ hwP7SzeYai"" calls 10",2026-09-11T08:30:00.757Z,178911540075700
"""player 7 @ O8SRi7DfXR"" posts a big blind of 1 and go all in ",2026-09-11T08:29:54.052Z,178911539405207
"""player 36 @ LGay7r_Caq"" posts a small blind of 5",2026-09-11T08:29:54.052Z,178911539405206
"Player stacks: #1 ""player 7 @ O8SRi7DfXR"" (1) | #3 ""player 19 @ hwP7SzeYai"" (1079) | #5 ""player 35 @ uewFolxPCK"" (3186) | #10 ""player 36 @ LGay7r_Caq"" (2734)",2026-09-11T08:29:54.052Z,178911539405201
"-- starting hand #86 (id: vhc0qzlaif7f)  No Limit Texas Hold'em (dealer: ""player 35 @ uewFolxPCK"") --",2026-09-11T08:29:54.052Z,178911539405200
"""player 7 @ O8SRi7DfXR"" shows a 8♦, 5♦.",2026-09-11T08:29:49.852Z,178911538985200
"""player 19 @ hwP7SzeYai"" shows a J♣, K♠.",2026-09-11T08:29:49.804Z,178911538980400
"-- ending hand #85 --",2026-09-11T08:29:46.972Z,178911538697202
"""player 35 @ uewFolxPCK"" collected 1335 from pot with Two Pair, 9's & 7's (combination: K♣, 7♣, 7♥, 9♦, 9♠)",2026-09-11T08:29:46.972Z,178911538697201
"""player 35 @ uewFolxPCK"" shows a 10♠, 9♦.",2026-09-11T08:29:46.972Z,178911538697200
"""player 7 @ O8SRi7DfXR"" checks",2026-09-11T08:29:46.143Z,178911538614300
"""player 35 @ uewFolxPCK"" checks",2026-09-11T08:29:45.227Z,178911538522700
"River: 8♥, 9♠, 7♣, 7♥ [K♣]",2026-09-11T08:29:43.048Z,178911538304800
"""player 7 @ O8SRi7DfXR"" calls 374",2026-09-11T08:29:42.239Z,178911538223900
"""player 35 @ uewFolxPCK"" bets 374",2026-09-11T08:29:34.210Z,178911537421000
"Turn: 8♥, 9♠, 7♣ [7♥]",2026-09-11T08:29:28.227Z,178911536822700
"""player 19 @ hwP7SzeYai"" folds",2026-09-11T08:29:27.396Z,178911536739600
"""player 7 @ O8SRi7DfXR"" calls 180",2026-09-11T08:29:01.789Z,178911534178900
"""player 36 @ LGay7r_Caq"" folds",2026-09-11T08:28:46.662Z,178911532666200
"""player 35 @ uewFolxPCK"" raises to 180",2026-09-11T08:28:45.770Z,178911532577000
"""player 19 @ hwP7SzeYai"" calls 67",2026-09-11T08:28:43.409Z,178911532340900
"""player 7 @ O8SRi7DfXR"" bets 67",2026-09-11T08:28:41.654Z,178911532165400
"""player 36 @ LGay7r_Caq"" checks",2026-09-11T08:28:38.045Z,178911531804500
"""player 35 @ uewFolxPCK"" checks",2026-09-11T08:28:36.783Z,178911531678300
"Flop:  [8♥, 9♠, 7♣]",2026-09-11T08:28:34.556Z,178911531455600
"""player 36 @ LGay7r_Caq"" calls 40",2026-09-11T08:28:33.677Z,178911531367700
"""player 35 @ uewFolxPCK"" calls 40",2026-09-11T08:28:31.519Z,178911531151900
"""player 19 @ hwP7SzeYai"" calls 40",2026-09-11T08:28:29.032Z,178911530903200
"""player 7 @ O8SRi7DfXR"" raises to 40",2026-09-11T08:28:25.858Z,178911530585800
"""player 36 @ LGay7r_Caq"" posts a big blind of 10",2026-09-11T08:28:20.348Z,178911530034807
"""player 35 @ uewFolxPCK"" posts a small blind of 5",2026-09-11T08:28:20.348Z,178911530034806
"Your hand is 10♠, 9♦",2026-09-11T08:28:20.348Z,178911530034804
"Player stacks: #1 ""player 7 @ O8SRi7DfXR"" (595) | #3 ""player 19 @ hwP7SzeYai"" (1186) | #5 ""player 35 @ uewFolxPCK"" (2445) | #10 ""player 36 @ LGay7r_Caq"" (2774)",2026-09-11T08:28:20.348Z,178911530034801
"-- starting hand #85 (id: xwpxmr8nwxj6)  No Limit Texas Hold'em (dealer: ""player 19 @ hwP7SzeYai"") --",2026-09-11T08:28:20.348Z,178911530034800
"-- ending hand #84 --",2026-09-11T08:28:14.344Z,178911529434403
"""player 36 @ LGay7r_Caq"" collected 1000 from pot with Two Pair, 10's & 6's (combination: K♠, 6♦, 6♥, 10♥, 10♠)",2026-09-11T08:28:14.344Z,178911529434402
"""player 36 @ LGay7r_Caq"" shows a K♠, 6♦.",2026-09-11T08:28:14.344Z,178911529434401
"""player 7 @ O8SRi7DfXR"" shows a 3♠, K♥.",2026-09-11T08:28:14.344Z,178911529434400
"""player 36 @ LGay7r_Caq"" calls 450",2026-09-11T08:28:13.490Z,178911529349000
"""player 7 @ O8SRi7DfXR"" raises to 450",2026-09-11T08:28:12.579Z,178911529257900
"""player 36 @ LGay7r_Caq"" bets 150",2026-09-11T08:28:06.054Z,178911528605400
"River: 10♥, 10♠, 6♥, 3♣ [5♥]",2026-09-11T08:28:04.353Z,178911528435300
"""player 7 @ O8SRi7DfXR"" checks",2026-09-11T08:28:03.512Z,178911528351200
"""player 36 @ LGay7r_Caq"" checks",2026-09-11T08:28:02.211Z,178911528221100
"Turn: 10♥, 10♠, 6♥ [3♣]",2026-09-11T08:28:00.690Z,178911528069000
"""player 35 @ uewFolxPCK"" folds",2026-09-11T08:27:59.879Z,178911527987900
"""player 19 @ hwP7SzeYai"" folds",2026-09-11T08:27:58.550Z,178911527855000
"""player 7 @ O8SRi7DfXR"" calls 30",2026-09-11T08:27:57.655Z,178911527765500
"""player 36 @ LGay7r_Caq"" bets 30",2026-09-11T08:27:56.526Z,178911527652600
"""player 35 @ uewFolxPCK"" checks",2026-09-11T08:27:53.547Z,178911527354700
"""player 19 @ hwP7SzeYai"" checks",2026-09-11T08:27:52.646Z,178911527264600
"Flop:  [10♥, 10♠, 6♥]",2026-09-11T08:27:50.598Z,178911527059800
"""player 35 @ uewFolxPCK"" checks",2026-09-11T08:27:49.788Z,178911526978800
"""player 19 @ hwP7SzeYai"" calls 10",2026-09-11T08:27:48.842Z,178911526884200
"""player 7 @ O8SRi7DfXR"" calls 10",2026-09-11T08:27:46.534Z,178911526653400
"""player 36 @ LGay7r_Caq"" calls 10",2026-09-11T08:27:43.781Z,178911526378100
"""player 35 @ uewFolxPCK"" posts a big blind of 10",2026-09-11T08:27:41.739Z,178911526173907
"""player 19 @ hwP7SzeYai"" posts a small blind of 5",2026-09-11T08:27:41.739Z,178911526173906
"Player stacks: #1 ""player 7 @ O8SRi7DfXR"" (1085) | #3 ""player 19 @ hwP7SzeYai"" (1196) | #5 ""player 35 @ uewFolxPCK"" (2455) | #10 ""player 36 @ LGay7r_Caq"" (2264)",2026-09-11T08:27:41.739Z,178911526173901
"-- starting hand #84 (id: ztvavojeqvtf)  No Limit Texas Hold'em (dealer: ""player 7 @ O8SRi7DfXR"") --",2026-09-11T08:27:41.739Z,178911526173900
"""player 7 @ O8SRi7DfXR"" shows a 8♦, Q♠.",2026-09-11T08:27:37.279Z,178911525727900
"-- ending hand #83 --",2026-09-11T08:27:35.181Z,178911525518102
"""player 19 @ hwP7SzeYai"" collected 360 from pot with Two Pair, 6's & 3's (combination: A♦, 3♦, 3♣, 6♦, 6♠)",2026-09-11T08:27:35.181Z,178911525518101
"""player 19 @ hwP7SzeYai"" shows a 6♦, 3♦.",2026-09-11T08:27:35.181Z,178911525518100
"""player 7 @ O8SRi7DfXR"" calls 135",2026-09-11T08:27:34.364Z,178911525436400
"""player 35 @ uewFolxPCK"" folds",2026-09-11T08:27:06.451Z,178911522645100
"""player 19 @ hwP7SzeYai"" raises to 135",2026-09-11T08:27:05.554Z,178911522555400
"""player 7 @ O8SRi7DfXR"" bets 45",2026-09-11T08:27:00.509Z,178911522050900
"River: 8♠, 6♠, A♦, J♥ [3♣]",2026-09-11T08:26:57.887Z,178911521788700
"""player 35 @ uewFolxPCK"" checks",2026-09-11T08:26:57.065Z,178911521706500
"""player 19 @ hwP7SzeYai"" checks",2026-09-11T08:26:55.072Z,178911521507200
"""player 7 @ O8SRi7DfXR"" checks",2026-09-11T08:26:53.568Z,178911521356800
"Turn: 8♠, 6♠, A♦ [J♥]",2026-09-11T08:26:52.245Z,178911521224500
"""player 35 @ uewFolxPCK"" checks",2026-09-11T08:26:51.362Z,178911521136200
"""player 19 @ hwP7SzeYai"" checks",2026-09-11T08:26:50.445Z,178911521044500
"""player 7 @ O8SRi7DfXR"" checks",2026-09-11T08:26:48.746Z,178911520874600
"Flop:  [8♠, 6♠, A♦]",2026-09-11T08:26:46.682Z,178911520668200
"""player 19 @ hwP7SzeYai"" calls 30",2026-09-11T08:26:45.843Z,178911520584300
"""player 7 @ O8SRi7DfXR"" calls 30",2026-09-11T08:26:44.714Z,178911520471400
"""player 36 @ LGay7r_Caq"" folds",2026-09-11T08:26:43.720Z,178911520372000
"""player 35 @ uewFolxPCK"" raises to 30",2026-09-11T08:26:42.733Z,178911520273300
"""player 19 @ hwP7SzeYai"" posts a big blind of 10",2026-09-11T08:26:40.469Z,178911520046907
"""player 7 @ O8SRi7DfXR"" posts a small blind of 5",2026-09-11T08:26:40.469Z,178911520046906
"Player stacks: #1 ""player 7 @ O8SRi7DfXR"" (1250) | #3 ""player 19 @ hwP7SzeYai"" (1001) | #5 ""player 35 @ uewFolxPCK"" (2485) | #10 ""player 36 @ LGay7r_Caq"" (2264)",2026-09-11T08:26:40.469Z,178911520046901
"-- starting hand #83 (id: vornnzsopljq)  No Limit Texas Hold'em (dealer: ""player 36 @ LGay7r_Caq"") --",2026-09-11T08:26:40.469Z,178911520046900
"""player 35 @ uewFolxPCK"" shows a 4♠.",2026-09-11T08:26:37.304Z,178911519730400
"""player 7 @ O8SRi7DfXR"" shows a 5♣.",2026-09-11T08:26:35.966Z,178911519596600
"""player 19 @ hwP7SzeYai"" shows a 3♦, 5♥.",2026-09-11T08:26:35.950Z,178911519595000
"-- ending hand #82 --",2026-09-11T08:26:35.437Z,178911519543702
"""player 35 @ uewFolxPCK"" collected 180 from pot",2026-09-11T08:26:35.437Z,178911519543701
"Uncalled bet of 135 returned to ""player 35 @ uewFolxPCK""",2026-09-11T08:26:35.437Z,178911519543700
"""player 7 @ O8SRi7DfXR"" folds",2026-09-11T08:26:34.537Z,178911519453700
"""player 35 @ uewFolxPCK"" bets 135",2026-09-11T08:26:30.531Z,178911519053100
"""player 7 @ O8SRi7DfXR"" checks",2026-09-11T08:26:27.185Z,178911518718500
"River: 5♦, 3♠, 10♠, 2♥ [K♥]",2026-09-11T08:26:25.989Z,178911518598900
"""player 35 @ uewFolxPCK"" calls 45",2026-09-11T08:26:25.114Z,178911518511400
"""player 7 @ O8SRi7DfXR"" bets 45",2026-09-11T08:26:24.062Z,178911518406200
"Turn: 5♦, 3♠, 10♠ [2♥]",2026-09-11T08:26:19.786Z,178911517978600
"""player 7 @ O8SRi7DfXR"" calls 30",2026-09-11T08:26:18.912Z,178911517891200
"""player 35 @ uewFolxPCK"" bets 30",2026-09-11T08:26:13.023Z,178911517302300
"""player 7 @ O8SRi7DfXR"" checks",2026-09-11T08:25:56.773Z,178911515677300
"""player 36 @ LGay7r_Caq"" folds",2026-09-11T08:25:54.964Z,178911515496400
"Flop:  [5♦, 3♠, 10♠]",2026-09-11T08:25:48.136Z,178911514813600
"""player 7 @ O8SRi7DfXR"" checks",2026-09-11T08:25:47.236Z,178911514723600
"""player 36 @ LGay7r_Caq"" calls 10",2026-09-11T08:25:42.586Z,178911514258600
"""player 35 @ uewFolxPCK"" calls 10",2026-09-11T08:25:41.598Z,178911514159800
"""player 19 @ hwP7SzeYai"" folds",2026-09-11T08:25:38.988Z,178911513898800
"""player 7 @ O8SRi7DfXR"" posts a big blind of 10",2026-09-11T08:25:32.600Z,178911513260007
"""player 36 @ LGay7r_Caq"" posts a small blind of 5",2026-09-11T08:25:32.600Z,178911513260006
"Player stacks: #1 ""player 7 @ O8SRi7DfXR"" (1335) | #3 ""player 19 @ hwP7SzeYai"" (1001) | #5 ""player 35 @ uewFolxPCK"" (2390) | #10 ""player 36 @ LGay7r_Caq"" (2274)",2026-09-11T08:25:32.600Z,178911513260001
"-- starting hand #82 (id: r3u47e8u9vuv)  No Limit Texas Hold'em (dealer: ""player 35 @ uewFolxPCK"") --",2026-09-11T08:25:32.600Z,178911513260000
"-- ending hand #81 --",2026-09-11T08:25:26.567Z,178911512656704
"""player 35 @ uewFolxPCK"" collected 846 from pot with Two Pair, J's & 7's (combination: K♣, 7♣, 7♠, J♠, J♥)",2026-09-11T08:25:26.567Z,178911512656703
"""player 35 @ uewFolxPCK"" shows a J♠, J♥.",2026-09-11T08:25:26.567Z,178911512656702
"""player 19 @ hwP7SzeYai"" shows a 8♠, 9♣.",2026-09-11T08:25:26.567Z,178911512656701
"""player 7 @ O8SRi7DfXR"" shows a 8♥, 9♠.",2026-09-11T08:25:26.567Z,178911512656700
"""player 36 @ LGay7r_Caq"" folds",2026-09-11T08:25:25.740Z,178911512574000
"""player 35 @ uewFolxPCK"" calls 150",2026-09-11T08:25:24.833Z,178911512483300
"""player 19 @ hwP7SzeYai"" calls 150",2026-09-11T08:25:06.512Z,178911510651200
"""player 7 @ O8SRi7DfXR"" bets 150",2026-09-11T08:24:57.453Z,178911509745300
"""player 36 @ LGay7r_Caq"" checks",2026-09-11T08:24:50.787Z,178911509078700
"""player 35 @ uewFolxPCK"" checks",2026-09-11T08:24:48.993Z,178911508899300
"River: 7♣, 7♠, 6♣, K♣ [9♥]",2026-09-11T08:24:46.265Z,178911508626500
"""player 19 @ hwP7SzeYai"" checks",2026-09-11T08:24:45.457Z,178911508545700
"""player 7 @ O8SRi7DfXR"" checks",2026-09-11T08:24:31.675Z,178911507167500
"""player 36 @ LGay7r_Caq"" checks",2026-09-11T08:24:30.784Z,178911507078400
"""player 35 @ uewFolxPCK"" checks",2026-09-11T08:24:29.066Z,178911506906600
"Turn: 7♣, 7♠, 6♣ [K♣]",2026-09-11T08:24:25.389Z,178911506538900
"""player 19 @ hwP7SzeYai"" calls 66",2026-09-11T08:24:24.482Z,178911506448200
"""player 7 @ O8SRi7DfXR"" calls 66",2026-09-11T08:24:23.268Z,178911506326800
"""player 36 @ LGay7r_Caq"" calls 66",2026-09-11T08:24:22.345Z,178911506234500
"""player 35 @ uewFolxPCK"" bets 66",2026-09-11T08:24:21.402Z,178911506140200
"Flop:  [7♣, 7♠, 6♣]",2026-09-11T08:24:16.428Z,178911505642800
"""player 19 @ hwP7SzeYai"" calls 33",2026-09-11T08:24:15.610Z,178911505561000
"""player 7 @ O8SRi7DfXR"" calls 33",2026-09-11T08:24:13.975Z,178911505397500
"""player 36 @ LGay7r_Caq"" calls 33",2026-09-11T08:24:11.479Z,178911505147900
"""player 35 @ uewFolxPCK"" raises to 33",2026-09-11T08:24:10.565Z,178911505056500
"""player 19 @ hwP7SzeYai"" calls 10",2026-09-11T08:24:07.918Z,178911504791800
"""player 7 @ O8SRi7DfXR"" calls 10",2026-09-11T08:24:03.185Z,178911504318500
"""player 36 @ LGay7r_Caq"" posts a big blind of 10",2026-09-11T08:24:01.530Z,178911504153007
"""player 35 @ uewFolxPCK"" posts a small blind of 5",2026-09-11T08:24:01.530Z,178911504153006
"Your hand is J♠, J♥",2026-09-11T08:24:01.530Z,178911504153004
"Player stacks: #1 ""player 7 @ O8SRi7DfXR"" (1584) | #3 ""player 19 @ hwP7SzeYai"" (1250) | #5 ""player 35 @ uewFolxPCK"" (1793) | #10 ""player 36 @ LGay7r_Caq"" (2373)",2026-09-11T08:24:01.530Z,178911504153001
"-- starting hand #81 (id: srne1zdln4sf)  No Limit Texas Hold'em (dealer: ""player 19 @ hwP7SzeYai"") --",2026-09-11T08:24:01.530Z,178911504153000
"""player 36 @ LGay7r_Caq"" shows a Q♥, K♠.",2026-09-11T08:23:56.192Z,178911503619200
"-- ending hand #80 --",2026-09-11T08:23:54.974Z,178911503497402
"""player 19 @ hwP7SzeYai"" collected 460 from pot with Three of a Kind, 6's (combination: 10♦, J♣, 6♣, 6♥, 6♠)",2026-09-11T08:23:54.974Z,178911503497401
"""player 19 @ hwP7SzeYai"" shows a 6♣, 6♥.",2026-09-11T08:23:54.974Z,178911503497400
"""player 36 @ LGay7r_Caq"" calls 130",2026-09-11T08:23:54.135Z,178911503413500
"""player 35 @ uewFolxPCK"" folds",2026-09-11T08:23:52.688Z,178911503268800
"""player 19 @ hwP7SzeYai"" bets 130",2026-09-11T08:23:40.317Z,178911502031700
"River: 2♦, J♣, 6♠, 10♦ [4♠]",2026-09-11T08:23:33.028Z,178911501302800
"""player 7 @ O8SRi7DfXR"" folds",2026-09-11T08:23:32.200Z,178911501220000
"""player 36 @ LGay7r_Caq"" calls 40",2026-09-11T08:23:30.895Z,178911501089500
"""player 35 @ uewFolxPCK"" calls 40",2026-09-11T08:23:29.336Z,178911500933600
"""player 19 @ hwP7SzeYai"" bets 40",2026-09-11T08:23:27.418Z,178911500741800
"Turn: 2♦, J♣, 6♠ [10♦]",2026-09-11T08:23:21.812Z,178911500181200
"""player 7 @ O8SRi7DfXR"" checks",2026-09-11T08:23:20.978Z,178911500097800
"""player 36 @ LGay7r_Caq"" checks",2026-09-11T08:23:20.056Z,178911500005600
"""player 35 @ uewFolxPCK"" checks",2026-09-11T08:23:18.298Z,178911499829800
"""player 19 @ hwP7SzeYai"" checks",2026-09-11T08:23:16.725Z,178911499672500
"Flop:  [2♦, J♣, 6♠]",2026-09-11T08:23:13.967Z,178911499396700
"""player 35 @ uewFolxPCK"" calls 20",2026-09-11T08:23:13.093Z,178911499309300
"""player 19 @ hwP7SzeYai"" calls 20",2026-09-11T08:23:12.176Z,178911499217600
"""player 7 @ O8SRi7DfXR"" calls 20",2026-09-11T08:23:10.696Z,178911499069600
"""player 36 @ LGay7r_Caq"" raises to 20",2026-09-11T08:23:08.137Z,178911498813700
"""player 35 @ uewFolxPCK"" posts a big blind of 10",2026-09-11T08:23:05.684Z,178911498568407
"""player 19 @ hwP7SzeYai"" posts a small blind of 5",2026-09-11T08:23:05.684Z,178911498568406
"Player stacks: #1 ""player 7 @ O8SRi7DfXR"" (1604) | #3 ""player 19 @ hwP7SzeYai"" (980) | #5 ""player 35 @ uewFolxPCK"" (1853) | #10 ""player 36 @ LGay7r_Caq"" (2563)",2026-09-11T08:23:05.684Z,178911498568401
"-- starting hand #80 (id: lidwnzdgzhsd)  No Limit Texas Hold'em (dealer: ""player 7 @ O8SRi7DfXR"") --",2026-09-11T08:23:05.684Z,178911498568400
"""player 35 @ uewFolxPCK"" shows a 7♣.",2026-09-11T08:23:05.244Z,178911498524400
"""player 7 @ O8SRi7DfXR"" shows a 10♥.",2026-09-11T08:23:03.861Z,178911498386100
"""player 7 @ O8SRi7DfXR"" shows a A♥.",2026-09-11T08:23:01.664Z,178911498166400
"""player 35 @ uewFolxPCK"" shows a A♣.",2026-09-11T08:23:01.537Z,178911498153700
"Undealt cards: A♠, 5♣, K♠ [2♠, A♦]",2026-09-11T08:22:59.161Z,178911497916100
"-- ending hand #79 --",2026-09-11T08:22:58.377Z,178911497837702
"""player 7 @ O8SRi7DfXR"" collected 396 from pot",2026-09-11T08:22:58.377Z,178911497837701
"Uncalled bet of 1208 returned to ""player 7 @ O8SRi7DfXR""",2026-09-11T08:22:58.377Z,178911497837700
"""player 35 @ uewFolxPCK"" folds",2026-09-11T08:22:57.541Z,178911497754100
"""player 19 @ hwP7SzeYai"" folds",2026-09-11T08:22:42.124Z,178911496212400
"""player 7 @ O8SRi7DfXR"" bets 1208 and go all in",2026-09-11T08:22:41.235Z,178911496123500
"Flop:  [A♠, 5♣, K♠]",2026-09-11T08:22:32.355Z,178911495235500
"""player 35 @ uewFolxPCK"" calls 132",2026-09-11T08:22:31.518Z,178911495151800
"""player 19 @ hwP7SzeYai"" calls 132",2026-09-11T08:22:29.697Z,178911494969700
"""player 7 @ O8SRi7DfXR"" raises to 132",2026-09-11T08:22:25.682Z,178911494568200
"""player 36 @ LGay7r_Caq"" folds",2026-09-11T08:22:23.026Z,178911494302600
"""player 35 @ uewFolxPCK"" raises to 33",2026-09-11T08:22:19.885Z,178911493988500
"""player 19 @ hwP7SzeYai"" posts a big blind of 10",2026-09-11T08:22:16.944Z,178911493694407
"""player 7 @ O8SRi7DfXR"" posts a small blind of 5",2026-09-11T08:22:16.944Z,178911493694406
"Player stacks: #1 ""player 7 @ O8SRi7DfXR"" (1340) | #3 ""player 19 @ hwP7SzeYai"" (1112) | #5 ""player 35 @ uewFolxPCK"" (1985) | #10 ""player 36 @ LGay7r_Caq"" (2563)",2026-09-11T08:22:16.944Z,178911493694401
"-- starting hand #79 (id: utu11xa3udic)  No Limit Texas Hold'em (dealer: ""player 36 @ LGay7r_Caq"") --",2026-09-11T08:22:16.944Z,178911493694400
"-- ending hand #78 --",2026-09-11T08:22:08.939Z,178911492893904
"""player 19 @ hwP7SzeYai"" collected 556 from pot with Straight, Q High on the second run  (combination: 8♣, 9♥, 10♣, J♠, Q♦)",2026-09-11T08:22:08.939Z,178911492893903
"""player 7 @ O8SRi7DfXR"" collected 556 from pot with Straight, Q High on the second run  (combination: 8♠, 9♥, 10♠, J♠, Q♦)",2026-09-11T08:22:08.939Z,178911492893902
"""player 19 @ hwP7SzeYai"" collected 556 from pot with Straight, Q High (combination: 8♣, 9♠, 10♣, J♠, Q♦)",2026-09-11T08:22:08.939Z,178911492893901
"""player 7 @ O8SRi7DfXR"" collected 556 from pot with Straight, Q High (combination: 8♠, 9♠, 10♠, J♠, Q♦)",2026-09-11T08:22:08.939Z,178911492893900
"River (second run): 3♦, J♠, Q♦, 9♠ [9♥]",2026-09-11T08:22:04.889Z,178911492488900
"River: 3♦, J♠, Q♦, 9♠ [A♥]",2026-09-11T08:22:00.866Z,178911492086600
"""player 19 @ hwP7SzeYai"" shows a 10♣, 8♣.",2026-09-11T08:21:56.858Z,178911491685802
"""player 7 @ O8SRi7DfXR"" shows a 8♠, 10♠.",2026-09-11T08:21:56.858Z,178911491685801
"Uncalled bet of 228 returned to ""player 7 @ O8SRi7DfXR""",2026-09-11T08:21:56.858Z,178911491685800
"All players in hand choose to run it twice.",2026-09-11T08:21:56.051Z,178911491605101
"""player 19 @ hwP7SzeYai"" chooses to  run it twice.",2026-09-11T08:21:56.051Z,178911491605100
"""player 7 @ O8SRi7DfXR"" chooses to  run it twice.",2026-09-11T08:21:53.155Z,178911491315500
"Remaining players decide whether to run it twice.",2026-09-11T08:21:51.935Z,178911491193501
"""player 7 @ O8SRi7DfXR"" raises to 1285 and go all in",2026-09-11T08:21:51.935Z,178911491193500
"""player 19 @ hwP7SzeYai"" raises to 1057 and go all in",2026-09-11T08:21:49.171Z,178911490917100
"""player 7 @ O8SRi7DfXR"" raises to 345",2026-09-11T08:21:37.302Z,178911489730200
"""player 35 @ uewFolxPCK"" folds",2026-09-11T08:21:30.223Z,178911489022300
"""player 19 @ hwP7SzeYai"" raises to 105",2026-09-11T08:21:27.192Z,178911488719200
"""player 7 @ O8SRi7DfXR"" bets 45",2026-09-11T08:21:12.639Z,178911487263900
"Turn: 3♦, J♠, Q♦ [9♠]",2026-09-11T08:21:06.779Z,178911486677900
"""player 35 @ uewFolxPCK"" checks",2026-09-11T08:21:05.927Z,178911486592700
"""player 19 @ hwP7SzeYai"" checks",2026-09-11T08:21:04.493Z,178911486449300
"""player 7 @ O8SRi7DfXR"" checks",2026-09-11T08:20:57.886Z,178911485788600
"Flop:  [3♦, J♠, Q♦]",2026-09-11T08:20:55.802Z,178911485580200
"""player 7 @ O8SRi7DfXR"" calls 35",2026-09-11T08:20:54.981Z,178911485498100
"""player 36 @ LGay7r_Caq"" folds",2026-09-11T08:20:53.448Z,178911485344800
"""player 35 @ uewFolxPCK"" calls 35",2026-09-11T08:20:52.542Z,178911485254200
"""player 19 @ hwP7SzeYai"" raises to 35",2026-09-11T08:20:51.238Z,178911485123800
"""player 7 @ O8SRi7DfXR"" posts a big blind of 10",2026-09-11T08:20:45.793Z,178911484579307
"""player 36 @ LGay7r_Caq"" posts a small blind of 5",2026-09-11T08:20:45.793Z,178911484579306
"Player stacks: #1 ""player 7 @ O8SRi7DfXR"" (1320) | #3 ""player 19 @ hwP7SzeYai"" (1092) | #5 ""player 35 @ uewFolxPCK"" (2020) | #10 ""player 36 @ LGay7r_Caq"" (2568)",2026-09-11T08:20:45.793Z,178911484579301
"-- starting hand #78 (id: alzrm3g7mtrq)  No Limit Texas Hold'em (dealer: ""player 35 @ uewFolxPCK"") --",2026-09-11T08:20:45.793Z,178911484579300
"""player 7 @ O8SRi7DfXR"" shows a Q♠, 2♠.",2026-09-11T08:20:43.092Z,178911484309200
"-- ending hand #77 --",2026-09-11T08:20:42.178Z,178911484217802
"""player 36 @ LGay7r_Caq"" collected 60 from pot",2026-09-11T08:20:42.178Z,178911484217801
"Uncalled bet of 30 returned to ""player 36 @ LGay7r_Caq""",2026-09-11T08:20:42.178Z,178911484217800
"""player 7 @ O8SRi7DfXR"" folds",2026-09-11T08:20:41.351Z,178911484135100
"""player 36 @ LGay7r_Caq"" bets 30",2026-09-11T08:20:39.728Z,178911483972800
"River: 10♦, 10♥, A♠, 9♥ [J♦]",2026-09-11T08:20:36.147Z,178911483614700
"""player 7 @ O8SRi7DfXR"" checks",2026-09-11T08:20:35.299Z,178911483529900
"""player 36 @ LGay7r_Caq"" checks",2026-09-11T08:20:34.028Z,178911483402800
"Turn: 10♦, 10♥, A♠ [9♥]",2026-09-11T08:20:32.349Z,178911483234900
"""player 35 @ uewFolxPCK"" folds",2026-09-11T08:20:31.504Z,178911483150400
"""player 19 @ hwP7SzeYai"" folds",2026-09-11T08:20:29.988Z,178911482998800
"""player 7 @ O8SRi7DfXR"" calls 10",2026-09-11T08:20:28.009Z,178911482800900
"""player 36 @ LGay7r_Caq"" bets 10",2026-09-11T08:20:27.039Z,178911482703900
"""player 35 @ uewFolxPCK"" checks",2026-09-11T08:20:24.944Z,178911482494400
"Flop:  [10♦, 10♥, A♠]",2026-09-11T08:20:22.617Z,178911482261700
"""player 36 @ LGay7r_Caq"" checks",2026-09-11T08:20:21.766Z,178911482176600
"""player 35 @ uewFolxPCK"" calls 10",2026-09-11T08:20:19.518Z,178911481951800
"""player 19 @ hwP7SzeYai"" calls 10",2026-09-11T08:20:18.030Z,178911481803000
"""player 7 @ O8SRi7DfXR"" calls 10",2026-09-11T08:20:13.259Z,178911481325900
"""player 36 @ LGay7r_Caq"" posts a big blind of 10",2026-09-11T08:20:08.111Z,178911480811107
"""player 35 @ uewFolxPCK"" posts a small blind of 5",2026-09-11T08:20:08.111Z,178911480811106
"Player stacks: #1 ""player 7 @ O8SRi7DfXR"" (1340) | #3 ""player 19 @ hwP7SzeYai"" (1102) | #5 ""player 35 @ uewFolxPCK"" (2030) | #10 ""player 36 @ LGay7r_Caq"" (2528)",2026-09-11T08:20:08.111Z,178911480811101
"-- starting hand #77 (id: dbrwd14j7jsu)  No Limit Texas Hold'em (dealer: ""player 19 @ hwP7SzeYai"") --",2026-09-11T08:20:08.111Z,178911480811100
"""player 19 @ hwP7SzeYai"" shows a 2♠, 4♥.",2026-09-11T08:20:02.423Z,178911480242300
"-- ending hand #76 --",2026-09-11T08:20:01.597Z,178911480159703
"""player 7 @ O8SRi7DfXR"" collected 120 from pot with Pair, 6's (combination: 8♠, 9♣, A♦, 6♣, 6♦)",2026-09-11T08:20:01.597Z,178911480159702
"""player 7 @ O8SRi7DfXR"" shows a 6♣, A♦.",2026-09-11T08:20:01.597Z,178911480159701
"""player 35 @ uewFolxPCK"" shows a 5♥, 2♦.",2026-09-11T08:20:01.597Z,178911480159700
"""player 7 @ O8SRi7DfXR"" checks",2026-09-11T08:20:00.756Z,178911480075600
"""player 35 @ uewFolxPCK"" checks",2026-09-11T08:19:59.844Z,178911479984400
"River: 8♠, 6♦, 3♦, 9♣ [5♠]",2026-09-11T08:19:57.322Z,178911479732200
"""player 19 @ hwP7SzeYai"" folds",2026-09-11T08:19:56.495Z,178911479649500
"""player 7 @ O8SRi7DfXR"" calls 30",2026-09-11T08:19:54.397Z,178911479439700
"""player 35 @ uewFolxPCK"" bets 30",2026-09-11T08:19:50.444Z,178911479044400
"""player 19 @ hwP7SzeYai"" checks",2026-09-11T08:19:47.248Z,178911478724800
"Turn: 8♠, 6♦, 3♦ [9♣]",2026-09-11T08:19:45.719Z,178911478571900
"""player 35 @ uewFolxPCK"" calls 10",2026-09-11T08:19:44.908Z,178911478490800
"""player 19 @ hwP7SzeYai"" calls 10",2026-09-11T08:19:43.637Z,178911478363700
"""player 7 @ O8SRi7DfXR"" bets 10",2026-09-11T08:19:41.859Z,178911478185900
"""player 35 @ uewFolxPCK"" checks",2026-09-11T08:19:39.935Z,178911477993500
"""player 19 @ hwP7SzeYai"" checks",2026-09-11T08:19:38.941Z,178911477894100
"Flop:  [8♠, 6♦, 3♦]",2026-09-11T08:19:35.448Z,178911477544800
"""player 35 @ uewFolxPCK"" checks",2026-09-11T08:19:34.550Z,178911477455000
"""player 19 @ hwP7SzeYai"" calls 10",2026-09-11T08:19:33.147Z,178911477314700
"""player 7 @ O8SRi7DfXR"" calls 10",2026-09-11T08:19:31.923Z,178911477192300
"""player 36 @ LGay7r_Caq"" folds",2026-09-11T08:19:25.358Z,178911476535800
"""player 35 @ uewFolxPCK"" posts a big blind of 10",2026-09-11T08:19:24.103Z,178911476410307
"""player 19 @ hwP7SzeYai"" posts a small blind of 5",2026-09-11T08:19:24.103Z,178911476410306
"Your hand is 5♥, 2♦",2026-09-11T08:19:24.103Z,178911476410304
"Player stacks: #1 ""player 7 @ O8SRi7DfXR"" (1270) | #3 ""player 19 @ hwP7SzeYai"" (1122) | #5 ""player 35 @ uewFolxPCK"" (2080) | #10 ""player 36 @ LGay7r_Caq"" (2528)",2026-09-11T08:19:24.103Z,178911476410301
"-- starting hand #76 (id: f3rjbpnoztdz)  No Limit Texas Hold'em (dealer: ""player 7 @ O8SRi7DfXR"") --",2026-09-11T08:19:24.103Z,178911476410300
"""player 35 @ uewFolxPCK"" shows a A♦.",2026-09-11T08:19:18.886Z,178911475888600
"-- ending hand #75 --",2026-09-11T08:19:17.590Z,178911475759002
"""player 7 @ O8SRi7DfXR"" collected 673 from pot with Flush, A High (combination: 4♥, 7♥, Q♥, K♥, A♥)",2026-09-11T08:19:17.590Z,178911475759001
"""player 7 @ O8SRi7DfXR"" shows a Q♥, 7♥.",2026-09-11T08:19:17.590Z,178911475759000
"""player 35 @ uewFolxPCK"" calls 167",2026-09-11T08:19:16.698Z,178911475669800
"""player 7 @ O8SRi7DfXR"" bets 167",2026-09-11T08:19:14.899Z,178911475489900
"River: A♥, A♠, 4♥, K♥ [5♣]",2026-09-11T08:19:07.452Z,178911474745200
"""player 7 @ O8SRi7DfXR"" calls 66",2026-09-11T08:19:06.602Z,178911474660200
"""player 35 @ uewFolxPCK"" bets 66",2026-09-11T08:19:02.802Z,178911474280200
"""player 7 @ O8SRi7DfXR"" checks",2026-09-11T08:19:00.915Z,178911474091500
"Turn: A♥, A♠, 4♥ [K♥]",2026-09-11T08:18:59.513Z,178911473951300
"""player 7 @ O8SRi7DfXR"" calls 44",2026-09-11T08:18:58.697Z,178911473869700
"""player 36 @ LGay7r_Caq"" folds",2026-09-11T08:18:57.675Z,178911473767500
"""player 35 @ uewFolxPCK"" raises to 44",2026-09-11T08:18:55.953Z,178911473595300
"""player 7 @ O8SRi7DfXR"" calls 10",2026-09-11T08:18:54.350Z,178911473435000
"""player 36 @ LGay7r_Caq"" bets 10",2026-09-11T08:18:53.384Z,178911473338400
"""player 35 @ uewFolxPCK"" checks",2026-09-11T08:18:50.979Z,178911473097900
"""player 7 @ O8SRi7DfXR"" checks",2026-09-11T08:18:49.655Z,178911472965500
"Flop:  [A♥, A♠, 4♥]",2026-09-11T08:18:46.061Z,178911472606100
"""player 19 @ hwP7SzeYai"" folds",2026-09-11T08:18:45.183Z,178911472518300
"""player 7 @ O8SRi7DfXR"" calls 33",2026-09-11T08:18:44.236Z,178911472423600
"""player 36 @ LGay7r_Caq"" calls 33",2026-09-11T08:18:32.758Z,178911471275800
"""player 35 @ uewFolxPCK"" raises to 33",2026-09-11T08:18:30.171Z,178911471017100
"""player 19 @ hwP7SzeYai"" posts a big blind of 10",2026-09-11T08:18:27.651Z,178911470765107
"""player 7 @ O8SRi7DfXR"" posts a small blind of 5",2026-09-11T08:18:27.651Z,178911470765106
"Player stacks: #1 ""player 7 @ O8SRi7DfXR"" (907) | #3 ""player 19 @ hwP7SzeYai"" (1132) | #5 ""player 35 @ uewFolxPCK"" (2390) | #10 ""player 36 @ LGay7r_Caq"" (2571)",2026-09-11T08:18:27.651Z,178911470765101
"-- starting hand #75 (id: nst5bgsy3dor)  No Limit Texas Hold'em (dealer: ""player 36 @ LGay7r_Caq"") --",2026-09-11T08:18:27.651Z,178911470765100
"Undealt cards: A♦, 9♦, 6♥ [10♠, K♥]",2026-09-11T08:18:21.805Z,178911470180500
"-- ending hand #74 --",2026-09-11T08:18:21.650Z,178911470165002
"""player 7 @ O8SRi7DfXR"" collected 279 from pot",2026-09-11T08:18:21.650Z,178911470165001
"Uncalled bet of 628 returned to ""player 7 @ O8SRi7DfXR""",2026-09-11T08:18:21.650Z,178911470165000
"""player 35 @ uewFolxPCK"" folds",2026-09-11T08:18:20.838Z,178911470083800
"""player 7 @ O8SRi7DfXR"" bets 628 and go all in",2026-09-11T08:18:19.764Z,178911469976400
"Flop:  [A♦, 9♦, 6♥]",2026-09-11T08:18:16.335Z,178911469633500
"""player 35 @ uewFolxPCK"" calls 132",2026-09-11T08:18:15.511Z,178911469551100
"""player 19 @ hwP7SzeYai"" folds",2026-09-11T08:18:14.216Z,178911469421600
"""player 7 @ O8SRi7DfXR"" raises to 132",2026-09-11T08:18:13.262Z,178911469326200
"""player 36 @ LGay7r_Caq"" folds",2026-09-11T08:18:01.881Z,178911468188100
"""player 35 @ uewFolxPCK"" raises to 33",2026-09-11T08:18:00.849Z,178911468084900
"""player 19 @ hwP7SzeYai"" calls 10",2026-09-11T08:17:58.776Z,178911467877600
"""player 7 @ O8SRi7DfXR"" posts a big blind of 10",2026-09-11T08:17:50.492Z,178911467049207
"""player 36 @ LGay7r_Caq"" posts a small blind of 5",2026-09-11T08:17:50.492Z,178911467049206
"Player stacks: #1 ""player 7 @ O8SRi7DfXR"" (760) | #3 ""player 19 @ hwP7SzeYai"" (1142) | #5 ""player 35 @ uewFolxPCK"" (2522) | #10 ""player 36 @ LGay7r_Caq"" (2576)",2026-09-11T08:17:50.492Z,178911467049201
"-- starting hand #74 (id: gle7ju6ucjye)  No Limit Texas Hold'em (dealer: ""player 35 @ uewFolxPCK"") --",2026-09-11T08:17:50.492Z,178911467049200
"""player 7 @ O8SRi7DfXR"" shows a 3♥, 4♦.",2026-09-11T08:17:47.582Z,178911466758200
"-- ending hand #73 --",2026-09-11T08:17:46.853Z,178911466685302
"""player 7 @ O8SRi7DfXR"" collected 510 from pot",2026-09-11T08:17:46.853Z,178911466685301
"Uncalled bet of 250 returned to ""player 7 @ O8SRi7DfXR""",2026-09-11T08:17:46.853Z,178911466685300
"""player 36 @ LGay7r_Caq"" folds",2026-09-11T08:17:46.018Z,178911466601800
"""player 7 @ O8SRi7DfXR"" raises to 460 and go all in",2026-09-11T08:17:44.480Z,178911466448000
"""player 36 @ LGay7r_Caq"" raises to 210",2026-09-11T08:17:41.732Z,178911466173200
"""player 7 @ O8SRi7DfXR"" raises to 67",2026-09-11T08:17:36.808Z,178911465680800
"""player 36 @ LGay7r_Caq"" bets 10",2026-09-11T08:17:34.738Z,178911465473800
"River: A♥, 3♦, 2♥, 5♣ [8♥]",2026-09-11T08:17:33.244Z,178911465324400
"""player 36 @ LGay7r_Caq"" calls 30",2026-09-11T08:17:32.427Z,178911465242700
"""player 7 @ O8SRi7DfXR"" bets 30",2026-09-11T08:17:30.679Z,178911465067900
"""player 36 @ LGay7r_Caq"" checks",2026-09-11T08:17:28.459Z,178911464845900
"""player 35 @ uewFolxPCK"" folds",2026-09-11T08:17:26.027Z,178911464602700
"Turn: A♥, 3♦, 2♥ [5♣]",2026-09-11T08:17:22.340Z,178911464234000
"""player 7 @ O8SRi7DfXR"" checks",2026-09-11T08:17:21.494Z,178911464149400
"""player 36 @ LGay7r_Caq"" checks",2026-09-11T08:17:18.645Z,178911463864500
"""player 35 @ uewFolxPCK"" checks",2026-09-11T08:17:16.469Z,178911463646900
"Flop:  [A♥, 3♦, 2♥]",2026-09-11T08:17:14.040Z,178911463404000
"""player 36 @ LGay7r_Caq"" checks",2026-09-11T08:17:13.203Z,178911463320300
"""player 35 @ uewFolxPCK"" calls 10",2026-09-11T08:17:11.730Z,178911463173000
"""player 19 @ hwP7SzeYai"" folds",2026-09-11T08:17:10.621Z,178911463062100
"""player 7 @ O8SRi7DfXR"" calls 10",2026-09-11T08:17:09.189Z,178911462918900
"""player 36 @ LGay7r_Caq"" posts a big blind of 10",2026-09-11T08:17:06.987Z,178911462698708
"""player 35 @ uewFolxPCK"" posts a small blind of 5",2026-09-11T08:17:06.987Z,178911462698707
"Player stacks: #1 ""player 7 @ O8SRi7DfXR"" (500) | #3 ""player 19 @ hwP7SzeYai"" (1142) | #5 ""player 35 @ uewFolxPCK"" (2532) | #10 ""player 36 @ LGay7r_Caq"" (2826)",2026-09-11T08:17:06.987Z,178911462698702
"-- starting hand #73 (id: f7pkjuwqvjha)  No Limit Texas Hold'em (dealer: ""player 19 @ hwP7SzeYai"") --",2026-09-11T08:17:06.987Z,178911462698701
"The player ""player 7 @ O8SRi7DfXR"" joined the game with a stack of 500.",2026-09-11T08:17:06.987Z,178911462698700
"""player 35 @ uewFolxPCK"" shows a 4♥.",2026-09-11T08:17:05.994Z,178911462599400
"""player 19 @ hwP7SzeYai"" shows a 9♠.",2026-09-11T08:17:04.104Z,178911462410400
"""player 35 @ uewFolxPCK"" shows a 7♥.",2026-09-11T08:17:01.792Z,178911462179200
"Undealt cards: 10♠, Q♣, 9♣ [7♣, 3♦]",2026-09-11T08:17:00.221Z,178911462022100
"-- ending hand #72 --",2026-09-11T08:16:59.680Z,178911461968002
"""player 19 @ hwP7SzeYai"" collected 60 from pot",2026-09-11T08:16:59.680Z,178911461968001
"Uncalled bet of 45 returned to ""player 19 @ hwP7SzeYai""",2026-09-11T08:16:59.680Z,178911461968000
"""player 35 @ uewFolxPCK"" folds",2026-09-11T08:16:58.871Z,178911461887100
"""player 19 @ hwP7SzeYai"" bets 45",2026-09-11T08:16:57.807Z,178911461780700
"The admin approved the player ""player 7 @ O8SRi7DfXR"" participation with a stack of 500.",2026-09-11T08:16:54.037Z,178911461403700
"Flop:  [10♠, Q♣, 9♣]",2026-09-11T08:16:52.462Z,178911461246200
"""player 35 @ uewFolxPCK"" calls 30",2026-09-11T08:16:51.651Z,178911461165100
"The player ""player 7 @ O8SRi7DfXR"" requested a seat.",2026-09-11T08:16:51.166Z,178911461116600
"""player 19 @ hwP7SzeYai"" raises to 30",2026-09-11T08:16:50.024Z,178911461002400
"""player 36 @ LGay7r_Caq"" folds",2026-09-11T08:16:44.819Z,178911460481900
"""player 35 @ uewFolxPCK"" posts a big blind of 10",2026-09-11T08:16:43.493Z,178911460349307
"""player 19 @ hwP7SzeYai"" posts a small blind of 5",2026-09-11T08:16:43.493Z,178911460349306
"Player stacks: #3 ""player 19 @ hwP7SzeYai"" (1112) | #5 ""player 35 @ uewFolxPCK"" (2562) | #10 ""player 36 @ LGay7r_Caq"" (2826)",2026-09-11T08:16:43.493Z,178911460349302
"-- starting hand #72 (id: ndbsijvrfraq)  No Limit Texas Hold'em (dead button) --",2026-09-11T08:16:43.493Z,178911460349301
"The player ""player 7 @ O8SRi7DfXR"" quits the game with a stack of 0.",2026-09-11T08:16:43.493Z,178911460349300
"-- ending hand #71 --",2026-09-11T08:16:35.465Z,178911459546502
"""player 35 @ uewFolxPCK"" collected 344 from pot with Pair, 8's on the second run  (combination: 7♣, 10♦, J♠, 8♣, 8♥)",2026-09-11T08:16:35.465Z,178911459546501
"""player 35 @ uewFolxPCK"" collected 344 from pot with Pair, 8's (combination: 6♥, 7♣, 10♦, 8♣, 8♥)",2026-09-11T08:16:35.465Z,178911459546500
"River (second run): 7♣, 2♠, 8♥, 5♥ [J♠]",2026-09-11T08:16:31.462Z,178911459146200
"Turn (second run): 7♣, 2♠, 8♥ [5♥]",2026-09-11T08:16:27.443Z,178911458744300
"River: 7♣, 2♠, 8♥, 3♣ [6♥]",2026-09-11T08:16:23.405Z,178911458340500
"Turn: 7♣, 2♠, 8♥ [3♣]",2026-09-11T08:16:19.346Z,178911457934600
"""player 7 @ O8SRi7DfXR"" shows a 2♣, Q♠.",2026-09-11T08:16:15.340Z,178911457534000
"""player 35 @ uewFolxPCK"" shows a 8♣, 10♦.",2026-09-11T08:16:14.934Z,178911457493400
"All players in hand choose to run it twice.",2026-09-11T08:16:14.532Z,178911457453201
"""player 35 @ uewFolxPCK"" chooses to  run it twice.",2026-09-11T08:16:14.532Z,178911457453200
"""player 7 @ O8SRi7DfXR"" chooses to  run it twice.",2026-09-11T08:16:14.128Z,178911457412800
"Remaining players decide whether to run it twice.",2026-09-11T08:16:13.192Z,178911457319201
"""player 35 @ uewFolxPCK"" calls 324",2026-09-11T08:16:13.192Z,178911457319200
"""player 19 @ hwP7SzeYai"" folds",2026-09-11T08:16:11.286Z,178911457128600
"""player 7 @ O8SRi7DfXR"" raises to 324 and go all in",2026-09-11T08:16:10.390Z,178911457039000
"""player 36 @ LGay7r_Caq"" folds",2026-09-11T08:16:05.349Z,178911456534900
"""player 35 @ uewFolxPCK"" bets 72",2026-09-11T08:16:03.554Z,178911456355400
"""player 19 @ hwP7SzeYai"" checks",2026-09-11T08:16:00.916Z,178911456091600
"""player 7 @ O8SRi7DfXR"" checks",2026-09-11T08:15:57.996Z,178911455799600
"Flop:  [7♣, 2♠, 8♥]",2026-09-11T08:15:53.789Z,178911455378900
"""player 19 @ hwP7SzeYai"" checks",2026-09-11T08:15:52.956Z,178911455295600
"""player 7 @ O8SRi7DfXR"" calls 10",2026-09-11T08:15:51.767Z,178911455176700
"""player 36 @ LGay7r_Caq"" calls 10",2026-09-11T08:15:50.807Z,178911455080700
"""player 35 @ uewFolxPCK"" calls 10",2026-09-11T08:15:49.605Z,178911454960500
"""player 19 @ hwP7SzeYai"" posts a big blind of 10",2026-09-11T08:15:47.349Z,178911454734907
"""player 7 @ O8SRi7DfXR"" posts a small blind of 5",2026-09-11T08:15:47.349Z,178911454734906
"Your hand is 8♣, 10♦",2026-09-11T08:15:47.349Z,178911454734904
"Player stacks: #1 ""player 7 @ O8SRi7DfXR"" (334) | #3 ""player 19 @ hwP7SzeYai"" (1122) | #5 ""player 35 @ uewFolxPCK"" (2208) | #10 ""player 36 @ LGay7r_Caq"" (2836)",2026-09-11T08:15:47.349Z,178911454734901
"-- starting hand #71 (id: qmn8gqsgmpxy)  No Limit Texas Hold'em (dealer: ""player 36 @ LGay7r_Caq"") --",2026-09-11T08:15:47.349Z,178911454734900
"""player 35 @ uewFolxPCK"" shows a 2♣.",2026-09-11T08:15:42.585Z,178911454258500
"""player 7 @ O8SRi7DfXR"" shows a 10♥, 6♦.",2026-09-11T08:15:42.367Z,178911454236700
"-- ending hand #70 --",2026-09-11T08:15:40.286Z,178911454028602
"""player 36 @ LGay7r_Caq"" collected 330 from pot with Pair, 10's (combination: 7♥, J♠, K♥, 10♣, 10♦)",2026-09-11T08:15:40.286Z,178911454028601
"""player 36 @ LGay7r_Caq"" shows a J♠, 10♣.",2026-09-11T08:15:40.286Z,178911454028600
"""player 35 @ uewFolxPCK"" calls 10",2026-09-11T08:15:39.469Z,178911453946900
"""player 7 @ O8SRi7DfXR"" calls 10",2026-09-11T08:15:38.573Z,178911453857300
"""player 36 @ LGay7r_Caq"" bets 10",2026-09-11T08:15:36.909Z,178911453690900
"River: 10♦, 5♣, 7♥, K♥ [2♠]",2026-09-11T08:15:35.542Z,178911453554200
"""player 35 @ uewFolxPCK"" checks",2026-09-11T08:15:34.691Z,178911453469100
"""player 7 @ O8SRi7DfXR"" checks",2026-09-11T08:15:33.182Z,178911453318200
"""player 36 @ LGay7r_Caq"" checks",2026-09-11T08:15:30.134Z,178911453013400
"Turn: 10♦, 5♣, 7♥ [K♥]",2026-09-11T08:15:27.984Z,178911452798400
"""player 36 @ LGay7r_Caq"" calls 67",2026-09-11T08:15:27.166Z,178911452716600
"""player 35 @ uewFolxPCK"" calls 67",2026-09-11T08:15:26.196Z,178911452619600
"""player 7 @ O8SRi7DfXR"" bets 67",2026-09-11T08:15:24.740Z,178911452474000
"""player 36 @ LGay7r_Caq"" checks",2026-09-11T08:15:22.542Z,178911452254200
"Flop:  [10♦, 5♣, 7♥]",2026-09-11T08:15:19.347Z,178911451934700
"""player 7 @ O8SRi7DfXR"" calls 33",2026-09-11T08:15:18.544Z,178911451854400
"""player 36 @ LGay7r_Caq"" calls 33",2026-09-11T08:15:15.728Z,178911451572800
"""player 35 @ uewFolxPCK"" raises to 33",2026-09-11T08:15:14.330Z,178911451433000
"""player 19 @ hwP7SzeYai"" folds",2026-09-11T08:15:12.417Z,178911451241700
"""player 7 @ O8SRi7DfXR"" posts a big blind of 10",2026-09-11T08:15:08.473Z,178911450847307
"""player 36 @ LGay7r_Caq"" posts a small blind of 5",2026-09-11T08:15:08.473Z,178911450847306
"Player stacks: #1 ""player 7 @ O8SRi7DfXR"" (444) | #3 ""player 19 @ hwP7SzeYai"" (1122) | #5 ""player 35 @ uewFolxPCK"" (2318) | #10 ""player 36 @ LGay7r_Caq"" (2616)",2026-09-11T08:15:08.473Z,178911450847301
"-- starting hand #70 (id: klyjvdl8ligf)  No Limit Texas Hold'em (dealer: ""player 35 @ uewFolxPCK"") --",2026-09-11T08:15:08.473Z,178911450847300
"""player 19 @ hwP7SzeYai"" shows a 3♠, 5♦.",2026-09-11T08:15:02.688Z,178911450268800
"""player 36 @ LGay7r_Caq"" shows a A♥, 4♣.",2026-09-11T08:14:59.631Z,178911449963100
"-- ending hand #69 --",2026-09-11T08:14:59.432Z,178911449943203
"""player 7 @ O8SRi7DfXR"" collected 296 from pot with Pair, 2's on the second run  (combination: Q♣, K♥, A♦, 2♦, 2♥)",2026-09-11T08:14:59.432Z,178911449943202
"""player 35 @ uewFolxPCK"" collected 148 from pot with Straight, 7 High (combination: 3♥, 4♦, 5♠, 6♥, 7♣)",2026-09-11T08:14:59.432Z,178911449943201
"""player 7 @ O8SRi7DfXR"" collected 148 from pot with Straight, 7 High (combination: 3♥, 4♦, 5♠, 6♥, 7♣)",2026-09-11T08:14:59.432Z,178911449943200
"River (second run): 2♥, J♥, 9♥, Q♣ [A♦]",2026-09-11T08:14:55.374Z,178911449537400
"Turn (second run): 2♥, J♥, 9♥ [Q♣]",2026-09-11T08:14:51.371Z,178911449137100
"Flop (second run):  [2♥, J♥, 9♥]",2026-09-11T08:14:47.366Z,178911448736600
"River: 6♥, 3♥, 5♠, 7♣ [4♦]",2026-09-11T08:14:43.357Z,178911448335700
"Turn: 6♥, 3♥, 5♠ [7♣]",2026-09-11T08:14:39.353Z,178911447935300
"Flop:  [6♥, 3♥, 5♠]",2026-09-11T08:14:35.340Z,178911447534000
"""player 7 @ O8SRi7DfXR"" shows a 2♦, K♥.",2026-09-11T08:14:31.330Z,178911447133000
"""player 35 @ uewFolxPCK"" shows a 4♥, K♦.",2026-09-11T08:14:30.913Z,178911447091300
"All players in hand choose to run it twice.",2026-09-11T08:14:30.440Z,178911447044001
"""player 35 @ uewFolxPCK"" chooses to  run it twice.",2026-09-11T08:14:30.440Z,178911447044000
"""player 7 @ O8SRi7DfXR"" chooses to  run it twice.",2026-09-11T08:14:30.286Z,178911447028600
"Remaining players decide whether to run it twice.",2026-09-11T08:14:29.447Z,178911446944701
"""player 36 @ LGay7r_Caq"" folds",2026-09-11T08:14:29.447Z,178911446944700
"""player 35 @ uewFolxPCK"" calls 291",2026-09-11T08:14:27.351Z,178911446735100
"""player 19 @ hwP7SzeYai"" folds",2026-09-11T08:14:26.210Z,178911446621000
"""player 7 @ O8SRi7DfXR"" raises to 291 and go all in",2026-09-11T08:14:23.817Z,178911446381700
"""player 36 @ LGay7r_Caq"" posts a big blind of 10",2026-09-11T08:14:21.832Z,178911446183207
"""player 35 @ uewFolxPCK"" posts a small blind of 5",2026-09-11T08:14:21.832Z,178911446183206
"Your hand is 4♥, K♦",2026-09-11T08:14:21.832Z,178911446183204
"Player stacks: #1 ""player 7 @ O8SRi7DfXR"" (291) | #3 ""player 19 @ hwP7SzeYai"" (1122) | #5 ""player 35 @ uewFolxPCK"" (2461) | #10 ""player 36 @ LGay7r_Caq"" (2626)",2026-09-11T08:14:21.832Z,178911446183201
"-- starting hand #69 (id: gvqutf9kj1xf)  No Limit Texas Hold'em (dealer: ""player 19 @ hwP7SzeYai"") --",2026-09-11T08:14:21.832Z,178911446183200
"""player 7 @ O8SRi7DfXR"" shows a 4♠.",2026-09-11T08:14:18.921Z,178911445892100
"-- ending hand #68 --",2026-09-11T08:14:18.178Z,178911445817802
"""player 19 @ hwP7SzeYai"" collected 30 from pot",2026-09-11T08:14:18.178Z,178911445817801
"Uncalled bet of 67 returned to ""player 19 @ hwP7SzeYai""",2026-09-11T08:14:18.178Z,178911445817800
"""player 7 @ O8SRi7DfXR"" folds",2026-09-11T08:14:17.302Z,178911445730200
"""player 19 @ hwP7SzeYai"" bets 67",2026-09-11T08:14:15.029Z,178911445502900
"River: 9♠, 10♣, K♦, 5♦ [2♠]",2026-09-11T08:14:07.571Z,178911444757100
"""player 7 @ O8SRi7DfXR"" checks",2026-09-11T08:14:06.754Z,178911444675400
"""player 19 @ hwP7SzeYai"" checks",2026-09-11T08:14:05.868Z,178911444586800
"Turn: 9♠, 10♣, K♦ [5♦]",2026-09-11T08:14:04.368Z,178911444436800
"""player 7 @ O8SRi7DfXR"" checks",2026-09-11T08:14:03.478Z,178911444347800
"""player 35 @ uewFolxPCK"" folds",2026-09-11T08:14:02.305Z,178911444230500
"""player 19 @ hwP7SzeYai"" checks",2026-09-11T08:14:01.338Z,178911444133800
"Flop:  [9♠, 10♣, K♦]",2026-09-11T08:13:59.313Z,178911443931300
"""player 35 @ uewFolxPCK"" checks",2026-09-11T08:13:58.392Z,178911443839200
"""player 19 @ hwP7SzeYai"" calls 10",2026-09-11T08:13:57.396Z,178911443739600
"""player 7 @ O8SRi7DfXR"" calls 10",2026-09-11T08:13:55.857Z,178911443585700
"""player 36 @ LGay7r_Caq"" folds",2026-09-11T08:13:54.786Z,178911443478600
"""player 35 @ uewFolxPCK"" posts a big blind of 10",2026-09-11T08:13:52.580Z,178911443258008
"""player 19 @ hwP7SzeYai"" posts a small blind of 5",2026-09-11T08:13:52.580Z,178911443258007
"Player stacks: #1 ""player 7 @ O8SRi7DfXR"" (301) | #3 ""player 19 @ hwP7SzeYai"" (1102) | #5 ""player 35 @ uewFolxPCK"" (2471) | #10 ""player 36 @ LGay7r_Caq"" (2626)",2026-09-11T08:13:52.580Z,178911443258002
"-- starting hand #68 (id: 4ugpukeygrff)  No Limit Texas Hold'em (dealer: ""player 7 @ O8SRi7DfXR"") --",2026-09-11T08:13:52.580Z,178911443258001
"The player ""player 36 @ LGay7r_Caq"" joined the game with a stack of 2626.",2026-09-11T08:13:52.580Z,178911443258000
"The player ""player 36 @ LGay7r_Caq"" sit back with the stack of 2626.",2026-09-11T08:13:49.914Z,178911442991400
"-- ending hand #67 --",2026-09-11T08:13:44.574Z,178911442457402
"""player 35 @ uewFolxPCK"" collected 301 from pot with Two Pair, 4's & 3's on the second run  (combination: A♦, 3♠, 3♣, 4♣, 4♥)",2026-09-11T08:13:44.574Z,178911442457401
"""player 7 @ O8SRi7DfXR"" collected 301 from pot with Two Pair, K's & Q's (combination: J♥, Q♣, Q♠, K♣, K♠)",2026-09-11T08:13:44.574Z,178911442457400
"River (second run): 4♣, 7♣, A♦, 3♣ [4♥]",2026-09-11T08:13:40.568Z,178911442056800
"Turn (second run): 4♣, 7♣, A♦ [3♣]",2026-09-11T08:13:36.531Z,178911441653100
"Flop (second run):  [4♣, 7♣, A♦]",2026-09-11T08:13:32.528Z,178911441252800
"River: J♥, 10♦, Q♣, Q♠ [K♠]",2026-09-11T08:13:28.507Z,178911440850700
"Turn: J♥, 10♦, Q♣ [Q♠]",2026-09-11T08:13:24.504Z,178911440450400
"Flop:  [J♥, 10♦, Q♣]",2026-09-11T08:13:20.472Z,178911440047200
"""player 7 @ O8SRi7DfXR"" shows a 2♥, K♣.",2026-09-11T08:13:16.466Z,178911439646600
"""player 35 @ uewFolxPCK"" shows a 3♠, 6♠.",2026-09-11T08:13:16.230Z,178911439623000
"All players in hand choose to run it twice.",2026-09-11T08:13:15.636Z,178911439563601
"""player 7 @ O8SRi7DfXR"" chooses to  run it twice.",2026-09-11T08:13:15.636Z,178911439563600
"""player 35 @ uewFolxPCK"" chooses to  run it twice.",2026-09-11T08:13:15.251Z,178911439525100
"Remaining players decide whether to run it twice.",2026-09-11T08:13:14.743Z,178911439474301
"""player 35 @ uewFolxPCK"" calls 296",2026-09-11T08:13:14.743Z,178911439474300
"""player 19 @ hwP7SzeYai"" folds",2026-09-11T08:13:13.750Z,178911439375000
"""player 7 @ O8SRi7DfXR"" raises to 296 and go all in",2026-09-11T08:13:12.220Z,178911439222000
"""player 35 @ uewFolxPCK"" raises to 33",2026-09-11T08:13:10.532Z,178911439053200
"""player 19 @ hwP7SzeYai"" posts a big blind of 10",2026-09-11T08:13:06.739Z,178911438673907
"""player 7 @ O8SRi7DfXR"" posts a small blind of 5",2026-09-11T08:13:06.739Z,178911438673906
"Your hand is 3♠, 6♠",2026-09-11T08:13:06.739Z,178911438673905
"Player stacks: #1 ""player 7 @ O8SRi7DfXR"" (296) | #3 ""player 19 @ hwP7SzeYai"" (1112) | #5 ""player 35 @ uewFolxPCK"" (2466)",2026-09-11T08:13:06.739Z,178911438673902
"-- starting hand #67 (id: surcsdgkohol)  No Limit Texas Hold'em (dead button) --",2026-09-11T08:13:06.739Z,178911438673901
"The player ""player 36 @ LGay7r_Caq"" stand up with the stack of 2626.",2026-09-11T08:13:06.739Z,178911438673900
"Undealt cards:  [3♣, A♣, 9♥, 6♠, 3♥]",2026-09-11T08:13:01.959Z,178911438195900
"-- ending hand #66 --",2026-09-11T08:13:00.825Z,178911438082502
"""player 35 @ uewFolxPCK"" collected 25 from pot",2026-09-11T08:13:00.825Z,178911438082501
"Uncalled bet of 23 returned to ""player 35 @ uewFolxPCK""",2026-09-11T08:13:00.825Z,178911438082500
"""player 7 @ O8SRi7DfXR"" folds",2026-09-11T08:12:59.938Z,178911437993800
"""player 36 @ LGay7r_Caq"" folds",2026-09-11T08:12:42.892Z,178911436289200
"""player 35 @ uewFolxPCK"" raises to 33",2026-09-11T08:12:39.284Z,178911435928400
"""player 19 @ hwP7SzeYai"" folds",2026-09-11T08:12:33.310Z,178911435331000
"""player 7 @ O8SRi7DfXR"" posts a big blind of 10",2026-09-11T08:12:28.548Z,178911434854807
"""player 36 @ LGay7r_Caq"" posts a small blind of 5",2026-09-11T08:12:28.548Z,178911434854806
"Player stacks: #1 ""player 7 @ O8SRi7DfXR"" (306) | #3 ""player 19 @ hwP7SzeYai"" (1112) | #5 ""player 35 @ uewFolxPCK"" (2451) | #10 ""player 36 @ LGay7r_Caq"" (2631)",2026-09-11T08:12:28.548Z,178911434854801
"-- starting hand #66 (id: gfv2ikowcyg6)  No Limit Texas Hold'em (dealer: ""player 35 @ uewFolxPCK"") --",2026-09-11T08:12:28.548Z,178911434854800
"-- ending hand #65 --",2026-09-11T08:12:22.502Z,178911434250204
"""player 19 @ hwP7SzeYai"" collected 1112 from pot with Three of a Kind, 5's (combination: 10♠, Q♥, 5♠, 5♦, 5♣)",2026-09-11T08:12:22.502Z,178911434250203
"""player 19 @ hwP7SzeYai"" shows a 5♠, 5♦.",2026-09-11T08:12:22.502Z,178911434250202
"""player 7 @ O8SRi7DfXR"" shows a 7♦, Q♣.",2026-09-11T08:12:22.502Z,178911434250201
"Uncalled bet of 306 returned to ""player 7 @ O8SRi7DfXR""",2026-09-11T08:12:22.502Z,178911434250200
"""player 19 @ hwP7SzeYai"" calls 516 and go all in",2026-09-11T08:12:21.635Z,178911434163500
"""player 7 @ O8SRi7DfXR"" raises to 822 and go all in",2026-09-11T08:12:19.654Z,178911433965400
"""player 36 @ LGay7r_Caq"" folds",2026-09-11T08:12:17.867Z,178911433786700
"""player 19 @ hwP7SzeYai"" raises to 167",2026-09-11T08:12:16.895Z,178911433689500
"""player 7 @ O8SRi7DfXR"" raises to 67",2026-09-11T08:12:06.159Z,178911432615900
"""player 36 @ LGay7r_Caq"" bets 10",2026-09-11T08:12:03.872Z,178911432387200
"River: 7♣, Q♥, 10♠, 4♠ [5♣]",2026-09-11T08:12:02.570Z,178911432257000
"""player 35 @ uewFolxPCK"" folds",2026-09-11T08:12:01.718Z,178911432171800
"""player 19 @ hwP7SzeYai"" calls 10",2026-09-11T08:12:00.654Z,178911432065400
"""player 7 @ O8SRi7DfXR"" calls 10",2026-09-11T08:11:59.346Z,178911431934600
"""player 36 @ LGay7r_Caq"" bets 10",2026-09-11T08:11:57.974Z,178911431797400
"""player 35 @ uewFolxPCK"" checks",2026-09-11T08:11:56.836Z,178911431683600
"Turn: 7♣, Q♥, 10♠ [4♠]",2026-09-11T08:11:55.866Z,178911431586600
"""player 19 @ hwP7SzeYai"" checks",2026-09-11T08:11:55.022Z,178911431502200
"""player 7 @ O8SRi7DfXR"" checks",2026-09-11T08:11:52.340Z,178911431234000
"""player 36 @ LGay7r_Caq"" checks",2026-09-11T08:11:51.438Z,178911431143800
"""player 35 @ uewFolxPCK"" checks",2026-09-11T08:11:49.256Z,178911430925600
"Flop:  [7♣, Q♥, 10♠]",2026-09-11T08:11:47.065Z,178911430706500
"""player 36 @ LGay7r_Caq"" checks",2026-09-11T08:11:46.245Z,178911430624500
"""player 35 @ uewFolxPCK"" calls 10",2026-09-11T08:11:44.310Z,178911430431000
"""player 19 @ hwP7SzeYai"" calls 10",2026-09-11T08:11:42.220Z,178911430222000
"""player 7 @ O8SRi7DfXR"" calls 10",2026-09-11T08:11:39.868Z,178911429986800
"""player 36 @ LGay7r_Caq"" posts a big blind of 10",2026-09-11T08:11:33.479Z,178911429347907
"""player 35 @ uewFolxPCK"" posts a small blind of 5",2026-09-11T08:11:33.479Z,178911429347906
"Player stacks: #1 ""player 7 @ O8SRi7DfXR"" (842) | #3 ""player 19 @ hwP7SzeYai"" (536) | #5 ""player 35 @ uewFolxPCK"" (2461) | #10 ""player 36 @ LGay7r_Caq"" (2661)",2026-09-11T08:11:33.479Z,178911429347901
"-- starting hand #65 (id: su1tenbwp6uc)  No Limit Texas Hold'em (dealer: ""player 19 @ hwP7SzeYai"") --",2026-09-11T08:11:33.479Z,178911429347900
"""player 35 @ uewFolxPCK"" shows a 10♠.",2026-09-11T08:11:28.511Z,178911428851100
"""player 19 @ hwP7SzeYai"" shows a A♦, 3♥.",2026-09-11T08:11:27.631Z,178911428763100
"-- ending hand #64 --",2026-09-11T08:11:26.476Z,178911428647602
"""player 7 @ O8SRi7DfXR"" collected 669 from pot with Pair, 10's (combination: 7♥, K♠, A♣, 10♥, 10♣)",2026-09-11T08:11:26.476Z,178911428647601
"""player 7 @ O8SRi7DfXR"" shows a 10♥, K♠.",2026-09-11T08:11:26.476Z,178911428647600
"""player 35 @ uewFolxPCK"" calls 167",2026-09-11T08:11:25.670Z,178911428567000
"""player 7 @ O8SRi7DfXR"" bets 167",2026-09-11T08:10:59.331Z,178911425933100
"""player 35 @ uewFolxPCK"" checks",2026-09-11T08:10:56.371Z,178911425637100
"River: 4♠, 7♥, 10♣, A♣ [3♦]",2026-09-11T08:10:54.873Z,178911425487300
"""player 7 @ O8SRi7DfXR"" checks",2026-09-11T08:10:54.039Z,178911425403900
"""player 35 @ uewFolxPCK"" checks",2026-09-11T08:10:50.036Z,178911425003600
"Turn: 4♠, 7♥, 10♣ [A♣]",2026-09-11T08:10:48.471Z,178911424847100
"""player 36 @ LGay7r_Caq"" folds",2026-09-11T08:10:47.638Z,178911424763800
"""player 35 @ uewFolxPCK"" calls 99",2026-09-11T08:10:46.746Z,178911424674600
"""player 7 @ O8SRi7DfXR"" raises to 99",2026-09-11T08:10:44.274Z,178911424427400
"""player 36 @ LGay7r_Caq"" calls 33",2026-09-11T08:10:40.290Z,178911424029000
"""player 35 @ uewFolxPCK"" bets 33",2026-09-11T08:10:38.320Z,178911423832000
"Flop:  [4♠, 7♥, 10♣]",2026-09-11T08:10:35.868Z,178911423586800
"""player 7 @ O8SRi7DfXR"" calls 33",2026-09-11T08:10:35.030Z,178911423503000
"""player 36 @ LGay7r_Caq"" calls 33",2026-09-11T08:10:31.539Z,178911423153900
"""player 35 @ uewFolxPCK"" raises to 33",2026-09-11T08:10:28.516Z,178911422851600
"""player 19 @ hwP7SzeYai"" folds",2026-09-11T08:10:26.537Z,178911422653700
"""player 7 @ O8SRi7DfXR"" calls 10",2026-09-11T08:10:25.613Z,178911422561300
"""player 36 @ LGay7r_Caq"" calls 10",2026-09-11T08:10:15.047Z,178911421504700
"""player 35 @ uewFolxPCK"" posts a big blind of 10",2026-09-11T08:10:13.169Z,178911421316907
"""player 19 @ hwP7SzeYai"" posts a small blind of 5",2026-09-11T08:10:13.169Z,178911421316906
"Player stacks: #1 ""player 7 @ O8SRi7DfXR"" (472) | #3 ""player 19 @ hwP7SzeYai"" (541) | #5 ""player 35 @ uewFolxPCK"" (2760) | #10 ""player 36 @ LGay7r_Caq"" (2727)",2026-09-11T08:10:13.169Z,178911421316901
"-- starting hand #64 (id: qdliumcoqiee)  No Limit Texas Hold'em (dealer: ""player 7 @ O8SRi7DfXR"") --",2026-09-11T08:10:13.169Z,178911421316900
"""player 19 @ hwP7SzeYai"" shows a 8♥.",2026-09-11T08:10:09.709Z,178911420970900
"Undealt cards:  [K♥, 10♠, 8♠, 9♥, Q♣]",2026-09-11T08:10:07.006Z,178911420700600
"-- ending hand #63 --",2026-09-11T08:10:06.562Z,178911420656202
"""player 36 @ LGay7r_Caq"" collected 25 from pot",2026-09-11T08:10:06.562Z,178911420656201
"Uncalled bet of 10 returned to ""player 36 @ LGay7r_Caq""",2026-09-11T08:10:06.562Z,178911420656200
"""player 19 @ hwP7SzeYai"" folds",2026-09-11T08:10:05.751Z,178911420575100
"""player 7 @ O8SRi7DfXR"" folds",2026-09-11T08:10:03.781Z,178911420378100
"""player 36 @ LGay7r_Caq"" raises to 20",2026-09-11T08:10:02.878Z,178911420287800
"""player 35 @ uewFolxPCK"" folds",2026-09-11T08:10:00.600Z,178911420060000
"""player 19 @ hwP7SzeYai"" posts a big blind of 10",2026-09-11T08:09:58.423Z,178911419842307
"""player 7 @ O8SRi7DfXR"" posts a small blind of 5",2026-09-11T08:09:58.423Z,178911419842306
"Player stacks: #1 ""player 7 @ O8SRi7DfXR"" (477) | #3 ""player 19 @ hwP7SzeYai"" (551) | #5 ""player 35 @ uewFolxPCK"" (2760) | #10 ""player 36 @ LGay7r_Caq"" (2712)",2026-09-11T08:09:58.423Z,178911419842301
"-- starting hand #63 (id: ktmpvzmoat1q)  No Limit Texas Hold'em (dealer: ""player 36 @ LGay7r_Caq"") --",2026-09-11T08:09:58.423Z,178911419842300
"-- ending hand #62 --",2026-09-11T08:09:52.394Z,178911419239402
"""player 36 @ LGay7r_Caq"" collected 600 from pot with Pair, A's (combination: 7♠, 8♥, Q♣, A♥, A♦)",2026-09-11T08:09:52.394Z,178911419239401
"""player 36 @ LGay7r_Caq"" shows a A♥, 7♠.",2026-09-11T08:09:52.394Z,178911419239400
"""player 35 @ uewFolxPCK"" checks",2026-09-11T08:09:51.543Z,178911419154300
"""player 36 @ LGay7r_Caq"" checks",2026-09-11T08:09:47.026Z,178911418702600
"River: 8♥, 5♣, A♦, Q♣ [2♥]",2026-09-11T08:09:45.789Z,178911418578900
"""player 36 @ LGay7r_Caq"" calls 110",2026-09-11T08:09:44.950Z,178911418495000
"""player 35 @ uewFolxPCK"" bets 110",2026-09-11T08:09:44.057Z,178911418405700
"""player 36 @ LGay7r_Caq"" checks",2026-09-11T08:09:41.528Z,178911418152800
"Turn: 8♥, 5♣, A♦ [Q♣]",2026-09-11T08:09:39.880Z,178911417988000
"""player 19 @ hwP7SzeYai"" folds",2026-09-11T08:09:39.066Z,178911417906600
"""player 7 @ O8SRi7DfXR"" folds",2026-09-11T08:09:38.108Z,178911417810800
"""player 36 @ LGay7r_Caq"" calls 90",2026-09-11T08:09:36.795Z,178911417679500
"""player 35 @ uewFolxPCK"" raises to 90",2026-09-11T08:09:35.788Z,178911417578800
"""player 19 @ hwP7SzeYai"" calls 10",2026-09-11T08:09:31.415Z,178911417141500
"""player 7 @ O8SRi7DfXR"" calls 10",2026-09-11T08:09:27.532Z,178911416753200
"""player 36 @ LGay7r_Caq"" bets 10",2026-09-11T08:09:23.895Z,178911416389500
"Flop:  [8♥, 5♣, A♦]",2026-09-11T08:09:22.152Z,178911416215200
"""player 36 @ LGay7r_Caq"" calls 45",2026-09-11T08:09:21.269Z,178911416126900
"""player 35 @ uewFolxPCK"" calls 45",2026-09-11T08:09:18.253Z,178911415825300
"""player 19 @ hwP7SzeYai"" calls 45",2026-09-11T08:09:16.446Z,178911415644600
"""player 7 @ O8SRi7DfXR"" raises to 45",2026-09-11T08:09:12.226Z,178911415222600
"""player 36 @ LGay7r_Caq"" calls 10",2026-09-11T08:09:08.344Z,178911414834400
"""player 35 @ uewFolxPCK"" calls 10",2026-09-11T08:09:07.381Z,178911414738100
"""player 19 @ hwP7SzeYai"" calls 10",2026-09-11T08:09:05.131Z,178911414513100
"""player 7 @ O8SRi7DfXR"" posts a big blind of 10",2026-09-11T08:09:02.799Z,178911414279907
"""player 36 @ LGay7r_Caq"" posts a small blind of 5",2026-09-11T08:09:02.799Z,178911414279906
"Player stacks: #1 ""player 7 @ O8SRi7DfXR"" (532) | #3 ""player 19 @ hwP7SzeYai"" (606) | #5 ""player 35 @ uewFolxPCK"" (3005) | #10 ""player 36 @ LGay7r_Caq"" (2357)",2026-09-11T08:09:02.799Z,178911414279901
"-- starting hand #62 (id: wahrp11kdqkq)  No Limit Texas Hold'em (dealer: ""player 35 @ uewFolxPCK"") --",2026-09-11T08:09:02.799Z,178911414279900
"Undealt cards:  [Q♥, 8♥, 8♦, 9♠, 6♦]",2026-09-11T08:08:59.097Z,178911413909700
"""player 19 @ hwP7SzeYai"" shows a J♠, 10♥.",2026-09-11T08:08:58.973Z,178911413897300
"""player 7 @ O8SRi7DfXR"" shows a A♣, 7♦.",2026-09-11T08:08:55.806Z,178911413580600
"-- ending hand #61 --",2026-09-11T08:08:55.489Z,178911413548902
"""player 19 @ hwP7SzeYai"" collected 35 from pot",2026-09-11T08:08:55.489Z,178911413548901
"Uncalled bet of 35 returned to ""player 19 @ hwP7SzeYai""",2026-09-11T08:08:55.489Z,178911413548900
"""player 7 @ O8SRi7DfXR"" folds",2026-09-11T08:08:54.619Z,178911413461900
"""player 36 @ LGay7r_Caq"" folds",2026-09-11T08:08:52.666Z,178911413266600
"""player 35 @ uewFolxPCK"" folds",2026-09-11T08:08:51.746Z,178911413174600
"""player 19 @ hwP7SzeYai"" raises to 45",2026-09-11T08:08:50.154Z,178911413015400
"""player 7 @ O8SRi7DfXR"" calls 10",2026-09-11T08:08:45.475Z,178911412547500
"""player 36 @ LGay7r_Caq"" posts a big blind of 10",2026-09-11T08:08:44.266Z,178911412426607
"""player 35 @ uewFolxPCK"" posts a small blind of 5",2026-09-11T08:08:44.266Z,178911412426606
"Player stacks: #1 ""player 7 @ O8SRi7DfXR"" (542) | #3 ""player 19 @ hwP7SzeYai"" (581) | #5 ""player 35 @ uewFolxPCK"" (3010) | #10 ""player 36 @ LGay7r_Caq"" (2367)",2026-09-11T08:08:44.266Z,178911412426601
"-- starting hand #61 (id: x04rdjklewvu)  No Limit Texas Hold'em (dealer: ""player 19 @ hwP7SzeYai"") --",2026-09-11T08:08:44.266Z,178911412426600
"""player 36 @ LGay7r_Caq"" shows a K♥, 9♦.",2026-09-11T08:08:38.651Z,178911411865100
"-- ending hand #60 --",2026-09-11T08:08:37.754Z,178911411775402
"""player 35 @ uewFolxPCK"" collected 172 from pot with Two Pair, 10's & 6's (combination: Q♥, 6♥, 6♠, 10♣, 10♥)",2026-09-11T08:08:37.754Z,178911411775401
"""player 35 @ uewFolxPCK"" shows a 4♠, 10♣.",2026-09-11T08:08:37.754Z,178911411775400
"""player 36 @ LGay7r_Caq"" calls 33",2026-09-11T08:08:36.951Z,178911411695100
"""player 35 @ uewFolxPCK"" bets 33",2026-09-11T08:08:35.975Z,178911411597500
"River: 10♥, 2♠, Q♥, 6♥ [6♠]",2026-09-11T08:08:33.335Z,178911411333500
"""player 19 @ hwP7SzeYai"" folds",2026-09-11T08:08:32.510Z,178911411251000
"""player 7 @ O8SRi7DfXR"" folds",2026-09-11T08:08:28.715Z,178911410871500
"""player 36 @ LGay7r_Caq"" calls 33",2026-09-11T08:08:17.426Z,178911409742600
"""player 35 @ uewFolxPCK"" bets 33",2026-09-11T08:08:16.500Z,178911409650000
"""player 19 @ hwP7SzeYai"" checks",2026-09-11T08:08:14.786Z,178911409478600
"Turn: 10♥, 2♠, Q♥ [6♥]",2026-09-11T08:08:11.530Z,178911409153000
"""player 7 @ O8SRi7DfXR"" checks",2026-09-11T08:08:10.721Z,178911409072100
"""player 36 @ LGay7r_Caq"" checks",2026-09-11T08:08:09.740Z,178911408974000
"""player 35 @ uewFolxPCK"" checks",2026-09-11T08:08:08.804Z,178911408880400
"""player 19 @ hwP7SzeYai"" checks",2026-09-11T08:08:07.918Z,178911408791800
"Flop:  [10♥, 2♠, Q♥]",2026-09-11T08:08:05.072Z,178911408507200
"""player 35 @ uewFolxPCK"" checks",2026-09-11T08:08:04.243Z,178911408424300
"""player 19 @ hwP7SzeYai"" calls 10",2026-09-11T08:08:03.243Z,178911408324300
"""player 7 @ O8SRi7DfXR"" calls 10",2026-09-11T08:08:00.829Z,178911408082900
"""player 36 @ LGay7r_Caq"" calls 10",2026-09-11T08:07:59.425Z,178911407942500
"""player 35 @ uewFolxPCK"" posts a big blind of 10",2026-09-11T08:07:58.255Z,178911407825507
"""player 19 @ hwP7SzeYai"" posts a small blind of 5",2026-09-11T08:07:58.255Z,178911407825506
"Your hand is 4♠, 10♣",2026-09-11T08:07:58.255Z,178911407825504
"Player stacks: #1 ""player 7 @ O8SRi7DfXR"" (552) | #3 ""player 19 @ hwP7SzeYai"" (591) | #5 ""player 35 @ uewFolxPCK"" (2914) | #10 ""player 36 @ LGay7r_Caq"" (2443)",2026-09-11T08:07:58.255Z,178911407825501
"-- starting hand #60 (id: kwilgxwcoq4q)  No Limit Texas Hold'em (dealer: ""player 7 @ O8SRi7DfXR"") --",2026-09-11T08:07:58.255Z,178911407825500
"""player 36 @ LGay7r_Caq"" shows a 10♥, 7♠.",2026-09-11T08:07:55.496Z,178911407549600
"""player 35 @ uewFolxPCK"" shows a K♦, Q♠.",2026-09-11T08:07:54.212Z,178911407421200
"-- ending hand #59 --",2026-09-11T08:07:51.252Z,178911407125202
"""player 7 @ O8SRi7DfXR"" collected 76 from pot with Flush, K High (combination: 3♠, 4♠, 5♠, 10♠, K♠)",2026-09-11T08:07:51.252Z,178911407125201
"""player 7 @ O8SRi7DfXR"" shows a 5♠, K♠.",2026-09-11T08:07:51.252Z,178911407125200
"""player 35 @ uewFolxPCK"" checks",2026-09-11T08:07:50.445Z,178911407044500
"""player 7 @ O8SRi7DfXR"" checks",2026-09-11T08:07:49.511Z,178911406951100
"River: 10♦, 10♠, 3♠, 6♦ [4♠]",2026-09-11T08:07:48.650Z,178911406865000
"""player 35 @ uewFolxPCK"" checks",2026-09-11T08:07:47.836Z,178911406783600
"""player 7 @ O8SRi7DfXR"" checks",2026-09-11T08:07:46.936Z,178911406693600
"Turn: 10♦, 10♠, 3♠ [6♦]",2026-09-11T08:07:45.959Z,178911406595900
"""player 35 @ uewFolxPCK"" checks",2026-09-11T08:07:45.101Z,178911406510100
"""player 7 @ O8SRi7DfXR"" checks",2026-09-11T08:07:43.695Z,178911406369500
"Flop:  [10♦, 10♠, 3♠]",2026-09-11T08:07:41.953Z,178911406195300
"""player 19 @ hwP7SzeYai"" folds",2026-09-11T08:07:41.091Z,178911406109100
"""player 7 @ O8SRi7DfXR"" calls 33",2026-09-11T08:07:39.779Z,178911405977900
"""player 36 @ LGay7r_Caq"" folds",2026-09-11T08:07:36.038Z,178911405603800
"""player 35 @ uewFolxPCK"" raises to 33",2026-09-11T08:07:35.103Z,178911405510300
"""player 19 @ hwP7SzeYai"" posts a big blind of 10",2026-09-11T08:07:33.182Z,178911405318207
"""player 7 @ O8SRi7DfXR"" posts a small blind of 5",2026-09-11T08:07:33.182Z,178911405318206
"Your hand is K♦, Q♠",2026-09-11T08:07:33.182Z,178911405318204
"Player stacks: #1 ""player 7 @ O8SRi7DfXR"" (509) | #3 ""player 19 @ hwP7SzeYai"" (601) | #5 ""player 35 @ uewFolxPCK"" (2947) | #10 ""player 36 @ LGay7r_Caq"" (2443)",2026-09-11T08:07:33.182Z,178911405318201
"-- starting hand #59 (id: fk5bkzkiqcw4)  No Limit Texas Hold'em (dealer: ""player 36 @ LGay7r_Caq"") --",2026-09-11T08:07:33.182Z,178911405318200
"Undealt cards: 4♦, 10♦, 8♠, K♠ [9♣]",2026-09-11T08:07:28.986Z,178911404898600
"-- ending hand #58 --",2026-09-11T08:07:27.266Z,178911404726602
"""player 35 @ uewFolxPCK"" collected 129 from pot",2026-09-11T08:07:27.266Z,178911404726601
"Uncalled bet of 66 returned to ""player 35 @ uewFolxPCK""",2026-09-11T08:07:27.266Z,178911404726600
"""player 7 @ O8SRi7DfXR"" folds",2026-09-11T08:07:26.450Z,178911404645000
"""player 36 @ LGay7r_Caq"" folds",2026-09-11T08:07:25.338Z,178911404533800
"""player 35 @ uewFolxPCK"" bets 66",2026-09-11T08:07:24.438Z,178911404443800
"""player 7 @ O8SRi7DfXR"" checks",2026-09-11T08:07:22.055Z,178911404205500
"""player 36 @ LGay7r_Caq"" checks",2026-09-11T08:07:20.552Z,178911404055200
"Turn: 4♦, 10♦, 8♠ [K♠]",2026-09-11T08:07:19.646Z,178911403964600
"""player 35 @ uewFolxPCK"" calls 10",2026-09-11T08:07:18.798Z,178911403879800
"""player 7 @ O8SRi7DfXR"" calls 10",2026-09-11T08:07:17.320Z,178911403732000
"""player 36 @ LGay7r_Caq"" bets 10",2026-09-11T08:07:15.165Z,178911403516500
"Flop:  [4♦, 10♦, 8♠]",2026-09-11T08:07:13.904Z,178911403390400
"""player 7 @ O8SRi7DfXR"" calls 33",2026-09-11T08:07:13.086Z,178911403308600
"""player 36 @ LGay7r_Caq"" calls 33",2026-09-11T08:07:12.094Z,178911403209400
"""player 35 @ uewFolxPCK"" raises to 33",2026-09-11T08:07:07.843Z,178911402784300
"""player 19 @ hwP7SzeYai"" folds",2026-09-11T08:07:06.181Z,178911402618100
"""player 7 @ O8SRi7DfXR"" posts a big blind of 10",2026-09-11T08:07:02.500Z,178911402250007
"""player 36 @ LGay7r_Caq"" posts a small blind of 5",2026-09-11T08:07:02.500Z,178911402250006
"Player stacks: #1 ""player 7 @ O8SRi7DfXR"" (552) | #3 ""player 19 @ hwP7SzeYai"" (601) | #5 ""player 35 @ uewFolxPCK"" (2861) | #10 ""player 36 @ LGay7r_Caq"" (2486)",2026-09-11T08:07:02.500Z,178911402250001
"-- starting hand #58 (id: afb5svxaeoed)  No Limit Texas Hold'em (dealer: ""player 35 @ uewFolxPCK"") --",2026-09-11T08:07:02.500Z,178911402250000
"""player 19 @ hwP7SzeYai"" shows a 6♠, 7♥.",2026-09-11T08:07:00.077Z,178911402007700
"Undealt cards:  [3♣, A♥, 5♣, 3♦, 4♥]",2026-09-11T08:06:56.051Z,178911401605100
"-- ending hand #57 --",2026-09-11T08:06:55.844Z,178911401584402
"""player 7 @ O8SRi7DfXR"" collected 235 from pot",2026-09-11T08:06:55.844Z,178911401584401
"Uncalled bet of 317 returned to ""player 7 @ O8SRi7DfXR""",2026-09-11T08:06:55.844Z,178911401584400
"""player 35 @ uewFolxPCK"" folds",2026-09-11T08:06:54.970Z,178911401497000
"""player 19 @ hwP7SzeYai"" folds",2026-09-11T08:06:52.924Z,178911401292400
"""player 7 @ O8SRi7DfXR"" raises to 417 and go all in",2026-09-11T08:06:52.015Z,178911401201500
"""player 36 @ LGay7r_Caq"" folds",2026-09-11T08:06:24.958Z,178911398495800
"""player 35 @ uewFolxPCK"" raises to 100",2026-09-11T08:06:23.993Z,178911398399300
"""player 19 @ hwP7SzeYai"" calls 25",2026-09-11T08:06:20.899Z,178911398089900
"""player 7 @ O8SRi7DfXR"" raises to 25",2026-09-11T08:06:19.449Z,178911397944900
"""player 36 @ LGay7r_Caq"" posts a big blind of 10",2026-09-11T08:06:16.055Z,178911397605507
"""player 35 @ uewFolxPCK"" posts a small blind of 5",2026-09-11T08:06:16.055Z,178911397605506
"Player stacks: #1 ""player 7 @ O8SRi7DfXR"" (417) | #3 ""player 19 @ hwP7SzeYai"" (626) | #5 ""player 35 @ uewFolxPCK"" (2961) | #10 ""player 36 @ LGay7r_Caq"" (2496)",2026-09-11T08:06:16.055Z,178911397605501
"-- starting hand #57 (id: mq2xinkoxyoh)  No Limit Texas Hold'em (dealer: ""player 19 @ hwP7SzeYai"") --",2026-09-11T08:06:16.055Z,178911397605500
"-- ending hand #56 --",2026-09-11T08:06:08.050Z,178911396805002
"""player 35 @ uewFolxPCK"" collected 417 from pot with Two Pair, Q's & J's on the second run  (combination: K♦, J♠, J♦, Q♠, Q♦)",2026-09-11T08:06:08.050Z,178911396805001
"""player 7 @ O8SRi7DfXR"" collected 417 from pot with Straight, 9 High (combination: 5♠, 6♦, 7♦, 8♦, 9♥)",2026-09-11T08:06:08.050Z,178911396805000
"River (second run): 7♥, 6♦, Q♦, J♠ [J♦]",2026-09-11T08:06:03.966Z,178911396396600
"Turn (second run): 7♥, 6♦, Q♦ [J♠]",2026-09-11T08:05:59.940Z,178911395994000
"River: 7♥, 6♦, Q♦, 5♠ [7♦]",2026-09-11T08:05:55.884Z,178911395588400
"Turn: 7♥, 6♦, Q♦ [5♠]",2026-09-11T08:05:51.842Z,178911395184200
"""player 7 @ O8SRi7DfXR"" shows a 9♥, 8♦.",2026-09-11T08:05:47.753Z,178911394775300
"""player 35 @ uewFolxPCK"" shows a Q♠, K♦.",2026-09-11T08:05:47.375Z,178911394737500
"All players in hand choose to run it twice.",2026-09-11T08:05:46.916Z,178911394691601
"""player 7 @ O8SRi7DfXR"" chooses to  run it twice.",2026-09-11T08:05:46.916Z,178911394691600
"""player 35 @ uewFolxPCK"" chooses to  run it twice.",2026-09-11T08:05:46.669Z,178911394666900
"Remaining players decide whether to run it twice.",2026-09-11T08:05:46.070Z,178911394607001
"""player 35 @ uewFolxPCK"" calls 345",2026-09-11T08:05:46.070Z,178911394607000
"""player 19 @ hwP7SzeYai"" folds",2026-09-11T08:05:44.738Z,178911394473800
"""player 7 @ O8SRi7DfXR"" raises to 345 and go all in",2026-09-11T08:05:43.619Z,178911394361900
"""player 35 @ uewFolxPCK"" raises to 135",2026-09-11T08:05:40.338Z,178911394033800
"""player 19 @ hwP7SzeYai"" calls 45",2026-09-11T08:05:35.821Z,178911393582100
"""player 7 @ O8SRi7DfXR"" bets 45",2026-09-11T08:05:32.125Z,178911393212500
"""player 35 @ uewFolxPCK"" checks",2026-09-11T08:05:30.035Z,178911393003500
"""player 19 @ hwP7SzeYai"" checks",2026-09-11T08:05:29.078Z,178911392907800
"Flop:  [7♥, 6♦, Q♦]",2026-09-11T08:05:26.423Z,178911392642300
"""player 19 @ hwP7SzeYai"" calls 33",2026-09-11T08:05:25.576Z,178911392557600
"""player 7 @ O8SRi7DfXR"" calls 33",2026-09-11T08:05:24.137Z,178911392413700
"""player 35 @ uewFolxPCK"" raises to 33",2026-09-11T08:05:22.149Z,178911392214900
"""player 19 @ hwP7SzeYai"" calls 10",2026-09-11T08:05:20.639Z,178911392063900
"""player 7 @ O8SRi7DfXR"" calls 10",2026-09-11T08:05:19.461Z,178911391946100
"""player 36 @ LGay7r_Caq"" folds",2026-09-11T08:05:18.526Z,178911391852600
"""player 35 @ uewFolxPCK"" posts a big blind of 10",2026-09-11T08:05:17.047Z,178911391704707
"""player 19 @ hwP7SzeYai"" posts a small blind of 5",2026-09-11T08:05:17.047Z,178911391704706
"Your hand is Q♠, K♦",2026-09-11T08:05:17.047Z,178911391704704
"Player stacks: #1 ""player 7 @ O8SRi7DfXR"" (378) | #3 ""player 19 @ hwP7SzeYai"" (704) | #5 ""player 35 @ uewFolxPCK"" (2922) | #10 ""player 36 @ LGay7r_Caq"" (2496)",2026-09-11T08:05:17.047Z,178911391704701
"-- starting hand #56 (id: tjf4iutgnxhx)  No Limit Texas Hold'em (dealer: ""player 7 @ O8SRi7DfXR"") --",2026-09-11T08:05:17.047Z,178911391704700
"""player 36 @ LGay7r_Caq"" shows a K♥, 9♠.",2026-09-11T08:05:13.648Z,178911391364800
"""player 19 @ hwP7SzeYai"" shows a K♣.",2026-09-11T08:05:11.490Z,178911391149000
"""player 7 @ O8SRi7DfXR"" shows a J♦, 9♦.",2026-09-11T08:05:11.382Z,178911391138200
"Undealt cards:  [9♥, 6♦, 7♣, K♦, 8♣]",2026-09-11T08:05:09.537Z,178911390953700
"-- ending hand #55 --",2026-09-11T08:05:09.015Z,178911390901502
"""player 7 @ O8SRi7DfXR"" collected 223 from pot",2026-09-11T08:05:09.015Z,178911390901501
"Uncalled bet of 155 returned to ""player 7 @ O8SRi7DfXR""",2026-09-11T08:05:09.015Z,178911390901500
"""player 36 @ LGay7r_Caq"" folds",2026-09-11T08:05:08.198Z,178911390819800
"""player 35 @ uewFolxPCK"" folds",2026-09-11T08:05:07.155Z,178911390715500
"""player 19 @ hwP7SzeYai"" folds",2026-09-11T08:05:05.928Z,178911390592800
"""player 7 @ O8SRi7DfXR"" raises to 245 and go all in",2026-09-11T08:05:04.986Z,178911390498600
"""player 36 @ LGay7r_Caq"" raises to 90",2026-09-11T08:05:02.779Z,178911390277900
"""player 35 @ uewFolxPCK"" raises to 33",2026-09-11T08:05:00.429Z,178911390042900
"""player 19 @ hwP7SzeYai"" posts a big blind of 10",2026-09-11T08:04:57.152Z,178911389715207
"""player 7 @ O8SRi7DfXR"" posts a small blind of 5",2026-09-11T08:04:57.152Z,178911389715206
"Player stacks: #1 ""player 7 @ O8SRi7DfXR"" (245) | #3 ""player 19 @ hwP7SzeYai"" (714) | #5 ""player 35 @ uewFolxPCK"" (2955) | #10 ""player 36 @ LGay7r_Caq"" (2586)",2026-09-11T08:04:57.152Z,178911389715201
"-- starting hand #55 (id: c8ogtl98zeei)  No Limit Texas Hold'em (dealer: ""player 36 @ LGay7r_Caq"") --",2026-09-11T08:04:57.152Z,178911389715200
"""player 35 @ uewFolxPCK"" shows a A♣, Q♣.",2026-09-11T08:04:55.633Z,178911389563300
"""player 7 @ O8SRi7DfXR"" shows a 7♣.",2026-09-11T08:04:53.625Z,178911389362500
"Undealt cards:  [8♠, J♠, 10♣, 10♠, 7♠]",2026-09-11T08:04:51.212Z,178911389121200
"-- ending hand #54 --",2026-09-11T08:04:49.785Z,178911388978502
"""player 35 @ uewFolxPCK"" collected 25 from pot",2026-09-11T08:04:49.785Z,178911388978501
"Uncalled bet of 23 returned to ""player 35 @ uewFolxPCK""",2026-09-11T08:04:49.785Z,178911388978500
"""player 7 @ O8SRi7DfXR"" folds",2026-09-11T08:04:48.966Z,178911388896600
"""player 36 @ LGay7r_Caq"" folds",2026-09-11T08:04:44.604Z,178911388460400
"""player 35 @ uewFolxPCK"" raises to 33",2026-09-11T08:04:43.301Z,178911388330100
"""player 19 @ hwP7SzeYai"" folds",2026-09-11T08:04:40.840Z,178911388084000
"""player 7 @ O8SRi7DfXR"" posts a big blind of 10",2026-09-11T08:04:35.976Z,178911387597607
"""player 36 @ LGay7r_Caq"" posts a small blind of 5",2026-09-11T08:04:35.976Z,178911387597606
"Your hand is A♣, Q♣",2026-09-11T08:04:35.976Z,178911387597604
"Player stacks: #1 ""player 7 @ O8SRi7DfXR"" (255) | #3 ""player 19 @ hwP7SzeYai"" (714) | #5 ""player 35 @ uewFolxPCK"" (2940) | #10 ""player 36 @ LGay7r_Caq"" (2591)",2026-09-11T08:04:35.976Z,178911387597601
"-- starting hand #54 (id: 6bi0fsoz4mvy)  No Limit Texas Hold'em (dealer: ""player 35 @ uewFolxPCK"") --",2026-09-11T08:04:35.976Z,178911387597600
"-- ending hand #53 --",2026-09-11T08:04:27.952Z,178911386795202
"""player 35 @ uewFolxPCK"" collected 255 from pot with Pair, A's on the second run  (combination: 8♠, 9♠, Q♥, A♦, A♥)",2026-09-11T08:04:27.952Z,178911386795201
"""player 7 @ O8SRi7DfXR"" collected 255 from pot with Full House, K's over Q's (combination: Q♦, Q♠, K♥, K♦, K♣)",2026-09-11T08:04:27.952Z,178911386795200
"River (second run): Q♥, 9♠, 8♠, 7♥ [3♣]",2026-09-11T08:04:23.948Z,178911386394800
"Turn (second run): Q♥, 9♠, 8♠ [7♥]",2026-09-11T08:04:19.900Z,178911385990000
"Flop (second run):  [Q♥, 9♠, 8♠]",2026-09-11T08:04:15.838Z,178911385583800
"River: Q♦, 2♣, Q♠, K♣ [10♣]",2026-09-11T08:04:11.834Z,178911385183400
"Turn: Q♦, 2♣, Q♠ [K♣]",2026-09-11T08:04:07.831Z,178911384783100
"Flop:  [Q♦, 2♣, Q♠]",2026-09-11T08:04:03.780Z,178911384378000
"""player 7 @ O8SRi7DfXR"" shows a K♥, K♦.",2026-09-11T08:03:59.775Z,178911383977500
"""player 35 @ uewFolxPCK"" shows a A♦, A♥.",2026-09-11T08:03:59.382Z,178911383938200
"All players in hand choose to run it twice.",2026-09-11T08:03:58.924Z,178911383892401
"""player 7 @ O8SRi7DfXR"" chooses to  run it twice.",2026-09-11T08:03:58.924Z,178911383892400
"""player 35 @ uewFolxPCK"" chooses to  run it twice.",2026-09-11T08:03:58.611Z,178911383861100
"Remaining players decide whether to run it twice.",2026-09-11T08:03:57.989Z,178911383798901
"""player 35 @ uewFolxPCK"" calls 250",2026-09-11T08:03:57.989Z,178911383798900
"""player 7 @ O8SRi7DfXR"" raises to 250 and go all in",2026-09-11T08:03:55.995Z,178911383599500
"""player 36 @ LGay7r_Caq"" folds",2026-09-11T08:03:54.307Z,178911383430700
"""player 35 @ uewFolxPCK"" raises to 111",2026-09-11T08:03:53.355Z,178911383335500
"""player 19 @ hwP7SzeYai"" folds",2026-09-11T08:03:50.635Z,178911383063500
"""player 7 @ O8SRi7DfXR"" raises to 50",2026-09-11T08:03:49.033Z,178911382903300
"""player 36 @ LGay7r_Caq"" posts a big blind of 10",2026-09-11T08:03:46.171Z,178911382617108
"""player 35 @ uewFolxPCK"" posts a small blind of 5",2026-09-11T08:03:46.171Z,178911382617107
"Your hand is A♦, A♥",2026-09-11T08:03:46.171Z,178911382617105
"Player stacks: #1 ""player 7 @ O8SRi7DfXR"" (250) | #3 ""player 19 @ hwP7SzeYai"" (714) | #5 ""player 35 @ uewFolxPCK"" (2935) | #10 ""player 36 @ LGay7r_Caq"" (2601)",2026-09-11T08:03:46.171Z,178911382617102
"-- starting hand #53 (id: ujzdji6ffrjc)  No Limit Texas Hold'em (dealer: ""player 19 @ hwP7SzeYai"") --",2026-09-11T08:03:46.171Z,178911382617101
"The player ""player 7 @ O8SRi7DfXR"" joined the game with a stack of 250.",2026-09-11T08:03:46.171Z,178911382617100
"-- ending hand #52 --",2026-09-11T08:03:40.154Z,178911382015402
"""player 36 @ LGay7r_Caq"" collected 91 from pot with A High (combination: 6♥, 9♣, J♣, Q♥, A♠)",2026-09-11T08:03:40.154Z,178911382015401
"""player 36 @ LGay7r_Caq"" shows a J♣, 6♥.",2026-09-11T08:03:40.154Z,178911382015400
"""player 35 @ uewFolxPCK"" calls 10",2026-09-11T08:03:39.322Z,178911381932200
"""player 36 @ LGay7r_Caq"" bets 10",2026-09-11T08:03:36.935Z,178911381693500
"""player 35 @ uewFolxPCK"" checks",2026-09-11T08:03:35.754Z,178911381575400
"River: Q♥, 3♦, 5♠, A♠ [9♣]",2026-09-11T08:03:19.934Z,178911379993400
"""player 36 @ LGay7r_Caq"" checks",2026-09-11T08:03:19.060Z,178911379906000
"""player 35 @ uewFolxPCK"" checks",2026-09-11T08:03:18.171Z,178911379817100
"Turn: Q♥, 3♦, 5♠ [A♠]",2026-09-11T08:03:16.324Z,178911379632400
"""player 36 @ LGay7r_Caq"" checks",2026-09-11T08:03:15.463Z,178911379546300
"""player 35 @ uewFolxPCK"" checks",2026-09-11T08:03:13.491Z,178911379349100
"Flop:  [Q♥, 3♦, 5♠]",2026-09-11T08:03:11.820Z,178911379182000
"""player 36 @ LGay7r_Caq"" calls 33",2026-09-11T08:03:11.013Z,178911379101300
"""player 35 @ uewFolxPCK"" raises to 33",2026-09-11T08:03:10.085Z,178911379008500
"""player 19 @ hwP7SzeYai"" folds",2026-09-11T08:03:07.865Z,178911378786500
"""player 36 @ LGay7r_Caq"" calls 10",2026-09-11T08:03:04.175Z,178911378417500
"""player 35 @ uewFolxPCK"" posts a big blind of 10",2026-09-11T08:03:02.651Z,178911378265106
"""player 19 @ hwP7SzeYai"" posts a small blind of 5",2026-09-11T08:03:02.651Z,178911378265105
"Player stacks: #3 ""player 19 @ hwP7SzeYai"" (719) | #5 ""player 35 @ uewFolxPCK"" (2978) | #10 ""player 36 @ LGay7r_Caq"" (2553)",2026-09-11T08:03:02.651Z,178911378265101
"-- starting hand #52 (id: vnunqupe0njn)  No Limit Texas Hold'em (dealer: ""player 36 @ LGay7r_Caq"") --",2026-09-11T08:03:02.651Z,178911378265100
"-- ending hand #51 --",2026-09-11T08:02:59.695Z,178911377969502
"""player 35 @ uewFolxPCK"" collected 137 from pot",2026-09-11T08:02:59.695Z,178911377969501
"Uncalled bet of 66 returned to ""player 35 @ uewFolxPCK""",2026-09-11T08:02:59.695Z,178911377969500
"""player 19 @ hwP7SzeYai"" folds",2026-09-11T08:02:58.806Z,178911377880600
"""player 35 @ uewFolxPCK"" bets 66",2026-09-11T08:02:55.933Z,178911377593300
"""player 19 @ hwP7SzeYai"" checks",2026-09-11T08:02:53.287Z,178911377328700
"River: Q♣, Q♥, 3♦, 6♥ [J♣]",2026-09-11T08:02:51.342Z,178911377134200
"""player 19 @ hwP7SzeYai"" calls 33",2026-09-11T08:02:50.492Z,178911377049200
"""player 35 @ uewFolxPCK"" bets 33",2026-09-11T08:02:49.218Z,178911376921800
"""player 19 @ hwP7SzeYai"" checks",2026-09-11T08:02:47.625Z,178911376762500
"Turn: Q♣, Q♥, 3♦ [6♥]",2026-09-11T08:02:45.759Z,178911376575900
"""player 35 @ uewFolxPCK"" checks",2026-09-11T08:02:44.956Z,178911376495600
"""player 19 @ hwP7SzeYai"" checks",2026-09-11T08:02:43.266Z,178911376326600
"Flop:  [Q♣, Q♥, 3♦]",2026-09-11T08:02:40.883Z,178911376088300
"""player 19 @ hwP7SzeYai"" calls 33",2026-09-11T08:02:40.041Z,178911376004100
"The admin approved the player ""player 7 @ O8SRi7DfXR"" participation with a stack of 250.",2026-09-11T08:02:38.771Z,178911375877100
"""player 36 @ LGay7r_Caq"" folds",2026-09-11T08:02:37.628Z,178911375762800
"The player ""player 7 @ O8SRi7DfXR"" requested a seat.",2026-09-11T08:02:35.826Z,178911375582600
"""player 35 @ uewFolxPCK"" raises to 33",2026-09-11T08:02:35.778Z,178911375577800
"""player 19 @ hwP7SzeYai"" posts a big blind of 10",2026-09-11T08:02:33.880Z,178911375388007
"""player 36 @ LGay7r_Caq"" posts a small blind of 5",2026-09-11T08:02:33.880Z,178911375388006
"Player stacks: #3 ""player 19 @ hwP7SzeYai"" (785) | #5 ""player 35 @ uewFolxPCK"" (2907) | #10 ""player 36 @ LGay7r_Caq"" (2558)",2026-09-11T08:02:33.880Z,178911375388002
"-- starting hand #51 (id: qtlod2xvhdhh)  No Limit Texas Hold'em (dealer: ""player 35 @ uewFolxPCK"") --",2026-09-11T08:02:33.880Z,178911375388001
"The player ""player 7 @ O8SRi7DfXR"" quits the game with a stack of 0.",2026-09-11T08:02:33.880Z,178911375388000
"-- ending hand #50 --",2026-09-11T08:02:25.875Z,178911374587502
"""player 35 @ uewFolxPCK"" collected 1270 from pot with Two Pair, 10's & 8's on the second run  (combination: 9♥, 8♦, 8♥, 10♣, 10♥)",2026-09-11T08:02:25.875Z,178911374587501
"""player 35 @ uewFolxPCK"" collected 1270 from pot with Three of a Kind, 10's (combination: 9♥, A♦, 10♣, 10♥, 10♠)",2026-09-11T08:02:25.875Z,178911374587500
"River (second run): 8♦, 3♠, 9♥, 8♥ [4♣]",2026-09-11T08:02:21.743Z,178911374174300
"Turn (second run): 8♦, 3♠, 9♥ [8♥]",2026-09-11T08:02:17.740Z,178911373774000
"River: 8♦, 3♠, 9♥, 10♠ [A♦]",2026-09-11T08:02:13.698Z,178911373369800
"Turn: 8♦, 3♠, 9♥ [10♠]",2026-09-11T08:02:09.695Z,178911372969500
"""player 7 @ O8SRi7DfXR"" shows a 9♦, J♠.",2026-09-11T08:02:05.663Z,178911372566300
"""player 35 @ uewFolxPCK"" shows a 10♣, 10♥.",2026-09-11T08:02:05.250Z,178911372525000
"All players in hand choose to run it twice.",2026-09-11T08:02:04.763Z,178911372476301
"""player 7 @ O8SRi7DfXR"" chooses to  run it twice.",2026-09-11T08:02:04.763Z,178911372476300
"""player 35 @ uewFolxPCK"" chooses to  run it twice.",2026-09-11T08:02:04.015Z,178911372401500
"Remaining players decide whether to run it twice.",2026-09-11T08:02:03.322Z,178911372332201
"""player 35 @ uewFolxPCK"" calls 1110",2026-09-11T08:02:03.322Z,178911372332200
"""player 19 @ hwP7SzeYai"" folds",2026-09-11T08:01:47.515Z,178911370751500
"""player 7 @ O8SRi7DfXR"" raises to 1110 and go all in",2026-09-11T08:01:44.070Z,178911370407000
"""player 35 @ uewFolxPCK"" raises to 350",2026-09-11T08:01:29.958Z,178911368995800
"""player 19 @ hwP7SzeYai"" calls 100",2026-09-11T08:01:27.272Z,178911368727200
"""player 7 @ O8SRi7DfXR"" bets 100",2026-09-11T08:01:26.382Z,178911368638200
"""player 35 @ uewFolxPCK"" checks",2026-09-11T08:01:21.611Z,178911368161100
"Flop:  [8♦, 3♠, 9♥]",2026-09-11T08:01:18.649Z,178911367864900
"""player 19 @ hwP7SzeYai"" calls 70",2026-09-11T08:01:17.838Z,178911367783800
"""player 7 @ O8SRi7DfXR"" calls 70",2026-09-11T08:01:11.231Z,178911367123100
"""player 36 @ LGay7r_Caq"" folds",2026-09-11T08:01:09.904Z,178911366990400
"""player 35 @ uewFolxPCK"" raises to 70",2026-09-11T08:01:08.998Z,178911366899800
"""player 19 @ hwP7SzeYai"" raises to 35",2026-09-11T08:01:02.563Z,178911366256300
"""player 7 @ O8SRi7DfXR"" calls 10",2026-09-11T08:00:55.093Z,178911365509300
"""player 36 @ LGay7r_Caq"" posts a big blind of 10",2026-09-11T08:00:53.340Z,178911365334007
"""player 35 @ uewFolxPCK"" posts a small blind of 5",2026-09-11T08:00:53.340Z,178911365334006
"Your hand is 10♣, 10♥",2026-09-11T08:00:53.340Z,178911365334004
"Player stacks: #1 ""player 7 @ O8SRi7DfXR"" (1180) | #3 ""player 19 @ hwP7SzeYai"" (955) | #5 ""player 35 @ uewFolxPCK"" (1547) | #10 ""player 36 @ LGay7r_Caq"" (2568)",2026-09-11T08:00:53.340Z,178911365334001
"-- starting hand #50 (id: ulj61wdw3q1r)  No Limit Texas Hold'em (dealer: ""player 19 @ hwP7SzeYai"") --",2026-09-11T08:00:53.340Z,178911365334000
"-- ending hand #49 --",2026-09-11T08:00:47.271Z,178911364727103
"""player 7 @ O8SRi7DfXR"" collected 155 from pot with Two Pair, 10's & 9's (combination: A♦, 9♣, 9♠, 10♦, 10♠)",2026-09-11T08:00:47.271Z,178911364727102
"""player 7 @ O8SRi7DfXR"" shows a A♦, 10♦.",2026-09-11T08:00:47.271Z,178911364727101
"""player 36 @ LGay7r_Caq"" shows a K♣, A♠.",2026-09-11T08:00:47.271Z,178911364727100
"""player 7 @ O8SRi7DfXR"" checks",2026-09-11T08:00:46.448Z,178911364644800
"""player 36 @ LGay7r_Caq"" checks",2026-09-11T08:00:45.405Z,178911364540500
"River: 2♠, 9♣, 9♠, Q♣ [10♠]",2026-09-11T08:00:44.831Z,178911364483100
"""player 7 @ O8SRi7DfXR"" calls 20",2026-09-11T08:00:43.967Z,178911364396700
"""player 36 @ LGay7r_Caq"" bets 20",2026-09-11T08:00:42.995Z,178911364299500
"Turn: 2♠, 9♣, 9♠ [Q♣]",2026-09-11T08:00:41.390Z,178911364139000
"""player 7 @ O8SRi7DfXR"" checks",2026-09-11T08:00:40.546Z,178911364054600
"""player 36 @ LGay7r_Caq"" checks",2026-09-11T08:00:39.632Z,178911363963200
"Flop:  [2♠, 9♣, 9♠]",2026-09-11T08:00:37.867Z,178911363786700
"""player 36 @ LGay7r_Caq"" calls 50",2026-09-11T08:00:37.038Z,178911363703800
"""player 35 @ uewFolxPCK"" folds",2026-09-11T08:00:35.021Z,178911363502100
"""player 19 @ hwP7SzeYai"" folds",2026-09-11T08:00:30.540Z,178911363054000
"""player 7 @ O8SRi7DfXR"" raises to 50",2026-09-11T08:00:28.702Z,178911362870200
"""player 36 @ LGay7r_Caq"" calls 10",2026-09-11T08:00:26.598Z,178911362659800
"""player 35 @ uewFolxPCK"" posts a big blind of 10",2026-09-11T08:00:25.052Z,178911362505207
"""player 19 @ hwP7SzeYai"" posts a small blind of 5",2026-09-11T08:00:25.052Z,178911362505206
"Player stacks: #1 ""player 7 @ O8SRi7DfXR"" (1095) | #3 ""player 19 @ hwP7SzeYai"" (960) | #5 ""player 35 @ uewFolxPCK"" (1557) | #10 ""player 36 @ LGay7r_Caq"" (2638)",2026-09-11T08:00:25.052Z,178911362505201
"-- starting hand #49 (id: jejjsb3rqnnk)  No Limit Texas Hold'em (dealer: ""player 7 @ O8SRi7DfXR"") --",2026-09-11T08:00:25.052Z,178911362505200
"""player 19 @ hwP7SzeYai"" shows a 6♦.",2026-09-11T08:00:22.401Z,178911362240100
"""player 35 @ uewFolxPCK"" shows a 7♦.",2026-09-11T08:00:20.088Z,178911362008800
"""player 35 @ uewFolxPCK"" shows a Q♣.",2026-09-11T08:00:19.883Z,178911361988300
"-- ending hand #48 --",2026-09-11T08:00:18.046Z,178911361804602
"""player 36 @ LGay7r_Caq"" collected 390 from pot with Two Pair, A's & Q's (combination: 9♠, Q♠, Q♦, A♦, A♥)",2026-09-11T08:00:18.046Z,178911361804601
"""player 36 @ LGay7r_Caq"" shows a 9♠, Q♠.",2026-09-11T08:00:18.046Z,178911361804600
"""player 35 @ uewFolxPCK"" calls 130",2026-09-11T08:00:17.131Z,178911361713100
"""player 19 @ hwP7SzeYai"" folds",2026-09-11T08:00:06.213Z,178911360621300
"""player 36 @ LGay7r_Caq"" bets 130",2026-09-11T08:00:00.571Z,178911360057100
"""player 35 @ uewFolxPCK"" checks",2026-09-11T07:59:57.374Z,178911359737400
"""player 19 @ hwP7SzeYai"" checks",2026-09-11T07:59:55.357Z,178911359535700
"River: 6♣, A♦, Q♦, A♥ [8♠]",2026-09-11T07:59:53.639Z,178911359363900
"""player 36 @ LGay7r_Caq"" checks",2026-09-11T07:59:52.771Z,178911359277100
"""player 35 @ uewFolxPCK"" checks",2026-09-11T07:59:50.830Z,178911359083000
"""player 19 @ hwP7SzeYai"" checks",2026-09-11T07:59:49.842Z,178911358984200
"Turn: 6♣, A♦, Q♦ [A♥]",2026-09-11T07:59:47.742Z,178911358774200
"""player 35 @ uewFolxPCK"" calls 30",2026-09-11T07:59:46.895Z,178911358689500
"""player 19 @ hwP7SzeYai"" calls 30",2026-09-11T07:59:44.910Z,178911358491000
"""player 7 @ O8SRi7DfXR"" folds",2026-09-11T07:59:41.972Z,178911358197200
"""player 36 @ LGay7r_Caq"" bets 30",2026-09-11T07:59:40.777Z,178911358077700
"""player 35 @ uewFolxPCK"" checks",2026-09-11T07:59:38.377Z,178911357837700
"""player 19 @ hwP7SzeYai"" checks",2026-09-11T07:59:37.491Z,178911357749100
"""player 7 @ O8SRi7DfXR"" checks",2026-09-11T07:59:35.745Z,178911357574500
"Flop:  [6♣, A♦, Q♦]",2026-09-11T07:59:33.998Z,178911357399800
"""player 19 @ hwP7SzeYai"" checks",2026-09-11T07:59:33.150Z,178911357315000
"""player 7 @ O8SRi7DfXR"" calls 10",2026-09-11T07:59:32.237Z,178911357223700
"""player 36 @ LGay7r_Caq"" calls 10",2026-09-11T07:59:30.977Z,178911357097700
"""player 35 @ uewFolxPCK"" calls 10",2026-09-11T07:59:29.995Z,178911356999500
"""player 19 @ hwP7SzeYai"" posts a big blind of 10",2026-09-11T07:59:28.494Z,178911356849408
"""player 7 @ O8SRi7DfXR"" posts a small blind of 5",2026-09-11T07:59:28.494Z,178911356849407
"Player stacks: #1 ""player 7 @ O8SRi7DfXR"" (1105) | #3 ""player 19 @ hwP7SzeYai"" (1000) | #5 ""player 35 @ uewFolxPCK"" (1727) | #10 ""player 36 @ LGay7r_Caq"" (2418)",2026-09-11T07:59:28.494Z,178911356849402
"-- starting hand #48 (id: jyvcgypaznyo)  No Limit Texas Hold'em (dealer: ""player 36 @ LGay7r_Caq"") --",2026-09-11T07:59:28.494Z,178911356849401
"The player ""player 19 @ hwP7SzeYai"" joined the game with a stack of 1000.",2026-09-11T07:59:28.494Z,178911356849400
"""player 7 @ O8SRi7DfXR"" shows a A♦.",2026-09-11T07:59:24.899Z,178911356489900
"""player 35 @ uewFolxPCK"" shows a A♣.",2026-09-11T07:59:24.700Z,178911356470000
"""player 7 @ O8SRi7DfXR"" shows a 3♠.",2026-09-11T07:59:22.891Z,178911356289100
"Undealt cards: 4♣, 9♠, K♥, 9♣ [J♥]",2026-09-11T07:59:22.286Z,178911356228600
"-- ending hand #47 --",2026-09-11T07:59:21.192Z,178911356119202
"""player 35 @ uewFolxPCK"" collected 71 from pot",2026-09-11T07:59:21.192Z,178911356119201
"Uncalled bet of 44 returned to ""player 35 @ uewFolxPCK""",2026-09-11T07:59:21.192Z,178911356119200
"""player 7 @ O8SRi7DfXR"" folds",2026-09-11T07:59:20.369Z,178911356036900
"""player 35 @ uewFolxPCK"" bets 44",2026-09-11T07:59:17.442Z,178911355744200
"The admin approved the player ""player 19 @ hwP7SzeYai"" participation with a stack of 1000.",2026-09-11T07:59:15.329Z,178911355532900
"""player 7 @ O8SRi7DfXR"" checks",2026-09-11T07:59:12.576Z,178911355257600
"The player ""player 19 @ hwP7SzeYai"" requested a seat.",2026-09-11T07:59:12.272Z,178911355227200
"Turn: 4♣, 9♠, K♥ [9♣]",2026-09-11T07:59:11.185Z,178911355118500
"""player 35 @ uewFolxPCK"" checks",2026-09-11T07:59:10.353Z,178911355035300
"""player 7 @ O8SRi7DfXR"" checks",2026-09-11T07:59:08.841Z,178911354884100
"Flop:  [4♣, 9♠, K♥]",2026-09-11T07:59:07.280Z,178911354728000
"""player 7 @ O8SRi7DfXR"" calls 33",2026-09-11T07:59:06.449Z,178911354644900
"""player 36 @ LGay7r_Caq"" folds",2026-09-11T07:59:03.506Z,178911354350600
"""player 35 @ uewFolxPCK"" raises to 33",2026-09-11T07:59:01.592Z,178911354159200
"""player 7 @ O8SRi7DfXR"" posts a big blind of 10",2026-09-11T07:58:59.366Z,178911353936606
"""player 36 @ LGay7r_Caq"" posts a small blind of 5",2026-09-11T07:58:59.366Z,178911353936605
"Player stacks: #1 ""player 7 @ O8SRi7DfXR"" (1138) | #5 ""player 35 @ uewFolxPCK"" (1689) | #10 ""player 36 @ LGay7r_Caq"" (2423)",2026-09-11T07:58:59.366Z,178911353936601
"-- starting hand #47 (id: 5y8iralfgtv4)  No Limit Texas Hold'em (dealer: ""player 35 @ uewFolxPCK"") --",2026-09-11T07:58:59.366Z,178911353936600
"-- ending hand #46 --",2026-09-11T07:58:51.353Z,178911353135302
"""player 7 @ O8SRi7DfXR"" collected 569 from pot with Pair, A's on the second run  (combination: 8♦, 10♥, K♥, A♥, A♦)",2026-09-11T07:58:51.353Z,178911353135301
"""player 7 @ O8SRi7DfXR"" collected 569 from pot with Pair, A's (combination: 6♠, 8♦, 10♥, A♥, A♦)",2026-09-11T07:58:51.353Z,178911353135300
"River (second run): 8♦, 3♠, 4♦, 10♥ [K♥]",2026-09-11T07:58:47.348Z,178911352734800
"River: 8♦, 3♠, 4♦, 10♥ [6♠]",2026-09-11T07:58:43.344Z,178911352334400
"""player 36 @ LGay7r_Caq"" shows a 10♦, 5♦.",2026-09-11T07:58:39.340Z,178911351934001
"""player 7 @ O8SRi7DfXR"" shows a A♥, A♦.",2026-09-11T07:58:39.340Z,178911351934000
"All players in hand choose to run it twice.",2026-09-11T07:58:38.493Z,178911351849301
"""player 36 @ LGay7r_Caq"" chooses to  run it twice.",2026-09-11T07:58:38.493Z,178911351849300
"""player 7 @ O8SRi7DfXR"" chooses to  run it twice.",2026-09-11T07:58:37.168Z,178911351716800
"Remaining players decide whether to run it twice.",2026-09-11T07:58:36.222Z,178911351622201
"""player 36 @ LGay7r_Caq"" calls 394",2026-09-11T07:58:36.222Z,178911351622200
"""player 7 @ O8SRi7DfXR"" bets 394 and go all in",2026-09-11T07:58:35.277Z,178911351527700
"""player 36 @ LGay7r_Caq"" checks",2026-09-11T07:58:32.377Z,178911351237700
"Turn: 8♦, 3♠, 4♦ [10♥]",2026-09-11T07:58:30.443Z,178911351044300
"""player 36 @ LGay7r_Caq"" calls 100",2026-09-11T07:58:29.623Z,178911350962300
"""player 35 @ uewFolxPCK"" folds",2026-09-11T07:58:28.723Z,178911350872300
"""player 7 @ O8SRi7DfXR"" raises to 100",2026-09-11T07:58:27.413Z,178911350741300
"""player 36 @ LGay7r_Caq"" bets 20",2026-09-11T07:58:23.235Z,178911350323500
"""player 35 @ uewFolxPCK"" checks",2026-09-11T07:58:21.271Z,178911350127100
"Flop:  [8♦, 3♠, 4♦]",2026-09-11T07:58:19.020Z,178911349902000
"""player 36 @ LGay7r_Caq"" calls 50",2026-09-11T07:58:18.184Z,178911349818400
"""player 35 @ uewFolxPCK"" calls 50",2026-09-11T07:58:17.230Z,178911349723000
"""player 7 @ O8SRi7DfXR"" raises to 50",2026-09-11T07:58:14.466Z,178911349446600
"""player 36 @ LGay7r_Caq"" posts a big blind of 10",2026-09-11T07:58:09.915Z,178911348991506
"""player 35 @ uewFolxPCK"" posts a small blind of 5",2026-09-11T07:58:09.915Z,178911348991505
"Player stacks: #1 ""player 7 @ O8SRi7DfXR"" (544) | #5 ""player 35 @ uewFolxPCK"" (1739) | #10 ""player 36 @ LGay7r_Caq"" (2967)",2026-09-11T07:58:09.915Z,178911348991501
"-- starting hand #46 (id: vgfvltl3ego0)  No Limit Texas Hold'em (dealer: ""player 7 @ O8SRi7DfXR"") --",2026-09-11T07:58:09.915Z,178911348991500
"""player 35 @ uewFolxPCK"" shows a 10♠.",2026-09-11T07:58:07.804Z,178911348780400
"Undealt cards: 9♦, 6♠, 7♠, J♠ [J♣]",2026-09-11T07:58:04.965Z,178911348496500
"-- ending hand #45 --",2026-09-11T07:58:03.302Z,178911348330202
"""player 35 @ uewFolxPCK"" collected 132 from pot",2026-09-11T07:58:03.302Z,178911348330201
"Uncalled bet of 44 returned to ""player 35 @ uewFolxPCK""",2026-09-11T07:58:03.302Z,178911348330200
"""player 7 @ O8SRi7DfXR"" folds",2026-09-11T07:58:02.426Z,178911348242600
"""player 35 @ uewFolxPCK"" bets 44",2026-09-11T07:57:48.707Z,178911346870700
"""player 7 @ O8SRi7DfXR"" checks",2026-09-11T07:57:46.900Z,178911346690000
"Turn: 9♦, 6♠, 7♠ [J♠]",2026-09-11T07:57:45.368Z,178911346536800
"""player 7 @ O8SRi7DfXR"" calls 33",2026-09-11T07:57:44.542Z,178911346454200
"""player 35 @ uewFolxPCK"" bets 33",2026-09-11T07:57:43.429Z,178911346342900
"""player 7 @ O8SRi7DfXR"" checks",2026-09-11T07:57:40.974Z,178911346097400
"Flop:  [9♦, 6♠, 7♠]",2026-09-11T07:57:38.558Z,178911345855800
"""player 7 @ O8SRi7DfXR"" calls 33",2026-09-11T07:57:37.700Z,178911345770000
"""player 35 @ uewFolxPCK"" raises to 33",2026-09-11T07:57:36.165Z,178911345616500
"""player 7 @ O8SRi7DfXR"" calls 10",2026-09-11T07:57:33.639Z,178911345363900
"""player 36 @ LGay7r_Caq"" folds",2026-09-11T07:57:32.585Z,178911345258500
"""player 35 @ uewFolxPCK"" posts a big blind of 10",2026-09-11T07:57:31.349Z,178911345134906
"""player 7 @ O8SRi7DfXR"" posts a small blind of 5",2026-09-11T07:57:31.349Z,178911345134905
"Player stacks: #1 ""player 7 @ O8SRi7DfXR"" (610) | #5 ""player 35 @ uewFolxPCK"" (1673) | #10 ""player 36 @ LGay7r_Caq"" (2967)",2026-09-11T07:57:31.349Z,178911345134901
"-- starting hand #45 (id: 4z2ryvjoelu1)  No Limit Texas Hold'em (dealer: ""player 36 @ LGay7r_Caq"") --",2026-09-11T07:57:31.349Z,178911345134900
"-- ending hand #44 --",2026-09-11T07:57:25.343Z,178911344534303
"""player 7 @ O8SRi7DfXR"" collected 110 from pot with Two Pair, Q's & 4's (combination: A♠, 4♥, 4♣, Q♦, Q♣)",2026-09-11T07:57:25.343Z,178911344534302
"""player 7 @ O8SRi7DfXR"" shows a J♥, A♠.",2026-09-11T07:57:25.343Z,178911344534301
"""player 36 @ LGay7r_Caq"" shows a 9♠, 8♥.",2026-09-11T07:57:25.343Z,178911344534300
"""player 7 @ O8SRi7DfXR"" checks",2026-09-11T07:57:24.476Z,178911344447600
"""player 36 @ LGay7r_Caq"" checks",2026-09-11T07:57:23.534Z,178911344353400
"River: 2♠, 4♥, 4♣, Q♦ [Q♣]",2026-09-11T07:57:22.543Z,178911344254300
"""player 7 @ O8SRi7DfXR"" checks",2026-09-11T07:57:21.657Z,178911344165700
"""player 36 @ LGay7r_Caq"" checks",2026-09-11T07:57:20.682Z,178911344068200
"Turn: 2♠, 4♥, 4♣ [Q♦]",2026-09-11T07:57:19.844Z,178911343984400
"""player 7 @ O8SRi7DfXR"" checks",2026-09-11T07:57:18.998Z,178911343899800
"""player 36 @ LGay7r_Caq"" checks",2026-09-11T07:57:18.031Z,178911343803100
"Flop:  [2♠, 4♥, 4♣]",2026-09-11T07:57:16.616Z,178911343661600
"""player 36 @ LGay7r_Caq"" calls 50",2026-09-11T07:57:15.790Z,178911343579000
"""player 35 @ uewFolxPCK"" folds",2026-09-11T07:57:14.388Z,178911343438800
"""player 7 @ O8SRi7DfXR"" raises to 50",2026-09-11T07:57:12.048Z,178911343204800
"""player 36 @ LGay7r_Caq"" calls 10",2026-09-11T07:57:05.298Z,178911342529800
"""player 35 @ uewFolxPCK"" calls 10",2026-09-11T07:57:04.356Z,178911342435600
"""player 7 @ O8SRi7DfXR"" posts a big blind of 10",2026-09-11T07:57:01.298Z,178911342129806
"""player 36 @ LGay7r_Caq"" posts a small blind of 5",2026-09-11T07:57:01.298Z,178911342129805
"Player stacks: #1 ""player 7 @ O8SRi7DfXR"" (550) | #5 ""player 35 @ uewFolxPCK"" (1683) | #10 ""player 36 @ LGay7r_Caq"" (3017)",2026-09-11T07:57:01.298Z,178911342129801
"-- starting hand #44 (id: b54tepx7gkzb)  No Limit Texas Hold'em (dealer: ""player 35 @ uewFolxPCK"") --",2026-09-11T07:57:01.298Z,178911342129800
"""player 36 @ LGay7r_Caq"" shows a 7♦, 2♥.",2026-09-11T07:56:58.239Z,178911341823900
"""player 7 @ O8SRi7DfXR"" shows a 4♦, J♣.",2026-09-11T07:56:55.519Z,178911341551900
"Undealt cards: J♦, 3♦, 5♥ [2♣, K♦]",2026-09-11T07:56:55.511Z,178911341551100
"-- ending hand #43 --",2026-09-11T07:56:53.965Z,178911341396502
"""player 7 @ O8SRi7DfXR"" collected 297 from pot",2026-09-11T07:56:53.965Z,178911341396501
"Uncalled bet of 253 returned to ""player 7 @ O8SRi7DfXR""",2026-09-11T07:56:53.965Z,178911341396500
"""player 36 @ LGay7r_Caq"" folds",2026-09-11T07:56:53.137Z,178911341313700
"""player 7 @ O8SRi7DfXR"" bets 253 and go all in",2026-09-11T07:56:52.229Z,178911341222900
"""player 36 @ LGay7r_Caq"" checks",2026-09-11T07:56:50.416Z,178911341041600
"Flop:  [J♦, 3♦, 5♥]",2026-09-11T07:56:48.763Z,178911340876300
"""player 36 @ LGay7r_Caq"" calls 132",2026-09-11T07:56:47.921Z,178911340792100
"""player 35 @ uewFolxPCK"" folds",2026-09-11T07:56:47.004Z,178911340700400
"""player 7 @ O8SRi7DfXR"" raises to 132",2026-09-11T07:56:44.628Z,178911340462800
"""player 36 @ LGay7r_Caq"" calls 33",2026-09-11T07:56:40.344Z,178911340034400
"""player 35 @ uewFolxPCK"" raises to 33",2026-09-11T07:56:38.726Z,178911339872600
"""player 7 @ O8SRi7DfXR"" calls 10",2026-09-11T07:56:36.174Z,178911339617400
"""player 36 @ LGay7r_Caq"" posts a big blind of 10",2026-09-11T07:56:28.403Z,178911338840306
"""player 35 @ uewFolxPCK"" posts a small blind of 5",2026-09-11T07:56:28.403Z,178911338840305
"Player stacks: #1 ""player 7 @ O8SRi7DfXR"" (385) | #5 ""player 35 @ uewFolxPCK"" (1716) | #10 ""player 36 @ LGay7r_Caq"" (3149)",2026-09-11T07:56:28.403Z,178911338840301
"-- starting hand #43 (id: aiz0fgr0h5rn)  No Limit Texas Hold'em (dealer: ""player 7 @ O8SRi7DfXR"") --",2026-09-11T07:56:28.403Z,178911338840300
"""player 36 @ LGay7r_Caq"" shows a A♦, Q♦.",2026-09-11T07:56:23.385Z,178911338338500
"-- ending hand #42 --",2026-09-11T07:56:21.892Z,178911338189202
"""player 35 @ uewFolxPCK"" collected 125 from pot with Two Pair, 7's & 3's (combination: 9♥, 3♦, 3♥, 7♠, 7♦)",2026-09-11T07:56:21.892Z,178911338189201
"""player 35 @ uewFolxPCK"" shows a 3♦, 3♥.",2026-09-11T07:56:21.892Z,178911338189200
"""player 36 @ LGay7r_Caq"" checks",2026-09-11T07:56:21.028Z,178911338102800
"""player 35 @ uewFolxPCK"" checks",2026-09-11T07:56:20.112Z,178911338011200
"River: 8♠, 2♥, 7♠, 7♦ [9♥]",2026-09-11T07:56:18.293Z,178911337829300
"""player 36 @ LGay7r_Caq"" calls 40",2026-09-11T07:56:17.482Z,178911337748200
"""player 35 @ uewFolxPCK"" raises to 40",2026-09-11T07:56:16.498Z,178911337649800
"""player 36 @ LGay7r_Caq"" bets 10",2026-09-11T07:56:13.852Z,178911337385200
"""player 35 @ uewFolxPCK"" checks",2026-09-11T07:56:12.705Z,178911337270500
"Turn: 8♠, 2♥, 7♠ [7♦]",2026-09-11T07:56:06.978Z,178911336697800
"""player 36 @ LGay7r_Caq"" checks",2026-09-11T07:56:06.119Z,178911336611900
"""player 35 @ uewFolxPCK"" checks",2026-09-11T07:56:03.462Z,178911336346200
"Flop:  [8♠, 2♥, 7♠]",2026-09-11T07:56:01.358Z,178911336135800
"""player 35 @ uewFolxPCK"" calls 20",2026-09-11T07:56:00.518Z,178911336051800
"""player 7 @ O8SRi7DfXR"" folds",2026-09-11T07:55:58.773Z,178911335877300
"""player 36 @ LGay7r_Caq"" raises to 20",2026-09-11T07:55:50.896Z,178911335089600
"""player 35 @ uewFolxPCK"" posts a big blind of 10",2026-09-11T07:55:49.156Z,178911334915606
"""player 7 @ O8SRi7DfXR"" posts a small blind of 5",2026-09-11T07:55:49.156Z,178911334915605
"Your hand is 3♦, 3♥",2026-09-11T07:55:49.156Z,178911334915603
"Player stacks: #1 ""player 7 @ O8SRi7DfXR"" (390) | #5 ""player 35 @ uewFolxPCK"" (1651) | #10 ""player 36 @ LGay7r_Caq"" (3209)",2026-09-11T07:55:49.156Z,178911334915601
"-- starting hand #42 (id: 8jtvbirt7mgj)  No Limit Texas Hold'em (dealer: ""player 36 @ LGay7r_Caq"") --",2026-09-11T07:55:49.156Z,178911334915600
"-- ending hand #41 --",2026-09-11T07:55:43.120Z,178911334312003
"""player 36 @ LGay7r_Caq"" collected 1040 from pot with Pair, J's (combination: 5♦, 10♦, A♣, J♦, J♠)",2026-09-11T07:55:43.120Z,178911334312002
"""player 36 @ LGay7r_Caq"" shows a J♦, 10♦.",2026-09-11T07:55:43.120Z,178911334312001
"""player 35 @ uewFolxPCK"" shows a 2♦, 7♥.",2026-09-11T07:55:43.120Z,178911334312000
"""player 36 @ LGay7r_Caq"" calls 235",2026-09-11T07:55:42.315Z,178911334231500
"""player 35 @ uewFolxPCK"" bets 235",2026-09-11T07:55:35.716Z,178911333571600
"""player 36 @ LGay7r_Caq"" checks",2026-09-11T07:55:26.928Z,178911332692800
"River: 3♠, J♠, A♣, 5♦ [2♣]",2026-09-11T07:55:25.703Z,178911332570300
"""player 7 @ O8SRi7DfXR"" folds",2026-09-11T07:55:24.848Z,178911332484800
"""player 36 @ LGay7r_Caq"" calls 120",2026-09-11T07:55:23.743Z,178911332374300
"""player 35 @ uewFolxPCK"" bets 120",2026-09-11T07:55:22.741Z,178911332274100
"""player 7 @ O8SRi7DfXR"" checks",2026-09-11T07:55:20.382Z,178911332038200
"""player 36 @ LGay7r_Caq"" checks",2026-09-11T07:55:18.768Z,178911331876800
"Turn: 3♠, J♠, A♣ [5♦]",2026-09-11T07:55:17.590Z,178911331759000
"""player 7 @ O8SRi7DfXR"" calls 80",2026-09-11T07:55:16.766Z,178911331676600
"""player 36 @ LGay7r_Caq"" calls 80",2026-09-11T07:55:15.684Z,178911331568400
"""player 35 @ uewFolxPCK"" raises to 80",2026-09-11T07:55:14.720Z,178911331472000
"""player 7 @ O8SRi7DfXR"" calls 20",2026-09-11T07:55:11.754Z,178911331175400
"""player 36 @ LGay7r_Caq"" bets 20",2026-09-11T07:55:10.566Z,178911331056600
"Flop:  [3♠, J♠, A♣]",2026-09-11T07:55:07.491Z,178911330749100
"""player 7 @ O8SRi7DfXR"" calls 30",2026-09-11T07:55:06.602Z,178911330660200
"""player 36 @ LGay7r_Caq"" calls 30",2026-09-11T07:55:05.271Z,178911330527100
"""player 35 @ uewFolxPCK"" raises to 30",2026-09-11T07:55:04.325Z,178911330432500
"""player 7 @ O8SRi7DfXR"" posts a big blind of 10",2026-09-11T07:55:02.201Z,178911330220106
"""player 36 @ LGay7r_Caq"" posts a small blind of 5",2026-09-11T07:55:02.201Z,178911330220105
"Your hand is 2♦, 7♥",2026-09-11T07:55:02.201Z,178911330220103
"Player stacks: #1 ""player 7 @ O8SRi7DfXR"" (500) | #5 ""player 35 @ uewFolxPCK"" (2116) | #10 ""player 36 @ LGay7r_Caq"" (2634)",2026-09-11T07:55:02.201Z,178911330220101
"-- starting hand #41 (id: sg6wkllnmdoa)  No Limit Texas Hold'em (dealer: ""player 35 @ uewFolxPCK"") --",2026-09-11T07:55:02.201Z,178911330220100
"""player 35 @ uewFolxPCK"" shows a 5♣.",2026-09-11T07:54:58.848Z,178911329884800
"""player 36 @ LGay7r_Caq"" shows a 8♣, 3♣.",2026-09-11T07:54:56.497Z,178911329649700
"Undealt cards: 7♥, 9♥, Q♦, 9♣ [7♦]",2026-09-11T07:54:55.014Z,178911329501400
"-- ending hand #40 --",2026-09-11T07:54:54.809Z,178911329480902
"""player 36 @ LGay7r_Caq"" collected 159 from pot",2026-09-11T07:54:54.809Z,178911329480901
"Uncalled bet of 100 returned to ""player 36 @ LGay7r_Caq""",2026-09-11T07:54:54.809Z,178911329480900
"""player 35 @ uewFolxPCK"" folds",2026-09-11T07:54:53.994Z,178911329399400
"""player 7 @ O8SRi7DfXR"" folds",2026-09-11T07:54:52.016Z,178911329201600
"""player 36 @ LGay7r_Caq"" bets 100",2026-09-11T07:54:50.409Z,178911329040900
"""player 35 @ uewFolxPCK"" checks",2026-09-11T07:54:46.478Z,178911328647800
"Turn: 7♥, 9♥, Q♦ [9♣]",2026-09-11T07:54:44.548Z,178911328454800
"""player 35 @ uewFolxPCK"" calls 20",2026-09-11T07:54:43.647Z,178911328364700
"""player 7 @ O8SRi7DfXR"" calls 20",2026-09-11T07:54:40.182Z,178911328018200
"""player 36 @ LGay7r_Caq"" bets 20",2026-09-11T07:54:38.170Z,178911327817000
"""player 35 @ uewFolxPCK"" checks",2026-09-11T07:54:35.856Z,178911327585600
"Flop:  [7♥, 9♥, Q♦]",2026-09-11T07:54:33.949Z,178911327394900
"""player 7 @ O8SRi7DfXR"" calls 33",2026-09-11T07:54:33.078Z,178911327307800
"""player 36 @ LGay7r_Caq"" calls 33",2026-09-11T07:54:32.153Z,178911327215300
"""player 35 @ uewFolxPCK"" raises to 33",2026-09-11T07:54:30.866Z,178911327086600
"""player 7 @ O8SRi7DfXR"" calls 10",2026-09-11T07:54:27.351Z,178911326735100
"""player 36 @ LGay7r_Caq"" posts a big blind of 10",2026-09-11T07:54:22.854Z,178911326285406
"""player 35 @ uewFolxPCK"" posts a small blind of 5",2026-09-11T07:54:22.854Z,178911326285405
"Player stacks: #1 ""player 7 @ O8SRi7DfXR"" (553) | #5 ""player 35 @ uewFolxPCK"" (2169) | #10 ""player 36 @ LGay7r_Caq"" (2528)",2026-09-11T07:54:22.854Z,178911326285401
"-- starting hand #40 (id: 7x3aa0cdpkzg)  No Limit Texas Hold'em (dealer: ""player 7 @ O8SRi7DfXR"") --",2026-09-11T07:54:22.854Z,178911326285400
"""player 7 @ O8SRi7DfXR"" shows a 3♣.",2026-09-11T07:54:19.759Z,178911325975900
"-- ending hand #39 --",2026-09-11T07:54:16.341Z,178911325634103
"""player 36 @ LGay7r_Caq"" collected 120 from pot with Two Pair, Q's & 4's (combination: 5♠, 4♠, 4♦, Q♥, Q♦)",2026-09-11T07:54:16.341Z,178911325634102
"""player 36 @ LGay7r_Caq"" shows a Q♥, 4♠.",2026-09-11T07:54:16.341Z,178911325634101
"""player 35 @ uewFolxPCK"" shows a K♣, 3♥.",2026-09-11T07:54:16.341Z,178911325634100
"""player 36 @ LGay7r_Caq"" checks",2026-09-11T07:54:15.524Z,178911325552400
"""player 35 @ uewFolxPCK"" checks",2026-09-11T07:54:13.510Z,178911325351000
"River: 3♠, 2♥, 5♠, Q♦ [4♦]",2026-09-11T07:54:11.168Z,178911325116800
"""player 36 @ LGay7r_Caq"" checks",2026-09-11T07:54:10.342Z,178911325034200
"""player 35 @ uewFolxPCK"" checks",2026-09-11T07:54:08.768Z,178911324876800
"Turn: 3♠, 2♥, 5♠ [Q♦]",2026-09-11T07:54:06.451Z,178911324645100
"""player 7 @ O8SRi7DfXR"" folds",2026-09-11T07:54:05.615Z,178911324561500
"""player 36 @ LGay7r_Caq"" calls 40",2026-09-11T07:54:03.563Z,178911324356300
"""player 35 @ uewFolxPCK"" raises to 40",2026-09-11T07:54:02.134Z,178911324213400
"""player 7 @ O8SRi7DfXR"" bets 10",2026-09-11T07:53:58.980Z,178911323898000
"Flop:  [3♠, 2♥, 5♠]",2026-09-11T07:53:54.974Z,178911323497400
"""player 35 @ uewFolxPCK"" checks",2026-09-11T07:53:54.095Z,178911323409500
"""player 7 @ O8SRi7DfXR"" calls 10",2026-09-11T07:53:51.872Z,178911323187200
"""player 36 @ LGay7r_Caq"" calls 10",2026-09-11T07:53:47.782Z,178911322778200
"""player 35 @ uewFolxPCK"" posts a big blind of 10",2026-09-11T07:53:46.274Z,178911322627406
"""player 7 @ O8SRi7DfXR"" posts a small blind of 5",2026-09-11T07:53:46.274Z,178911322627405
"Your hand is K♣, 3♥",2026-09-11T07:53:46.274Z,178911322627403
"Player stacks: #1 ""player 7 @ O8SRi7DfXR"" (573) | #5 ""player 35 @ uewFolxPCK"" (2219) | #10 ""player 36 @ LGay7r_Caq"" (2458)",2026-09-11T07:53:46.274Z,178911322627401
"-- starting hand #39 (id: n8jkzvdqxlxm)  No Limit Texas Hold'em (dealer: ""player 36 @ LGay7r_Caq"") --",2026-09-11T07:53:46.274Z,178911322627400
"""player 35 @ uewFolxPCK"" shows a Q♣.",2026-09-11T07:53:42.398Z,178911322239800
"-- ending hand #38 --",2026-09-11T07:53:39.753Z,178911321975302
"""player 36 @ LGay7r_Caq"" collected 342 from pot with Pair, Q's (combination: 7♠, 10♥, A♣, Q♥, Q♦)",2026-09-11T07:53:39.753Z,178911321975301
"""player 36 @ LGay7r_Caq"" shows a Q♥, 7♠.",2026-09-11T07:53:39.753Z,178911321975300
"""player 35 @ uewFolxPCK"" calls 90",2026-09-11T07:53:38.916Z,178911321891600
"""player 36 @ LGay7r_Caq"" bets 90",2026-09-11T07:53:26.522Z,178911320652200
"River: 3♠, 5♣, Q♦, 10♥ [A♣]",2026-09-11T07:53:23.511Z,178911320351100
"""player 36 @ LGay7r_Caq"" calls 33",2026-09-11T07:53:22.677Z,178911320267700
"""player 35 @ uewFolxPCK"" bets 33",2026-09-11T07:53:19.459Z,178911319945900
"""player 36 @ LGay7r_Caq"" checks",2026-09-11T07:53:16.990Z,178911319699000
"Turn: 3♠, 5♣, Q♦ [10♥]",2026-09-11T07:53:15.563Z,178911319556300
"""player 36 @ LGay7r_Caq"" calls 33",2026-09-11T07:53:14.747Z,178911319474700
"""player 35 @ uewFolxPCK"" raises to 33",2026-09-11T07:53:11.653Z,178911319165300
"""player 7 @ O8SRi7DfXR"" folds",2026-09-11T07:53:08.517Z,178911318851700
"""player 36 @ LGay7r_Caq"" bets 10",2026-09-11T07:53:07.063Z,178911318706300
"Flop:  [3♠, 5♣, Q♦]",2026-09-11T07:52:57.433Z,178911317743300
"""player 7 @ O8SRi7DfXR"" checks",2026-09-11T07:52:56.620Z,178911317662000
"""player 36 @ LGay7r_Caq"" calls 10",2026-09-11T07:52:55.673Z,178911317567300
"""player 35 @ uewFolxPCK"" calls 10",2026-09-11T07:52:53.838Z,178911317383800
"""player 7 @ O8SRi7DfXR"" posts a big blind of 10",2026-09-11T07:52:52.102Z,178911317210206
"""player 36 @ LGay7r_Caq"" posts a small blind of 5",2026-09-11T07:52:52.102Z,178911317210205
"Player stacks: #1 ""player 7 @ O8SRi7DfXR"" (583) | #5 ""player 35 @ uewFolxPCK"" (2385) | #10 ""player 36 @ LGay7r_Caq"" (2282)",2026-09-11T07:52:52.102Z,178911317210201
"-- starting hand #38 (id: 3r45y3et4n8c)  No Limit Texas Hold'em (dealer: ""player 35 @ uewFolxPCK"") --",2026-09-11T07:52:52.102Z,178911317210200
"""player 7 @ O8SRi7DfXR"" shows a 2♠.",2026-09-11T07:52:47.664Z,178911316766400
"Undealt cards: K♣, 6♦, 6♣ [4♥, 5♠]",2026-09-11T07:52:45.773Z,178911316577300
"-- ending hand #37 --",2026-09-11T07:52:45.472Z,178911316547202
"""player 36 @ LGay7r_Caq"" collected 30 from pot",2026-09-11T07:52:45.472Z,178911316547201
"Uncalled bet of 20 returned to ""player 36 @ LGay7r_Caq""",2026-09-11T07:52:45.472Z,178911316547200
"""player 35 @ uewFolxPCK"" folds",2026-09-11T07:52:44.636Z,178911316463600
"""player 7 @ O8SRi7DfXR"" folds",2026-09-11T07:52:42.863Z,178911316286300
"""player 36 @ LGay7r_Caq"" bets 20",2026-09-11T07:52:35.100Z,178911315510000
"""player 35 @ uewFolxPCK"" checks",2026-09-11T07:52:32.477Z,178911315247700
"Flop:  [K♣, 6♦, 6♣]",2026-09-11T07:52:29.555Z,178911314955500
"""player 36 @ LGay7r_Caq"" checks",2026-09-11T07:52:28.719Z,178911314871900
"""player 35 @ uewFolxPCK"" calls 10",2026-09-11T07:52:24.803Z,178911314480300
"""player 7 @ O8SRi7DfXR"" calls 10",2026-09-11T07:52:23.369Z,178911314336900
"""player 36 @ LGay7r_Caq"" posts a big blind of 10",2026-09-11T07:52:21.407Z,178911314140706
"""player 35 @ uewFolxPCK"" posts a small blind of 5",2026-09-11T07:52:21.407Z,178911314140705
"Player stacks: #1 ""player 7 @ O8SRi7DfXR"" (593) | #5 ""player 35 @ uewFolxPCK"" (2395) | #10 ""player 36 @ LGay7r_Caq"" (2262)",2026-09-11T07:52:21.407Z,178911314140701
"-- starting hand #37 (id: 28rptxuauyak)  No Limit Texas Hold'em (dealer: ""player 7 @ O8SRi7DfXR"") --",2026-09-11T07:52:21.407Z,178911314140700
"""player 7 @ O8SRi7DfXR"" shows a 9♥.",2026-09-11T07:52:18.147Z,178911313814700
"-- ending hand #36 --",2026-09-11T07:52:17.751Z,178911313775102
"""player 35 @ uewFolxPCK"" collected 273 from pot",2026-09-11T07:52:17.751Z,178911313775101
"Uncalled bet of 44 returned to ""player 35 @ uewFolxPCK""",2026-09-11T07:52:17.751Z,178911313775100
"""player 7 @ O8SRi7DfXR"" folds",2026-09-11T07:52:16.945Z,178911313694500
"""player 36 @ LGay7r_Caq"" folds",2026-09-11T07:52:05.968Z,178911312596800
"""player 35 @ uewFolxPCK"" bets 44",2026-09-11T07:52:04.952Z,178911312495200
"""player 7 @ O8SRi7DfXR"" checks",2026-09-11T07:52:02.709Z,178911312270900
"River: 3♦, 6♥, 7♣, 8♠ [J♦]",2026-09-11T07:51:58.622Z,178911311862200
"""player 7 @ O8SRi7DfXR"" calls 66",2026-09-11T07:51:57.813Z,178911311781300
"""player 36 @ LGay7r_Caq"" calls 66",2026-09-11T07:51:56.342Z,178911311634200
"""player 35 @ uewFolxPCK"" bets 66",2026-09-11T07:51:55.444Z,178911311544400
"""player 7 @ O8SRi7DfXR"" checks",2026-09-11T07:51:52.636Z,178911311263600
"Turn: 3♦, 6♥, 7♣ [8♠]",2026-09-11T07:51:51.093Z,178911311109300
"""player 36 @ LGay7r_Caq"" checks",2026-09-11T07:51:50.252Z,178911311025200
"""player 35 @ uewFolxPCK"" checks",2026-09-11T07:51:49.332Z,178911310933200
"""player 7 @ O8SRi7DfXR"" checks",2026-09-11T07:51:43.862Z,178911310386200
"Flop:  [3♦, 6♥, 7♣]",2026-09-11T07:51:42.292Z,178911310229200
"""player 36 @ LGay7r_Caq"" calls 25",2026-09-11T07:51:41.463Z,178911310146300
"""player 35 @ uewFolxPCK"" calls 25",2026-09-11T07:51:39.370Z,178911309937000
"""player 7 @ O8SRi7DfXR"" raises to 25",2026-09-11T07:51:38.462Z,178911309846200
"""player 36 @ LGay7r_Caq"" calls 10",2026-09-11T07:51:34.448Z,178911309444800
"""player 35 @ uewFolxPCK"" posts a big blind of 10",2026-09-11T07:51:33.351Z,178911309335106
"""player 7 @ O8SRi7DfXR"" posts a small blind of 5",2026-09-11T07:51:33.351Z,178911309335105
"Player stacks: #1 ""player 7 @ O8SRi7DfXR"" (684) | #5 ""player 35 @ uewFolxPCK"" (2213) | #10 ""player 36 @ LGay7r_Caq"" (2353)",2026-09-11T07:51:33.351Z,178911309335101
"-- starting hand #36 (id: sd5juasdfoia)  No Limit Texas Hold'em (dealer: ""player 36 @ LGay7r_Caq"") --",2026-09-11T07:51:33.351Z,178911309335100
"Undealt cards: 10♥, K♦, 5♦, J♠ [K♠]",2026-09-11T07:51:28.442Z,178911308844200
"""player 7 @ O8SRi7DfXR"" shows a 10♦.",2026-09-11T07:51:28.161Z,178911308816100
"-- ending hand #35 --",2026-09-11T07:51:26.748Z,178911308674802
"""player 35 @ uewFolxPCK"" collected 165 from pot",2026-09-11T07:51:26.748Z,178911308674801
"Uncalled bet of 90 returned to ""player 35 @ uewFolxPCK""",2026-09-11T07:51:26.748Z,178911308674800
"""player 7 @ O8SRi7DfXR"" folds",2026-09-11T07:51:25.925Z,178911308592500
"""player 35 @ uewFolxPCK"" bets 90",2026-09-11T07:51:24.478Z,178911308447800
"""player 7 @ O8SRi7DfXR"" checks",2026-09-11T07:51:20.197Z,178911308019700
"Turn: 10♥, K♦, 5♦ [J♠]",2026-09-11T07:51:16.047Z,178911307604700
"""player 36 @ LGay7r_Caq"" folds",2026-09-11T07:51:15.243Z,178911307524300
"""player 35 @ uewFolxPCK"" calls 33",2026-09-11T07:51:13.998Z,178911307399800
"""player 7 @ O8SRi7DfXR"" bets 33",2026-09-11T07:51:09.843Z,178911306984300
"""player 36 @ LGay7r_Caq"" checks",2026-09-11T07:51:03.684Z,178911306368400
"Flop:  [10♥, K♦, 5♦]",2026-09-11T07:51:02.187Z,178911306218700
"""player 7 @ O8SRi7DfXR"" calls 33",2026-09-11T07:51:01.286Z,178911306128600
"""player 36 @ LGay7r_Caq"" calls 33",2026-09-11T07:51:00.317Z,178911306031700
"""player 35 @ uewFolxPCK"" raises to 33",2026-09-11T07:50:59.365Z,178911305936500
"""player 7 @ O8SRi7DfXR"" posts a big blind of 10",2026-09-11T07:50:57.551Z,178911305755107
"""player 36 @ LGay7r_Caq"" posts a small blind of 5",2026-09-11T07:50:57.551Z,178911305755106
"Player stacks: #1 ""player 7 @ O8SRi7DfXR"" (750) | #5 ""player 35 @ uewFolxPCK"" (2114) | #10 ""player 36 @ LGay7r_Caq"" (2386)",2026-09-11T07:50:57.551Z,178911305755102
"-- starting hand #35 (id: mtzhl9e0plvi)  No Limit Texas Hold'em (dealer: ""player 35 @ uewFolxPCK"") --",2026-09-11T07:50:57.551Z,178911305755101
"The player ""player 7 @ O8SRi7DfXR"" joined the game with a stack of 750.",2026-09-11T07:50:57.551Z,178911305755100
"""player 36 @ LGay7r_Caq"" shows a K♠, 3♣.",2026-09-11T07:50:54.867Z,178911305486700
"-- ending hand #34 --",2026-09-11T07:50:53.880Z,178911305388002
"""player 36 @ LGay7r_Caq"" collected 110 from pot",2026-09-11T07:50:53.880Z,178911305388001
"Uncalled bet of 68 returned to ""player 36 @ LGay7r_Caq""",2026-09-11T07:50:53.880Z,178911305388000
"""player 35 @ uewFolxPCK"" folds",2026-09-11T07:50:53.003Z,178911305300300
"""player 36 @ LGay7r_Caq"" raises to 90",2026-09-11T07:50:45.467Z,178911304546700
"""player 35 @ uewFolxPCK"" bets 22",2026-09-11T07:50:43.193Z,178911304319300
"River: 10♣, 3♦, 3♥, K♥ [9♣]",2026-09-11T07:50:41.157Z,178911304115700
"""player 36 @ LGay7r_Caq"" checks",2026-09-11T07:50:40.324Z,178911304032400
"""player 35 @ uewFolxPCK"" checks",2026-09-11T07:50:38.716Z,178911303871600
"Turn: 10♣, 3♦, 3♥ [K♥]",2026-09-11T07:50:37.474Z,178911303747400
"""player 36 @ LGay7r_Caq"" checks",2026-09-11T07:50:36.589Z,178911303658900
"""player 35 @ uewFolxPCK"" checks",2026-09-11T07:50:35.544Z,178911303554400
"Flop:  [10♣, 3♦, 3♥]",2026-09-11T07:50:32.670Z,178911303267000
"""player 36 @ LGay7r_Caq"" calls 33",2026-09-11T07:50:31.757Z,178911303175700
"""player 35 @ uewFolxPCK"" raises to 33",2026-09-11T07:50:30.763Z,178911303076300
"The admin approved the player ""player 7 @ O8SRi7DfXR"" participation with a stack of 750.",2026-09-11T07:50:28.293Z,178911302829300
"""player 36 @ LGay7r_Caq"" calls 10",2026-09-11T07:50:26.963Z,178911302696300
"""player 35 @ uewFolxPCK"" posts a big blind of 10",2026-09-11T07:50:25.872Z,178911302587205
"""player 36 @ LGay7r_Caq"" posts a small blind of 5",2026-09-11T07:50:25.872Z,178911302587204
"Player stacks: #5 ""player 35 @ uewFolxPCK"" (2169) | #10 ""player 36 @ LGay7r_Caq"" (2331)",2026-09-11T07:50:25.872Z,178911302587201
"-- starting hand #34 (id: pismxs5y53rx)  No Limit Texas Hold'em (dealer: ""player 36 @ LGay7r_Caq"") --",2026-09-11T07:50:25.872Z,178911302587200
"The player ""player 7 @ O8SRi7DfXR"" requested a seat.",2026-09-11T07:50:23.788Z,178911302378800
"-- ending hand #33 --",2026-09-11T07:50:19.864Z,178911301986404
"""player 36 @ LGay7r_Caq"" collected 43 from pot with Two Pair, A's & 2's (combination: Q♥, 2♣, 2♦, A♥, A♦)",2026-09-11T07:50:19.864Z,178911301986403
"""player 35 @ uewFolxPCK"" collected 43 from pot with Two Pair, A's & 2's (combination: Q♦, 2♣, 2♦, A♥, A♦)",2026-09-11T07:50:19.864Z,178911301986402
"""player 36 @ LGay7r_Caq"" shows a 7♥, Q♥.",2026-09-11T07:50:19.864Z,178911301986401
"""player 35 @ uewFolxPCK"" shows a Q♦, J♣.",2026-09-11T07:50:19.864Z,178911301986400
"""player 36 @ LGay7r_Caq"" calls 10",2026-09-11T07:50:18.970Z,178911301897000
"""player 35 @ uewFolxPCK"" bets 10",2026-09-11T07:50:17.948Z,178911301794800
"""player 36 @ LGay7r_Caq"" checks",2026-09-11T07:50:16.597Z,178911301659700
"River: A♥, 2♣, A♦, 2♦ [3♥]",2026-09-11T07:50:16.067Z,178911301606700
"""player 35 @ uewFolxPCK"" checks",2026-09-11T07:50:15.226Z,178911301522600
"""player 36 @ LGay7r_Caq"" checks",2026-09-11T07:50:14.328Z,178911301432800
"Turn: A♥, 2♣, A♦ [2♦]",2026-09-11T07:50:13.058Z,178911301305800
"""player 35 @ uewFolxPCK"" checks",2026-09-11T07:50:12.216Z,178911301221600
"""player 36 @ LGay7r_Caq"" checks",2026-09-11T07:50:11.309Z,178911301130900
"Flop:  [A♥, 2♣, A♦]",2026-09-11T07:50:09.453Z,178911300945300
"""player 36 @ LGay7r_Caq"" calls 33",2026-09-11T07:50:08.555Z,178911300855500
"""player 35 @ uewFolxPCK"" raises to 33",2026-09-11T07:50:07.574Z,178911300757400
"""player 36 @ LGay7r_Caq"" posts a big blind of 10",2026-09-11T07:50:04.067Z,178911300406706
"""player 35 @ uewFolxPCK"" posts a small blind of 5",2026-09-11T07:50:04.067Z,178911300406705
"Your hand is Q♦, J♣",2026-09-11T07:50:04.067Z,178911300406703
"Player stacks: #5 ""player 35 @ uewFolxPCK"" (2169) | #10 ""player 36 @ LGay7r_Caq"" (2331)",2026-09-11T07:50:04.067Z,178911300406702
"-- starting hand #33 (id: qmx1nnelse5c)  No Limit Texas Hold'em (dealer: ""player 35 @ uewFolxPCK"") --",2026-09-11T07:50:04.067Z,178911300406701
"The player ""player 7 @ O8SRi7DfXR"" quits the game with a stack of 0.",2026-09-11T07:50:04.067Z,178911300406700
"-- ending hand #32 --",2026-09-11T07:49:58.016Z,178911299801603
"""player 36 @ LGay7r_Caq"" collected 804 from pot with Straight, J High (combination: 7♠, 8♠, 9♠, 10♥, J♣)",2026-09-11T07:49:58.016Z,178911299801602
"""player 36 @ LGay7r_Caq"" shows a J♣, 10♥.",2026-09-11T07:49:58.016Z,178911299801601
"""player 7 @ O8SRi7DfXR"" shows a 3♠, 8♥.",2026-09-11T07:49:58.016Z,178911299801600
"""player 36 @ LGay7r_Caq"" calls 307",2026-09-11T07:49:57.167Z,178911299716700
"""player 7 @ O8SRi7DfXR"" raises to 307 and go all in",2026-09-11T07:49:56.257Z,178911299625700
"""player 36 @ LGay7r_Caq"" bets 190",2026-09-11T07:49:54.533Z,178911299453300
"""player 7 @ O8SRi7DfXR"" checks",2026-09-11T07:49:51.586Z,178911299158600
"River: 9♠, 7♠, 8♦, 2♣ [8♠]",2026-09-11T07:49:50.074Z,178911299007400
"""player 7 @ O8SRi7DfXR"" calls 30",2026-09-11T07:49:49.266Z,178911298926600
"""player 36 @ LGay7r_Caq"" bets 30",2026-09-11T07:49:48.160Z,178911298816000
"""player 7 @ O8SRi7DfXR"" checks",2026-09-11T07:49:46.279Z,178911298627900
"Turn: 9♠, 7♠, 8♦ [2♣]",2026-09-11T07:49:44.610Z,178911298461000
"""player 7 @ O8SRi7DfXR"" calls 50",2026-09-11T07:49:43.803Z,178911298380300
"""player 36 @ LGay7r_Caq"" raises to 50",2026-09-11T07:49:41.774Z,178911298177400
"""player 35 @ uewFolxPCK"" folds",2026-09-11T07:49:39.963Z,178911297996300
"""player 7 @ O8SRi7DfXR"" raises to 25",2026-09-11T07:49:37.987Z,178911297798700
"""player 36 @ LGay7r_Caq"" bets 10",2026-09-11T07:49:36.019Z,178911297601900
"""player 35 @ uewFolxPCK"" checks",2026-09-11T07:49:34.521Z,178911297452100
"""player 7 @ O8SRi7DfXR"" checks",2026-09-11T07:49:33.292Z,178911297329200
"Flop:  [9♠, 7♠, 8♦]",2026-09-11T07:49:31.859Z,178911297185900
"""player 35 @ uewFolxPCK"" checks",2026-09-11T07:49:31.028Z,178911297102800
"""player 7 @ O8SRi7DfXR"" calls 10",2026-09-11T07:49:30.068Z,178911297006800
"""player 36 @ LGay7r_Caq"" calls 10",2026-09-11T07:49:28.846Z,178911296884600
"""player 35 @ uewFolxPCK"" posts a big blind of 10",2026-09-11T07:49:27.582Z,178911296758206
"""player 7 @ O8SRi7DfXR"" posts a small blind of 5",2026-09-11T07:49:27.582Z,178911296758205
"Player stacks: #1 ""player 7 @ O8SRi7DfXR"" (397) | #5 ""player 35 @ uewFolxPCK"" (2179) | #10 ""player 36 @ LGay7r_Caq"" (1924)",2026-09-11T07:49:27.582Z,178911296758201
"-- starting hand #32 (id: wtk5xdsu7mpv)  No Limit Texas Hold'em (dealer: ""player 36 @ LGay7r_Caq"") --",2026-09-11T07:49:27.582Z,178911296758200
"""player 7 @ O8SRi7DfXR"" shows a J♥.",2026-09-11T07:49:26.433Z,178911296643300
"""player 7 @ O8SRi7DfXR"" shows a 8♦.",2026-09-11T07:49:23.405Z,178911296340500
"Undealt cards: K♠, 8♠, Q♦, Q♥ [10♠]",2026-09-11T07:49:21.899Z,178911296189900
"-- ending hand #31 --",2026-09-11T07:49:20.958Z,178911296095802
"""player 35 @ uewFolxPCK"" collected 120 from pot",2026-09-11T07:49:20.958Z,178911296095801
"Uncalled bet of 34 returned to ""player 35 @ uewFolxPCK""",2026-09-11T07:49:20.958Z,178911296095800
"""player 7 @ O8SRi7DfXR"" folds",2026-09-11T07:49:20.135Z,178911296013500
"""player 36 @ LGay7r_Caq"" folds",2026-09-11T07:49:16.993Z,178911295699300
"""player 35 @ uewFolxPCK"" raises to 44",2026-09-11T07:49:15.562Z,178911295556200
"""player 7 @ O8SRi7DfXR"" calls 10",2026-09-11T07:49:13.468Z,178911295346800
"""player 36 @ LGay7r_Caq"" bets 10",2026-09-11T07:49:12.523Z,178911295252300
"Turn: K♠, 8♠, Q♦ [Q♥]",2026-09-11T07:49:10.930Z,178911295093000
"""player 35 @ uewFolxPCK"" checks",2026-09-11T07:49:10.118Z,178911295011800
"""player 7 @ O8SRi7DfXR"" checks",2026-09-11T07:49:08.700Z,178911294870000
"""player 36 @ LGay7r_Caq"" checks",2026-09-11T07:49:07.455Z,178911294745500
"Flop:  [K♠, 8♠, Q♦]",2026-09-11T07:49:04.148Z,178911294414800
"""player 7 @ O8SRi7DfXR"" calls 30",2026-09-11T07:49:03.312Z,178911294331200
"""player 36 @ LGay7r_Caq"" calls 30",2026-09-11T07:49:02.369Z,178911294236900
"""player 35 @ uewFolxPCK"" raises to 30",2026-09-11T07:48:59.834Z,178911293983400
"""player 7 @ O8SRi7DfXR"" posts a big blind of 10",2026-09-11T07:48:57.229Z,178911293722906
"""player 36 @ LGay7r_Caq"" posts a small blind of 5",2026-09-11T07:48:57.229Z,178911293722905
"Player stacks: #1 ""player 7 @ O8SRi7DfXR"" (437) | #5 ""player 35 @ uewFolxPCK"" (2099) | #10 ""player 36 @ LGay7r_Caq"" (1964)",2026-09-11T07:48:57.229Z,178911293722901
"-- starting hand #31 (id: uaypcvkvva9i)  No Limit Texas Hold'em (dealer: ""player 35 @ uewFolxPCK"") --",2026-09-11T07:48:57.229Z,178911293722900
"""player 7 @ O8SRi7DfXR"" shows a 10♥, 5♥.",2026-09-11T07:48:54.316Z,178911293431600
"""player 35 @ uewFolxPCK"" shows a A♣.",2026-09-11T07:48:54.011Z,178911293401100
"""player 36 @ LGay7r_Caq"" shows a 2♠.",2026-09-11T07:48:53.466Z,178911293346600
"-- ending hand #30 --",2026-09-11T07:48:52.224Z,178911293222402
"""player 36 @ LGay7r_Caq"" collected 60 from pot",2026-09-11T07:48:52.224Z,178911293222401
"Uncalled bet of 10 returned to ""player 36 @ LGay7r_Caq""",2026-09-11T07:48:52.224Z,178911293222400
"""player 7 @ O8SRi7DfXR"" folds",2026-09-11T07:48:51.418Z,178911293141800
"""player 36 @ LGay7r_Caq"" bets 10",2026-09-11T07:48:49.976Z,178911292997600
"River: 9♦, J♦, 4♦, Q♣ [3♠]",2026-09-11T07:48:49.159Z,178911292915900
"""player 7 @ O8SRi7DfXR"" checks",2026-09-11T07:48:48.304Z,178911292830400
"""player 36 @ LGay7r_Caq"" checks",2026-09-11T07:48:47.397Z,178911292739700
"Turn: 9♦, J♦, 4♦ [Q♣]",2026-09-11T07:48:45.867Z,178911292586700
"""player 7 @ O8SRi7DfXR"" checks",2026-09-11T07:48:45.049Z,178911292504900
"""player 36 @ LGay7r_Caq"" checks",2026-09-11T07:48:44.079Z,178911292407900
"""player 35 @ uewFolxPCK"" folds",2026-09-11T07:48:41.483Z,178911292148300
"Flop:  [9♦, J♦, 4♦]",2026-09-11T07:48:39.255Z,178911291925500
"""player 36 @ LGay7r_Caq"" calls 20",2026-09-11T07:48:38.446Z,178911291844600
"""player 35 @ uewFolxPCK"" calls 20",2026-09-11T07:48:37.500Z,178911291750000
"""player 7 @ O8SRi7DfXR"" raises to 20",2026-09-11T07:48:36.166Z,178911291616600
"""player 36 @ LGay7r_Caq"" posts a big blind of 10",2026-09-11T07:48:32.453Z,178911291245306
"""player 35 @ uewFolxPCK"" posts a small blind of 5",2026-09-11T07:48:32.453Z,178911291245305
"Player stacks: #1 ""player 7 @ O8SRi7DfXR"" (457) | #5 ""player 35 @ uewFolxPCK"" (2119) | #10 ""player 36 @ LGay7r_Caq"" (1924)",2026-09-11T07:48:32.453Z,178911291245301
"-- starting hand #30 (id: qd57wym5s4ot)  No Limit Texas Hold'em (dealer: ""player 7 @ O8SRi7DfXR"") --",2026-09-11T07:48:32.453Z,178911291245300
"""player 35 @ uewFolxPCK"" shows a 4♦, 4♥.",2026-09-11T07:48:29.404Z,178911290940400
"-- ending hand #29 --",2026-09-11T07:48:25.944Z,178911290594403
"""player 36 @ LGay7r_Caq"" collected 129 from pot with Pair, J's (combination: 7♥, 10♠, K♣, J♣, J♥)",2026-09-11T07:48:25.944Z,178911290594402
"""player 36 @ LGay7r_Caq"" shows a J♣, 7♥.",2026-09-11T07:48:25.944Z,178911290594401
"""player 7 @ O8SRi7DfXR"" shows a 5♥, 8♠.",2026-09-11T07:48:25.944Z,178911290594400
"""player 36 @ LGay7r_Caq"" checks",2026-09-11T07:48:25.049Z,178911290504900
"""player 35 @ uewFolxPCK"" checks",2026-09-11T07:48:23.332Z,178911290333200
"""player 7 @ O8SRi7DfXR"" checks",2026-09-11T07:48:20.988Z,178911290098800
"River: K♣, 10♠, 2♦, 5♠ [J♥]",2026-09-11T07:48:19.942Z,178911289994200
"""player 35 @ uewFolxPCK"" calls 10",2026-09-11T07:48:19.107Z,178911289910700
"""player 7 @ O8SRi7DfXR"" calls 10",2026-09-11T07:48:18.164Z,178911289816400
"""player 36 @ LGay7r_Caq"" bets 10",2026-09-11T07:48:16.694Z,178911289669400
"""player 35 @ uewFolxPCK"" checks",2026-09-11T07:48:12.720Z,178911289272000
"""player 7 @ O8SRi7DfXR"" checks",2026-09-11T07:48:11.780Z,178911289178000
"Turn: K♣, 10♠, 2♦ [5♠]",2026-09-11T07:48:09.229Z,178911288922900
"""player 36 @ LGay7r_Caq"" checks",2026-09-11T07:48:08.418Z,178911288841800
"""player 35 @ uewFolxPCK"" checks",2026-09-11T07:48:03.335Z,178911288333500
"""player 7 @ O8SRi7DfXR"" checks",2026-09-11T07:48:01.227Z,178911288122700
"Flop:  [K♣, 10♠, 2♦]",2026-09-11T07:47:59.858Z,178911287985800
"""player 7 @ O8SRi7DfXR"" calls 33",2026-09-11T07:47:58.979Z,178911287897900
"""player 36 @ LGay7r_Caq"" calls 33",2026-09-11T07:47:56.966Z,178911287696600
"""player 35 @ uewFolxPCK"" raises to 33",2026-09-11T07:47:55.222Z,178911287522200
"""player 7 @ O8SRi7DfXR"" calls 10",2026-09-11T07:47:52.234Z,178911287223400
"""player 36 @ LGay7r_Caq"" calls 10",2026-09-11T07:47:51.265Z,178911287126500
"""player 35 @ uewFolxPCK"" posts a big blind of 10",2026-09-11T07:47:49.654Z,178911286965407
"""player 7 @ O8SRi7DfXR"" posts a small blind of 5",2026-09-11T07:47:49.654Z,178911286965406
"Your hand is 4♦, 4♥",2026-09-11T07:47:49.654Z,178911286965404
"Player stacks: #1 ""player 7 @ O8SRi7DfXR"" (500) | #5 ""player 35 @ uewFolxPCK"" (2162) | #10 ""player 36 @ LGay7r_Caq"" (1838)",2026-09-11T07:47:49.654Z,178911286965402
"-- starting hand #29 (id: tuumdsymvpp3)  No Limit Texas Hold'em (dealer: ""player 36 @ LGay7r_Caq"") --",2026-09-11T07:47:49.654Z,178911286965401
"The player ""player 7 @ O8SRi7DfXR"" joined the game with a stack of 500.",2026-09-11T07:47:49.654Z,178911286965400
"Undealt cards: 5♥, 6♠, 4♥, 10♦ [10♥]",2026-09-11T07:47:45.090Z,178911286509000
"-- ending hand #28 --",2026-09-11T07:47:43.743Z,178911286374302
"""player 35 @ uewFolxPCK"" collected 140 from pot",2026-09-11T07:47:43.743Z,178911286374301
"Uncalled bet of 90 returned to ""player 35 @ uewFolxPCK""",2026-09-11T07:47:43.743Z,178911286374300
"""player 36 @ LGay7r_Caq"" folds",2026-09-11T07:47:42.938Z,178911286293800
"""player 35 @ uewFolxPCK"" bets 90",2026-09-11T07:47:41.976Z,178911286197600
"""player 36 @ LGay7r_Caq"" checks",2026-09-11T07:47:35.841Z,178911285584100
"Turn: 5♥, 6♠, 4♥ [10♦]",2026-09-11T07:47:34.756Z,178911285475600
"""player 36 @ LGay7r_Caq"" calls 40",2026-09-11T07:47:33.940Z,178911285394000
"""player 35 @ uewFolxPCK"" bets 40",2026-09-11T07:47:32.686Z,178911285268600
"The admin approved the player ""player 7 @ O8SRi7DfXR"" participation with a stack of 500.",2026-09-11T07:47:27.902Z,178911284790200
"""player 36 @ LGay7r_Caq"" checks",2026-09-11T07:47:26.490Z,178911284649000
"Flop:  [5♥, 6♠, 4♥]",2026-09-11T07:47:24.849Z,178911284484900
"The player ""player 7 @ O8SRi7DfXR"" requested a seat.",2026-09-11T07:47:24.474Z,178911284447400
"""player 36 @ LGay7r_Caq"" calls 30",2026-09-11T07:47:24.041Z,178911284404100
"""player 35 @ uewFolxPCK"" raises to 30",2026-09-11T07:47:23.072Z,178911284307200
"""player 36 @ LGay7r_Caq"" posts a big blind of 10",2026-09-11T07:47:20.972Z,178911284097206
"""player 35 @ uewFolxPCK"" posts a small blind of 5",2026-09-11T07:47:20.972Z,178911284097205
"Player stacks: #5 ""player 35 @ uewFolxPCK"" (2092) | #10 ""player 36 @ LGay7r_Caq"" (1908)",2026-09-11T07:47:20.972Z,178911284097202
"-- starting hand #28 (id: 3kwrily58794)  No Limit Texas Hold'em (dealer: ""player 35 @ uewFolxPCK"") --",2026-09-11T07:47:20.972Z,178911284097201
"The player ""player 7 @ O8SRi7DfXR"" quits the game with a stack of 0.",2026-09-11T07:47:20.972Z,178911284097200
"""player 36 @ LGay7r_Caq"" shows a 4♠, 9♣.",2026-09-11T07:47:16.041Z,178911283604100
"-- ending hand #27 --",2026-09-11T07:47:14.443Z,178911283444303
"""player 35 @ uewFolxPCK"" collected 1500 from pot with Two Pair, A's & 10's (combination: K♠, 10♠, 10♣, A♣, A♦)",2026-09-11T07:47:14.443Z,178911283444302
"""player 35 @ uewFolxPCK"" shows a A♣, K♠.",2026-09-11T07:47:14.443Z,178911283444301
"""player 7 @ O8SRi7DfXR"" shows a 2♣, A♥.",2026-09-11T07:47:14.443Z,178911283444300
"""player 36 @ LGay7r_Caq"" checks",2026-09-11T07:47:13.593Z,178911283359300
"""player 35 @ uewFolxPCK"" checks",2026-09-11T07:47:12.677Z,178911283267700
"River: 9♠, A♦, 10♠, 10♣ [8♠]",2026-09-11T07:47:10.367Z,178911283036700
"""player 36 @ LGay7r_Caq"" calls 434",2026-09-11T07:47:09.538Z,178911282953800
"""player 35 @ uewFolxPCK"" calls 434",2026-09-11T07:47:08.467Z,178911282846700
"""player 7 @ O8SRi7DfXR"" raises to 434 and go all in",2026-09-11T07:47:06.745Z,178911282674500
"""player 36 @ LGay7r_Caq"" calls 120",2026-09-11T07:46:53.047Z,178911281304700
"""player 35 @ uewFolxPCK"" bets 120",2026-09-11T07:46:52.120Z,178911281212000
"""player 7 @ O8SRi7DfXR"" checks",2026-09-11T07:46:48.307Z,178911280830700
"Turn: 9♠, A♦, 10♠ [10♣]",2026-09-11T07:46:45.470Z,178911280547000
"""player 36 @ LGay7r_Caq"" calls 33",2026-09-11T07:46:44.654Z,178911280465400
"""player 35 @ uewFolxPCK"" calls 33",2026-09-11T07:46:42.827Z,178911280282700
"""player 7 @ O8SRi7DfXR"" bets 33",2026-09-11T07:46:36.622Z,178911279662200
"Flop:  [9♠, A♦, 10♠]",2026-09-11T07:46:34.152Z,178911279415200
"""player 7 @ O8SRi7DfXR"" calls 33",2026-09-11T07:46:33.301Z,178911279330100
"""player 36 @ LGay7r_Caq"" calls 33",2026-09-11T07:46:30.964Z,178911279096400
"""player 35 @ uewFolxPCK"" raises to 33",2026-09-11T07:46:29.360Z,178911278936000
"""player 7 @ O8SRi7DfXR"" calls 10",2026-09-11T07:46:27.761Z,178911278776100
"""player 36 @ LGay7r_Caq"" calls 10",2026-09-11T07:46:25.047Z,178911278504700
"""player 35 @ uewFolxPCK"" posts a big blind of 10",2026-09-11T07:46:23.451Z,178911278345107
"""player 7 @ O8SRi7DfXR"" posts a small blind of 5",2026-09-11T07:46:23.451Z,178911278345106
"Your hand is A♣, K♠",2026-09-11T07:46:23.451Z,178911278345104
"Player stacks: #2 ""player 7 @ O8SRi7DfXR"" (500) | #5 ""player 35 @ uewFolxPCK"" (1092) | #10 ""player 36 @ LGay7r_Caq"" (2408)",2026-09-11T07:46:23.451Z,178911278345102
"-- starting hand #27 (id: nem08dtba6k7)  No Limit Texas Hold'em (dealer: ""player 36 @ LGay7r_Caq"") --",2026-09-11T07:46:23.451Z,178911278345101
"The player ""player 7 @ O8SRi7DfXR"" joined the game with a stack of 500.",2026-09-11T07:46:23.451Z,178911278345100
"The admin approved the player ""player 7 @ O8SRi7DfXR"" participation with a stack of 500.",2026-09-11T07:46:22.013Z,178911278201300
"Undealt cards:  [K♦, 4♣, 2♠, A♥, A♣]",2026-09-11T07:46:19.143Z,178911277914300
"The player ""player 7 @ O8SRi7DfXR"" requested a seat.",2026-09-11T07:46:18.135Z,178911277813500
"-- ending hand #26 --",2026-09-11T07:46:17.541Z,178911277754102
"""player 36 @ LGay7r_Caq"" collected 10 from pot",2026-09-11T07:46:17.541Z,178911277754101
"Uncalled bet of 5 returned to ""player 36 @ LGay7r_Caq""",2026-09-11T07:46:17.541Z,178911277754100
"""player 35 @ uewFolxPCK"" folds",2026-09-11T07:46:16.710Z,178911277671000
"""player 36 @ LGay7r_Caq"" posts a big blind of 10",2026-09-11T07:46:13.843Z,178911277384306
"""player 35 @ uewFolxPCK"" posts a small blind of 5",2026-09-11T07:46:13.843Z,178911277384305
"Player stacks: #5 ""player 35 @ uewFolxPCK"" (1097) | #10 ""player 36 @ LGay7r_Caq"" (2403)",2026-09-11T07:46:13.843Z,178911277384302
"-- starting hand #26 (id: ak8oufq8onq5)  No Limit Texas Hold'em (dealer: ""player 35 @ uewFolxPCK"") --",2026-09-11T07:46:13.843Z,178911277384301
"The player ""player 7 @ O8SRi7DfXR"" quits the game with a stack of 0.",2026-09-11T07:46:13.843Z,178911277384300
"-- ending hand #25 --",2026-09-11T07:46:05.838Z,178911276583802
"""player 35 @ uewFolxPCK"" collected 403 from pot with Pair, Q's on the second run  (combination: 9♥, J♠, K♣, Q♦, Q♣)",2026-09-11T07:46:05.838Z,178911276583801
"""player 35 @ uewFolxPCK"" collected 403 from pot with Two Pair, Q's & 9's (combination: K♣, 9♥, 9♣, Q♦, Q♣)",2026-09-11T07:46:05.838Z,178911276583800
"River (second run): Q♣, 9♥, 7♠, 5♠ [J♠]",2026-09-11T07:46:01.804Z,178911276180400
"River: Q♣, 9♥, 7♠, 5♠ [9♣]",2026-09-11T07:45:57.697Z,178911275769700
"""player 7 @ O8SRi7DfXR"" shows a 10♥, A♥.",2026-09-11T07:45:53.690Z,178911275369001
"Uncalled bet of 291 returned to ""player 35 @ uewFolxPCK""",2026-09-11T07:45:53.690Z,178911275369000
"""player 35 @ uewFolxPCK"" shows a K♣, Q♦.",2026-09-11T07:45:53.308Z,178911275330800
"All players in hand choose to run it twice.",2026-09-11T07:45:52.884Z,178911275288401
"""player 35 @ uewFolxPCK"" chooses to  run it twice.",2026-09-11T07:45:52.884Z,178911275288400
"""player 7 @ O8SRi7DfXR"" chooses to  run it twice.",2026-09-11T07:45:52.346Z,178911275234600
"Remaining players decide whether to run it twice.",2026-09-11T07:45:51.530Z,178911275153001
"""player 7 @ O8SRi7DfXR"" calls 328 and go all in",2026-09-11T07:45:51.530Z,178911275153000
"""player 35 @ uewFolxPCK"" raises to 619 and go all in",2026-09-11T07:45:39.562Z,178911273956200
"""player 7 @ O8SRi7DfXR"" raises to 135",2026-09-11T07:45:37.291Z,178911273729100
"""player 36 @ LGay7r_Caq"" folds",2026-09-11T07:45:28.911Z,178911272891100
"""player 35 @ uewFolxPCK"" bets 45",2026-09-11T07:45:27.604Z,178911272760400
"Turn: Q♣, 9♥, 7♠ [5♠]",2026-09-11T07:45:23.623Z,178911272362300
"""player 7 @ O8SRi7DfXR"" checks",2026-09-11T07:45:22.776Z,178911272277600
"""player 36 @ LGay7r_Caq"" checks",2026-09-11T07:45:21.496Z,178911272149600
"""player 35 @ uewFolxPCK"" checks",2026-09-11T07:45:19.941Z,178911271994100
"Flop:  [Q♣, 9♥, 7♠]",2026-09-11T07:45:16.019Z,178911271601900
"""player 36 @ LGay7r_Caq"" calls 50",2026-09-11T07:45:15.122Z,178911271512200
"""player 35 @ uewFolxPCK"" calls 50",2026-09-11T07:45:13.771Z,178911271377100
"""player 7 @ O8SRi7DfXR"" raises to 50",2026-09-11T07:45:11.590Z,178911271159000
"""player 36 @ LGay7r_Caq"" posts a big blind of 10",2026-09-11T07:45:08.812Z,178911270881206
"""player 35 @ uewFolxPCK"" posts a small blind of 5",2026-09-11T07:45:08.812Z,178911270881205
"Your hand is K♣, Q♦",2026-09-11T07:45:08.812Z,178911270881203
"Player stacks: #3 ""player 7 @ O8SRi7DfXR"" (378) | #5 ""player 35 @ uewFolxPCK"" (669) | #10 ""player 36 @ LGay7r_Caq"" (2453)",2026-09-11T07:45:08.812Z,178911270881201
"-- starting hand #25 (id: wplwd1oglvbw)  No Limit Texas Hold'em (dealer: ""player 7 @ O8SRi7DfXR"") --",2026-09-11T07:45:08.812Z,178911270881200
"-- ending hand #24 --",2026-09-11T07:45:02.697Z,178911270269703
"""player 36 @ LGay7r_Caq"" collected 159 from pot with Two Pair, 3's & 2's (combination: 10♠, 2♦, 2♣, 3♥, 3♠)",2026-09-11T07:45:02.697Z,178911270269702
"""player 36 @ LGay7r_Caq"" shows a 3♥, 3♠.",2026-09-11T07:45:02.697Z,178911270269701
"""player 35 @ uewFolxPCK"" shows a 8♦, A♠.",2026-09-11T07:45:02.697Z,178911270269700
"""player 36 @ LGay7r_Caq"" checks",2026-09-11T07:45:01.744Z,178911270174400
"""player 35 @ uewFolxPCK"" checks",2026-09-11T07:44:57.593Z,178911269759300
"River: 4♦, 2♦, 2♣, 6♦ [10♠]",2026-09-11T07:44:46.550Z,178911268655000
"""player 36 @ LGay7r_Caq"" checks",2026-09-11T07:44:45.666Z,178911268566600
"""player 35 @ uewFolxPCK"" checks",2026-09-11T07:44:43.870Z,178911268387000
"Turn: 4♦, 2♦, 2♣ [6♦]",2026-09-11T07:44:42.865Z,178911268286500
"""player 35 @ uewFolxPCK"" calls 30",2026-09-11T07:44:42.039Z,178911268203900
"""player 7 @ O8SRi7DfXR"" folds",2026-09-11T07:44:40.094Z,178911268009400
"""player 36 @ LGay7r_Caq"" bets 30",2026-09-11T07:44:34.728Z,178911267472800
"""player 35 @ uewFolxPCK"" checks",2026-09-11T07:44:31.871Z,178911267187100
"""player 7 @ O8SRi7DfXR"" checks",2026-09-11T07:44:29.970Z,178911266997000
"Flop:  [4♦, 2♦, 2♣]",2026-09-11T07:44:28.260Z,178911266826000
"""player 7 @ O8SRi7DfXR"" calls 33",2026-09-11T07:44:27.388Z,178911266738800
"""player 36 @ LGay7r_Caq"" calls 33",2026-09-11T07:44:18.622Z,178911265862200
"""player 35 @ uewFolxPCK"" raises to 33",2026-09-11T07:44:17.682Z,178911265768200
"""player 7 @ O8SRi7DfXR"" calls 10",2026-09-11T07:44:14.118Z,178911265411800
"""player 36 @ LGay7r_Caq"" calls 10",2026-09-11T07:44:13.219Z,178911265321900
"""player 35 @ uewFolxPCK"" posts a big blind of 10",2026-09-11T07:44:12.040Z,178911265204006
"""player 7 @ O8SRi7DfXR"" posts a small blind of 5",2026-09-11T07:44:12.040Z,178911265204005
"Your hand is 8♦, A♠",2026-09-11T07:44:12.040Z,178911265204003
"Player stacks: #3 ""player 7 @ O8SRi7DfXR"" (411) | #5 ""player 35 @ uewFolxPCK"" (732) | #10 ""player 36 @ LGay7r_Caq"" (2357)",2026-09-11T07:44:12.040Z,178911265204001
"-- starting hand #24 (id: v3yufl7dnuyx)  No Limit Texas Hold'em (dealer: ""player 36 @ LGay7r_Caq"") --",2026-09-11T07:44:12.040Z,178911265204000
"""player 36 @ LGay7r_Caq"" shows a J♠, 9♥.",2026-09-11T07:44:06.693Z,178911264669300
"-- ending hand #23 --",2026-09-11T07:44:05.512Z,178911264551202
"""player 35 @ uewFolxPCK"" collected 211 from pot with Two Pair, Q's & 7's (combination: A♥, 7♦, 7♥, Q♣, Q♦)",2026-09-11T07:44:05.512Z,178911264551201
"""player 35 @ uewFolxPCK"" shows a A♥, Q♣.",2026-09-11T07:44:05.512Z,178911264551200
"""player 36 @ LGay7r_Caq"" calls 33",2026-09-11T07:44:04.708Z,178911264470800
"""player 35 @ uewFolxPCK"" bets 33",2026-09-11T07:44:03.077Z,178911264307700
"""player 36 @ LGay7r_Caq"" checks",2026-09-11T07:43:58.109Z,178911263810900
"River: 2♦, 7♦, 2♠, 7♥ [Q♦]",2026-09-11T07:43:56.576Z,178911263657600
"""player 35 @ uewFolxPCK"" calls 10",2026-09-11T07:43:55.758Z,178911263575800
"""player 36 @ LGay7r_Caq"" bets 10",2026-09-11T07:43:54.223Z,178911263422300
"Turn: 2♦, 7♦, 2♠ [7♥]",2026-09-11T07:43:51.906Z,178911263190600
"""player 35 @ uewFolxPCK"" calls 10",2026-09-11T07:43:51.052Z,178911263105200
"""player 7 @ O8SRi7DfXR"" folds",2026-09-11T07:43:47.966Z,178911262796600
"""player 36 @ LGay7r_Caq"" bets 10",2026-09-11T07:43:45.659Z,178911262565900
"Flop:  [2♦, 7♦, 2♠]",2026-09-11T07:43:43.143Z,178911262314300
"""player 7 @ O8SRi7DfXR"" calls 35",2026-09-11T07:43:42.310Z,178911262231000
"""player 36 @ LGay7r_Caq"" calls 35",2026-09-11T07:43:41.101Z,178911262110100
"""player 35 @ uewFolxPCK"" raises to 35",2026-09-11T07:43:37.922Z,178911261792200
"""player 7 @ O8SRi7DfXR"" posts a big blind of 10",2026-09-11T07:43:35.697Z,178911261569707
"""player 36 @ LGay7r_Caq"" posts a small blind of 5",2026-09-11T07:43:35.697Z,178911261569706
"Your hand is A♥, Q♣",2026-09-11T07:43:35.697Z,178911261569704
"Player stacks: #3 ""player 7 @ O8SRi7DfXR"" (446) | #5 ""player 35 @ uewFolxPCK"" (609) | #10 ""player 36 @ LGay7r_Caq"" (2445)",2026-09-11T07:43:35.697Z,178911261569702
"-- starting hand #23 (id: zxalmwupeyby)  No Limit Texas Hold'em (dead button) --",2026-09-11T07:43:35.697Z,178911261569701
"The player ""player 37 @ qqGBSRtKEg"" quits the game with a stack of 0.",2026-09-11T07:43:35.697Z,178911261569700
"""player 35 @ uewFolxPCK"" shows a 8♦, 8♣.",2026-09-11T07:43:32.381Z,178911261238100
"-- ending hand #22 --",2026-09-11T07:43:29.091Z,178911260909103
"""player 36 @ LGay7r_Caq"" collected 1500 from pot with Two Pair, J's & 7's (combination: A♥, 7♣, 7♥, J♥, J♦)",2026-09-11T07:43:29.091Z,178911260909102
"""player 36 @ LGay7r_Caq"" shows a J♥, Q♥.",2026-09-11T07:43:29.091Z,178911260909101
"""player 37 @ qqGBSRtKEg"" shows a 3♠, 3♦.",2026-09-11T07:43:29.091Z,178911260909100
"""player 35 @ uewFolxPCK"" checks",2026-09-11T07:43:28.210Z,178911260821000
"""player 36 @ LGay7r_Caq"" checks",2026-09-11T07:43:27.292Z,178911260729200
"River: J♦, A♥, 7♣, 7♥ [5♦]",2026-09-11T07:43:26.491Z,178911260649100
"""player 35 @ uewFolxPCK"" checks",2026-09-11T07:43:25.611Z,178911260561100
"""player 36 @ LGay7r_Caq"" checks",2026-09-11T07:43:24.720Z,178911260472000
"Turn: J♦, A♥, 7♣ [7♥]",2026-09-11T07:43:23.889Z,178911260388900
"""player 35 @ uewFolxPCK"" checks",2026-09-11T07:43:22.967Z,178911260296700
"""player 36 @ LGay7r_Caq"" checks",2026-09-11T07:43:21.964Z,178911260196400
"Flop:  [J♦, A♥, 7♣]",2026-09-11T07:43:19.974Z,178911259997400
"""player 35 @ uewFolxPCK"" calls 500",2026-09-11T07:43:19.135Z,178911259913500
"""player 36 @ LGay7r_Caq"" calls 500",2026-09-11T07:43:17.758Z,178911259775800
"""player 37 @ qqGBSRtKEg"" raises to 500 and go all in",2026-09-11T07:43:16.050Z,178911259605000
"""player 35 @ uewFolxPCK"" raises to 35",2026-09-11T07:43:12.722Z,178911259272200
"""player 7 @ O8SRi7DfXR"" folds",2026-09-11T07:43:10.134Z,178911259013400
"""player 36 @ LGay7r_Caq"" posts a big blind of 10",2026-09-11T07:43:08.486Z,178911258848607
"""player 37 @ qqGBSRtKEg"" posts a small blind of 5",2026-09-11T07:43:08.486Z,178911258848606
"Your hand is 8♦, 8♣",2026-09-11T07:43:08.486Z,178911258848603
"Player stacks: #3 ""player 7 @ O8SRi7DfXR"" (446) | #5 ""player 35 @ uewFolxPCK"" (1109) | #8 ""player 37 @ qqGBSRtKEg"" (500) | #10 ""player 36 @ LGay7r_Caq"" (1445)",2026-09-11T07:43:08.486Z,178911258848601
"-- starting hand #22 (id: ukru7lprpj83)  No Limit Texas Hold'em (dealer: ""player 35 @ uewFolxPCK"") --",2026-09-11T07:43:08.486Z,178911258848600
"""player 36 @ LGay7r_Caq"" shows a A♥, 2♦.",2026-09-11T07:43:00.205Z,178911258020500
"""player 7 @ O8SRi7DfXR"" shows a J♥, K♠.",2026-09-11T07:43:00.111Z,178911258011100
"-- ending hand #21 --",2026-09-11T07:42:59.435Z,178911257943502
"""player 37 @ qqGBSRtKEg"" collected 500 from pot with Straight, 5 High on the second run  (combination: A♣, 2♣, 3♦, 4♥, 5♦)",2026-09-11T07:42:59.435Z,178911257943501
"""player 35 @ uewFolxPCK"" collected 500 from pot with Pair, 8's (combination: 6♣, 7♦, J♣, 8♥, 8♣)",2026-09-11T07:42:59.435Z,178911257943500
"River (second run): A♣, 2♣, 4♥, 5♦ [7♥]",2026-09-11T07:42:55.288Z,178911257528800
"Turn (second run): A♣, 2♣, 4♥ [5♦]",2026-09-11T07:42:51.286Z,178911257128600
"Flop (second run):  [A♣, 2♣, 4♥]",2026-09-11T07:42:47.277Z,178911256727700
"River: 5♥, 3♠, 6♣, J♣ [7♦]",2026-09-11T07:42:43.271Z,178911256327100
"Turn: 5♥, 3♠, 6♣ [J♣]",2026-09-11T07:42:39.266Z,178911255926600
"Flop:  [5♥, 3♠, 6♣]",2026-09-11T07:42:35.238Z,178911255523800
"""player 37 @ qqGBSRtKEg"" shows a A♠, 3♦.",2026-09-11T07:42:31.235Z,178911255123500
"""player 35 @ uewFolxPCK"" shows a 8♥, 8♣.",2026-09-11T07:42:30.884Z,178911255088400
"All players in hand choose to run it twice.",2026-09-11T07:42:30.429Z,178911255042901
"""player 37 @ qqGBSRtKEg"" chooses to  run it twice.",2026-09-11T07:42:30.429Z,178911255042900
"""player 35 @ uewFolxPCK"" chooses to  run it twice.",2026-09-11T07:42:28.522Z,178911254852200
"Remaining players decide whether to run it twice.",2026-09-11T07:42:27.390Z,178911254739001
"""player 35 @ uewFolxPCK"" calls 475",2026-09-11T07:42:27.390Z,178911254739000
"""player 7 @ O8SRi7DfXR"" folds",2026-09-11T07:42:26.369Z,178911254636900
"""player 37 @ qqGBSRtKEg"" raises to 475 and go all in",2026-09-11T07:42:15.115Z,178911253511500
"""player 35 @ uewFolxPCK"" calls 50",2026-09-11T07:42:12.449Z,178911253244900
"""player 7 @ O8SRi7DfXR"" raises to 50",2026-09-11T07:42:10.017Z,178911253001700
"""player 36 @ LGay7r_Caq"" folds",2026-09-11T07:41:51.910Z,178911251191000
"""player 37 @ qqGBSRtKEg"" posts a big blind of 10",2026-09-11T07:41:50.676Z,178911251067607
"""player 35 @ uewFolxPCK"" posts a small blind of 5",2026-09-11T07:41:50.676Z,178911251067606
"Your hand is 8♥, 8♣",2026-09-11T07:41:50.676Z,178911251067603
"Player stacks: #3 ""player 7 @ O8SRi7DfXR"" (496) | #5 ""player 35 @ uewFolxPCK"" (1084) | #8 ""player 37 @ qqGBSRtKEg"" (475) | #10 ""player 36 @ LGay7r_Caq"" (1445)",2026-09-11T07:41:50.676Z,178911251067601
"-- starting hand #21 (id: k6f7hadyb1xd)  No Limit Texas Hold'em (dealer: ""player 7 @ O8SRi7DfXR"") --",2026-09-11T07:41:50.676Z,178911251067600
"-- ending hand #20 --",2026-09-11T07:41:47.745Z,178911250774502
"""player 36 @ LGay7r_Caq"" collected 255 from pot",2026-09-11T07:41:47.745Z,178911250774501
"Uncalled bet of 150 returned to ""player 36 @ LGay7r_Caq""",2026-09-11T07:41:47.745Z,178911250774500
"""player 35 @ uewFolxPCK"" folds",2026-09-11T07:41:46.875Z,178911250687500
"""player 36 @ LGay7r_Caq"" bets 150",2026-09-11T07:41:41.382Z,178911250138200
"""player 35 @ uewFolxPCK"" checks",2026-09-11T07:41:38.738Z,178911249873800
"River: Q♣, A♣, 8♠, 5♦ [6♦]",2026-09-11T07:41:37.141Z,178911249714100
"""player 35 @ uewFolxPCK"" calls 50",2026-09-11T07:41:36.300Z,178911249630000
"""player 36 @ LGay7r_Caq"" bets 50",2026-09-11T07:41:28.767Z,178911248876700
"""player 35 @ uewFolxPCK"" checks",2026-09-11T07:41:23.855Z,178911248385500
"Turn: Q♣, A♣, 8♠ [5♦]",2026-09-11T07:41:21.946Z,178911248194600
"""player 37 @ qqGBSRtKEg"" folds",2026-09-11T07:41:21.128Z,178911248112800
"""player 35 @ uewFolxPCK"" calls 30",2026-09-11T07:41:19.377Z,178911247937700
"""player 36 @ LGay7r_Caq"" bets 30",2026-09-11T07:41:17.938Z,178911247793800
"""player 37 @ qqGBSRtKEg"" checks",2026-09-11T07:41:15.188Z,178911247518800
"""player 35 @ uewFolxPCK"" checks",2026-09-11T07:41:13.094Z,178911247309400
"Flop:  [Q♣, A♣, 8♠]",2026-09-11T07:41:10.741Z,178911247074100
"""player 37 @ qqGBSRtKEg"" calls 30",2026-09-11T07:41:09.932Z,178911246993200
"""player 35 @ uewFolxPCK"" calls 30",2026-09-11T07:41:06.135Z,178911246613500
"""player 7 @ O8SRi7DfXR"" folds",2026-09-11T07:41:05.181Z,178911246518100
"""player 36 @ LGay7r_Caq"" raises to 30",2026-09-11T07:41:02.290Z,178911246229000
"""player 37 @ qqGBSRtKEg"" calls 10",2026-09-11T07:41:00.368Z,178911246036800
"""player 35 @ uewFolxPCK"" posts a big blind of 10",2026-09-11T07:40:57.631Z,178911245763107
"""player 7 @ O8SRi7DfXR"" posts a small blind of 5",2026-09-11T07:40:57.631Z,178911245763106
"Player stacks: #3 ""player 7 @ O8SRi7DfXR"" (501) | #5 ""player 35 @ uewFolxPCK"" (1194) | #8 ""player 37 @ qqGBSRtKEg"" (505) | #10 ""player 36 @ LGay7r_Caq"" (1300)",2026-09-11T07:40:57.631Z,178911245763101
"-- starting hand #20 (id: ukusgzxumvoz)  No Limit Texas Hold'em (dealer: ""player 36 @ LGay7r_Caq"") --",2026-09-11T07:40:57.631Z,178911245763100
"""player 7 @ O8SRi7DfXR"" shows a 9♣, J♣.",2026-09-11T07:40:52.789Z,178911245278900
"Undealt cards:  [8♣, K♣, 8♥, 5♣, K♥]",2026-09-11T07:40:51.545Z,178911245154500
"-- ending hand #19 --",2026-09-11T07:40:50.996Z,178911245099602
"""player 37 @ qqGBSRtKEg"" collected 35 from pot",2026-09-11T07:40:50.996Z,178911245099601
"Uncalled bet of 470 returned to ""player 37 @ qqGBSRtKEg""",2026-09-11T07:40:50.996Z,178911245099600
"""player 35 @ uewFolxPCK"" folds",2026-09-11T07:40:50.134Z,178911245013400
"""player 7 @ O8SRi7DfXR"" folds",2026-09-11T07:40:48.284Z,178911244828400
"""player 36 @ LGay7r_Caq"" folds",2026-09-11T07:40:28.115Z,178911242811500
"""player 37 @ qqGBSRtKEg"" raises to 480 and go all in",2026-09-11T07:40:27.208Z,178911242720800
"""player 35 @ uewFolxPCK"" calls 10",2026-09-11T07:40:19.522Z,178911241952200
"""player 7 @ O8SRi7DfXR"" posts a big blind of 10",2026-09-11T07:40:18.159Z,178911241815907
"""player 36 @ LGay7r_Caq"" posts a small blind of 5",2026-09-11T07:40:18.159Z,178911241815906
"Player stacks: #3 ""player 7 @ O8SRi7DfXR"" (511) | #5 ""player 35 @ uewFolxPCK"" (1204) | #8 ""player 37 @ qqGBSRtKEg"" (480) | #10 ""player 36 @ LGay7r_Caq"" (1305)",2026-09-11T07:40:18.159Z,178911241815901
"-- starting hand #19 (id: n1xdecvkggml)  No Limit Texas Hold'em (dealer: ""player 37 @ qqGBSRtKEg"") --",2026-09-11T07:40:18.159Z,178911241815900
"""player 35 @ uewFolxPCK"" shows a 10♠.",2026-09-11T07:40:15.935Z,178911241593500
"""player 7 @ O8SRi7DfXR"" shows a 10♥, K♣.",2026-09-11T07:40:12.361Z,178911241236100
"Undealt cards: 3♥, 3♠, 2♥, 4♠ [Q♥]",2026-09-11T07:40:11.899Z,178911241189900
"-- ending hand #18 --",2026-09-11T07:40:10.817Z,178911241081702
"""player 35 @ uewFolxPCK"" collected 140 from pot",2026-09-11T07:40:10.817Z,178911241081701
"Uncalled bet of 90 returned to ""player 35 @ uewFolxPCK""",2026-09-11T07:40:10.817Z,178911241081700
"""player 7 @ O8SRi7DfXR"" folds",2026-09-11T07:40:10.013Z,178911241001300
"""player 36 @ LGay7r_Caq"" folds",2026-09-11T07:40:06.944Z,178911240694400
"""player 35 @ uewFolxPCK"" bets 90",2026-09-11T07:40:05.131Z,178911240513100
"""player 7 @ O8SRi7DfXR"" checks",2026-09-11T07:40:01.401Z,178911240140100
"""player 36 @ LGay7r_Caq"" checks",2026-09-11T07:39:59.303Z,178911239930300
"Turn: 3♥, 3♠, 2♥ [4♠]",2026-09-11T07:39:56.693Z,178911239669300
"""player 35 @ uewFolxPCK"" calls 10",2026-09-11T07:39:55.886Z,178911239588600
"""player 7 @ O8SRi7DfXR"" calls 10",2026-09-11T07:39:52.380Z,178911239238000
"""player 36 @ LGay7r_Caq"" bets 10",2026-09-11T07:39:50.978Z,178911239097800
"Flop:  [3♥, 3♠, 2♥]",2026-09-11T07:39:48.292Z,178911238829200
"""player 7 @ O8SRi7DfXR"" calls 35",2026-09-11T07:39:47.484Z,178911238748400
"""player 36 @ LGay7r_Caq"" calls 35",2026-09-11T07:39:46.458Z,178911238645800
"""player 37 @ qqGBSRtKEg"" folds",2026-09-11T07:39:45.553Z,178911238555300
"""player 35 @ uewFolxPCK"" raises to 35",2026-09-11T07:39:43.664Z,178911238366400
"""player 7 @ O8SRi7DfXR"" calls 10",2026-09-11T07:39:39.475Z,178911237947500
"""player 36 @ LGay7r_Caq"" posts a big blind of 10",2026-09-11T07:39:36.656Z,178911237665607
"""player 37 @ qqGBSRtKEg"" posts a small blind of 5",2026-09-11T07:39:36.656Z,178911237665606
"Player stacks: #3 ""player 7 @ O8SRi7DfXR"" (556) | #5 ""player 35 @ uewFolxPCK"" (1109) | #8 ""player 37 @ qqGBSRtKEg"" (485) | #10 ""player 36 @ LGay7r_Caq"" (1350)",2026-09-11T07:39:36.656Z,178911237665601
"-- starting hand #18 (id: d8xj2640voqr)  No Limit Texas Hold'em (dealer: ""player 35 @ uewFolxPCK"") --",2026-09-11T07:39:36.656Z,178911237665600
"-- ending hand #17 --",2026-09-11T07:39:30.650Z,178911237065003
"""player 7 @ O8SRi7DfXR"" collected 160 from pot with Two Pair, Q's & 6's (combination: 8♦, 6♣, 6♠, Q♣, Q♦)",2026-09-11T07:39:30.650Z,178911237065002
"""player 7 @ O8SRi7DfXR"" shows a 6♣, 6♠.",2026-09-11T07:39:30.650Z,178911237065001
"""player 35 @ uewFolxPCK"" shows a A♥, 4♥.",2026-09-11T07:39:30.650Z,178911237065000
"""player 7 @ O8SRi7DfXR"" calls 10",2026-09-11T07:39:29.813Z,178911236981300
"""player 36 @ LGay7r_Caq"" calls 10",2026-09-11T07:39:28.758Z,178911236875800
"""player 37 @ qqGBSRtKEg"" calls 10",2026-09-11T07:39:27.695Z,178911236769500
"""player 35 @ uewFolxPCK"" bets 10",2026-09-11T07:39:24.877Z,178911236487700
"River: Q♣, 8♦, Q♦, 3♥ [4♠]",2026-09-11T07:39:22.750Z,178911236275000
"""player 7 @ O8SRi7DfXR"" checks",2026-09-11T07:39:21.860Z,178911236186000
"""player 36 @ LGay7r_Caq"" checks",2026-09-11T07:39:14.944Z,178911235494400
"""player 37 @ qqGBSRtKEg"" checks",2026-09-11T07:39:13.736Z,178911235373600
"""player 35 @ uewFolxPCK"" checks",2026-09-11T07:39:12.264Z,178911235226400
"Turn: Q♣, 8♦, Q♦ [3♥]",2026-09-11T07:39:09.189Z,178911234918900
"""player 7 @ O8SRi7DfXR"" checks",2026-09-11T07:39:08.359Z,178911234835900
"""player 36 @ LGay7r_Caq"" checks",2026-09-11T07:39:07.266Z,178911234726600
"""player 37 @ qqGBSRtKEg"" checks",2026-09-11T07:39:03.224Z,178911234322400
"""player 35 @ uewFolxPCK"" checks",2026-09-11T07:39:01.807Z,178911234180700
"Flop:  [Q♣, 8♦, Q♦]",2026-09-11T07:38:58.777Z,178911233877700
"""player 7 @ O8SRi7DfXR"" calls 30",2026-09-11T07:38:57.967Z,178911233796700
"""player 36 @ LGay7r_Caq"" calls 30",2026-09-11T07:38:56.862Z,178911233686200
"""player 37 @ qqGBSRtKEg"" calls 30",2026-09-11T07:38:55.948Z,178911233594800
"""player 35 @ uewFolxPCK"" raises to 30",2026-09-11T07:38:52.910Z,178911233291000
"""player 7 @ O8SRi7DfXR"" calls 10",2026-09-11T07:38:30.595Z,178911231059500
"""player 36 @ LGay7r_Caq"" calls 10",2026-09-11T07:38:21.201Z,178911230120100
"""player 37 @ qqGBSRtKEg"" posts a big blind of 10",2026-09-11T07:38:19.597Z,178911229959707
"""player 35 @ uewFolxPCK"" posts a small blind of 5",2026-09-11T07:38:19.597Z,178911229959706
"Your hand is A♥, 4♥",2026-09-11T07:38:19.597Z,178911229959703
"Player stacks: #3 ""player 7 @ O8SRi7DfXR"" (436) | #5 ""player 35 @ uewFolxPCK"" (1149) | #8 ""player 37 @ qqGBSRtKEg"" (525) | #10 ""player 36 @ LGay7r_Caq"" (1390)",2026-09-11T07:38:19.597Z,178911229959701
"-- starting hand #17 (id: g2lahuazd3ux)  No Limit Texas Hold'em (dealer: ""player 7 @ O8SRi7DfXR"") --",2026-09-11T07:38:19.597Z,178911229959700
"-- ending hand #16 --",2026-09-11T07:38:13.648Z,178911229364802
"""player 7 @ O8SRi7DfXR"" collected 110 from pot",2026-09-11T07:38:13.648Z,178911229364801
"Uncalled bet of 67 returned to ""player 7 @ O8SRi7DfXR""",2026-09-11T07:38:13.648Z,178911229364800
"""player 36 @ LGay7r_Caq"" folds",2026-09-11T07:38:12.823Z,178911229282300
"""player 7 @ O8SRi7DfXR"" bets 67",2026-09-11T07:38:10.609Z,178911229060900
"Flop:  [K♣, 3♥, 2♥]",2026-09-11T07:37:56.992Z,178911227699200
"""player 36 @ LGay7r_Caq"" calls 50",2026-09-11T07:37:56.178Z,178911227617800
"""player 35 @ uewFolxPCK"" folds",2026-09-11T07:37:55.270Z,178911227527000
"""player 7 @ O8SRi7DfXR"" raises to 50",2026-09-11T07:37:53.675Z,178911227367500
"""player 36 @ LGay7r_Caq"" calls 10",2026-09-11T07:37:51.083Z,178911227108300
"""player 37 @ qqGBSRtKEg"" folds",2026-09-11T07:37:48.543Z,178911226854300
"""player 35 @ uewFolxPCK"" posts a big blind of 10",2026-09-11T07:37:46.886Z,178911226688607
"""player 7 @ O8SRi7DfXR"" posts a small blind of 5",2026-09-11T07:37:46.886Z,178911226688606
"Player stacks: #3 ""player 7 @ O8SRi7DfXR"" (376) | #5 ""player 35 @ uewFolxPCK"" (1159) | #8 ""player 37 @ qqGBSRtKEg"" (525) | #10 ""player 36 @ LGay7r_Caq"" (1440)",2026-09-11T07:37:46.886Z,178911226688601
"-- starting hand #16 (id: fnzm1yrdxfty)  No Limit Texas Hold'em (dealer: ""player 36 @ LGay7r_Caq"") --",2026-09-11T07:37:46.886Z,178911226688600
"""player 37 @ qqGBSRtKEg"" shows a 5♣, J♠.",2026-09-11T07:37:45.215Z,178911226521500
"""player 7 @ O8SRi7DfXR"" shows a 9♥.",2026-09-11T07:37:43.267Z,178911226326700
"-- ending hand #15 --",2026-09-11T07:37:42.481Z,178911226248102
"""player 37 @ qqGBSRtKEg"" collected 90 from pot",2026-09-11T07:37:42.481Z,178911226248101
"Uncalled bet of 435 returned to ""player 37 @ qqGBSRtKEg""",2026-09-11T07:37:42.481Z,178911226248100
"""player 7 @ O8SRi7DfXR"" folds",2026-09-11T07:37:41.632Z,178911226163200
"""player 37 @ qqGBSRtKEg"" bets 435 and go all in",2026-09-11T07:37:38.739Z,178911225873900
"""player 7 @ O8SRi7DfXR"" checks",2026-09-11T07:37:33.781Z,178911225378100
"River: 10♠, 9♣, J♣, 4♥ [K♦]",2026-09-11T07:37:32.671Z,178911225267100
"""player 37 @ qqGBSRtKEg"" checks",2026-09-11T07:37:31.818Z,178911225181800
"""player 7 @ O8SRi7DfXR"" checks",2026-09-11T07:37:27.755Z,178911224775500
"Turn: 10♠, 9♣, J♣ [4♥]",2026-09-11T07:37:26.061Z,178911224606100
"""player 35 @ uewFolxPCK"" folds",2026-09-11T07:37:25.222Z,178911224522200
"""player 7 @ O8SRi7DfXR"" calls 25",2026-09-11T07:37:23.431Z,178911224343100
"""player 37 @ qqGBSRtKEg"" bets 25",2026-09-11T07:37:22.140Z,178911224214000
"""player 35 @ uewFolxPCK"" checks",2026-09-11T07:37:17.073Z,178911223707300
"""player 7 @ O8SRi7DfXR"" checks",2026-09-11T07:37:15.373Z,178911223537300
"""player 36 @ LGay7r_Caq"" folds",2026-09-11T07:37:13.471Z,178911223347100
"Flop:  [10♠, 9♣, J♣]",2026-09-11T07:37:10.546Z,178911223054600
"""player 7 @ O8SRi7DfXR"" checks",2026-09-11T07:37:09.742Z,178911222974200
"""player 36 @ LGay7r_Caq"" calls 10",2026-09-11T07:36:59.696Z,178911221969600
"""player 37 @ qqGBSRtKEg"" calls 10",2026-09-11T07:36:58.125Z,178911221812500
"""player 35 @ uewFolxPCK"" calls 10",2026-09-11T07:36:55.906Z,178911221590600
"""player 7 @ O8SRi7DfXR"" posts a big blind of 10",2026-09-11T07:36:52.460Z,178911221246007
"""player 36 @ LGay7r_Caq"" posts a small blind of 5",2026-09-11T07:36:52.460Z,178911221246006
"Player stacks: #3 ""player 7 @ O8SRi7DfXR"" (411) | #5 ""player 35 @ uewFolxPCK"" (1169) | #8 ""player 37 @ qqGBSRtKEg"" (470) | #10 ""player 36 @ LGay7r_Caq"" (1450)",2026-09-11T07:36:52.460Z,178911221246001
"-- starting hand #15 (id: esfbkk4d6qne)  No Limit Texas Hold'em (dealer: ""player 37 @ qqGBSRtKEg"") --",2026-09-11T07:36:52.460Z,178911221246000
"""player 7 @ O8SRi7DfXR"" shows a 5♠, 8♥.",2026-09-11T07:36:45.665Z,178911220566500
"-- ending hand #14 --",2026-09-11T07:36:43.955Z,178911220395502
"""player 37 @ qqGBSRtKEg"" collected 235 from pot with Pair, 8's on the second run  (combination: 4♠, 7♦, A♣, 8♦, 8♣)",2026-09-11T07:36:43.955Z,178911220395501
"""player 37 @ qqGBSRtKEg"" collected 235 from pot with Pair, 8's (combination: 4♠, 9♥, J♦, 8♦, 8♣)",2026-09-11T07:36:43.955Z,178911220395500
"River (second run): 2♣, 3♥, 4♠, A♣ [7♦]",2026-09-11T07:36:39.938Z,178911219993800
"Turn (second run): 2♣, 3♥, 4♠ [A♣]",2026-09-11T07:36:35.930Z,178911219593000
"River: 2♣, 3♥, 4♠, J♦ [9♥]",2026-09-11T07:36:31.875Z,178911219187500
"Turn: 2♣, 3♥, 4♠ [J♦]",2026-09-11T07:36:27.870Z,178911218787000
"""player 37 @ qqGBSRtKEg"" shows a 8♦, 8♣.",2026-09-11T07:36:23.845Z,178911218384501
"""player 35 @ uewFolxPCK"" shows a 6♣, 6♦.",2026-09-11T07:36:23.845Z,178911218384500
"All players in hand choose to run it twice.",2026-09-11T07:36:22.970Z,178911218297001
"""player 37 @ qqGBSRtKEg"" chooses to  run it twice.",2026-09-11T07:36:22.970Z,178911218297000
"""player 35 @ uewFolxPCK"" chooses to  run it twice.",2026-09-11T07:36:22.164Z,178911218216400
"Remaining players decide whether to run it twice.",2026-09-11T07:36:21.431Z,178911218143101
"""player 35 @ uewFolxPCK"" calls 159",2026-09-11T07:36:21.431Z,178911218143100
"""player 7 @ O8SRi7DfXR"" folds",2026-09-11T07:36:20.410Z,178911218041000
"""player 36 @ LGay7r_Caq"" folds",2026-09-11T07:36:07.675Z,178911216767500
"""player 37 @ qqGBSRtKEg"" raises to 159 and go all in",2026-09-11T07:36:05.925Z,178911216592500
"""player 35 @ uewFolxPCK"" raises to 67",2026-09-11T07:36:03.389Z,178911216338900
"""player 7 @ O8SRi7DfXR"" calls 10",2026-09-11T07:36:00.342Z,178911216034200
"""player 36 @ LGay7r_Caq"" calls 10",2026-09-11T07:35:58.827Z,178911215882700
"""player 37 @ qqGBSRtKEg"" bets 10",2026-09-11T07:35:54.872Z,178911215487200
"Flop:  [2♣, 3♥, 4♠]",2026-09-11T07:35:50.679Z,178911215067900
"""player 7 @ O8SRi7DfXR"" calls 33",2026-09-11T07:35:49.863Z,178911214986300
"""player 36 @ LGay7r_Caq"" calls 33",2026-09-11T07:35:39.900Z,178911213990000
"""player 37 @ qqGBSRtKEg"" calls 33",2026-09-11T07:35:37.395Z,178911213739500
"""player 35 @ uewFolxPCK"" raises to 33",2026-09-11T07:35:36.059Z,178911213605900
"""player 7 @ O8SRi7DfXR"" calls 10",2026-09-11T07:35:33.291Z,178911213329100
"""player 36 @ LGay7r_Caq"" posts a big blind of 10",2026-09-11T07:35:29.823Z,178911212982307
"""player 37 @ qqGBSRtKEg"" posts a small blind of 5",2026-09-11T07:35:29.823Z,178911212982306
"Your hand is 6♣, 6♦",2026-09-11T07:35:29.823Z,178911212982303
"Player stacks: #3 ""player 7 @ O8SRi7DfXR"" (454) | #5 ""player 35 @ uewFolxPCK"" (1361) | #8 ""player 37 @ qqGBSRtKEg"" (192) | #10 ""player 36 @ LGay7r_Caq"" (1493)",2026-09-11T07:35:29.823Z,178911212982301
"-- starting hand #14 (id: 49a923s8ayc6)  No Limit Texas Hold'em (dealer: ""player 35 @ uewFolxPCK"") --",2026-09-11T07:35:29.823Z,178911212982300
"-- ending hand #13 --",2026-09-11T07:35:23.741Z,178911212374102
"""player 7 @ O8SRi7DfXR"" collected 304 from pot with Two Pair, A's & 5's (combination: Q♣, 5♠, 5♣, A♦, A♣)",2026-09-11T07:35:23.741Z,178911212374101
"""player 7 @ O8SRi7DfXR"" shows a 5♠, A♦.",2026-09-11T07:35:23.741Z,178911212374100
"""player 36 @ LGay7r_Caq"" folds",2026-09-11T07:35:22.931Z,178911212293100
"""player 37 @ qqGBSRtKEg"" calls 67",2026-09-11T07:35:21.986Z,178911212198600
"""player 7 @ O8SRi7DfXR"" raises to 67",2026-09-11T07:35:18.594Z,178911211859400
"""player 36 @ LGay7r_Caq"" bets 10",2026-09-11T07:35:12.077Z,178911211207700
"""player 37 @ qqGBSRtKEg"" checks",2026-09-11T07:35:11.070Z,178911211107000
"River: 5♣, Q♣, 10♠, A♣ [4♥]",2026-09-11T07:35:08.272Z,178911210827200
"""player 36 @ LGay7r_Caq"" calls 40",2026-09-11T07:35:07.453Z,178911210745300
"""player 37 @ qqGBSRtKEg"" calls 40",2026-09-11T07:35:05.687Z,178911210568700
"""player 35 @ uewFolxPCK"" folds",2026-09-11T07:35:04.208Z,178911210420800
"""player 7 @ O8SRi7DfXR"" raises to 40",2026-09-11T07:35:03.137Z,178911210313700
"""player 36 @ LGay7r_Caq"" bets 10",2026-09-11T07:35:00.365Z,178911210036500
"""player 37 @ qqGBSRtKEg"" checks",2026-09-11T07:34:58.732Z,178911209873200
"""player 35 @ uewFolxPCK"" checks",2026-09-11T07:34:57.104Z,178911209710400
"Turn: 5♣, Q♣, 10♠ [A♣]",2026-09-11T07:34:54.252Z,178911209425200
"""player 7 @ O8SRi7DfXR"" checks",2026-09-11T07:34:53.385Z,178911209338500
"""player 36 @ LGay7r_Caq"" checks",2026-09-11T07:34:52.492Z,178911209249200
"""player 37 @ qqGBSRtKEg"" checks",2026-09-11T07:34:50.724Z,178911209072400
"""player 35 @ uewFolxPCK"" checks",2026-09-11T07:34:46.458Z,178911208645800
"Flop:  [5♣, Q♣, 10♠]",2026-09-11T07:34:43.244Z,178911208324400
"""player 37 @ qqGBSRtKEg"" checks",2026-09-11T07:34:42.382Z,178911208238200
"""player 35 @ uewFolxPCK"" calls 10",2026-09-11T07:34:39.372Z,178911207937200
"""player 7 @ O8SRi7DfXR"" calls 10",2026-09-11T07:34:37.515Z,178911207751500
"""player 36 @ LGay7r_Caq"" calls 10",2026-09-11T07:34:32.668Z,178911207266800
"""player 37 @ qqGBSRtKEg"" posts a big blind of 10",2026-09-11T07:34:31.280Z,178911207128007
"""player 35 @ uewFolxPCK"" posts a small blind of 5",2026-09-11T07:34:31.280Z,178911207128006
"Player stacks: #3 ""player 7 @ O8SRi7DfXR"" (267) | #5 ""player 35 @ uewFolxPCK"" (1371) | #8 ""player 37 @ qqGBSRtKEg"" (309) | #10 ""player 36 @ LGay7r_Caq"" (1553)",2026-09-11T07:34:31.280Z,178911207128001
"-- starting hand #13 (id: bbmepio5b9f6)  No Limit Texas Hold'em (dealer: ""player 7 @ O8SRi7DfXR"") --",2026-09-11T07:34:31.280Z,178911207128000
"-- ending hand #12 --",2026-09-11T07:34:25.277Z,178911206527703
"""player 37 @ qqGBSRtKEg"" collected 308 from pot with Two Pair, Q's & 10's (combination: 9♠, 10♠, 10♦, Q♠, Q♣)",2026-09-11T07:34:25.277Z,178911206527702
"""player 37 @ qqGBSRtKEg"" shows a 10♠, Q♠.",2026-09-11T07:34:25.277Z,178911206527701
"""player 35 @ uewFolxPCK"" shows a 9♥, 5♠.",2026-09-11T07:34:25.277Z,178911206527700
"""player 37 @ qqGBSRtKEg"" calls 103",2026-09-11T07:34:24.456Z,178911206445600
"""player 35 @ uewFolxPCK"" bets 103",2026-09-11T07:34:22.901Z,178911206290100
"River: 10♦, 4♣, 9♠, 5♥ [Q♣]",2026-09-11T07:34:19.874Z,178911205987400
"""player 37 @ qqGBSRtKEg"" checks",2026-09-11T07:34:19.054Z,178911205905400
"""player 35 @ uewFolxPCK"" checks",2026-09-11T07:34:16.610Z,178911205661000
"Turn: 10♦, 4♣, 9♠ [5♥]",2026-09-11T07:34:14.964Z,178911205496400
"""player 35 @ uewFolxPCK"" calls 31",2026-09-11T07:34:14.149Z,178911205414900
"""player 7 @ O8SRi7DfXR"" folds",2026-09-11T07:34:13.245Z,178911205324500
"""player 36 @ LGay7r_Caq"" folds",2026-09-11T07:34:09.814Z,178911204981400
"""player 37 @ qqGBSRtKEg"" bets 31",2026-09-11T07:34:08.658Z,178911204865800
"""player 35 @ uewFolxPCK"" checks",2026-09-11T07:34:00.771Z,178911204077100
"""player 7 @ O8SRi7DfXR"" checks",2026-09-11T07:33:59.888Z,178911203988800
"Flop:  [10♦, 4♣, 9♠]",2026-09-11T07:33:54.884Z,178911203488400
"""player 35 @ uewFolxPCK"" checks",2026-09-11T07:33:54.023Z,178911203402300
"""player 7 @ O8SRi7DfXR"" calls 10",2026-09-11T07:33:53.095Z,178911203309500
"""player 36 @ LGay7r_Caq"" calls 10",2026-09-11T07:33:50.657Z,178911203065700
"""player 37 @ qqGBSRtKEg"" calls 10",2026-09-11T07:33:49.011Z,178911202901100
"""player 35 @ uewFolxPCK"" posts a big blind of 10",2026-09-11T07:33:46.278Z,178911202627807
"""player 7 @ O8SRi7DfXR"" posts a small blind of 5",2026-09-11T07:33:46.278Z,178911202627806
"Your hand is 9♥, 5♠",2026-09-11T07:33:46.278Z,178911202627803
"Player stacks: #3 ""player 7 @ O8SRi7DfXR"" (277) | #5 ""player 35 @ uewFolxPCK"" (1515) | #8 ""player 37 @ qqGBSRtKEg"" (145) | #10 ""player 36 @ LGay7r_Caq"" (1563)",2026-09-11T07:33:46.278Z,178911202627801
"-- starting hand #12 (id: zk4uoq8l1ef5)  No Limit Texas Hold'em (dealer: ""player 36 @ LGay7r_Caq"") --",2026-09-11T07:33:46.278Z,178911202627800
"""player 7 @ O8SRi7DfXR"" shows a A♠, K♥.",2026-09-11T07:33:41.842Z,178911202184200
"Undealt cards: 4♦, A♥, 3♣ [Q♦, 6♦]",2026-09-11T07:33:41.003Z,178911202100300
"""player 37 @ qqGBSRtKEg"" shows a 5♠, 8♠.",2026-09-11T07:33:40.879Z,178911202087900
"-- ending hand #11 --",2026-09-11T07:33:38.934Z,178911201893402
"""player 7 @ O8SRi7DfXR"" collected 140 from pot",2026-09-11T07:33:38.934Z,178911201893401
"Uncalled bet of 137 returned to ""player 7 @ O8SRi7DfXR""",2026-09-11T07:33:38.934Z,178911201893400
"""player 37 @ qqGBSRtKEg"" folds",2026-09-11T07:33:38.074Z,178911201807400
"""player 7 @ O8SRi7DfXR"" bets 137 and go all in",2026-09-11T07:33:34.052Z,178911201405200
"Flop:  [4♦, A♥, 3♣]",2026-09-11T07:33:31.929Z,178911201192900
"""player 36 @ LGay7r_Caq"" folds",2026-09-11T07:33:31.125Z,178911201112500
"""player 37 @ qqGBSRtKEg"" calls 60",2026-09-11T07:33:27.613Z,178911200761300
"""player 35 @ uewFolxPCK"" folds",2026-09-11T07:33:22.740Z,178911200274000
"""player 7 @ O8SRi7DfXR"" raises to 60",2026-09-11T07:33:20.496Z,178911200049600
"""player 36 @ LGay7r_Caq"" calls 10",2026-09-11T07:33:17.845Z,178911199784500
"""player 37 @ qqGBSRtKEg"" calls 10",2026-09-11T07:33:15.205Z,178911199520500
"""player 35 @ uewFolxPCK"" calls 10",2026-09-11T07:33:13.764Z,178911199376400
"""player 7 @ O8SRi7DfXR"" posts a big blind of 10",2026-09-11T07:33:10.545Z,178911199054507
"""player 36 @ LGay7r_Caq"" posts a small blind of 5",2026-09-11T07:33:10.545Z,178911199054506
"Player stacks: #3 ""player 7 @ O8SRi7DfXR"" (197) | #5 ""player 35 @ uewFolxPCK"" (1525) | #8 ""player 37 @ qqGBSRtKEg"" (205) | #10 ""player 36 @ LGay7r_Caq"" (1573)",2026-09-11T07:33:10.545Z,178911199054501
"-- starting hand #11 (id: wh4yixvozr0k)  No Limit Texas Hold'em (dealer: ""player 37 @ qqGBSRtKEg"") --",2026-09-11T07:33:10.545Z,178911199054500
"""player 7 @ O8SRi7DfXR"" shows a 7♣, J♦.",2026-09-11T07:33:07.165Z,178911198716500
"""player 36 @ LGay7r_Caq"" shows a 2♠, 5♣.",2026-09-11T07:33:06.847Z,178911198684700
"-- ending hand #10 --",2026-09-11T07:33:06.220Z,178911198622002
"""player 36 @ LGay7r_Caq"" collected 40 from pot",2026-09-11T07:33:06.220Z,178911198622001
"Uncalled bet of 10 returned to ""player 36 @ LGay7r_Caq""",2026-09-11T07:33:06.220Z,178911198622000
"""player 37 @ qqGBSRtKEg"" folds",2026-09-11T07:33:05.383Z,178911198538300
"""player 36 @ LGay7r_Caq"" bets 10",2026-09-11T07:33:03.438Z,178911198343800
"""player 37 @ qqGBSRtKEg"" checks",2026-09-11T07:33:01.373Z,178911198137300
"River: J♠, 9♥, 6♥, 8♣ [6♣]",2026-09-11T07:32:59.229Z,178911197922900
"""player 36 @ LGay7r_Caq"" checks",2026-09-11T07:32:58.416Z,178911197841600
"""player 37 @ qqGBSRtKEg"" checks",2026-09-11T07:32:56.913Z,178911197691300
"Turn: J♠, 9♥, 6♥ [8♣]",2026-09-11T07:32:54.872Z,178911197487200
"""player 37 @ qqGBSRtKEg"" calls 10",2026-09-11T07:32:54.061Z,178911197406100
"""player 36 @ LGay7r_Caq"" bets 10",2026-09-11T07:32:52.894Z,178911197289400
"""player 37 @ qqGBSRtKEg"" checks",2026-09-11T07:32:49.265Z,178911196926500
"Flop:  [J♠, 9♥, 6♥]",2026-09-11T07:32:41.981Z,178911196198100
"""player 36 @ LGay7r_Caq"" checks",2026-09-11T07:32:41.073Z,178911196107300
"""player 37 @ qqGBSRtKEg"" calls 10",2026-09-11T07:32:38.953Z,178911195895300
"""player 35 @ uewFolxPCK"" folds",2026-09-11T07:32:37.098Z,178911195709800
"""player 7 @ O8SRi7DfXR"" folds",2026-09-11T07:32:34.480Z,178911195448000
"""player 36 @ LGay7r_Caq"" posts a big blind of 10",2026-09-11T07:32:21.035Z,178911194103507
"""player 37 @ qqGBSRtKEg"" posts a small blind of 5",2026-09-11T07:32:21.035Z,178911194103506
"Player stacks: #3 ""player 7 @ O8SRi7DfXR"" (197) | #5 ""player 35 @ uewFolxPCK"" (1525) | #8 ""player 37 @ qqGBSRtKEg"" (225) | #10 ""player 36 @ LGay7r_Caq"" (1553)",2026-09-11T07:32:21.035Z,178911194103501
"-- starting hand #10 (id: 00rvdhk00bko)  No Limit Texas Hold'em (dealer: ""player 35 @ uewFolxPCK"") --",2026-09-11T07:32:21.035Z,178911194103500
"-- ending hand #9 --",2026-09-11T07:32:13.022Z,178911193302202
"""player 7 @ O8SRi7DfXR"" collected 98 from pot with Pair, 10's on the second run  (combination: 8♦, J♠, K♣, 10♠, 10♥)",2026-09-11T07:32:13.022Z,178911193302201
"""player 7 @ O8SRi7DfXR"" collected 99 from pot with Pair, 10's (combination: 6♦, 8♦, J♠, 10♠, 10♥)",2026-09-11T07:32:13.022Z,178911193302200
"River (second run): 10♥, 2♠, J♠, K♣ [7♣]",2026-09-11T07:32:08.998Z,178911192899800
"Turn (second run): 10♥, 2♠, J♠ [K♣]",2026-09-11T07:32:04.973Z,178911192497300
"River: 10♥, 2♠, J♠, 3♠ [6♦]",2026-09-11T07:32:00.947Z,178911192094700
"Turn: 10♥, 2♠, J♠ [3♠]",2026-09-11T07:31:56.943Z,178911191694300
"""player 37 @ qqGBSRtKEg"" shows a A♣, 2♥.",2026-09-11T07:31:52.888Z,178911191288801
"""player 7 @ O8SRi7DfXR"" shows a 10♠, 8♦.",2026-09-11T07:31:52.888Z,178911191288800
"All players in hand choose to run it twice.",2026-09-11T07:31:51.983Z,178911191198301
"""player 37 @ qqGBSRtKEg"" chooses to  run it twice.",2026-09-11T07:31:51.983Z,178911191198300
"""player 7 @ O8SRi7DfXR"" chooses to  run it twice.",2026-09-11T07:31:51.303Z,178911191130300
"Remaining players decide whether to run it twice.",2026-09-11T07:31:50.380Z,178911191038001
"""player 37 @ qqGBSRtKEg"" calls 76",2026-09-11T07:31:50.380Z,178911191038000
"""player 7 @ O8SRi7DfXR"" bets 76 and go all in",2026-09-11T07:31:47.801Z,178911190780100
"""player 37 @ qqGBSRtKEg"" checks",2026-09-11T07:31:46.146Z,178911190614600
"Flop:  [10♥, 2♠, J♠]",2026-09-11T07:31:38.872Z,178911189887200
"""player 37 @ qqGBSRtKEg"" calls 20",2026-09-11T07:31:38.025Z,178911189802500
"""player 35 @ uewFolxPCK"" folds",2026-09-11T07:31:37.098Z,178911189709800
"""player 7 @ O8SRi7DfXR"" raises to 20",2026-09-11T07:31:33.791Z,178911189379100
"""player 36 @ LGay7r_Caq"" folds",2026-09-11T07:31:27.750Z,178911188775000
"""player 37 @ qqGBSRtKEg"" posts a big blind of 10",2026-09-11T07:31:26.263Z,178911188626307
"""player 35 @ uewFolxPCK"" posts a small blind of 5",2026-09-11T07:31:26.263Z,178911188626306
"Player stacks: #3 ""player 7 @ O8SRi7DfXR"" (96) | #5 ""player 35 @ uewFolxPCK"" (1530) | #8 ""player 37 @ qqGBSRtKEg"" (321) | #10 ""player 36 @ LGay7r_Caq"" (1553)",2026-09-11T07:31:26.263Z,178911188626301
"-- starting hand #9 (id: lrwxc7iesdix)  No Limit Texas Hold'em (dealer: ""player 7 @ O8SRi7DfXR"") --",2026-09-11T07:31:26.263Z,178911188626300
"-- ending hand #8 --",2026-09-11T07:31:20.170Z,178911188017002
"""player 36 @ LGay7r_Caq"" collected 800 from pot with Three of a Kind, 8's (combination: 9♥, A♥, 8♥, 8♠, 8♣)",2026-09-11T07:31:20.170Z,178911188017001
"""player 36 @ LGay7r_Caq"" shows a 9♥, 8♥.",2026-09-11T07:31:20.170Z,178911188017000
"""player 37 @ qqGBSRtKEg"" calls 300",2026-09-11T07:31:19.340Z,178911187934000
"""player 36 @ LGay7r_Caq"" raises to 300",2026-09-11T07:31:18.077Z,178911187807700
"""player 37 @ qqGBSRtKEg"" bets 150",2026-09-11T07:31:14.394Z,178911187439400
"River: 8♠, 8♣, 4♣, A♥ [3♦]",2026-09-11T07:31:10.852Z,178911187085200
"""player 37 @ qqGBSRtKEg"" calls 80",2026-09-11T07:31:10.000Z,178911187000000
"""player 35 @ uewFolxPCK"" folds",2026-09-11T07:31:08.544Z,178911186854400
"""player 7 @ O8SRi7DfXR"" folds",2026-09-11T07:31:07.591Z,178911186759100
"""player 36 @ LGay7r_Caq"" raises to 80",2026-09-11T07:31:06.068Z,178911186606800
"""player 37 @ qqGBSRtKEg"" bets 40",2026-09-11T07:31:03.619Z,178911186361900
"""player 35 @ uewFolxPCK"" checks",2026-09-11T07:30:57.872Z,178911185787200
"""player 7 @ O8SRi7DfXR"" checks",2026-09-11T07:30:55.908Z,178911185590800
"Turn: 8♠, 8♣, 4♣ [A♥]",2026-09-11T07:30:54.494Z,178911185449400
"""player 36 @ LGay7r_Caq"" checks",2026-09-11T07:30:53.648Z,178911185364800
"""player 37 @ qqGBSRtKEg"" checks",2026-09-11T07:30:51.107Z,178911185110700
"""player 35 @ uewFolxPCK"" checks",2026-09-11T07:30:49.259Z,178911184925900
"""player 7 @ O8SRi7DfXR"" checks",2026-09-11T07:30:43.011Z,178911184301100
"Flop:  [8♠, 8♣, 4♣]",2026-09-11T07:30:40.781Z,178911184078100
"""player 35 @ uewFolxPCK"" checks",2026-09-11T07:30:39.970Z,178911183997000
"""player 7 @ O8SRi7DfXR"" calls 10",2026-09-11T07:30:39.084Z,178911183908400
"""player 36 @ LGay7r_Caq"" calls 10",2026-09-11T07:30:35.581Z,178911183558100
"""player 37 @ qqGBSRtKEg"" calls 10",2026-09-11T07:30:34.525Z,178911183452500
"""player 35 @ uewFolxPCK"" posts a big blind of 10",2026-09-11T07:30:32.885Z,178911183288507
"""player 7 @ O8SRi7DfXR"" posts a small blind of 5",2026-09-11T07:30:32.885Z,178911183288506
"Player stacks: #3 ""player 7 @ O8SRi7DfXR"" (106) | #5 ""player 35 @ uewFolxPCK"" (1540) | #8 ""player 37 @ qqGBSRtKEg"" (711) | #10 ""player 36 @ LGay7r_Caq"" (1143)",2026-09-11T07:30:32.885Z,178911183288501
"-- starting hand #8 (id: ewvjgszxzh95)  No Limit Texas Hold'em (dealer: ""player 36 @ LGay7r_Caq"") --",2026-09-11T07:30:32.885Z,178911183288500
"""player 35 @ uewFolxPCK"" shows a 8♦, Q♠.",2026-09-11T07:30:28.855Z,178911182885500
"-- ending hand #7 --",2026-09-11T07:30:26.367Z,178911182636704
"""player 36 @ LGay7r_Caq"" collected 852 from pot with Pair, A's (combination: 8♥, 10♦, Q♣, A♥, A♦)",2026-09-11T07:30:26.367Z,178911182636703
"""player 36 @ LGay7r_Caq"" shows a 10♦, A♥.",2026-09-11T07:30:26.367Z,178911182636702
"""player 37 @ qqGBSRtKEg"" shows a K♣, K♦.",2026-09-11T07:30:26.367Z,178911182636701
"""player 7 @ O8SRi7DfXR"" shows a Q♥, 9♠.",2026-09-11T07:30:26.367Z,178911182636700
"""player 36 @ LGay7r_Caq"" calls 167",2026-09-11T07:30:25.515Z,178911182551500
"""player 37 @ qqGBSRtKEg"" calls 167",2026-09-11T07:30:24.609Z,178911182460900
"""player 7 @ O8SRi7DfXR"" bets 167",2026-09-11T07:30:23.562Z,178911182356200
"""player 36 @ LGay7r_Caq"" checks",2026-09-11T07:30:17.736Z,178911181773600
"River: Q♣, A♦, 7♦, 5♣ [8♥]",2026-09-11T07:30:16.290Z,178911181629000
"""player 36 @ LGay7r_Caq"" calls 67",2026-09-11T07:30:15.462Z,178911181546200
"""player 37 @ qqGBSRtKEg"" calls 67",2026-09-11T07:30:14.367Z,178911181436700
"""player 7 @ O8SRi7DfXR"" raises to 67",2026-09-11T07:30:13.169Z,178911181316900
"""player 36 @ LGay7r_Caq"" bets 30",2026-09-11T07:30:10.106Z,178911181010600
"Turn: Q♣, A♦, 7♦ [5♣]",2026-09-11T07:30:07.418Z,178911180741800
"""player 37 @ qqGBSRtKEg"" calls 20",2026-09-11T07:30:06.574Z,178911180657400
"""player 7 @ O8SRi7DfXR"" calls 20",2026-09-11T07:30:04.383Z,178911180438300
"""player 36 @ LGay7r_Caq"" bets 20",2026-09-11T07:29:59.002Z,178911179900200
"Flop:  [Q♣, A♦, 7♦]",2026-09-11T07:29:55.852Z,178911179585200
"""player 37 @ qqGBSRtKEg"" calls 30",2026-09-11T07:29:55.037Z,178911179503700
"""player 7 @ O8SRi7DfXR"" calls 30",2026-09-11T07:29:48.739Z,178911178873900
"""player 36 @ LGay7r_Caq"" raises to 30",2026-09-11T07:29:47.654Z,178911178765400
"""player 37 @ qqGBSRtKEg"" raises to 20",2026-09-11T07:29:44.301Z,178911178430100
"""player 35 @ uewFolxPCK"" folds",2026-09-11T07:29:38.673Z,178911177867300
"""player 7 @ O8SRi7DfXR"" posts a big blind of 10",2026-09-11T07:29:36.670Z,178911177667007
"""player 36 @ LGay7r_Caq"" posts a small blind of 5",2026-09-11T07:29:36.670Z,178911177667006
"Your hand is 8♦, Q♠",2026-09-11T07:29:36.670Z,178911177667003
"Player stacks: #3 ""player 7 @ O8SRi7DfXR"" (390) | #5 ""player 35 @ uewFolxPCK"" (1540) | #8 ""player 37 @ qqGBSRtKEg"" (995) | #10 ""player 36 @ LGay7r_Caq"" (575)",2026-09-11T07:29:36.670Z,178911177667001
"-- starting hand #7 (id: cd58e5uxi3zp)  No Limit Texas Hold'em (dealer: ""player 37 @ qqGBSRtKEg"") --",2026-09-11T07:29:36.670Z,178911177667000
"-- ending hand #6 --",2026-09-11T07:29:30.652Z,178911177065203
"""player 35 @ uewFolxPCK"" collected 160 from pot with Pair, 8's (combination: 10♥, Q♣, K♣, 8♠, 8♥)",2026-09-11T07:29:30.652Z,178911177065202
"""player 35 @ uewFolxPCK"" shows a 8♠, Q♣.",2026-09-11T07:29:30.652Z,178911177065201
"""player 36 @ LGay7r_Caq"" shows a 3♦, 9♣.",2026-09-11T07:29:30.652Z,178911177065200
"""player 37 @ qqGBSRtKEg"" folds",2026-09-11T07:29:29.832Z,178911176983200
"""player 35 @ uewFolxPCK"" calls 20",2026-09-11T07:29:28.300Z,178911176830000
"""player 36 @ LGay7r_Caq"" bets 20",2026-09-11T07:29:25.743Z,178911176574300
"""player 37 @ qqGBSRtKEg"" checks",2026-09-11T07:29:23.250Z,178911176325000
"River: 10♥, 8♥, K♣, 2♣ [7♣]",2026-09-11T07:29:19.495Z,178911175949500
"""player 35 @ uewFolxPCK"" checks",2026-09-11T07:29:18.632Z,178911175863200
"""player 36 @ LGay7r_Caq"" checks",2026-09-11T07:29:16.432Z,178911175643200
"""player 37 @ qqGBSRtKEg"" checks",2026-09-11T07:29:13.741Z,178911175374100
"Turn: 10♥, 8♥, K♣ [2♣]",2026-09-11T07:29:07.483Z,178911174748300
"""player 37 @ qqGBSRtKEg"" calls 20",2026-09-11T07:29:06.667Z,178911174666700
"""player 35 @ uewFolxPCK"" calls 20",2026-09-11T07:29:01.644Z,178911174164400
"""player 36 @ LGay7r_Caq"" bets 20",2026-09-11T07:28:58.993Z,178911173899300
"""player 37 @ qqGBSRtKEg"" checks",2026-09-11T07:28:55.491Z,178911173549100
"Flop:  [10♥, 8♥, K♣]",2026-09-11T07:28:52.936Z,178911173293600
"""player 35 @ uewFolxPCK"" calls 20",2026-09-11T07:28:52.084Z,178911173208400
"""player 36 @ LGay7r_Caq"" calls 20",2026-09-11T07:28:51.022Z,178911173102200
"""player 37 @ qqGBSRtKEg"" raises to 20",2026-09-11T07:28:48.440Z,178911172844000
"""player 35 @ uewFolxPCK"" calls 10",2026-09-11T07:28:45.743Z,178911172574300
"""player 7 @ O8SRi7DfXR"" folds",2026-09-11T07:28:41.940Z,178911172194000
"""player 36 @ LGay7r_Caq"" posts a big blind of 10",2026-09-11T07:28:40.148Z,178911172014807
"""player 37 @ qqGBSRtKEg"" posts a small blind of 5",2026-09-11T07:28:40.148Z,178911172014806
"Your hand is 8♠, Q♣",2026-09-11T07:28:40.148Z,178911172014803
"Player stacks: #3 ""player 7 @ O8SRi7DfXR"" (390) | #5 ""player 35 @ uewFolxPCK"" (1440) | #8 ""player 37 @ qqGBSRtKEg"" (1035) | #10 ""player 36 @ LGay7r_Caq"" (635)",2026-09-11T07:28:40.148Z,178911172014801
"-- starting hand #6 (id: ptjwr6utzi1h)  No Limit Texas Hold'em (dealer: ""player 35 @ uewFolxPCK"") --",2026-09-11T07:28:40.148Z,178911172014800
"-- ending hand #5 --",2026-09-11T07:28:34.140Z,178911171414002
"""player 35 @ uewFolxPCK"" collected 120 from pot with Two Pair, A's & 4's (combination: 9♠, 4♦, 4♣, A♦, A♣)",2026-09-11T07:28:34.140Z,178911171414001
"""player 35 @ uewFolxPCK"" shows a 4♦, 3♦.",2026-09-11T07:28:34.140Z,178911171414000
"""player 37 @ qqGBSRtKEg"" checks",2026-09-11T07:28:33.325Z,178911171332500
"""player 35 @ uewFolxPCK"" checks",2026-09-11T07:28:31.936Z,178911171193600
"River: 2♦, 9♠, A♦, A♣ [4♣]",2026-09-11T07:28:27.282Z,178911170728200
"""player 7 @ O8SRi7DfXR"" folds",2026-09-11T07:28:26.460Z,178911170646000
"""player 36 @ LGay7r_Caq"" folds",2026-09-11T07:28:25.052Z,178911170505200
"""player 37 @ qqGBSRtKEg"" calls 40",2026-09-11T07:28:22.552Z,178911170255200
"""player 35 @ uewFolxPCK"" bets 40",2026-09-11T07:28:18.757Z,178911169875700
"Turn: 2♦, 9♠, A♦ [A♣]",2026-09-11T07:28:13.467Z,178911169346700
"""player 7 @ O8SRi7DfXR"" checks",2026-09-11T07:28:12.640Z,178911169264000
"""player 36 @ LGay7r_Caq"" checks",2026-09-11T07:28:11.750Z,178911169175000
"""player 37 @ qqGBSRtKEg"" checks",2026-09-11T07:28:06.687Z,178911168668700
"""player 35 @ uewFolxPCK"" checks",2026-09-11T07:28:05.044Z,178911168504400
"Flop:  [2♦, 9♠, A♦]",2026-09-11T07:28:02.070Z,178911168207000
"""player 37 @ qqGBSRtKEg"" checks",2026-09-11T07:28:01.205Z,178911168120500
"""player 35 @ uewFolxPCK"" calls 10",2026-09-11T07:27:59.262Z,178911167926200
"""player 7 @ O8SRi7DfXR"" calls 10",2026-09-11T07:27:57.963Z,178911167796300
"""player 36 @ LGay7r_Caq"" calls 10",2026-09-11T07:27:51.830Z,178911167183000
"""player 37 @ qqGBSRtKEg"" posts a big blind of 10",2026-09-11T07:27:50.289Z,178911167028907
"""player 35 @ uewFolxPCK"" posts a small blind of 5",2026-09-11T07:27:50.289Z,178911167028906
"Your hand is 4♦, 3♦",2026-09-11T07:27:50.289Z,178911167028903
"Player stacks: #3 ""player 7 @ O8SRi7DfXR"" (400) | #5 ""player 35 @ uewFolxPCK"" (1370) | #8 ""player 37 @ qqGBSRtKEg"" (1085) | #10 ""player 36 @ LGay7r_Caq"" (645)",2026-09-11T07:27:50.289Z,178911167028901
"-- starting hand #5 (id: drtgdrk25nwd)  No Limit Texas Hold'em (dealer: ""player 7 @ O8SRi7DfXR"") --",2026-09-11T07:27:50.289Z,178911167028900
"""player 35 @ uewFolxPCK"" shows a 8♦.",2026-09-11T07:27:45.636Z,178911166563600
"""player 37 @ qqGBSRtKEg"" shows a 6♠, K♥.",2026-09-11T07:27:44.704Z,178911166470400
"Undealt cards: 9♣, K♦, A♦ [8♠, Q♦]",2026-09-11T07:27:43.202Z,178911166320200
"-- ending hand #4 --",2026-09-11T07:27:42.985Z,178911166298502
"""player 37 @ qqGBSRtKEg"" collected 40 from pot",2026-09-11T07:27:42.985Z,178911166298501
"Uncalled bet of 44 returned to ""player 37 @ qqGBSRtKEg""",2026-09-11T07:27:42.985Z,178911166298500
"""player 35 @ uewFolxPCK"" folds",2026-09-11T07:27:42.100Z,178911166210000
"""player 7 @ O8SRi7DfXR"" folds",2026-09-11T07:27:37.713Z,178911165771300
"""player 36 @ LGay7r_Caq"" folds",2026-09-11T07:27:32.248Z,178911165224800
"""player 37 @ qqGBSRtKEg"" bets 44",2026-09-11T07:27:31.320Z,178911165132000
"""player 35 @ uewFolxPCK"" checks",2026-09-11T07:27:26.912Z,178911164691200
"""player 7 @ O8SRi7DfXR"" checks",2026-09-11T07:27:25.608Z,178911164560800
"Flop:  [9♣, K♦, A♦]",2026-09-11T07:27:07.377Z,178911162737700
"""player 35 @ uewFolxPCK"" checks",2026-09-11T07:27:06.549Z,178911162654900
"""player 7 @ O8SRi7DfXR"" calls 10",2026-09-11T07:27:04.158Z,178911162415800
"""player 36 @ LGay7r_Caq"" calls 10",2026-09-11T07:27:01.455Z,178911162145500
"""player 37 @ qqGBSRtKEg"" calls 10",2026-09-11T07:27:00.384Z,178911162038400
"""player 35 @ uewFolxPCK"" posts a big blind of 10",2026-09-11T07:26:57.291Z,178911161729107
"""player 7 @ O8SRi7DfXR"" posts a small blind of 5",2026-09-11T07:26:57.291Z,178911161729106
"Player stacks: #3 ""player 7 @ O8SRi7DfXR"" (410) | #5 ""player 35 @ uewFolxPCK"" (1380) | #8 ""player 37 @ qqGBSRtKEg"" (1055) | #10 ""player 36 @ LGay7r_Caq"" (655)",2026-09-11T07:26:57.291Z,178911161729101
"-- starting hand #4 (id: yo9oazntbkgh)  No Limit Texas Hold'em (dealer: ""player 36 @ LGay7r_Caq"") --",2026-09-11T07:26:57.291Z,178911161729100
"-- ending hand #3 --",2026-09-11T07:26:51.267Z,178911161126704
"""player 36 @ LGay7r_Caq"" collected 655 from pot with Full House, A's over 10's (combination: 10♠, 10♣, A♦, A♠, A♥)",2026-09-11T07:26:51.267Z,178911161126703
"""player 35 @ uewFolxPCK"" collected 655 from pot with Full House, A's over 10's (combination: 10♠, 10♣, A♣, A♠, A♥)",2026-09-11T07:26:51.267Z,178911161126702
"""player 35 @ uewFolxPCK"" shows a A♣, 2♣.",2026-09-11T07:26:51.267Z,178911161126701
"""player 36 @ LGay7r_Caq"" shows a 6♠, A♦.",2026-09-11T07:26:51.267Z,178911161126700
"""player 35 @ uewFolxPCK"" calls 440",2026-09-11T07:26:50.457Z,178911161045700
"""player 36 @ LGay7r_Caq"" raises to 440 and go all in",2026-09-11T07:26:48.957Z,178911160895700
"""player 35 @ uewFolxPCK"" bets 90",2026-09-11T07:26:43.604Z,178911160360400
"""player 36 @ LGay7r_Caq"" checks",2026-09-11T07:26:35.194Z,178911159519400
"River: 4♣, A♠, A♥, 10♠ [10♣]",2026-09-11T07:26:32.106Z,178911159210600
"""player 35 @ uewFolxPCK"" calls 120",2026-09-11T07:26:31.284Z,178911159128400
"""player 36 @ LGay7r_Caq"" raises to 120",2026-09-11T07:26:22.127Z,178911158212700
"""player 35 @ uewFolxPCK"" bets 40",2026-09-11T07:26:17.116Z,178911157711600
"""player 36 @ LGay7r_Caq"" checks",2026-09-11T07:26:11.416Z,178911157141600
"Turn: 4♣, A♠, A♥ [10♠]",2026-09-11T07:26:09.638Z,178911156963800
"""player 35 @ uewFolxPCK"" calls 50",2026-09-11T07:26:08.750Z,178911156875000
"""player 7 @ O8SRi7DfXR"" folds",2026-09-11T07:26:05.284Z,178911156528400
"""player 36 @ LGay7r_Caq"" raises to 50",2026-09-11T07:25:59.935Z,178911155993500
"""player 35 @ uewFolxPCK"" bets 25",2026-09-11T07:25:52.949Z,178911155294900
"""player 7 @ O8SRi7DfXR"" checks",2026-09-11T07:25:40.398Z,178911154039800
"""player 36 @ LGay7r_Caq"" checks",2026-09-11T07:25:22.515Z,178911152251500
"Flop:  [4♣, A♠, A♥]",2026-09-11T07:25:20.541Z,178911152054100
"""player 7 @ O8SRi7DfXR"" calls 30",2026-09-11T07:25:19.733Z,178911151973300
"""player 36 @ LGay7r_Caq"" calls 30",2026-09-11T07:25:06.609Z,178911150660900
"""player 37 @ qqGBSRtKEg"" folds",2026-09-11T07:25:05.587Z,178911150558700
"""player 35 @ uewFolxPCK"" raises to 30",2026-09-11T07:25:03.048Z,178911150304800
"""player 7 @ O8SRi7DfXR"" posts a big blind of 10",2026-09-11T07:25:00.328Z,178911150032807
"""player 36 @ LGay7r_Caq"" posts a small blind of 5",2026-09-11T07:25:00.328Z,178911150032806
"Your hand is A♣, 2♣",2026-09-11T07:25:00.328Z,178911150032803
"Player stacks: #3 ""player 7 @ O8SRi7DfXR"" (440) | #5 ""player 35 @ uewFolxPCK"" (1365) | #8 ""player 37 @ qqGBSRtKEg"" (1055) | #10 ""player 36 @ LGay7r_Caq"" (640)",2026-09-11T07:25:00.328Z,178911150032801
"-- starting hand #3 (id: vhvkplsz7bdt)  No Limit Texas Hold'em (dealer: ""player 37 @ qqGBSRtKEg"") --",2026-09-11T07:25:00.328Z,178911150032800
"-- ending hand #2 --",2026-09-11T07:24:54.313Z,178911149431303
"""player 35 @ uewFolxPCK"" collected 755 from pot with Pair, Q's (combination: 6♣, K♦, A♥, Q♥, Q♣)",2026-09-11T07:24:54.313Z,178911149431302
"""player 35 @ uewFolxPCK"" shows a Q♥, K♦.",2026-09-11T07:24:54.313Z,178911149431301
"""player 36 @ LGay7r_Caq"" shows a 8♠, 9♥.",2026-09-11T07:24:54.313Z,178911149431300
"""player 35 @ uewFolxPCK"" calls 150",2026-09-11T07:24:53.492Z,178911149349200
"""player 36 @ LGay7r_Caq"" bets 150",2026-09-11T07:24:26.740Z,178911146674000
"River: 5♥, Q♣, 3♣, A♥ [6♣]",2026-09-11T07:24:22.092Z,178911146209200
"""player 35 @ uewFolxPCK"" calls 150",2026-09-11T07:24:21.272Z,178911146127200
"""player 36 @ LGay7r_Caq"" raises to 150",2026-09-11T07:24:18.183Z,178911145818300
"""player 35 @ uewFolxPCK"" bets 45",2026-09-11T07:24:13.283Z,178911145328300
"""player 36 @ LGay7r_Caq"" checks",2026-09-11T07:24:06.440Z,178911144644000
"Turn: 5♥, Q♣, 3♣ [A♥]",2026-09-11T07:24:04.061Z,178911144406100
"""player 35 @ uewFolxPCK"" calls 30",2026-09-11T07:24:03.192Z,178911144319200
"""player 7 @ O8SRi7DfXR"" folds",2026-09-11T07:24:00.959Z,178911144095900
"""player 36 @ LGay7r_Caq"" bets 30",2026-09-11T07:23:56.926Z,178911143692600
"Flop:  [5♥, Q♣, 3♣]",2026-09-11T07:23:53.466Z,178911143346600
"""player 7 @ O8SRi7DfXR"" calls 30",2026-09-11T07:23:52.659Z,178911143265900
"""player 36 @ LGay7r_Caq"" calls 30",2026-09-11T07:23:51.744Z,178911143174400
"""player 37 @ qqGBSRtKEg"" folds",2026-09-11T07:23:50.793Z,178911143079300
"""player 35 @ uewFolxPCK"" raises to 30",2026-09-11T07:23:44.834Z,178911142483400
"""player 7 @ O8SRi7DfXR"" calls 10",2026-09-11T07:23:40.790Z,178911142079000
"""player 36 @ LGay7r_Caq"" posts a big blind of 10",2026-09-11T07:23:25.873Z,178911140587307
"""player 37 @ qqGBSRtKEg"" posts a small blind of 5",2026-09-11T07:23:25.873Z,178911140587306
"Your hand is Q♥, K♦",2026-09-11T07:23:25.873Z,178911140587303
"Player stacks: #3 ""player 7 @ O8SRi7DfXR"" (470) | #5 ""player 35 @ uewFolxPCK"" (970) | #8 ""player 37 @ qqGBSRtKEg"" (1060) | #10 ""player 36 @ LGay7r_Caq"" (1000)",2026-09-11T07:23:25.873Z,178911140587301
"-- starting hand #2 (id: ykknbm9afxgp)  No Limit Texas Hold'em (dealer: ""player 35 @ uewFolxPCK"") --",2026-09-11T07:23:25.873Z,178911140587300
"""player 37 @ qqGBSRtKEg"" shows a A♦, 9♣.",2026-09-11T07:23:21.892Z,178911140189200
"""player 7 @ O8SRi7DfXR"" shows a 3♦, 5♦.",2026-09-11T07:23:20.926Z,178911140092600
"Undealt cards: 3♣, 4♣, 10♣, 2♣ [6♦]",2026-09-11T07:23:18.878Z,178911139887800
"-- ending hand #1 --",2026-09-11T07:23:18.569Z,178911139856902
"""player 37 @ qqGBSRtKEg"" collected 90 from pot",2026-09-11T07:23:18.569Z,178911139856901
"Uncalled bet of 39 returned to ""player 37 @ qqGBSRtKEg""",2026-09-11T07:23:18.569Z,178911139856900
"""player 35 @ uewFolxPCK"" folds",2026-09-11T07:23:17.723Z,178911139772300
"""player 7 @ O8SRi7DfXR"" folds",2026-09-11T07:23:15.045Z,178911139504500
"""player 37 @ qqGBSRtKEg"" bets 39",2026-09-11T07:23:12.799Z,178911139279900
"""player 35 @ uewFolxPCK"" checks",2026-09-11T07:23:03.944Z,178911138394400
"Turn: 3♣, 4♣, 10♣ [2♣]",2026-09-11T07:23:01.649Z,178911138164900
"""player 7 @ O8SRi7DfXR"" checks",2026-09-11T07:23:00.792Z,178911138079200
"""player 37 @ qqGBSRtKEg"" checks",2026-09-11T07:22:52.383Z,178911137238300
"""player 35 @ uewFolxPCK"" checks",2026-09-11T07:22:49.432Z,178911136943200
"Flop:  [3♣, 4♣, 10♣]",2026-09-11T07:22:45.174Z,178911136517400
"""player 7 @ O8SRi7DfXR"" calls 30",2026-09-11T07:22:44.365Z,178911136436500
"""player 37 @ qqGBSRtKEg"" calls 30",2026-09-11T07:22:29.145Z,178911134914500
"""player 35 @ uewFolxPCK"" raises to 30",2026-09-11T07:22:20.089Z,178911134008900
"""player 7 @ O8SRi7DfXR"" calls 10",2026-09-11T07:22:17.066Z,178911133706600
"""player 36 @ LGay7r_Caq"" folds",2026-09-11T07:22:02.111Z,178911132211100
"""player 37 @ qqGBSRtKEg"" posts a big blind of 10",2026-09-11T07:21:59.429Z,178911131942911
"""player 35 @ uewFolxPCK"" posts a small blind of 5",2026-09-11T07:21:59.429Z,178911131942910
"Player stacks: #3 ""player 7 @ O8SRi7DfXR"" (500) | #5 ""player 35 @ uewFolxPCK"" (1000) | #8 ""player 37 @ qqGBSRtKEg"" (1000) | #10 ""player 36 @ LGay7r_Caq"" (1000)",2026-09-11T07:21:59.429Z,178911131942905
"The player ""player 36 @ LGay7r_Caq"" joined the game with a stack of 1000.",2026-09-11T07:21:59.429Z,178911131942904
"The player ""player 37 @ qqGBSRtKEg"" joined the game with a stack of 1000.",2026-09-11T07:21:59.429Z,178911131942903
"The player ""player 35 @ uewFolxPCK"" joined the game with a stack of 1000.",2026-09-11T07:21:59.429Z,178911131942902
"The player ""player 7 @ O8SRi7DfXR"" joined the game with a stack of 500.",2026-09-11T07:21:59.429Z,178911131942901
"-- starting hand #1 (id: qdtvhs7aij0y)  No Limit Texas Hold'em (dealer: ""player 7 @ O8SRi7DfXR"") --",2026-09-11T07:21:59.429Z,178911131942900
"The admin approved the player ""player 7 @ O8SRi7DfXR"" participation with a stack of 500.",2026-09-11T07:21:55.662Z,178911131566200
"The player ""player 7 @ O8SRi7DfXR"" requested a seat.",2026-09-11T07:21:51.302Z,178911131130200
"The admin approved the player ""player 37 @ qqGBSRtKEg"" participation with a stack of 1000.",2026-09-11T07:21:30.540Z,178911129054000
"The admin approved the player ""player 36 @ LGay7r_Caq"" participation with a stack of 1000.",2026-09-11T07:21:27.931Z,178911128793100
"The player ""player 37 @ qqGBSRtKEg"" requested a seat.",2026-09-11T07:21:24.718Z,178911128471800
"The player ""player 36 @ LGay7r_Caq"" requested a seat.",2026-09-11T07:21:24.349Z,178911128434900
"The game's ante was changed from 0 to 0.",2026-09-11T07:20:37.239Z,178911123723903
"The game's big blind was changed from 20 to 10.",2026-09-11T07:20:37.239Z,178911123723902
"The game's small blind was changed from 10 to 5.",2026-09-11T07:20:37.239Z,178911123723901
"Game Config Changes
* Nit Minimum Players: off » 3
* Allow Rebuy: off » off
* Blind Schedule: L1: 10/20 » L1: 5/10
* Rabbit Hunt: off » on
* Allow Run it Twice: no » ask players
* Restart Blind Schedule at Level: none » 1",2026-09-11T07:20:37.239Z,178911123723900
"The admin approved the player ""player 35 @ uewFolxPCK"" participation with a stack of 1000.",2026-09-11T07:20:30.383Z,178911123038301
"The player ""player 35 @ uewFolxPCK"" requested a seat.",2026-09-11T07:20:30.383Z,178911123038300
